Copyright 1986-2022 Xilinx, Inc. All Rights Reserved. Copyright 2022-2023 Advanced Micro Devices, Inc. All Rights Reserved.
------------------------------------------------------------------------------------------------------------------------------------------------------------------------------------------------------------------------------
| Tool Version : Vivado v.2023.2 (lin64) Build 4029153 Fri Oct 13 20:13:54 MDT 2023
| Date         : Sat Aug  1 22:45:56 2026
| Host         : i83labpc01 running 64-bit Ubuntu 24.04.4 LTS
| Command      : report_timing_summary -max_paths 10 -report_unconstrained -file top_wrapper_timing_summary_routed.rpt -pb top_wrapper_timing_summary_routed.pb -rpx top_wrapper_timing_summary_routed.rpx -warn_on_violation
| Design       : top_wrapper
| Device       : 7z020-clg400
| Speed File   : -1  PRODUCTION 1.12 2019-11-22
| Design State : Routed
------------------------------------------------------------------------------------------------------------------------------------------------------------------------------------------------------------------------------

Timing Summary Report

------------------------------------------------------------------------------------------------
| Timer Settings
| --------------
------------------------------------------------------------------------------------------------

  Enable Multi Corner Analysis               :  Yes
  Enable Pessimism Removal                   :  Yes
  Pessimism Removal Resolution               :  Nearest Common Node
  Enable Input Delay Default Clock           :  No
  Enable Preset / Clear Arcs                 :  No
  Disable Flight Delays                      :  No
  Ignore I/O Paths                           :  No
  Timing Early Launch at Borrowing Latches   :  No
  Borrow Time for Max Delay Exceptions       :  Yes
  Merge Timing Exceptions                    :  Yes
  Inter-SLR Compensation                     :  Conservative

  Corner  Analyze    Analyze    
  Name    Max Paths  Min Paths  
  ------  ---------  ---------  
  Slow    Yes        Yes        
  Fast    Yes        Yes        


------------------------------------------------------------------------------------------------
| Report Methodology
| ------------------
------------------------------------------------------------------------------------------------

Rule       Severity  Description            Violations  
---------  --------  ---------------------  ----------  
TIMING-16  Warning   Large setup violation  7           

Note: This report is based on the most recent report_methodology run and may not be up-to-date. Run report_methodology on the current design for the latest report.



check_timing report

Table of Contents
-----------------
1. checking no_clock (0)
2. checking constant_clock (0)
3. checking pulse_width_clock (0)
4. checking unconstrained_internal_endpoints (0)
5. checking no_input_delay (0)
6. checking no_output_delay (0)
7. checking multiple_clock (0)
8. checking generated_clocks (0)
9. checking loops (0)
10. checking partial_input_delay (0)
11. checking partial_output_delay (0)
12. checking latch_loops (0)

1. checking no_clock (0)
------------------------
 There are 0 register/latch pins with no clock.


2. checking constant_clock (0)
------------------------------
 There are 0 register/latch pins with constant_clock.


3. checking pulse_width_clock (0)
---------------------------------
 There are 0 register/latch pins which need pulse_width check


4. checking unconstrained_internal_endpoints (0)
------------------------------------------------
 There are 0 pins that are not constrained for maximum delay.

 There are 0 pins that are not constrained for maximum delay due to constant clock.


5. checking no_input_delay (0)
------------------------------
 There are 0 input ports with no input delay specified.

 There are 0 input ports with no input delay but user has a false path constraint.


6. checking no_output_delay (0)
-------------------------------
 There are 0 ports with no output delay specified.

 There are 0 ports with no output delay but user has a false path constraint

 There are 0 ports with no output delay but with a timing clock defined on it or propagating through it


7. checking multiple_clock (0)
------------------------------
 There are 0 register/latch pins with multiple clocks.


8. checking generated_clocks (0)
--------------------------------
 There are 0 generated clocks that are not connected to a clock source.


9. checking loops (0)
---------------------
 There are 0 combinational loops in the design.


10. checking partial_input_delay (0)
------------------------------------
 There are 0 input ports with partial input delay specified.


11. checking partial_output_delay (0)
-------------------------------------
 There are 0 ports with partial output delay specified.


12. checking latch_loops (0)
----------------------------
 There are 0 combinational latch loops in the design through latch input



------------------------------------------------------------------------------------------------
| Design Timing Summary
| ---------------------
------------------------------------------------------------------------------------------------

    WNS(ns)      TNS(ns)  TNS Failing Endpoints  TNS Total Endpoints      WHS(ns)      THS(ns)  THS Failing Endpoints  THS Total Endpoints     WPWS(ns)     TPWS(ns)  TPWS Failing Endpoints  TPWS Total Endpoints  
    -------      -------  ---------------------  -------------------      -------      -------  ---------------------  -------------------     --------     --------  ----------------------  --------------------  
     -1.729      -11.945                      8               111306        0.050        0.000                      0               111306        3.750        0.000                       0                 53699  


Timing constraints are not met.


------------------------------------------------------------------------------------------------
| Clock Summary
| -------------
------------------------------------------------------------------------------------------------

Clock       Waveform(ns)       Period(ns)      Frequency(MHz)
-----       ------------       ----------      --------------
clk_fpga_0  {0.000 5.000}      10.000          100.000         


------------------------------------------------------------------------------------------------
| Intra Clock Table
| -----------------
------------------------------------------------------------------------------------------------

Clock             WNS(ns)      TNS(ns)  TNS Failing Endpoints  TNS Total Endpoints      WHS(ns)      THS(ns)  THS Failing Endpoints  THS Total Endpoints     WPWS(ns)     TPWS(ns)  TPWS Failing Endpoints  TPWS Total Endpoints  
-----             -------      -------  ---------------------  -------------------      -------      -------  ---------------------  -------------------     --------     --------  ----------------------  --------------------  
clk_fpga_0         -1.729      -11.945                      8               111306        0.050        0.000                      0               111306        3.750        0.000                       0                 53699  


------------------------------------------------------------------------------------------------
| Inter Clock Table
| -----------------
------------------------------------------------------------------------------------------------

From Clock    To Clock          WNS(ns)      TNS(ns)  TNS Failing Endpoints  TNS Total Endpoints      WHS(ns)      THS(ns)  THS Failing Endpoints  THS Total Endpoints  
----------    --------          -------      -------  ---------------------  -------------------      -------      -------  ---------------------  -------------------  


------------------------------------------------------------------------------------------------
| Other Path Groups Table
| -----------------------
------------------------------------------------------------------------------------------------

Path Group    From Clock    To Clock          WNS(ns)      TNS(ns)  TNS Failing Endpoints  TNS Total Endpoints      WHS(ns)      THS(ns)  THS Failing Endpoints  THS Total Endpoints  
----------    ----------    --------          -------      -------  ---------------------  -------------------      -------      -------  ---------------------  -------------------  


------------------------------------------------------------------------------------------------
| User Ignored Path Table
| -----------------------
------------------------------------------------------------------------------------------------

Path Group    From Clock    To Clock    
----------    ----------    --------    
(none)                      clk_fpga_0    
(none)        clk_fpga_0    clk_fpga_0    


------------------------------------------------------------------------------------------------
| Unconstrained Path Table
| ------------------------
------------------------------------------------------------------------------------------------

Path Group    From Clock    To Clock    
----------    ----------    --------    


------------------------------------------------------------------------------------------------
| Timing Details
| --------------
------------------------------------------------------------------------------------------------


---------------------------------------------------------------------------------------------------
From Clock:  clk_fpga_0
  To Clock:  clk_fpga_0

Setup :            8  Failing Endpoints,  Worst Slack       -1.729ns,  Total Violation      -11.945ns
Hold  :            0  Failing Endpoints,  Worst Slack        0.050ns,  Total Violation        0.000ns
PW    :            0  Failing Endpoints,  Worst Slack        3.750ns,  Total Violation        0.000ns
---------------------------------------------------------------------------------------------------


Max Delay Paths
--------------------------------------------------------------------------------------
Slack (VIOLATED) :        -1.729ns  (required time - arrival time)
  Source:                 top_i/StreamingDataflowPartition_1/inst/StreamingDataflowPartition_1_LabelSelect_hls_0/inst/grp_LabelSelect_hls_0_Pipeline_VITIS_LOOP_199_3_fu_45/conv_i_i2_445_i_fu_86_reg[2]/C
                            (rising edge-triggered cell FDRE clocked by clk_fpga_0  {rise@0.000ns fall@5.000ns period=10.000ns})
  Destination:            top_i/StreamingDataflowPartition_1/inst/StreamingDataflowPartition_1_LabelSelect_hls_0/inst/grp_LabelSelect_hls_0_Pipeline_VITIS_LOOP_199_3_fu_45/conv_i_i2_445_i_fu_86_reg[0]/D
                            (rising edge-triggered cell FDRE clocked by clk_fpga_0  {rise@0.000ns fall@5.000ns period=10.000ns})
  Path Group:             clk_fpga_0
  Path Type:              Setup (Max at Slow Process Corner)
  Requirement:            10.000ns  (clk_fpga_0 rise@10.000ns - clk_fpga_0 rise@0.000ns)
  Data Path Delay:        11.604ns  (logic 4.332ns (37.333%)  route 7.272ns (62.667%))
  Logic Levels:           15  (CARRY4=5 LUT3=3 LUT4=3 LUT5=2 LUT6=2)
  Clock Path Skew:        0.000ns (DCD - SCD + CPR)
    Destination Clock Delay (DCD):    2.820ns = ( 12.820 - 10.000 ) 
    Source Clock Delay      (SCD):    3.124ns
    Clock Pessimism Removal (CPR):    0.304ns
  Clock Uncertainty:      0.154ns  ((TSJ^2 + TIJ^2)^1/2 + DJ) / 2 + PE
    Total System Jitter     (TSJ):    0.071ns
    Total Input Jitter      (TIJ):    0.300ns
    Discrete Jitter          (DJ):    0.000ns
    Phase Error              (PE):    0.000ns

    Location             Delay type                Incr(ns)  Path(ns)    Netlist Resource(s)
  -------------------------------------------------------------------    -------------------
                         (clock clk_fpga_0 rise edge)
                                                      0.000     0.000 r  
    PS7_X0Y0             PS7                          0.000     0.000 r  top_i/zynq_ps/inst/PS7_i/FCLKCLK[0]
                         net (fo=1, routed)           1.193     1.193    top_i/zynq_ps/inst/FCLK_CLK_unbuffered[0]
    BUFGCTRL_X0Y16       BUFG (Prop_bufg_I_O)         0.101     1.294 r  top_i/zynq_ps/inst/buffer_fclk_clk_0.FCLK_CLK_0_BUFG/O
                         net (fo=53700, routed)       1.830     3.124    top_i/StreamingDataflowPartition_1/inst/StreamingDataflowPartition_1_LabelSelect_hls_0/inst/grp_LabelSelect_hls_0_Pipeline_VITIS_LOOP_199_3_fu_45/ap_clk
    SLICE_X37Y121        FDRE                                         r  top_i/StreamingDataflowPartition_1/inst/StreamingDataflowPartition_1_LabelSelect_hls_0/inst/grp_LabelSelect_hls_0_Pipeline_VITIS_LOOP_199_3_fu_45/conv_i_i2_445_i_fu_86_reg[2]/C
  -------------------------------------------------------------------    -------------------
    SLICE_X37Y121        FDRE (Prop_fdre_C_Q)         0.456     3.580 r  top_i/StreamingDataflowPartition_1/inst/StreamingDataflowPartition_1_LabelSelect_hls_0/inst/grp_LabelSelect_hls_0_Pipeline_VITIS_LOOP_199_3_fu_45/conv_i_i2_445_i_fu_86_reg[2]/Q
                         net (fo=6, routed)           0.977     4.557    top_i/StreamingDataflowPartition_1/inst/StreamingDataflowPartition_1_LabelSelect_hls_0/inst/grp_LabelSelect_hls_0_Pipeline_VITIS_LOOP_199_3_fu_45/conv_i_i2_445_i_fu_86[2]
    SLICE_X38Y118        LUT4 (Prop_lut4_I1_O)        0.124     4.681 r  top_i/StreamingDataflowPartition_1/inst/StreamingDataflowPartition_1_LabelSelect_hls_0/inst/grp_LabelSelect_hls_0_Pipeline_VITIS_LOOP_199_3_fu_45/cmp_fu_190_p2_carry_i_7/O
                         net (fo=1, routed)           0.000     4.681    top_i/StreamingDataflowPartition_1/inst/StreamingDataflowPartition_1_LabelSelect_hls_0/inst/grp_LabelSelect_hls_0_Pipeline_VITIS_LOOP_199_3_fu_45/cmp_fu_190_p2_carry_i_7_n_3
    SLICE_X38Y118        CARRY4 (Prop_carry4_S[1]_CO[3])
                                                      0.533     5.214 r  top_i/StreamingDataflowPartition_1/inst/StreamingDataflowPartition_1_LabelSelect_hls_0/inst/grp_LabelSelect_hls_0_Pipeline_VITIS_LOOP_199_3_fu_45/cmp_fu_190_p2_carry/CO[3]
                         net (fo=22, routed)          0.702     5.916    top_i/StreamingDataflowPartition_1/inst/StreamingDataflowPartition_1_LabelSelect_hls_0/inst/grp_LabelSelect_hls_0_Pipeline_VITIS_LOOP_199_3_fu_45/cmp_fu_190_p2_carry_n_3
    SLICE_X38Y117        LUT3 (Prop_lut3_I2_O)        0.124     6.040 f  top_i/StreamingDataflowPartition_1/inst/StreamingDataflowPartition_1_LabelSelect_hls_0/inst/grp_LabelSelect_hls_0_Pipeline_VITIS_LOOP_199_3_fu_45/cmp_1_fu_202_p2_carry_i_10/O
                         net (fo=2, routed)           0.301     6.341    top_i/StreamingDataflowPartition_1/inst/StreamingDataflowPartition_1_LabelSelect_hls_0/inst/grp_LabelSelect_hls_0_Pipeline_VITIS_LOOP_199_3_fu_45/select_ln220_fu_195_p3__0[3]
    SLICE_X39Y118        LUT6 (Prop_lut6_I4_O)        0.124     6.465 r  top_i/StreamingDataflowPartition_1/inst/StreamingDataflowPartition_1_LabelSelect_hls_0/inst/grp_LabelSelect_hls_0_Pipeline_VITIS_LOOP_199_3_fu_45/cmp_1_fu_202_p2_carry_i_3/O
                         net (fo=1, routed)           0.323     6.788    top_i/StreamingDataflowPartition_1/inst/StreamingDataflowPartition_1_LabelSelect_hls_0/inst/grp_LabelSelect_hls_0_Pipeline_VITIS_LOOP_199_3_fu_45/cmp_1_fu_202_p2_carry_i_3_n_3
    SLICE_X36Y118        CARRY4 (Prop_carry4_DI[1]_CO[3])
                                                      0.520     7.308 r  top_i/StreamingDataflowPartition_1/inst/StreamingDataflowPartition_1_LabelSelect_hls_0/inst/grp_LabelSelect_hls_0_Pipeline_VITIS_LOOP_199_3_fu_45/cmp_1_fu_202_p2_carry/CO[3]
                         net (fo=11, routed)          0.671     7.979    top_i/StreamingDataflowPartition_1/inst/StreamingDataflowPartition_1_LabelSelect_hls_0/inst/grp_LabelSelect_hls_0_Pipeline_VITIS_LOOP_199_3_fu_45/cmp_1_fu_202_p2_carry_n_3
    SLICE_X36Y117        LUT5 (Prop_lut5_I4_O)        0.124     8.103 r  top_i/StreamingDataflowPartition_1/inst/StreamingDataflowPartition_1_LabelSelect_hls_0/inst/grp_LabelSelect_hls_0_Pipeline_VITIS_LOOP_199_3_fu_45/cmp_2_fu_214_p2_carry_i_11_replica/O
                         net (fo=2, routed)           0.712     8.815    top_i/StreamingDataflowPartition_1/inst/StreamingDataflowPartition_1_LabelSelect_hls_0/inst/grp_LabelSelect_hls_0_Pipeline_VITIS_LOOP_199_3_fu_45/select_ln220_1_fu_207_p3__0[2]_repN
    SLICE_X37Y119        LUT4 (Prop_lut4_I1_O)        0.124     8.939 r  top_i/StreamingDataflowPartition_1/inst/StreamingDataflowPartition_1_LabelSelect_hls_0/inst/grp_LabelSelect_hls_0_Pipeline_VITIS_LOOP_199_3_fu_45/cmp_2_fu_214_p2_carry_i_7/O
                         net (fo=1, routed)           0.000     8.939    top_i/StreamingDataflowPartition_1/inst/StreamingDataflowPartition_1_LabelSelect_hls_0/inst/grp_LabelSelect_hls_0_Pipeline_VITIS_LOOP_199_3_fu_45/cmp_2_fu_214_p2_carry_i_7_n_3
    SLICE_X37Y119        CARRY4 (Prop_carry4_S[1]_CO[3])
                                                      0.550     9.489 r  top_i/StreamingDataflowPartition_1/inst/StreamingDataflowPartition_1_LabelSelect_hls_0/inst/grp_LabelSelect_hls_0_Pipeline_VITIS_LOOP_199_3_fu_45/cmp_2_fu_214_p2_carry/CO[3]
                         net (fo=21, routed)          0.690    10.179    top_i/StreamingDataflowPartition_1/inst/StreamingDataflowPartition_1_LabelSelect_hls_0/inst/grp_LabelSelect_hls_0_Pipeline_VITIS_LOOP_199_3_fu_45/cmp_2_fu_214_p2_carry_n_3
    SLICE_X37Y120        LUT3 (Prop_lut3_I2_O)        0.124    10.303 f  top_i/StreamingDataflowPartition_1/inst/StreamingDataflowPartition_1_LabelSelect_hls_0/inst/grp_LabelSelect_hls_0_Pipeline_VITIS_LOOP_199_3_fu_45/cmp_3_fu_226_p2_carry_i_11/O
                         net (fo=2, routed)           0.167    10.470    top_i/StreamingDataflowPartition_1/inst/StreamingDataflowPartition_1_LabelSelect_hls_0/inst/grp_LabelSelect_hls_0_Pipeline_VITIS_LOOP_199_3_fu_45/select_ln220_2_fu_219_p3__0[3]
    SLICE_X37Y120        LUT6 (Prop_lut6_I4_O)        0.124    10.594 r  top_i/StreamingDataflowPartition_1/inst/StreamingDataflowPartition_1_LabelSelect_hls_0/inst/grp_LabelSelect_hls_0_Pipeline_VITIS_LOOP_199_3_fu_45/cmp_3_fu_226_p2_carry_i_3/O
                         net (fo=1, routed)           0.323    10.917    top_i/StreamingDataflowPartition_1/inst/StreamingDataflowPartition_1_LabelSelect_hls_0/inst/grp_LabelSelect_hls_0_Pipeline_VITIS_LOOP_199_3_fu_45/cmp_3_fu_226_p2_carry_i_3_n_3
    SLICE_X38Y120        CARRY4 (Prop_carry4_DI[1]_CO[3])
                                                      0.520    11.437 r  top_i/StreamingDataflowPartition_1/inst/StreamingDataflowPartition_1_LabelSelect_hls_0/inst/grp_LabelSelect_hls_0_Pipeline_VITIS_LOOP_199_3_fu_45/cmp_3_fu_226_p2_carry/CO[3]
                         net (fo=10, routed)          0.664    12.100    top_i/StreamingDataflowPartition_1/inst/StreamingDataflowPartition_1_LabelSelect_hls_0/inst/grp_LabelSelect_hls_0_Pipeline_VITIS_LOOP_199_3_fu_45/cmp_3_fu_226_p2_carry_n_3
    SLICE_X39Y121        LUT5 (Prop_lut5_I4_O)        0.124    12.224 r  top_i/StreamingDataflowPartition_1/inst/StreamingDataflowPartition_1_LabelSelect_hls_0/inst/grp_LabelSelect_hls_0_Pipeline_VITIS_LOOP_199_3_fu_45/conv_i_i2_445_i_fu_86[0]_i_2/O
                         net (fo=3, routed)           0.753    12.977    top_i/StreamingDataflowPartition_1/inst/StreamingDataflowPartition_1_LabelSelect_hls_0/inst/grp_LabelSelect_hls_0_Pipeline_VITIS_LOOP_199_3_fu_45/select_ln220_3_fu_231_p3__0[0]
    SLICE_X36Y121        LUT4 (Prop_lut4_I1_O)        0.124    13.101 r  top_i/StreamingDataflowPartition_1/inst/StreamingDataflowPartition_1_LabelSelect_hls_0/inst/grp_LabelSelect_hls_0_Pipeline_VITIS_LOOP_199_3_fu_45/cmp_4_fu_238_p2_carry_i_8/O
                         net (fo=1, routed)           0.000    13.101    top_i/StreamingDataflowPartition_1/inst/StreamingDataflowPartition_1_LabelSelect_hls_0/inst/grp_LabelSelect_hls_0_Pipeline_VITIS_LOOP_199_3_fu_45/cmp_4_fu_238_p2_carry_i_8_n_3
    SLICE_X36Y121        CARRY4 (Prop_carry4_S[0]_CO[3])
                                                      0.513    13.614 r  top_i/StreamingDataflowPartition_1/inst/StreamingDataflowPartition_1_LabelSelect_hls_0/inst/grp_LabelSelect_hls_0_Pipeline_VITIS_LOOP_199_3_fu_45/cmp_4_fu_238_p2_carry/CO[3]
                         net (fo=8, routed)           0.990    14.604    top_i/StreamingDataflowPartition_1/inst/StreamingDataflowPartition_1_LabelSelect_hls_0/inst/grp_LabelSelect_hls_0_Pipeline_VITIS_LOOP_199_3_fu_45/cmp_4_fu_238_p2_carry_n_3
    SLICE_X37Y121        LUT3 (Prop_lut3_I2_O)        0.124    14.728 r  top_i/StreamingDataflowPartition_1/inst/StreamingDataflowPartition_1_LabelSelect_hls_0/inst/grp_LabelSelect_hls_0_Pipeline_VITIS_LOOP_199_3_fu_45/conv_i_i2_445_i_fu_86[0]_i_1/O
                         net (fo=1, routed)           0.000    14.728    top_i/StreamingDataflowPartition_1/inst/StreamingDataflowPartition_1_LabelSelect_hls_0/inst/grp_LabelSelect_hls_0_Pipeline_VITIS_LOOP_199_3_fu_45/select_ln220_4_fu_243_p3[0]
    SLICE_X37Y121        FDRE                                         r  top_i/StreamingDataflowPartition_1/inst/StreamingDataflowPartition_1_LabelSelect_hls_0/inst/grp_LabelSelect_hls_0_Pipeline_VITIS_LOOP_199_3_fu_45/conv_i_i2_445_i_fu_86_reg[0]/D
  -------------------------------------------------------------------    -------------------

                         (clock clk_fpga_0 rise edge)
                                                     10.000    10.000 r  
    PS7_X0Y0             PS7                          0.000    10.000 r  top_i/zynq_ps/inst/PS7_i/FCLKCLK[0]
                         net (fo=1, routed)           1.088    11.088    top_i/zynq_ps/inst/FCLK_CLK_unbuffered[0]
    BUFGCTRL_X0Y16       BUFG (Prop_bufg_I_O)         0.091    11.179 r  top_i/zynq_ps/inst/buffer_fclk_clk_0.FCLK_CLK_0_BUFG/O
                         net (fo=53700, routed)       1.641    12.820    top_i/StreamingDataflowPartition_1/inst/StreamingDataflowPartition_1_LabelSelect_hls_0/inst/grp_LabelSelect_hls_0_Pipeline_VITIS_LOOP_199_3_fu_45/ap_clk
    SLICE_X37Y121        FDRE                                         r  top_i/StreamingDataflowPartition_1/inst/StreamingDataflowPartition_1_LabelSelect_hls_0/inst/grp_LabelSelect_hls_0_Pipeline_VITIS_LOOP_199_3_fu_45/conv_i_i2_445_i_fu_86_reg[0]/C
                         clock pessimism              0.304    13.124    
                         clock uncertainty           -0.154    12.970    
    SLICE_X37Y121        FDRE (Setup_fdre_C_D)        0.029    12.999    top_i/StreamingDataflowPartition_1/inst/StreamingDataflowPartition_1_LabelSelect_hls_0/inst/grp_LabelSelect_hls_0_Pipeline_VITIS_LOOP_199_3_fu_45/conv_i_i2_445_i_fu_86_reg[0]
  -------------------------------------------------------------------
                         required time                         12.999    
                         arrival time                         -14.728    
  -------------------------------------------------------------------
                         slack                                 -1.729    

Slack (VIOLATED) :        -1.715ns  (required time - arrival time)
  Source:                 top_i/StreamingDataflowPartition_1/inst/StreamingDataflowPartition_1_LabelSelect_hls_0/inst/grp_LabelSelect_hls_0_Pipeline_VITIS_LOOP_199_3_fu_45/conv_i_i2_445_i_fu_86_reg[2]/C
                            (rising edge-triggered cell FDRE clocked by clk_fpga_0  {rise@0.000ns fall@5.000ns period=10.000ns})
  Destination:            top_i/StreamingDataflowPartition_1/inst/StreamingDataflowPartition_1_LabelSelect_hls_0/inst/grp_LabelSelect_hls_0_Pipeline_VITIS_LOOP_199_3_fu_45/conv_i_i2_445_i_fu_86_reg[2]/D
                            (rising edge-triggered cell FDRE clocked by clk_fpga_0  {rise@0.000ns fall@5.000ns period=10.000ns})
  Path Group:             clk_fpga_0
  Path Type:              Setup (Max at Slow Process Corner)
  Requirement:            10.000ns  (clk_fpga_0 rise@10.000ns - clk_fpga_0 rise@0.000ns)
  Data Path Delay:        11.591ns  (logic 4.332ns (37.372%)  route 7.259ns (62.628%))
  Logic Levels:           15  (CARRY4=5 LUT3=3 LUT4=3 LUT5=2 LUT6=2)
  Clock Path Skew:        0.000ns (DCD - SCD + CPR)
    Destination Clock Delay (DCD):    2.820ns = ( 12.820 - 10.000 ) 
    Source Clock Delay      (SCD):    3.124ns
    Clock Pessimism Removal (CPR):    0.304ns
  Clock Uncertainty:      0.154ns  ((TSJ^2 + TIJ^2)^1/2 + DJ) / 2 + PE
    Total System Jitter     (TSJ):    0.071ns
    Total Input Jitter      (TIJ):    0.300ns
    Discrete Jitter          (DJ):    0.000ns
    Phase Error              (PE):    0.000ns

    Location             Delay type                Incr(ns)  Path(ns)    Netlist Resource(s)
  -------------------------------------------------------------------    -------------------
                         (clock clk_fpga_0 rise edge)
                                                      0.000     0.000 r  
    PS7_X0Y0             PS7                          0.000     0.000 r  top_i/zynq_ps/inst/PS7_i/FCLKCLK[0]
                         net (fo=1, routed)           1.193     1.193    top_i/zynq_ps/inst/FCLK_CLK_unbuffered[0]
    BUFGCTRL_X0Y16       BUFG (Prop_bufg_I_O)         0.101     1.294 r  top_i/zynq_ps/inst/buffer_fclk_clk_0.FCLK_CLK_0_BUFG/O
                         net (fo=53700, routed)       1.830     3.124    top_i/StreamingDataflowPartition_1/inst/StreamingDataflowPartition_1_LabelSelect_hls_0/inst/grp_LabelSelect_hls_0_Pipeline_VITIS_LOOP_199_3_fu_45/ap_clk
    SLICE_X37Y121        FDRE                                         r  top_i/StreamingDataflowPartition_1/inst/StreamingDataflowPartition_1_LabelSelect_hls_0/inst/grp_LabelSelect_hls_0_Pipeline_VITIS_LOOP_199_3_fu_45/conv_i_i2_445_i_fu_86_reg[2]/C
  -------------------------------------------------------------------    -------------------
    SLICE_X37Y121        FDRE (Prop_fdre_C_Q)         0.456     3.580 r  top_i/StreamingDataflowPartition_1/inst/StreamingDataflowPartition_1_LabelSelect_hls_0/inst/grp_LabelSelect_hls_0_Pipeline_VITIS_LOOP_199_3_fu_45/conv_i_i2_445_i_fu_86_reg[2]/Q
                         net (fo=6, routed)           0.977     4.557    top_i/StreamingDataflowPartition_1/inst/StreamingDataflowPartition_1_LabelSelect_hls_0/inst/grp_LabelSelect_hls_0_Pipeline_VITIS_LOOP_199_3_fu_45/conv_i_i2_445_i_fu_86[2]
    SLICE_X38Y118        LUT4 (Prop_lut4_I1_O)        0.124     4.681 r  top_i/StreamingDataflowPartition_1/inst/StreamingDataflowPartition_1_LabelSelect_hls_0/inst/grp_LabelSelect_hls_0_Pipeline_VITIS_LOOP_199_3_fu_45/cmp_fu_190_p2_carry_i_7/O
                         net (fo=1, routed)           0.000     4.681    top_i/StreamingDataflowPartition_1/inst/StreamingDataflowPartition_1_LabelSelect_hls_0/inst/grp_LabelSelect_hls_0_Pipeline_VITIS_LOOP_199_3_fu_45/cmp_fu_190_p2_carry_i_7_n_3
    SLICE_X38Y118        CARRY4 (Prop_carry4_S[1]_CO[3])
                                                      0.533     5.214 r  top_i/StreamingDataflowPartition_1/inst/StreamingDataflowPartition_1_LabelSelect_hls_0/inst/grp_LabelSelect_hls_0_Pipeline_VITIS_LOOP_199_3_fu_45/cmp_fu_190_p2_carry/CO[3]
                         net (fo=22, routed)          0.702     5.916    top_i/StreamingDataflowPartition_1/inst/StreamingDataflowPartition_1_LabelSelect_hls_0/inst/grp_LabelSelect_hls_0_Pipeline_VITIS_LOOP_199_3_fu_45/cmp_fu_190_p2_carry_n_3
    SLICE_X38Y117        LUT3 (Prop_lut3_I2_O)        0.124     6.040 f  top_i/StreamingDataflowPartition_1/inst/StreamingDataflowPartition_1_LabelSelect_hls_0/inst/grp_LabelSelect_hls_0_Pipeline_VITIS_LOOP_199_3_fu_45/cmp_1_fu_202_p2_carry_i_10/O
                         net (fo=2, routed)           0.301     6.341    top_i/StreamingDataflowPartition_1/inst/StreamingDataflowPartition_1_LabelSelect_hls_0/inst/grp_LabelSelect_hls_0_Pipeline_VITIS_LOOP_199_3_fu_45/select_ln220_fu_195_p3__0[3]
    SLICE_X39Y118        LUT6 (Prop_lut6_I4_O)        0.124     6.465 r  top_i/StreamingDataflowPartition_1/inst/StreamingDataflowPartition_1_LabelSelect_hls_0/inst/grp_LabelSelect_hls_0_Pipeline_VITIS_LOOP_199_3_fu_45/cmp_1_fu_202_p2_carry_i_3/O
                         net (fo=1, routed)           0.323     6.788    top_i/StreamingDataflowPartition_1/inst/StreamingDataflowPartition_1_LabelSelect_hls_0/inst/grp_LabelSelect_hls_0_Pipeline_VITIS_LOOP_199_3_fu_45/cmp_1_fu_202_p2_carry_i_3_n_3
    SLICE_X36Y118        CARRY4 (Prop_carry4_DI[1]_CO[3])
                                                      0.520     7.308 r  top_i/StreamingDataflowPartition_1/inst/StreamingDataflowPartition_1_LabelSelect_hls_0/inst/grp_LabelSelect_hls_0_Pipeline_VITIS_LOOP_199_3_fu_45/cmp_1_fu_202_p2_carry/CO[3]
                         net (fo=11, routed)          0.671     7.979    top_i/StreamingDataflowPartition_1/inst/StreamingDataflowPartition_1_LabelSelect_hls_0/inst/grp_LabelSelect_hls_0_Pipeline_VITIS_LOOP_199_3_fu_45/cmp_1_fu_202_p2_carry_n_3
    SLICE_X36Y117        LUT5 (Prop_lut5_I4_O)        0.124     8.103 r  top_i/StreamingDataflowPartition_1/inst/StreamingDataflowPartition_1_LabelSelect_hls_0/inst/grp_LabelSelect_hls_0_Pipeline_VITIS_LOOP_199_3_fu_45/cmp_2_fu_214_p2_carry_i_11_replica/O
                         net (fo=2, routed)           0.712     8.815    top_i/StreamingDataflowPartition_1/inst/StreamingDataflowPartition_1_LabelSelect_hls_0/inst/grp_LabelSelect_hls_0_Pipeline_VITIS_LOOP_199_3_fu_45/select_ln220_1_fu_207_p3__0[2]_repN
    SLICE_X37Y119        LUT4 (Prop_lut4_I1_O)        0.124     8.939 r  top_i/StreamingDataflowPartition_1/inst/StreamingDataflowPartition_1_LabelSelect_hls_0/inst/grp_LabelSelect_hls_0_Pipeline_VITIS_LOOP_199_3_fu_45/cmp_2_fu_214_p2_carry_i_7/O
                         net (fo=1, routed)           0.000     8.939    top_i/StreamingDataflowPartition_1/inst/StreamingDataflowPartition_1_LabelSelect_hls_0/inst/grp_LabelSelect_hls_0_Pipeline_VITIS_LOOP_199_3_fu_45/cmp_2_fu_214_p2_carry_i_7_n_3
    SLICE_X37Y119        CARRY4 (Prop_carry4_S[1]_CO[3])
                                                      0.550     9.489 r  top_i/StreamingDataflowPartition_1/inst/StreamingDataflowPartition_1_LabelSelect_hls_0/inst/grp_LabelSelect_hls_0_Pipeline_VITIS_LOOP_199_3_fu_45/cmp_2_fu_214_p2_carry/CO[3]
                         net (fo=21, routed)          0.690    10.179    top_i/StreamingDataflowPartition_1/inst/StreamingDataflowPartition_1_LabelSelect_hls_0/inst/grp_LabelSelect_hls_0_Pipeline_VITIS_LOOP_199_3_fu_45/cmp_2_fu_214_p2_carry_n_3
    SLICE_X37Y120        LUT3 (Prop_lut3_I2_O)        0.124    10.303 f  top_i/StreamingDataflowPartition_1/inst/StreamingDataflowPartition_1_LabelSelect_hls_0/inst/grp_LabelSelect_hls_0_Pipeline_VITIS_LOOP_199_3_fu_45/cmp_3_fu_226_p2_carry_i_11/O
                         net (fo=2, routed)           0.167    10.470    top_i/StreamingDataflowPartition_1/inst/StreamingDataflowPartition_1_LabelSelect_hls_0/inst/grp_LabelSelect_hls_0_Pipeline_VITIS_LOOP_199_3_fu_45/select_ln220_2_fu_219_p3__0[3]
    SLICE_X37Y120        LUT6 (Prop_lut6_I4_O)        0.124    10.594 r  top_i/StreamingDataflowPartition_1/inst/StreamingDataflowPartition_1_LabelSelect_hls_0/inst/grp_LabelSelect_hls_0_Pipeline_VITIS_LOOP_199_3_fu_45/cmp_3_fu_226_p2_carry_i_3/O
                         net (fo=1, routed)           0.323    10.917    top_i/StreamingDataflowPartition_1/inst/StreamingDataflowPartition_1_LabelSelect_hls_0/inst/grp_LabelSelect_hls_0_Pipeline_VITIS_LOOP_199_3_fu_45/cmp_3_fu_226_p2_carry_i_3_n_3
    SLICE_X38Y120        CARRY4 (Prop_carry4_DI[1]_CO[3])
                                                      0.520    11.437 r  top_i/StreamingDataflowPartition_1/inst/StreamingDataflowPartition_1_LabelSelect_hls_0/inst/grp_LabelSelect_hls_0_Pipeline_VITIS_LOOP_199_3_fu_45/cmp_3_fu_226_p2_carry/CO[3]
                         net (fo=10, routed)          0.664    12.100    top_i/StreamingDataflowPartition_1/inst/StreamingDataflowPartition_1_LabelSelect_hls_0/inst/grp_LabelSelect_hls_0_Pipeline_VITIS_LOOP_199_3_fu_45/cmp_3_fu_226_p2_carry_n_3
    SLICE_X39Y121        LUT5 (Prop_lut5_I4_O)        0.124    12.224 r  top_i/StreamingDataflowPartition_1/inst/StreamingDataflowPartition_1_LabelSelect_hls_0/inst/grp_LabelSelect_hls_0_Pipeline_VITIS_LOOP_199_3_fu_45/conv_i_i2_445_i_fu_86[0]_i_2/O
                         net (fo=3, routed)           0.753    12.977    top_i/StreamingDataflowPartition_1/inst/StreamingDataflowPartition_1_LabelSelect_hls_0/inst/grp_LabelSelect_hls_0_Pipeline_VITIS_LOOP_199_3_fu_45/select_ln220_3_fu_231_p3__0[0]
    SLICE_X36Y121        LUT4 (Prop_lut4_I1_O)        0.124    13.101 r  top_i/StreamingDataflowPartition_1/inst/StreamingDataflowPartition_1_LabelSelect_hls_0/inst/grp_LabelSelect_hls_0_Pipeline_VITIS_LOOP_199_3_fu_45/cmp_4_fu_238_p2_carry_i_8/O
                         net (fo=1, routed)           0.000    13.101    top_i/StreamingDataflowPartition_1/inst/StreamingDataflowPartition_1_LabelSelect_hls_0/inst/grp_LabelSelect_hls_0_Pipeline_VITIS_LOOP_199_3_fu_45/cmp_4_fu_238_p2_carry_i_8_n_3
    SLICE_X36Y121        CARRY4 (Prop_carry4_S[0]_CO[3])
                                                      0.513    13.614 r  top_i/StreamingDataflowPartition_1/inst/StreamingDataflowPartition_1_LabelSelect_hls_0/inst/grp_LabelSelect_hls_0_Pipeline_VITIS_LOOP_199_3_fu_45/cmp_4_fu_238_p2_carry/CO[3]
                         net (fo=8, routed)           0.977    14.591    top_i/StreamingDataflowPartition_1/inst/StreamingDataflowPartition_1_LabelSelect_hls_0/inst/grp_LabelSelect_hls_0_Pipeline_VITIS_LOOP_199_3_fu_45/cmp_4_fu_238_p2_carry_n_3
    SLICE_X37Y121        LUT3 (Prop_lut3_I2_O)        0.124    14.715 r  top_i/StreamingDataflowPartition_1/inst/StreamingDataflowPartition_1_LabelSelect_hls_0/inst/grp_LabelSelect_hls_0_Pipeline_VITIS_LOOP_199_3_fu_45/conv_i_i2_445_i_fu_86[2]_i_1/O
                         net (fo=1, routed)           0.000    14.715    top_i/StreamingDataflowPartition_1/inst/StreamingDataflowPartition_1_LabelSelect_hls_0/inst/grp_LabelSelect_hls_0_Pipeline_VITIS_LOOP_199_3_fu_45/select_ln220_4_fu_243_p3[2]
    SLICE_X37Y121        FDRE                                         r  top_i/StreamingDataflowPartition_1/inst/StreamingDataflowPartition_1_LabelSelect_hls_0/inst/grp_LabelSelect_hls_0_Pipeline_VITIS_LOOP_199_3_fu_45/conv_i_i2_445_i_fu_86_reg[2]/D
  -------------------------------------------------------------------    -------------------

                         (clock clk_fpga_0 rise edge)
                                                     10.000    10.000 r  
    PS7_X0Y0             PS7                          0.000    10.000 r  top_i/zynq_ps/inst/PS7_i/FCLKCLK[0]
                         net (fo=1, routed)           1.088    11.088    top_i/zynq_ps/inst/FCLK_CLK_unbuffered[0]
    BUFGCTRL_X0Y16       BUFG (Prop_bufg_I_O)         0.091    11.179 r  top_i/zynq_ps/inst/buffer_fclk_clk_0.FCLK_CLK_0_BUFG/O
                         net (fo=53700, routed)       1.641    12.820    top_i/StreamingDataflowPartition_1/inst/StreamingDataflowPartition_1_LabelSelect_hls_0/inst/grp_LabelSelect_hls_0_Pipeline_VITIS_LOOP_199_3_fu_45/ap_clk
    SLICE_X37Y121        FDRE                                         r  top_i/StreamingDataflowPartition_1/inst/StreamingDataflowPartition_1_LabelSelect_hls_0/inst/grp_LabelSelect_hls_0_Pipeline_VITIS_LOOP_199_3_fu_45/conv_i_i2_445_i_fu_86_reg[2]/C
                         clock pessimism              0.304    13.124    
                         clock uncertainty           -0.154    12.970    
    SLICE_X37Y121        FDRE (Setup_fdre_C_D)        0.031    13.001    top_i/StreamingDataflowPartition_1/inst/StreamingDataflowPartition_1_LabelSelect_hls_0/inst/grp_LabelSelect_hls_0_Pipeline_VITIS_LOOP_199_3_fu_45/conv_i_i2_445_i_fu_86_reg[2]
  -------------------------------------------------------------------
                         required time                         13.001    
                         arrival time                         -14.715    
  -------------------------------------------------------------------
                         slack                                 -1.715    

Slack (VIOLATED) :        -1.711ns  (required time - arrival time)
  Source:                 top_i/StreamingDataflowPartition_1/inst/StreamingDataflowPartition_1_LabelSelect_hls_0/inst/grp_LabelSelect_hls_0_Pipeline_VITIS_LOOP_199_3_fu_45/conv_i_i2_445_i_fu_86_reg[2]/C
                            (rising edge-triggered cell FDRE clocked by clk_fpga_0  {rise@0.000ns fall@5.000ns period=10.000ns})
  Destination:            top_i/StreamingDataflowPartition_1/inst/StreamingDataflowPartition_1_LabelSelect_hls_0/inst/grp_LabelSelect_hls_0_Pipeline_VITIS_LOOP_199_3_fu_45/conv_i_i2_445_i_fu_86_reg[1]/D
                            (rising edge-triggered cell FDRE clocked by clk_fpga_0  {rise@0.000ns fall@5.000ns period=10.000ns})
  Path Group:             clk_fpga_0
  Path Type:              Setup (Max at Slow Process Corner)
  Requirement:            10.000ns  (clk_fpga_0 rise@10.000ns - clk_fpga_0 rise@0.000ns)
  Data Path Delay:        11.632ns  (logic 4.360ns (37.484%)  route 7.272ns (62.516%))
  Logic Levels:           15  (CARRY4=5 LUT3=3 LUT4=3 LUT5=2 LUT6=2)
  Clock Path Skew:        0.000ns (DCD - SCD + CPR)
    Destination Clock Delay (DCD):    2.820ns = ( 12.820 - 10.000 ) 
    Source Clock Delay      (SCD):    3.124ns
    Clock Pessimism Removal (CPR):    0.304ns
  Clock Uncertainty:      0.154ns  ((TSJ^2 + TIJ^2)^1/2 + DJ) / 2 + PE
    Total System Jitter     (TSJ):    0.071ns
    Total Input Jitter      (TIJ):    0.300ns
    Discrete Jitter          (DJ):    0.000ns
    Phase Error              (PE):    0.000ns

    Location             Delay type                Incr(ns)  Path(ns)    Netlist Resource(s)
  -------------------------------------------------------------------    -------------------
                         (clock clk_fpga_0 rise edge)
                                                      0.000     0.000 r  
    PS7_X0Y0             PS7                          0.000     0.000 r  top_i/zynq_ps/inst/PS7_i/FCLKCLK[0]
                         net (fo=1, routed)           1.193     1.193    top_i/zynq_ps/inst/FCLK_CLK_unbuffered[0]
    BUFGCTRL_X0Y16       BUFG (Prop_bufg_I_O)         0.101     1.294 r  top_i/zynq_ps/inst/buffer_fclk_clk_0.FCLK_CLK_0_BUFG/O
                         net (fo=53700, routed)       1.830     3.124    top_i/StreamingDataflowPartition_1/inst/StreamingDataflowPartition_1_LabelSelect_hls_0/inst/grp_LabelSelect_hls_0_Pipeline_VITIS_LOOP_199_3_fu_45/ap_clk
    SLICE_X37Y121        FDRE                                         r  top_i/StreamingDataflowPartition_1/inst/StreamingDataflowPartition_1_LabelSelect_hls_0/inst/grp_LabelSelect_hls_0_Pipeline_VITIS_LOOP_199_3_fu_45/conv_i_i2_445_i_fu_86_reg[2]/C
  -------------------------------------------------------------------    -------------------
    SLICE_X37Y121        FDRE (Prop_fdre_C_Q)         0.456     3.580 r  top_i/StreamingDataflowPartition_1/inst/StreamingDataflowPartition_1_LabelSelect_hls_0/inst/grp_LabelSelect_hls_0_Pipeline_VITIS_LOOP_199_3_fu_45/conv_i_i2_445_i_fu_86_reg[2]/Q
                         net (fo=6, routed)           0.977     4.557    top_i/StreamingDataflowPartition_1/inst/StreamingDataflowPartition_1_LabelSelect_hls_0/inst/grp_LabelSelect_hls_0_Pipeline_VITIS_LOOP_199_3_fu_45/conv_i_i2_445_i_fu_86[2]
    SLICE_X38Y118        LUT4 (Prop_lut4_I1_O)        0.124     4.681 r  top_i/StreamingDataflowPartition_1/inst/StreamingDataflowPartition_1_LabelSelect_hls_0/inst/grp_LabelSelect_hls_0_Pipeline_VITIS_LOOP_199_3_fu_45/cmp_fu_190_p2_carry_i_7/O
                         net (fo=1, routed)           0.000     4.681    top_i/StreamingDataflowPartition_1/inst/StreamingDataflowPartition_1_LabelSelect_hls_0/inst/grp_LabelSelect_hls_0_Pipeline_VITIS_LOOP_199_3_fu_45/cmp_fu_190_p2_carry_i_7_n_3
    SLICE_X38Y118        CARRY4 (Prop_carry4_S[1]_CO[3])
                                                      0.533     5.214 r  top_i/StreamingDataflowPartition_1/inst/StreamingDataflowPartition_1_LabelSelect_hls_0/inst/grp_LabelSelect_hls_0_Pipeline_VITIS_LOOP_199_3_fu_45/cmp_fu_190_p2_carry/CO[3]
                         net (fo=22, routed)          0.702     5.916    top_i/StreamingDataflowPartition_1/inst/StreamingDataflowPartition_1_LabelSelect_hls_0/inst/grp_LabelSelect_hls_0_Pipeline_VITIS_LOOP_199_3_fu_45/cmp_fu_190_p2_carry_n_3
    SLICE_X38Y117        LUT3 (Prop_lut3_I2_O)        0.124     6.040 f  top_i/StreamingDataflowPartition_1/inst/StreamingDataflowPartition_1_LabelSelect_hls_0/inst/grp_LabelSelect_hls_0_Pipeline_VITIS_LOOP_199_3_fu_45/cmp_1_fu_202_p2_carry_i_10/O
                         net (fo=2, routed)           0.301     6.341    top_i/StreamingDataflowPartition_1/inst/StreamingDataflowPartition_1_LabelSelect_hls_0/inst/grp_LabelSelect_hls_0_Pipeline_VITIS_LOOP_199_3_fu_45/select_ln220_fu_195_p3__0[3]
    SLICE_X39Y118        LUT6 (Prop_lut6_I4_O)        0.124     6.465 r  top_i/StreamingDataflowPartition_1/inst/StreamingDataflowPartition_1_LabelSelect_hls_0/inst/grp_LabelSelect_hls_0_Pipeline_VITIS_LOOP_199_3_fu_45/cmp_1_fu_202_p2_carry_i_3/O
                         net (fo=1, routed)           0.323     6.788    top_i/StreamingDataflowPartition_1/inst/StreamingDataflowPartition_1_LabelSelect_hls_0/inst/grp_LabelSelect_hls_0_Pipeline_VITIS_LOOP_199_3_fu_45/cmp_1_fu_202_p2_carry_i_3_n_3
    SLICE_X36Y118        CARRY4 (Prop_carry4_DI[1]_CO[3])
                                                      0.520     7.308 r  top_i/StreamingDataflowPartition_1/inst/StreamingDataflowPartition_1_LabelSelect_hls_0/inst/grp_LabelSelect_hls_0_Pipeline_VITIS_LOOP_199_3_fu_45/cmp_1_fu_202_p2_carry/CO[3]
                         net (fo=11, routed)          0.671     7.979    top_i/StreamingDataflowPartition_1/inst/StreamingDataflowPartition_1_LabelSelect_hls_0/inst/grp_LabelSelect_hls_0_Pipeline_VITIS_LOOP_199_3_fu_45/cmp_1_fu_202_p2_carry_n_3
    SLICE_X36Y117        LUT5 (Prop_lut5_I4_O)        0.124     8.103 r  top_i/StreamingDataflowPartition_1/inst/StreamingDataflowPartition_1_LabelSelect_hls_0/inst/grp_LabelSelect_hls_0_Pipeline_VITIS_LOOP_199_3_fu_45/cmp_2_fu_214_p2_carry_i_11_replica/O
                         net (fo=2, routed)           0.712     8.815    top_i/StreamingDataflowPartition_1/inst/StreamingDataflowPartition_1_LabelSelect_hls_0/inst/grp_LabelSelect_hls_0_Pipeline_VITIS_LOOP_199_3_fu_45/select_ln220_1_fu_207_p3__0[2]_repN
    SLICE_X37Y119        LUT4 (Prop_lut4_I1_O)        0.124     8.939 r  top_i/StreamingDataflowPartition_1/inst/StreamingDataflowPartition_1_LabelSelect_hls_0/inst/grp_LabelSelect_hls_0_Pipeline_VITIS_LOOP_199_3_fu_45/cmp_2_fu_214_p2_carry_i_7/O
                         net (fo=1, routed)           0.000     8.939    top_i/StreamingDataflowPartition_1/inst/StreamingDataflowPartition_1_LabelSelect_hls_0/inst/grp_LabelSelect_hls_0_Pipeline_VITIS_LOOP_199_3_fu_45/cmp_2_fu_214_p2_carry_i_7_n_3
    SLICE_X37Y119        CARRY4 (Prop_carry4_S[1]_CO[3])
                                                      0.550     9.489 r  top_i/StreamingDataflowPartition_1/inst/StreamingDataflowPartition_1_LabelSelect_hls_0/inst/grp_LabelSelect_hls_0_Pipeline_VITIS_LOOP_199_3_fu_45/cmp_2_fu_214_p2_carry/CO[3]
                         net (fo=21, routed)          0.690    10.179    top_i/StreamingDataflowPartition_1/inst/StreamingDataflowPartition_1_LabelSelect_hls_0/inst/grp_LabelSelect_hls_0_Pipeline_VITIS_LOOP_199_3_fu_45/cmp_2_fu_214_p2_carry_n_3
    SLICE_X37Y120        LUT3 (Prop_lut3_I2_O)        0.124    10.303 f  top_i/StreamingDataflowPartition_1/inst/StreamingDataflowPartition_1_LabelSelect_hls_0/inst/grp_LabelSelect_hls_0_Pipeline_VITIS_LOOP_199_3_fu_45/cmp_3_fu_226_p2_carry_i_11/O
                         net (fo=2, routed)           0.167    10.470    top_i/StreamingDataflowPartition_1/inst/StreamingDataflowPartition_1_LabelSelect_hls_0/inst/grp_LabelSelect_hls_0_Pipeline_VITIS_LOOP_199_3_fu_45/select_ln220_2_fu_219_p3__0[3]
    SLICE_X37Y120        LUT6 (Prop_lut6_I4_O)        0.124    10.594 r  top_i/StreamingDataflowPartition_1/inst/StreamingDataflowPartition_1_LabelSelect_hls_0/inst/grp_LabelSelect_hls_0_Pipeline_VITIS_LOOP_199_3_fu_45/cmp_3_fu_226_p2_carry_i_3/O
                         net (fo=1, routed)           0.323    10.917    top_i/StreamingDataflowPartition_1/inst/StreamingDataflowPartition_1_LabelSelect_hls_0/inst/grp_LabelSelect_hls_0_Pipeline_VITIS_LOOP_199_3_fu_45/cmp_3_fu_226_p2_carry_i_3_n_3
    SLICE_X38Y120        CARRY4 (Prop_carry4_DI[1]_CO[3])
                                                      0.520    11.437 r  top_i/StreamingDataflowPartition_1/inst/StreamingDataflowPartition_1_LabelSelect_hls_0/inst/grp_LabelSelect_hls_0_Pipeline_VITIS_LOOP_199_3_fu_45/cmp_3_fu_226_p2_carry/CO[3]
                         net (fo=10, routed)          0.664    12.100    top_i/StreamingDataflowPartition_1/inst/StreamingDataflowPartition_1_LabelSelect_hls_0/inst/grp_LabelSelect_hls_0_Pipeline_VITIS_LOOP_199_3_fu_45/cmp_3_fu_226_p2_carry_n_3
    SLICE_X39Y121        LUT5 (Prop_lut5_I4_O)        0.124    12.224 r  top_i/StreamingDataflowPartition_1/inst/StreamingDataflowPartition_1_LabelSelect_hls_0/inst/grp_LabelSelect_hls_0_Pipeline_VITIS_LOOP_199_3_fu_45/conv_i_i2_445_i_fu_86[0]_i_2/O
                         net (fo=3, routed)           0.753    12.977    top_i/StreamingDataflowPartition_1/inst/StreamingDataflowPartition_1_LabelSelect_hls_0/inst/grp_LabelSelect_hls_0_Pipeline_VITIS_LOOP_199_3_fu_45/select_ln220_3_fu_231_p3__0[0]
    SLICE_X36Y121        LUT4 (Prop_lut4_I1_O)        0.124    13.101 r  top_i/StreamingDataflowPartition_1/inst/StreamingDataflowPartition_1_LabelSelect_hls_0/inst/grp_LabelSelect_hls_0_Pipeline_VITIS_LOOP_199_3_fu_45/cmp_4_fu_238_p2_carry_i_8/O
                         net (fo=1, routed)           0.000    13.101    top_i/StreamingDataflowPartition_1/inst/StreamingDataflowPartition_1_LabelSelect_hls_0/inst/grp_LabelSelect_hls_0_Pipeline_VITIS_LOOP_199_3_fu_45/cmp_4_fu_238_p2_carry_i_8_n_3
    SLICE_X36Y121        CARRY4 (Prop_carry4_S[0]_CO[3])
                                                      0.513    13.614 r  top_i/StreamingDataflowPartition_1/inst/StreamingDataflowPartition_1_LabelSelect_hls_0/inst/grp_LabelSelect_hls_0_Pipeline_VITIS_LOOP_199_3_fu_45/cmp_4_fu_238_p2_carry/CO[3]
                         net (fo=8, routed)           0.990    14.604    top_i/StreamingDataflowPartition_1/inst/StreamingDataflowPartition_1_LabelSelect_hls_0/inst/grp_LabelSelect_hls_0_Pipeline_VITIS_LOOP_199_3_fu_45/cmp_4_fu_238_p2_carry_n_3
    SLICE_X37Y121        LUT3 (Prop_lut3_I2_O)        0.152    14.756 r  top_i/StreamingDataflowPartition_1/inst/StreamingDataflowPartition_1_LabelSelect_hls_0/inst/grp_LabelSelect_hls_0_Pipeline_VITIS_LOOP_199_3_fu_45/conv_i_i2_445_i_fu_86[1]_i_1/O
                         net (fo=1, routed)           0.000    14.756    top_i/StreamingDataflowPartition_1/inst/StreamingDataflowPartition_1_LabelSelect_hls_0/inst/grp_LabelSelect_hls_0_Pipeline_VITIS_LOOP_199_3_fu_45/select_ln220_4_fu_243_p3[1]
    SLICE_X37Y121        FDRE                                         r  top_i/StreamingDataflowPartition_1/inst/StreamingDataflowPartition_1_LabelSelect_hls_0/inst/grp_LabelSelect_hls_0_Pipeline_VITIS_LOOP_199_3_fu_45/conv_i_i2_445_i_fu_86_reg[1]/D
  -------------------------------------------------------------------    -------------------

                         (clock clk_fpga_0 rise edge)
                                                     10.000    10.000 r  
    PS7_X0Y0             PS7                          0.000    10.000 r  top_i/zynq_ps/inst/PS7_i/FCLKCLK[0]
                         net (fo=1, routed)           1.088    11.088    top_i/zynq_ps/inst/FCLK_CLK_unbuffered[0]
    BUFGCTRL_X0Y16       BUFG (Prop_bufg_I_O)         0.091    11.179 r  top_i/zynq_ps/inst/buffer_fclk_clk_0.FCLK_CLK_0_BUFG/O
                         net (fo=53700, routed)       1.641    12.820    top_i/StreamingDataflowPartition_1/inst/StreamingDataflowPartition_1_LabelSelect_hls_0/inst/grp_LabelSelect_hls_0_Pipeline_VITIS_LOOP_199_3_fu_45/ap_clk
    SLICE_X37Y121        FDRE                                         r  top_i/StreamingDataflowPartition_1/inst/StreamingDataflowPartition_1_LabelSelect_hls_0/inst/grp_LabelSelect_hls_0_Pipeline_VITIS_LOOP_199_3_fu_45/conv_i_i2_445_i_fu_86_reg[1]/C
                         clock pessimism              0.304    13.124    
                         clock uncertainty           -0.154    12.970    
    SLICE_X37Y121        FDRE (Setup_fdre_C_D)        0.075    13.045    top_i/StreamingDataflowPartition_1/inst/StreamingDataflowPartition_1_LabelSelect_hls_0/inst/grp_LabelSelect_hls_0_Pipeline_VITIS_LOOP_199_3_fu_45/conv_i_i2_445_i_fu_86_reg[1]
  -------------------------------------------------------------------
                         required time                         13.045    
                         arrival time                         -14.756    
  -------------------------------------------------------------------
                         slack                                 -1.711    

Slack (VIOLATED) :        -1.666ns  (required time - arrival time)
  Source:                 top_i/StreamingDataflowPartition_1/inst/StreamingDataflowPartition_1_LabelSelect_hls_0/inst/grp_LabelSelect_hls_0_Pipeline_VITIS_LOOP_199_3_fu_45/conv_i_i2_445_i_fu_86_reg[2]/C
                            (rising edge-triggered cell FDRE clocked by clk_fpga_0  {rise@0.000ns fall@5.000ns period=10.000ns})
  Destination:            top_i/StreamingDataflowPartition_1/inst/StreamingDataflowPartition_1_LabelSelect_hls_0/inst/grp_LabelSelect_hls_0_Pipeline_VITIS_LOOP_199_3_fu_45/conv_i_i2_445_i_fu_86_reg[3]/D
                            (rising edge-triggered cell FDRE clocked by clk_fpga_0  {rise@0.000ns fall@5.000ns period=10.000ns})
  Path Group:             clk_fpga_0
  Path Type:              Setup (Max at Slow Process Corner)
  Requirement:            10.000ns  (clk_fpga_0 rise@10.000ns - clk_fpga_0 rise@0.000ns)
  Data Path Delay:        11.586ns  (logic 4.327ns (37.345%)  route 7.259ns (62.655%))
  Logic Levels:           15  (CARRY4=5 LUT3=3 LUT4=3 LUT5=2 LUT6=2)
  Clock Path Skew:        0.000ns (DCD - SCD + CPR)
    Destination Clock Delay (DCD):    2.820ns = ( 12.820 - 10.000 ) 
    Source Clock Delay      (SCD):    3.124ns
    Clock Pessimism Removal (CPR):    0.304ns
  Clock Uncertainty:      0.154ns  ((TSJ^2 + TIJ^2)^1/2 + DJ) / 2 + PE
    Total System Jitter     (TSJ):    0.071ns
    Total Input Jitter      (TIJ):    0.300ns
    Discrete Jitter          (DJ):    0.000ns
    Phase Error              (PE):    0.000ns

    Location             Delay type                Incr(ns)  Path(ns)    Netlist Resource(s)
  -------------------------------------------------------------------    -------------------
                         (clock clk_fpga_0 rise edge)
                                                      0.000     0.000 r  
    PS7_X0Y0             PS7                          0.000     0.000 r  top_i/zynq_ps/inst/PS7_i/FCLKCLK[0]
                         net (fo=1, routed)           1.193     1.193    top_i/zynq_ps/inst/FCLK_CLK_unbuffered[0]
    BUFGCTRL_X0Y16       BUFG (Prop_bufg_I_O)         0.101     1.294 r  top_i/zynq_ps/inst/buffer_fclk_clk_0.FCLK_CLK_0_BUFG/O
                         net (fo=53700, routed)       1.830     3.124    top_i/StreamingDataflowPartition_1/inst/StreamingDataflowPartition_1_LabelSelect_hls_0/inst/grp_LabelSelect_hls_0_Pipeline_VITIS_LOOP_199_3_fu_45/ap_clk
    SLICE_X37Y121        FDRE                                         r  top_i/StreamingDataflowPartition_1/inst/StreamingDataflowPartition_1_LabelSelect_hls_0/inst/grp_LabelSelect_hls_0_Pipeline_VITIS_LOOP_199_3_fu_45/conv_i_i2_445_i_fu_86_reg[2]/C
  -------------------------------------------------------------------    -------------------
    SLICE_X37Y121        FDRE (Prop_fdre_C_Q)         0.456     3.580 r  top_i/StreamingDataflowPartition_1/inst/StreamingDataflowPartition_1_LabelSelect_hls_0/inst/grp_LabelSelect_hls_0_Pipeline_VITIS_LOOP_199_3_fu_45/conv_i_i2_445_i_fu_86_reg[2]/Q
                         net (fo=6, routed)           0.977     4.557    top_i/StreamingDataflowPartition_1/inst/StreamingDataflowPartition_1_LabelSelect_hls_0/inst/grp_LabelSelect_hls_0_Pipeline_VITIS_LOOP_199_3_fu_45/conv_i_i2_445_i_fu_86[2]
    SLICE_X38Y118        LUT4 (Prop_lut4_I1_O)        0.124     4.681 r  top_i/StreamingDataflowPartition_1/inst/StreamingDataflowPartition_1_LabelSelect_hls_0/inst/grp_LabelSelect_hls_0_Pipeline_VITIS_LOOP_199_3_fu_45/cmp_fu_190_p2_carry_i_7/O
                         net (fo=1, routed)           0.000     4.681    top_i/StreamingDataflowPartition_1/inst/StreamingDataflowPartition_1_LabelSelect_hls_0/inst/grp_LabelSelect_hls_0_Pipeline_VITIS_LOOP_199_3_fu_45/cmp_fu_190_p2_carry_i_7_n_3
    SLICE_X38Y118        CARRY4 (Prop_carry4_S[1]_CO[3])
                                                      0.533     5.214 r  top_i/StreamingDataflowPartition_1/inst/StreamingDataflowPartition_1_LabelSelect_hls_0/inst/grp_LabelSelect_hls_0_Pipeline_VITIS_LOOP_199_3_fu_45/cmp_fu_190_p2_carry/CO[3]
                         net (fo=22, routed)          0.702     5.916    top_i/StreamingDataflowPartition_1/inst/StreamingDataflowPartition_1_LabelSelect_hls_0/inst/grp_LabelSelect_hls_0_Pipeline_VITIS_LOOP_199_3_fu_45/cmp_fu_190_p2_carry_n_3
    SLICE_X38Y117        LUT3 (Prop_lut3_I2_O)        0.124     6.040 f  top_i/StreamingDataflowPartition_1/inst/StreamingDataflowPartition_1_LabelSelect_hls_0/inst/grp_LabelSelect_hls_0_Pipeline_VITIS_LOOP_199_3_fu_45/cmp_1_fu_202_p2_carry_i_10/O
                         net (fo=2, routed)           0.301     6.341    top_i/StreamingDataflowPartition_1/inst/StreamingDataflowPartition_1_LabelSelect_hls_0/inst/grp_LabelSelect_hls_0_Pipeline_VITIS_LOOP_199_3_fu_45/select_ln220_fu_195_p3__0[3]
    SLICE_X39Y118        LUT6 (Prop_lut6_I4_O)        0.124     6.465 r  top_i/StreamingDataflowPartition_1/inst/StreamingDataflowPartition_1_LabelSelect_hls_0/inst/grp_LabelSelect_hls_0_Pipeline_VITIS_LOOP_199_3_fu_45/cmp_1_fu_202_p2_carry_i_3/O
                         net (fo=1, routed)           0.323     6.788    top_i/StreamingDataflowPartition_1/inst/StreamingDataflowPartition_1_LabelSelect_hls_0/inst/grp_LabelSelect_hls_0_Pipeline_VITIS_LOOP_199_3_fu_45/cmp_1_fu_202_p2_carry_i_3_n_3
    SLICE_X36Y118        CARRY4 (Prop_carry4_DI[1]_CO[3])
                                                      0.520     7.308 r  top_i/StreamingDataflowPartition_1/inst/StreamingDataflowPartition_1_LabelSelect_hls_0/inst/grp_LabelSelect_hls_0_Pipeline_VITIS_LOOP_199_3_fu_45/cmp_1_fu_202_p2_carry/CO[3]
                         net (fo=11, routed)          0.671     7.979    top_i/StreamingDataflowPartition_1/inst/StreamingDataflowPartition_1_LabelSelect_hls_0/inst/grp_LabelSelect_hls_0_Pipeline_VITIS_LOOP_199_3_fu_45/cmp_1_fu_202_p2_carry_n_3
    SLICE_X36Y117        LUT5 (Prop_lut5_I4_O)        0.124     8.103 r  top_i/StreamingDataflowPartition_1/inst/StreamingDataflowPartition_1_LabelSelect_hls_0/inst/grp_LabelSelect_hls_0_Pipeline_VITIS_LOOP_199_3_fu_45/cmp_2_fu_214_p2_carry_i_11_replica/O
                         net (fo=2, routed)           0.712     8.815    top_i/StreamingDataflowPartition_1/inst/StreamingDataflowPartition_1_LabelSelect_hls_0/inst/grp_LabelSelect_hls_0_Pipeline_VITIS_LOOP_199_3_fu_45/select_ln220_1_fu_207_p3__0[2]_repN
    SLICE_X37Y119        LUT4 (Prop_lut4_I1_O)        0.124     8.939 r  top_i/StreamingDataflowPartition_1/inst/StreamingDataflowPartition_1_LabelSelect_hls_0/inst/grp_LabelSelect_hls_0_Pipeline_VITIS_LOOP_199_3_fu_45/cmp_2_fu_214_p2_carry_i_7/O
                         net (fo=1, routed)           0.000     8.939    top_i/StreamingDataflowPartition_1/inst/StreamingDataflowPartition_1_LabelSelect_hls_0/inst/grp_LabelSelect_hls_0_Pipeline_VITIS_LOOP_199_3_fu_45/cmp_2_fu_214_p2_carry_i_7_n_3
    SLICE_X37Y119        CARRY4 (Prop_carry4_S[1]_CO[3])
                                                      0.550     9.489 r  top_i/StreamingDataflowPartition_1/inst/StreamingDataflowPartition_1_LabelSelect_hls_0/inst/grp_LabelSelect_hls_0_Pipeline_VITIS_LOOP_199_3_fu_45/cmp_2_fu_214_p2_carry/CO[3]
                         net (fo=21, routed)          0.690    10.179    top_i/StreamingDataflowPartition_1/inst/StreamingDataflowPartition_1_LabelSelect_hls_0/inst/grp_LabelSelect_hls_0_Pipeline_VITIS_LOOP_199_3_fu_45/cmp_2_fu_214_p2_carry_n_3
    SLICE_X37Y120        LUT3 (Prop_lut3_I2_O)        0.124    10.303 f  top_i/StreamingDataflowPartition_1/inst/StreamingDataflowPartition_1_LabelSelect_hls_0/inst/grp_LabelSelect_hls_0_Pipeline_VITIS_LOOP_199_3_fu_45/cmp_3_fu_226_p2_carry_i_11/O
                         net (fo=2, routed)           0.167    10.470    top_i/StreamingDataflowPartition_1/inst/StreamingDataflowPartition_1_LabelSelect_hls_0/inst/grp_LabelSelect_hls_0_Pipeline_VITIS_LOOP_199_3_fu_45/select_ln220_2_fu_219_p3__0[3]
    SLICE_X37Y120        LUT6 (Prop_lut6_I4_O)        0.124    10.594 r  top_i/StreamingDataflowPartition_1/inst/StreamingDataflowPartition_1_LabelSelect_hls_0/inst/grp_LabelSelect_hls_0_Pipeline_VITIS_LOOP_199_3_fu_45/cmp_3_fu_226_p2_carry_i_3/O
                         net (fo=1, routed)           0.323    10.917    top_i/StreamingDataflowPartition_1/inst/StreamingDataflowPartition_1_LabelSelect_hls_0/inst/grp_LabelSelect_hls_0_Pipeline_VITIS_LOOP_199_3_fu_45/cmp_3_fu_226_p2_carry_i_3_n_3
    SLICE_X38Y120        CARRY4 (Prop_carry4_DI[1]_CO[3])
                                                      0.520    11.437 r  top_i/StreamingDataflowPartition_1/inst/StreamingDataflowPartition_1_LabelSelect_hls_0/inst/grp_LabelSelect_hls_0_Pipeline_VITIS_LOOP_199_3_fu_45/cmp_3_fu_226_p2_carry/CO[3]
                         net (fo=10, routed)          0.664    12.100    top_i/StreamingDataflowPartition_1/inst/StreamingDataflowPartition_1_LabelSelect_hls_0/inst/grp_LabelSelect_hls_0_Pipeline_VITIS_LOOP_199_3_fu_45/cmp_3_fu_226_p2_carry_n_3
    SLICE_X39Y121        LUT5 (Prop_lut5_I4_O)        0.124    12.224 r  top_i/StreamingDataflowPartition_1/inst/StreamingDataflowPartition_1_LabelSelect_hls_0/inst/grp_LabelSelect_hls_0_Pipeline_VITIS_LOOP_199_3_fu_45/conv_i_i2_445_i_fu_86[0]_i_2/O
                         net (fo=3, routed)           0.753    12.977    top_i/StreamingDataflowPartition_1/inst/StreamingDataflowPartition_1_LabelSelect_hls_0/inst/grp_LabelSelect_hls_0_Pipeline_VITIS_LOOP_199_3_fu_45/select_ln220_3_fu_231_p3__0[0]
    SLICE_X36Y121        LUT4 (Prop_lut4_I1_O)        0.124    13.101 r  top_i/StreamingDataflowPartition_1/inst/StreamingDataflowPartition_1_LabelSelect_hls_0/inst/grp_LabelSelect_hls_0_Pipeline_VITIS_LOOP_199_3_fu_45/cmp_4_fu_238_p2_carry_i_8/O
                         net (fo=1, routed)           0.000    13.101    top_i/StreamingDataflowPartition_1/inst/StreamingDataflowPartition_1_LabelSelect_hls_0/inst/grp_LabelSelect_hls_0_Pipeline_VITIS_LOOP_199_3_fu_45/cmp_4_fu_238_p2_carry_i_8_n_3
    SLICE_X36Y121        CARRY4 (Prop_carry4_S[0]_CO[3])
                                                      0.513    13.614 r  top_i/StreamingDataflowPartition_1/inst/StreamingDataflowPartition_1_LabelSelect_hls_0/inst/grp_LabelSelect_hls_0_Pipeline_VITIS_LOOP_199_3_fu_45/cmp_4_fu_238_p2_carry/CO[3]
                         net (fo=8, routed)           0.977    14.591    top_i/StreamingDataflowPartition_1/inst/StreamingDataflowPartition_1_LabelSelect_hls_0/inst/grp_LabelSelect_hls_0_Pipeline_VITIS_LOOP_199_3_fu_45/cmp_4_fu_238_p2_carry_n_3
    SLICE_X37Y121        LUT3 (Prop_lut3_I2_O)        0.119    14.710 r  top_i/StreamingDataflowPartition_1/inst/StreamingDataflowPartition_1_LabelSelect_hls_0/inst/grp_LabelSelect_hls_0_Pipeline_VITIS_LOOP_199_3_fu_45/conv_i_i2_445_i_fu_86[3]_i_1/O
                         net (fo=1, routed)           0.000    14.710    top_i/StreamingDataflowPartition_1/inst/StreamingDataflowPartition_1_LabelSelect_hls_0/inst/grp_LabelSelect_hls_0_Pipeline_VITIS_LOOP_199_3_fu_45/select_ln220_4_fu_243_p3[3]
    SLICE_X37Y121        FDRE                                         r  top_i/StreamingDataflowPartition_1/inst/StreamingDataflowPartition_1_LabelSelect_hls_0/inst/grp_LabelSelect_hls_0_Pipeline_VITIS_LOOP_199_3_fu_45/conv_i_i2_445_i_fu_86_reg[3]/D
  -------------------------------------------------------------------    -------------------

                         (clock clk_fpga_0 rise edge)
                                                     10.000    10.000 r  
    PS7_X0Y0             PS7                          0.000    10.000 r  top_i/zynq_ps/inst/PS7_i/FCLKCLK[0]
                         net (fo=1, routed)           1.088    11.088    top_i/zynq_ps/inst/FCLK_CLK_unbuffered[0]
    BUFGCTRL_X0Y16       BUFG (Prop_bufg_I_O)         0.091    11.179 r  top_i/zynq_ps/inst/buffer_fclk_clk_0.FCLK_CLK_0_BUFG/O
                         net (fo=53700, routed)       1.641    12.820    top_i/StreamingDataflowPartition_1/inst/StreamingDataflowPartition_1_LabelSelect_hls_0/inst/grp_LabelSelect_hls_0_Pipeline_VITIS_LOOP_199_3_fu_45/ap_clk
    SLICE_X37Y121        FDRE                                         r  top_i/StreamingDataflowPartition_1/inst/StreamingDataflowPartition_1_LabelSelect_hls_0/inst/grp_LabelSelect_hls_0_Pipeline_VITIS_LOOP_199_3_fu_45/conv_i_i2_445_i_fu_86_reg[3]/C
                         clock pessimism              0.304    13.124    
                         clock uncertainty           -0.154    12.970    
    SLICE_X37Y121        FDRE (Setup_fdre_C_D)        0.075    13.045    top_i/StreamingDataflowPartition_1/inst/StreamingDataflowPartition_1_LabelSelect_hls_0/inst/grp_LabelSelect_hls_0_Pipeline_VITIS_LOOP_199_3_fu_45/conv_i_i2_445_i_fu_86_reg[3]
  -------------------------------------------------------------------
                         required time                         13.045    
                         arrival time                         -14.710    
  -------------------------------------------------------------------
                         slack                                 -1.666    

Slack (VIOLATED) :        -1.651ns  (required time - arrival time)
  Source:                 top_i/StreamingDataflowPartition_1/inst/StreamingDataflowPartition_1_LabelSelect_hls_0/inst/grp_LabelSelect_hls_0_Pipeline_VITIS_LOOP_199_3_fu_45/conv_i_i2_445_i_fu_86_reg[2]/C
                            (rising edge-triggered cell FDRE clocked by clk_fpga_0  {rise@0.000ns fall@5.000ns period=10.000ns})
  Destination:            top_i/StreamingDataflowPartition_1/inst/StreamingDataflowPartition_1_LabelSelect_hls_0/inst/grp_LabelSelect_hls_0_Pipeline_VITIS_LOOP_199_3_fu_45/conv_i_i2_445_i_fu_86_reg[4]/D
                            (rising edge-triggered cell FDRE clocked by clk_fpga_0  {rise@0.000ns fall@5.000ns period=10.000ns})
  Path Group:             clk_fpga_0
  Path Type:              Setup (Max at Slow Process Corner)
  Requirement:            10.000ns  (clk_fpga_0 rise@10.000ns - clk_fpga_0 rise@0.000ns)
  Data Path Delay:        11.552ns  (logic 4.332ns (37.500%)  route 7.220ns (62.500%))
  Logic Levels:           15  (CARRY4=5 LUT3=3 LUT4=3 LUT5=2 LUT6=2)
  Clock Path Skew:        -0.022ns (DCD - SCD + CPR)
    Destination Clock Delay (DCD):    2.821ns = ( 12.821 - 10.000 ) 
    Source Clock Delay      (SCD):    3.124ns
    Clock Pessimism Removal (CPR):    0.281ns
  Clock Uncertainty:      0.154ns  ((TSJ^2 + TIJ^2)^1/2 + DJ) / 2 + PE
    Total System Jitter     (TSJ):    0.071ns
    Total Input Jitter      (TIJ):    0.300ns
    Discrete Jitter          (DJ):    0.000ns
    Phase Error              (PE):    0.000ns

    Location             Delay type                Incr(ns)  Path(ns)    Netlist Resource(s)
  -------------------------------------------------------------------    -------------------
                         (clock clk_fpga_0 rise edge)
                                                      0.000     0.000 r  
    PS7_X0Y0             PS7                          0.000     0.000 r  top_i/zynq_ps/inst/PS7_i/FCLKCLK[0]
                         net (fo=1, routed)           1.193     1.193    top_i/zynq_ps/inst/FCLK_CLK_unbuffered[0]
    BUFGCTRL_X0Y16       BUFG (Prop_bufg_I_O)         0.101     1.294 r  top_i/zynq_ps/inst/buffer_fclk_clk_0.FCLK_CLK_0_BUFG/O
                         net (fo=53700, routed)       1.830     3.124    top_i/StreamingDataflowPartition_1/inst/StreamingDataflowPartition_1_LabelSelect_hls_0/inst/grp_LabelSelect_hls_0_Pipeline_VITIS_LOOP_199_3_fu_45/ap_clk
    SLICE_X37Y121        FDRE                                         r  top_i/StreamingDataflowPartition_1/inst/StreamingDataflowPartition_1_LabelSelect_hls_0/inst/grp_LabelSelect_hls_0_Pipeline_VITIS_LOOP_199_3_fu_45/conv_i_i2_445_i_fu_86_reg[2]/C
  -------------------------------------------------------------------    -------------------
    SLICE_X37Y121        FDRE (Prop_fdre_C_Q)         0.456     3.580 r  top_i/StreamingDataflowPartition_1/inst/StreamingDataflowPartition_1_LabelSelect_hls_0/inst/grp_LabelSelect_hls_0_Pipeline_VITIS_LOOP_199_3_fu_45/conv_i_i2_445_i_fu_86_reg[2]/Q
                         net (fo=6, routed)           0.977     4.557    top_i/StreamingDataflowPartition_1/inst/StreamingDataflowPartition_1_LabelSelect_hls_0/inst/grp_LabelSelect_hls_0_Pipeline_VITIS_LOOP_199_3_fu_45/conv_i_i2_445_i_fu_86[2]
    SLICE_X38Y118        LUT4 (Prop_lut4_I1_O)        0.124     4.681 r  top_i/StreamingDataflowPartition_1/inst/StreamingDataflowPartition_1_LabelSelect_hls_0/inst/grp_LabelSelect_hls_0_Pipeline_VITIS_LOOP_199_3_fu_45/cmp_fu_190_p2_carry_i_7/O
                         net (fo=1, routed)           0.000     4.681    top_i/StreamingDataflowPartition_1/inst/StreamingDataflowPartition_1_LabelSelect_hls_0/inst/grp_LabelSelect_hls_0_Pipeline_VITIS_LOOP_199_3_fu_45/cmp_fu_190_p2_carry_i_7_n_3
    SLICE_X38Y118        CARRY4 (Prop_carry4_S[1]_CO[3])
                                                      0.533     5.214 r  top_i/StreamingDataflowPartition_1/inst/StreamingDataflowPartition_1_LabelSelect_hls_0/inst/grp_LabelSelect_hls_0_Pipeline_VITIS_LOOP_199_3_fu_45/cmp_fu_190_p2_carry/CO[3]
                         net (fo=22, routed)          0.702     5.916    top_i/StreamingDataflowPartition_1/inst/StreamingDataflowPartition_1_LabelSelect_hls_0/inst/grp_LabelSelect_hls_0_Pipeline_VITIS_LOOP_199_3_fu_45/cmp_fu_190_p2_carry_n_3
    SLICE_X38Y117        LUT3 (Prop_lut3_I2_O)        0.124     6.040 f  top_i/StreamingDataflowPartition_1/inst/StreamingDataflowPartition_1_LabelSelect_hls_0/inst/grp_LabelSelect_hls_0_Pipeline_VITIS_LOOP_199_3_fu_45/cmp_1_fu_202_p2_carry_i_10/O
                         net (fo=2, routed)           0.301     6.341    top_i/StreamingDataflowPartition_1/inst/StreamingDataflowPartition_1_LabelSelect_hls_0/inst/grp_LabelSelect_hls_0_Pipeline_VITIS_LOOP_199_3_fu_45/select_ln220_fu_195_p3__0[3]
    SLICE_X39Y118        LUT6 (Prop_lut6_I4_O)        0.124     6.465 r  top_i/StreamingDataflowPartition_1/inst/StreamingDataflowPartition_1_LabelSelect_hls_0/inst/grp_LabelSelect_hls_0_Pipeline_VITIS_LOOP_199_3_fu_45/cmp_1_fu_202_p2_carry_i_3/O
                         net (fo=1, routed)           0.323     6.788    top_i/StreamingDataflowPartition_1/inst/StreamingDataflowPartition_1_LabelSelect_hls_0/inst/grp_LabelSelect_hls_0_Pipeline_VITIS_LOOP_199_3_fu_45/cmp_1_fu_202_p2_carry_i_3_n_3
    SLICE_X36Y118        CARRY4 (Prop_carry4_DI[1]_CO[3])
                                                      0.520     7.308 r  top_i/StreamingDataflowPartition_1/inst/StreamingDataflowPartition_1_LabelSelect_hls_0/inst/grp_LabelSelect_hls_0_Pipeline_VITIS_LOOP_199_3_fu_45/cmp_1_fu_202_p2_carry/CO[3]
                         net (fo=11, routed)          0.671     7.979    top_i/StreamingDataflowPartition_1/inst/StreamingDataflowPartition_1_LabelSelect_hls_0/inst/grp_LabelSelect_hls_0_Pipeline_VITIS_LOOP_199_3_fu_45/cmp_1_fu_202_p2_carry_n_3
    SLICE_X36Y117        LUT5 (Prop_lut5_I4_O)        0.124     8.103 r  top_i/StreamingDataflowPartition_1/inst/StreamingDataflowPartition_1_LabelSelect_hls_0/inst/grp_LabelSelect_hls_0_Pipeline_VITIS_LOOP_199_3_fu_45/cmp_2_fu_214_p2_carry_i_11_replica/O
                         net (fo=2, routed)           0.712     8.815    top_i/StreamingDataflowPartition_1/inst/StreamingDataflowPartition_1_LabelSelect_hls_0/inst/grp_LabelSelect_hls_0_Pipeline_VITIS_LOOP_199_3_fu_45/select_ln220_1_fu_207_p3__0[2]_repN
    SLICE_X37Y119        LUT4 (Prop_lut4_I1_O)        0.124     8.939 r  top_i/StreamingDataflowPartition_1/inst/StreamingDataflowPartition_1_LabelSelect_hls_0/inst/grp_LabelSelect_hls_0_Pipeline_VITIS_LOOP_199_3_fu_45/cmp_2_fu_214_p2_carry_i_7/O
                         net (fo=1, routed)           0.000     8.939    top_i/StreamingDataflowPartition_1/inst/StreamingDataflowPartition_1_LabelSelect_hls_0/inst/grp_LabelSelect_hls_0_Pipeline_VITIS_LOOP_199_3_fu_45/cmp_2_fu_214_p2_carry_i_7_n_3
    SLICE_X37Y119        CARRY4 (Prop_carry4_S[1]_CO[3])
                                                      0.550     9.489 r  top_i/StreamingDataflowPartition_1/inst/StreamingDataflowPartition_1_LabelSelect_hls_0/inst/grp_LabelSelect_hls_0_Pipeline_VITIS_LOOP_199_3_fu_45/cmp_2_fu_214_p2_carry/CO[3]
                         net (fo=21, routed)          0.690    10.179    top_i/StreamingDataflowPartition_1/inst/StreamingDataflowPartition_1_LabelSelect_hls_0/inst/grp_LabelSelect_hls_0_Pipeline_VITIS_LOOP_199_3_fu_45/cmp_2_fu_214_p2_carry_n_3
    SLICE_X37Y120        LUT3 (Prop_lut3_I2_O)        0.124    10.303 f  top_i/StreamingDataflowPartition_1/inst/StreamingDataflowPartition_1_LabelSelect_hls_0/inst/grp_LabelSelect_hls_0_Pipeline_VITIS_LOOP_199_3_fu_45/cmp_3_fu_226_p2_carry_i_11/O
                         net (fo=2, routed)           0.167    10.470    top_i/StreamingDataflowPartition_1/inst/StreamingDataflowPartition_1_LabelSelect_hls_0/inst/grp_LabelSelect_hls_0_Pipeline_VITIS_LOOP_199_3_fu_45/select_ln220_2_fu_219_p3__0[3]
    SLICE_X37Y120        LUT6 (Prop_lut6_I4_O)        0.124    10.594 r  top_i/StreamingDataflowPartition_1/inst/StreamingDataflowPartition_1_LabelSelect_hls_0/inst/grp_LabelSelect_hls_0_Pipeline_VITIS_LOOP_199_3_fu_45/cmp_3_fu_226_p2_carry_i_3/O
                         net (fo=1, routed)           0.323    10.917    top_i/StreamingDataflowPartition_1/inst/StreamingDataflowPartition_1_LabelSelect_hls_0/inst/grp_LabelSelect_hls_0_Pipeline_VITIS_LOOP_199_3_fu_45/cmp_3_fu_226_p2_carry_i_3_n_3
    SLICE_X38Y120        CARRY4 (Prop_carry4_DI[1]_CO[3])
                                                      0.520    11.437 r  top_i/StreamingDataflowPartition_1/inst/StreamingDataflowPartition_1_LabelSelect_hls_0/inst/grp_LabelSelect_hls_0_Pipeline_VITIS_LOOP_199_3_fu_45/cmp_3_fu_226_p2_carry/CO[3]
                         net (fo=10, routed)          0.664    12.100    top_i/StreamingDataflowPartition_1/inst/StreamingDataflowPartition_1_LabelSelect_hls_0/inst/grp_LabelSelect_hls_0_Pipeline_VITIS_LOOP_199_3_fu_45/cmp_3_fu_226_p2_carry_n_3
    SLICE_X39Y121        LUT5 (Prop_lut5_I4_O)        0.124    12.224 r  top_i/StreamingDataflowPartition_1/inst/StreamingDataflowPartition_1_LabelSelect_hls_0/inst/grp_LabelSelect_hls_0_Pipeline_VITIS_LOOP_199_3_fu_45/conv_i_i2_445_i_fu_86[0]_i_2/O
                         net (fo=3, routed)           0.753    12.977    top_i/StreamingDataflowPartition_1/inst/StreamingDataflowPartition_1_LabelSelect_hls_0/inst/grp_LabelSelect_hls_0_Pipeline_VITIS_LOOP_199_3_fu_45/select_ln220_3_fu_231_p3__0[0]
    SLICE_X36Y121        LUT4 (Prop_lut4_I1_O)        0.124    13.101 r  top_i/StreamingDataflowPartition_1/inst/StreamingDataflowPartition_1_LabelSelect_hls_0/inst/grp_LabelSelect_hls_0_Pipeline_VITIS_LOOP_199_3_fu_45/cmp_4_fu_238_p2_carry_i_8/O
                         net (fo=1, routed)           0.000    13.101    top_i/StreamingDataflowPartition_1/inst/StreamingDataflowPartition_1_LabelSelect_hls_0/inst/grp_LabelSelect_hls_0_Pipeline_VITIS_LOOP_199_3_fu_45/cmp_4_fu_238_p2_carry_i_8_n_3
    SLICE_X36Y121        CARRY4 (Prop_carry4_S[0]_CO[3])
                                                      0.513    13.614 r  top_i/StreamingDataflowPartition_1/inst/StreamingDataflowPartition_1_LabelSelect_hls_0/inst/grp_LabelSelect_hls_0_Pipeline_VITIS_LOOP_199_3_fu_45/cmp_4_fu_238_p2_carry/CO[3]
                         net (fo=8, routed)           0.938    14.552    top_i/StreamingDataflowPartition_1/inst/StreamingDataflowPartition_1_LabelSelect_hls_0/inst/grp_LabelSelect_hls_0_Pipeline_VITIS_LOOP_199_3_fu_45/cmp_4_fu_238_p2_carry_n_3
    SLICE_X36Y119        LUT3 (Prop_lut3_I2_O)        0.124    14.676 r  top_i/StreamingDataflowPartition_1/inst/StreamingDataflowPartition_1_LabelSelect_hls_0/inst/grp_LabelSelect_hls_0_Pipeline_VITIS_LOOP_199_3_fu_45/conv_i_i2_445_i_fu_86[4]_i_1/O
                         net (fo=1, routed)           0.000    14.676    top_i/StreamingDataflowPartition_1/inst/StreamingDataflowPartition_1_LabelSelect_hls_0/inst/grp_LabelSelect_hls_0_Pipeline_VITIS_LOOP_199_3_fu_45/select_ln220_4_fu_243_p3[4]
    SLICE_X36Y119        FDRE                                         r  top_i/StreamingDataflowPartition_1/inst/StreamingDataflowPartition_1_LabelSelect_hls_0/inst/grp_LabelSelect_hls_0_Pipeline_VITIS_LOOP_199_3_fu_45/conv_i_i2_445_i_fu_86_reg[4]/D
  -------------------------------------------------------------------    -------------------

                         (clock clk_fpga_0 rise edge)
                                                     10.000    10.000 r  
    PS7_X0Y0             PS7                          0.000    10.000 r  top_i/zynq_ps/inst/PS7_i/FCLKCLK[0]
                         net (fo=1, routed)           1.088    11.088    top_i/zynq_ps/inst/FCLK_CLK_unbuffered[0]
    BUFGCTRL_X0Y16       BUFG (Prop_bufg_I_O)         0.091    11.179 r  top_i/zynq_ps/inst/buffer_fclk_clk_0.FCLK_CLK_0_BUFG/O
                         net (fo=53700, routed)       1.642    12.821    top_i/StreamingDataflowPartition_1/inst/StreamingDataflowPartition_1_LabelSelect_hls_0/inst/grp_LabelSelect_hls_0_Pipeline_VITIS_LOOP_199_3_fu_45/ap_clk
    SLICE_X36Y119        FDRE                                         r  top_i/StreamingDataflowPartition_1/inst/StreamingDataflowPartition_1_LabelSelect_hls_0/inst/grp_LabelSelect_hls_0_Pipeline_VITIS_LOOP_199_3_fu_45/conv_i_i2_445_i_fu_86_reg[4]/C
                         clock pessimism              0.281    13.102    
                         clock uncertainty           -0.154    12.948    
    SLICE_X36Y119        FDRE (Setup_fdre_C_D)        0.077    13.025    top_i/StreamingDataflowPartition_1/inst/StreamingDataflowPartition_1_LabelSelect_hls_0/inst/grp_LabelSelect_hls_0_Pipeline_VITIS_LOOP_199_3_fu_45/conv_i_i2_445_i_fu_86_reg[4]
  -------------------------------------------------------------------
                         required time                         13.025    
                         arrival time                         -14.676    
  -------------------------------------------------------------------
                         slack                                 -1.651    

Slack (VIOLATED) :        -1.636ns  (required time - arrival time)
  Source:                 top_i/StreamingDataflowPartition_1/inst/StreamingDataflowPartition_1_LabelSelect_hls_0/inst/grp_LabelSelect_hls_0_Pipeline_VITIS_LOOP_199_3_fu_45/conv_i_i2_445_i_fu_86_reg[2]/C
                            (rising edge-triggered cell FDRE clocked by clk_fpga_0  {rise@0.000ns fall@5.000ns period=10.000ns})
  Destination:            top_i/StreamingDataflowPartition_1/inst/StreamingDataflowPartition_1_LabelSelect_hls_0/inst/grp_LabelSelect_hls_0_Pipeline_VITIS_LOOP_199_3_fu_45/conv_i_i2_445_i_fu_86_reg[5]/D
                            (rising edge-triggered cell FDRE clocked by clk_fpga_0  {rise@0.000ns fall@5.000ns period=10.000ns})
  Path Group:             clk_fpga_0
  Path Type:              Setup (Max at Slow Process Corner)
  Requirement:            10.000ns  (clk_fpga_0 rise@10.000ns - clk_fpga_0 rise@0.000ns)
  Data Path Delay:        11.578ns  (logic 4.358ns (37.640%)  route 7.220ns (62.360%))
  Logic Levels:           15  (CARRY4=5 LUT3=3 LUT4=3 LUT5=2 LUT6=2)
  Clock Path Skew:        -0.022ns (DCD - SCD + CPR)
    Destination Clock Delay (DCD):    2.821ns = ( 12.821 - 10.000 ) 
    Source Clock Delay      (SCD):    3.124ns
    Clock Pessimism Removal (CPR):    0.281ns
  Clock Uncertainty:      0.154ns  ((TSJ^2 + TIJ^2)^1/2 + DJ) / 2 + PE
    Total System Jitter     (TSJ):    0.071ns
    Total Input Jitter      (TIJ):    0.300ns
    Discrete Jitter          (DJ):    0.000ns
    Phase Error              (PE):    0.000ns

    Location             Delay type                Incr(ns)  Path(ns)    Netlist Resource(s)
  -------------------------------------------------------------------    -------------------
                         (clock clk_fpga_0 rise edge)
                                                      0.000     0.000 r  
    PS7_X0Y0             PS7                          0.000     0.000 r  top_i/zynq_ps/inst/PS7_i/FCLKCLK[0]
                         net (fo=1, routed)           1.193     1.193    top_i/zynq_ps/inst/FCLK_CLK_unbuffered[0]
    BUFGCTRL_X0Y16       BUFG (Prop_bufg_I_O)         0.101     1.294 r  top_i/zynq_ps/inst/buffer_fclk_clk_0.FCLK_CLK_0_BUFG/O
                         net (fo=53700, routed)       1.830     3.124    top_i/StreamingDataflowPartition_1/inst/StreamingDataflowPartition_1_LabelSelect_hls_0/inst/grp_LabelSelect_hls_0_Pipeline_VITIS_LOOP_199_3_fu_45/ap_clk
    SLICE_X37Y121        FDRE                                         r  top_i/StreamingDataflowPartition_1/inst/StreamingDataflowPartition_1_LabelSelect_hls_0/inst/grp_LabelSelect_hls_0_Pipeline_VITIS_LOOP_199_3_fu_45/conv_i_i2_445_i_fu_86_reg[2]/C
  -------------------------------------------------------------------    -------------------
    SLICE_X37Y121        FDRE (Prop_fdre_C_Q)         0.456     3.580 r  top_i/StreamingDataflowPartition_1/inst/StreamingDataflowPartition_1_LabelSelect_hls_0/inst/grp_LabelSelect_hls_0_Pipeline_VITIS_LOOP_199_3_fu_45/conv_i_i2_445_i_fu_86_reg[2]/Q
                         net (fo=6, routed)           0.977     4.557    top_i/StreamingDataflowPartition_1/inst/StreamingDataflowPartition_1_LabelSelect_hls_0/inst/grp_LabelSelect_hls_0_Pipeline_VITIS_LOOP_199_3_fu_45/conv_i_i2_445_i_fu_86[2]
    SLICE_X38Y118        LUT4 (Prop_lut4_I1_O)        0.124     4.681 r  top_i/StreamingDataflowPartition_1/inst/StreamingDataflowPartition_1_LabelSelect_hls_0/inst/grp_LabelSelect_hls_0_Pipeline_VITIS_LOOP_199_3_fu_45/cmp_fu_190_p2_carry_i_7/O
                         net (fo=1, routed)           0.000     4.681    top_i/StreamingDataflowPartition_1/inst/StreamingDataflowPartition_1_LabelSelect_hls_0/inst/grp_LabelSelect_hls_0_Pipeline_VITIS_LOOP_199_3_fu_45/cmp_fu_190_p2_carry_i_7_n_3
    SLICE_X38Y118        CARRY4 (Prop_carry4_S[1]_CO[3])
                                                      0.533     5.214 r  top_i/StreamingDataflowPartition_1/inst/StreamingDataflowPartition_1_LabelSelect_hls_0/inst/grp_LabelSelect_hls_0_Pipeline_VITIS_LOOP_199_3_fu_45/cmp_fu_190_p2_carry/CO[3]
                         net (fo=22, routed)          0.702     5.916    top_i/StreamingDataflowPartition_1/inst/StreamingDataflowPartition_1_LabelSelect_hls_0/inst/grp_LabelSelect_hls_0_Pipeline_VITIS_LOOP_199_3_fu_45/cmp_fu_190_p2_carry_n_3
    SLICE_X38Y117        LUT3 (Prop_lut3_I2_O)        0.124     6.040 f  top_i/StreamingDataflowPartition_1/inst/StreamingDataflowPartition_1_LabelSelect_hls_0/inst/grp_LabelSelect_hls_0_Pipeline_VITIS_LOOP_199_3_fu_45/cmp_1_fu_202_p2_carry_i_10/O
                         net (fo=2, routed)           0.301     6.341    top_i/StreamingDataflowPartition_1/inst/StreamingDataflowPartition_1_LabelSelect_hls_0/inst/grp_LabelSelect_hls_0_Pipeline_VITIS_LOOP_199_3_fu_45/select_ln220_fu_195_p3__0[3]
    SLICE_X39Y118        LUT6 (Prop_lut6_I4_O)        0.124     6.465 r  top_i/StreamingDataflowPartition_1/inst/StreamingDataflowPartition_1_LabelSelect_hls_0/inst/grp_LabelSelect_hls_0_Pipeline_VITIS_LOOP_199_3_fu_45/cmp_1_fu_202_p2_carry_i_3/O
                         net (fo=1, routed)           0.323     6.788    top_i/StreamingDataflowPartition_1/inst/StreamingDataflowPartition_1_LabelSelect_hls_0/inst/grp_LabelSelect_hls_0_Pipeline_VITIS_LOOP_199_3_fu_45/cmp_1_fu_202_p2_carry_i_3_n_3
    SLICE_X36Y118        CARRY4 (Prop_carry4_DI[1]_CO[3])
                                                      0.520     7.308 r  top_i/StreamingDataflowPartition_1/inst/StreamingDataflowPartition_1_LabelSelect_hls_0/inst/grp_LabelSelect_hls_0_Pipeline_VITIS_LOOP_199_3_fu_45/cmp_1_fu_202_p2_carry/CO[3]
                         net (fo=11, routed)          0.671     7.979    top_i/StreamingDataflowPartition_1/inst/StreamingDataflowPartition_1_LabelSelect_hls_0/inst/grp_LabelSelect_hls_0_Pipeline_VITIS_LOOP_199_3_fu_45/cmp_1_fu_202_p2_carry_n_3
    SLICE_X36Y117        LUT5 (Prop_lut5_I4_O)        0.124     8.103 r  top_i/StreamingDataflowPartition_1/inst/StreamingDataflowPartition_1_LabelSelect_hls_0/inst/grp_LabelSelect_hls_0_Pipeline_VITIS_LOOP_199_3_fu_45/cmp_2_fu_214_p2_carry_i_11_replica/O
                         net (fo=2, routed)           0.712     8.815    top_i/StreamingDataflowPartition_1/inst/StreamingDataflowPartition_1_LabelSelect_hls_0/inst/grp_LabelSelect_hls_0_Pipeline_VITIS_LOOP_199_3_fu_45/select_ln220_1_fu_207_p3__0[2]_repN
    SLICE_X37Y119        LUT4 (Prop_lut4_I1_O)        0.124     8.939 r  top_i/StreamingDataflowPartition_1/inst/StreamingDataflowPartition_1_LabelSelect_hls_0/inst/grp_LabelSelect_hls_0_Pipeline_VITIS_LOOP_199_3_fu_45/cmp_2_fu_214_p2_carry_i_7/O
                         net (fo=1, routed)           0.000     8.939    top_i/StreamingDataflowPartition_1/inst/StreamingDataflowPartition_1_LabelSelect_hls_0/inst/grp_LabelSelect_hls_0_Pipeline_VITIS_LOOP_199_3_fu_45/cmp_2_fu_214_p2_carry_i_7_n_3
    SLICE_X37Y119        CARRY4 (Prop_carry4_S[1]_CO[3])
                                                      0.550     9.489 r  top_i/StreamingDataflowPartition_1/inst/StreamingDataflowPartition_1_LabelSelect_hls_0/inst/grp_LabelSelect_hls_0_Pipeline_VITIS_LOOP_199_3_fu_45/cmp_2_fu_214_p2_carry/CO[3]
                         net (fo=21, routed)          0.690    10.179    top_i/StreamingDataflowPartition_1/inst/StreamingDataflowPartition_1_LabelSelect_hls_0/inst/grp_LabelSelect_hls_0_Pipeline_VITIS_LOOP_199_3_fu_45/cmp_2_fu_214_p2_carry_n_3
    SLICE_X37Y120        LUT3 (Prop_lut3_I2_O)        0.124    10.303 f  top_i/StreamingDataflowPartition_1/inst/StreamingDataflowPartition_1_LabelSelect_hls_0/inst/grp_LabelSelect_hls_0_Pipeline_VITIS_LOOP_199_3_fu_45/cmp_3_fu_226_p2_carry_i_11/O
                         net (fo=2, routed)           0.167    10.470    top_i/StreamingDataflowPartition_1/inst/StreamingDataflowPartition_1_LabelSelect_hls_0/inst/grp_LabelSelect_hls_0_Pipeline_VITIS_LOOP_199_3_fu_45/select_ln220_2_fu_219_p3__0[3]
    SLICE_X37Y120        LUT6 (Prop_lut6_I4_O)        0.124    10.594 r  top_i/StreamingDataflowPartition_1/inst/StreamingDataflowPartition_1_LabelSelect_hls_0/inst/grp_LabelSelect_hls_0_Pipeline_VITIS_LOOP_199_3_fu_45/cmp_3_fu_226_p2_carry_i_3/O
                         net (fo=1, routed)           0.323    10.917    top_i/StreamingDataflowPartition_1/inst/StreamingDataflowPartition_1_LabelSelect_hls_0/inst/grp_LabelSelect_hls_0_Pipeline_VITIS_LOOP_199_3_fu_45/cmp_3_fu_226_p2_carry_i_3_n_3
    SLICE_X38Y120        CARRY4 (Prop_carry4_DI[1]_CO[3])
                                                      0.520    11.437 r  top_i/StreamingDataflowPartition_1/inst/StreamingDataflowPartition_1_LabelSelect_hls_0/inst/grp_LabelSelect_hls_0_Pipeline_VITIS_LOOP_199_3_fu_45/cmp_3_fu_226_p2_carry/CO[3]
                         net (fo=10, routed)          0.664    12.100    top_i/StreamingDataflowPartition_1/inst/StreamingDataflowPartition_1_LabelSelect_hls_0/inst/grp_LabelSelect_hls_0_Pipeline_VITIS_LOOP_199_3_fu_45/cmp_3_fu_226_p2_carry_n_3
    SLICE_X39Y121        LUT5 (Prop_lut5_I4_O)        0.124    12.224 r  top_i/StreamingDataflowPartition_1/inst/StreamingDataflowPartition_1_LabelSelect_hls_0/inst/grp_LabelSelect_hls_0_Pipeline_VITIS_LOOP_199_3_fu_45/conv_i_i2_445_i_fu_86[0]_i_2/O
                         net (fo=3, routed)           0.753    12.977    top_i/StreamingDataflowPartition_1/inst/StreamingDataflowPartition_1_LabelSelect_hls_0/inst/grp_LabelSelect_hls_0_Pipeline_VITIS_LOOP_199_3_fu_45/select_ln220_3_fu_231_p3__0[0]
    SLICE_X36Y121        LUT4 (Prop_lut4_I1_O)        0.124    13.101 r  top_i/StreamingDataflowPartition_1/inst/StreamingDataflowPartition_1_LabelSelect_hls_0/inst/grp_LabelSelect_hls_0_Pipeline_VITIS_LOOP_199_3_fu_45/cmp_4_fu_238_p2_carry_i_8/O
                         net (fo=1, routed)           0.000    13.101    top_i/StreamingDataflowPartition_1/inst/StreamingDataflowPartition_1_LabelSelect_hls_0/inst/grp_LabelSelect_hls_0_Pipeline_VITIS_LOOP_199_3_fu_45/cmp_4_fu_238_p2_carry_i_8_n_3
    SLICE_X36Y121        CARRY4 (Prop_carry4_S[0]_CO[3])
                                                      0.513    13.614 r  top_i/StreamingDataflowPartition_1/inst/StreamingDataflowPartition_1_LabelSelect_hls_0/inst/grp_LabelSelect_hls_0_Pipeline_VITIS_LOOP_199_3_fu_45/cmp_4_fu_238_p2_carry/CO[3]
                         net (fo=8, routed)           0.938    14.552    top_i/StreamingDataflowPartition_1/inst/StreamingDataflowPartition_1_LabelSelect_hls_0/inst/grp_LabelSelect_hls_0_Pipeline_VITIS_LOOP_199_3_fu_45/cmp_4_fu_238_p2_carry_n_3
    SLICE_X36Y119        LUT3 (Prop_lut3_I2_O)        0.150    14.702 r  top_i/StreamingDataflowPartition_1/inst/StreamingDataflowPartition_1_LabelSelect_hls_0/inst/grp_LabelSelect_hls_0_Pipeline_VITIS_LOOP_199_3_fu_45/conv_i_i2_445_i_fu_86[5]_i_1/O
                         net (fo=1, routed)           0.000    14.702    top_i/StreamingDataflowPartition_1/inst/StreamingDataflowPartition_1_LabelSelect_hls_0/inst/grp_LabelSelect_hls_0_Pipeline_VITIS_LOOP_199_3_fu_45/select_ln220_4_fu_243_p3[5]
    SLICE_X36Y119        FDRE                                         r  top_i/StreamingDataflowPartition_1/inst/StreamingDataflowPartition_1_LabelSelect_hls_0/inst/grp_LabelSelect_hls_0_Pipeline_VITIS_LOOP_199_3_fu_45/conv_i_i2_445_i_fu_86_reg[5]/D
  -------------------------------------------------------------------    -------------------

                         (clock clk_fpga_0 rise edge)
                                                     10.000    10.000 r  
    PS7_X0Y0             PS7                          0.000    10.000 r  top_i/zynq_ps/inst/PS7_i/FCLKCLK[0]
                         net (fo=1, routed)           1.088    11.088    top_i/zynq_ps/inst/FCLK_CLK_unbuffered[0]
    BUFGCTRL_X0Y16       BUFG (Prop_bufg_I_O)         0.091    11.179 r  top_i/zynq_ps/inst/buffer_fclk_clk_0.FCLK_CLK_0_BUFG/O
                         net (fo=53700, routed)       1.642    12.821    top_i/StreamingDataflowPartition_1/inst/StreamingDataflowPartition_1_LabelSelect_hls_0/inst/grp_LabelSelect_hls_0_Pipeline_VITIS_LOOP_199_3_fu_45/ap_clk
    SLICE_X36Y119        FDRE                                         r  top_i/StreamingDataflowPartition_1/inst/StreamingDataflowPartition_1_LabelSelect_hls_0/inst/grp_LabelSelect_hls_0_Pipeline_VITIS_LOOP_199_3_fu_45/conv_i_i2_445_i_fu_86_reg[5]/C
                         clock pessimism              0.281    13.102    
                         clock uncertainty           -0.154    12.948    
    SLICE_X36Y119        FDRE (Setup_fdre_C_D)        0.118    13.066    top_i/StreamingDataflowPartition_1/inst/StreamingDataflowPartition_1_LabelSelect_hls_0/inst/grp_LabelSelect_hls_0_Pipeline_VITIS_LOOP_199_3_fu_45/conv_i_i2_445_i_fu_86_reg[5]
  -------------------------------------------------------------------
                         required time                         13.066    
                         arrival time                         -14.702    
  -------------------------------------------------------------------
                         slack                                 -1.636    

Slack (VIOLATED) :        -1.357ns  (required time - arrival time)
  Source:                 top_i/StreamingDataflowPartition_1/inst/StreamingDataflowPartition_1_LabelSelect_hls_0/inst/grp_LabelSelect_hls_0_Pipeline_VITIS_LOOP_199_3_fu_45/conv_i_i2_445_i_fu_86_reg[2]/C
                            (rising edge-triggered cell FDRE clocked by clk_fpga_0  {rise@0.000ns fall@5.000ns period=10.000ns})
  Destination:            top_i/StreamingDataflowPartition_1/inst/StreamingDataflowPartition_1_LabelSelect_hls_0/inst/grp_LabelSelect_hls_0_Pipeline_VITIS_LOOP_199_3_fu_45/conv_i_i2_445_i_fu_86_reg[6]/D
                            (rising edge-triggered cell FDSE clocked by clk_fpga_0  {rise@0.000ns fall@5.000ns period=10.000ns})
  Path Group:             clk_fpga_0
  Path Type:              Setup (Max at Slow Process Corner)
  Requirement:            10.000ns  (clk_fpga_0 rise@10.000ns - clk_fpga_0 rise@0.000ns)
  Data Path Delay:        11.262ns  (logic 4.332ns (38.465%)  route 6.930ns (61.535%))
  Logic Levels:           15  (CARRY4=5 LUT3=3 LUT4=3 LUT5=2 LUT6=2)
  Clock Path Skew:        -0.022ns (DCD - SCD + CPR)
    Destination Clock Delay (DCD):    2.821ns = ( 12.821 - 10.000 ) 
    Source Clock Delay      (SCD):    3.124ns
    Clock Pessimism Removal (CPR):    0.281ns
  Clock Uncertainty:      0.154ns  ((TSJ^2 + TIJ^2)^1/2 + DJ) / 2 + PE
    Total System Jitter     (TSJ):    0.071ns
    Total Input Jitter      (TIJ):    0.300ns
    Discrete Jitter          (DJ):    0.000ns
    Phase Error              (PE):    0.000ns

    Location             Delay type                Incr(ns)  Path(ns)    Netlist Resource(s)
  -------------------------------------------------------------------    -------------------
                         (clock clk_fpga_0 rise edge)
                                                      0.000     0.000 r  
    PS7_X0Y0             PS7                          0.000     0.000 r  top_i/zynq_ps/inst/PS7_i/FCLKCLK[0]
                         net (fo=1, routed)           1.193     1.193    top_i/zynq_ps/inst/FCLK_CLK_unbuffered[0]
    BUFGCTRL_X0Y16       BUFG (Prop_bufg_I_O)         0.101     1.294 r  top_i/zynq_ps/inst/buffer_fclk_clk_0.FCLK_CLK_0_BUFG/O
                         net (fo=53700, routed)       1.830     3.124    top_i/StreamingDataflowPartition_1/inst/StreamingDataflowPartition_1_LabelSelect_hls_0/inst/grp_LabelSelect_hls_0_Pipeline_VITIS_LOOP_199_3_fu_45/ap_clk
    SLICE_X37Y121        FDRE                                         r  top_i/StreamingDataflowPartition_1/inst/StreamingDataflowPartition_1_LabelSelect_hls_0/inst/grp_LabelSelect_hls_0_Pipeline_VITIS_LOOP_199_3_fu_45/conv_i_i2_445_i_fu_86_reg[2]/C
  -------------------------------------------------------------------    -------------------
    SLICE_X37Y121        FDRE (Prop_fdre_C_Q)         0.456     3.580 r  top_i/StreamingDataflowPartition_1/inst/StreamingDataflowPartition_1_LabelSelect_hls_0/inst/grp_LabelSelect_hls_0_Pipeline_VITIS_LOOP_199_3_fu_45/conv_i_i2_445_i_fu_86_reg[2]/Q
                         net (fo=6, routed)           0.977     4.557    top_i/StreamingDataflowPartition_1/inst/StreamingDataflowPartition_1_LabelSelect_hls_0/inst/grp_LabelSelect_hls_0_Pipeline_VITIS_LOOP_199_3_fu_45/conv_i_i2_445_i_fu_86[2]
    SLICE_X38Y118        LUT4 (Prop_lut4_I1_O)        0.124     4.681 r  top_i/StreamingDataflowPartition_1/inst/StreamingDataflowPartition_1_LabelSelect_hls_0/inst/grp_LabelSelect_hls_0_Pipeline_VITIS_LOOP_199_3_fu_45/cmp_fu_190_p2_carry_i_7/O
                         net (fo=1, routed)           0.000     4.681    top_i/StreamingDataflowPartition_1/inst/StreamingDataflowPartition_1_LabelSelect_hls_0/inst/grp_LabelSelect_hls_0_Pipeline_VITIS_LOOP_199_3_fu_45/cmp_fu_190_p2_carry_i_7_n_3
    SLICE_X38Y118        CARRY4 (Prop_carry4_S[1]_CO[3])
                                                      0.533     5.214 r  top_i/StreamingDataflowPartition_1/inst/StreamingDataflowPartition_1_LabelSelect_hls_0/inst/grp_LabelSelect_hls_0_Pipeline_VITIS_LOOP_199_3_fu_45/cmp_fu_190_p2_carry/CO[3]
                         net (fo=22, routed)          0.702     5.916    top_i/StreamingDataflowPartition_1/inst/StreamingDataflowPartition_1_LabelSelect_hls_0/inst/grp_LabelSelect_hls_0_Pipeline_VITIS_LOOP_199_3_fu_45/cmp_fu_190_p2_carry_n_3
    SLICE_X38Y117        LUT3 (Prop_lut3_I2_O)        0.124     6.040 f  top_i/StreamingDataflowPartition_1/inst/StreamingDataflowPartition_1_LabelSelect_hls_0/inst/grp_LabelSelect_hls_0_Pipeline_VITIS_LOOP_199_3_fu_45/cmp_1_fu_202_p2_carry_i_10/O
                         net (fo=2, routed)           0.301     6.341    top_i/StreamingDataflowPartition_1/inst/StreamingDataflowPartition_1_LabelSelect_hls_0/inst/grp_LabelSelect_hls_0_Pipeline_VITIS_LOOP_199_3_fu_45/select_ln220_fu_195_p3__0[3]
    SLICE_X39Y118        LUT6 (Prop_lut6_I4_O)        0.124     6.465 r  top_i/StreamingDataflowPartition_1/inst/StreamingDataflowPartition_1_LabelSelect_hls_0/inst/grp_LabelSelect_hls_0_Pipeline_VITIS_LOOP_199_3_fu_45/cmp_1_fu_202_p2_carry_i_3/O
                         net (fo=1, routed)           0.323     6.788    top_i/StreamingDataflowPartition_1/inst/StreamingDataflowPartition_1_LabelSelect_hls_0/inst/grp_LabelSelect_hls_0_Pipeline_VITIS_LOOP_199_3_fu_45/cmp_1_fu_202_p2_carry_i_3_n_3
    SLICE_X36Y118        CARRY4 (Prop_carry4_DI[1]_CO[3])
                                                      0.520     7.308 r  top_i/StreamingDataflowPartition_1/inst/StreamingDataflowPartition_1_LabelSelect_hls_0/inst/grp_LabelSelect_hls_0_Pipeline_VITIS_LOOP_199_3_fu_45/cmp_1_fu_202_p2_carry/CO[3]
                         net (fo=11, routed)          0.671     7.979    top_i/StreamingDataflowPartition_1/inst/StreamingDataflowPartition_1_LabelSelect_hls_0/inst/grp_LabelSelect_hls_0_Pipeline_VITIS_LOOP_199_3_fu_45/cmp_1_fu_202_p2_carry_n_3
    SLICE_X36Y117        LUT5 (Prop_lut5_I4_O)        0.124     8.103 r  top_i/StreamingDataflowPartition_1/inst/StreamingDataflowPartition_1_LabelSelect_hls_0/inst/grp_LabelSelect_hls_0_Pipeline_VITIS_LOOP_199_3_fu_45/cmp_2_fu_214_p2_carry_i_11_replica/O
                         net (fo=2, routed)           0.712     8.815    top_i/StreamingDataflowPartition_1/inst/StreamingDataflowPartition_1_LabelSelect_hls_0/inst/grp_LabelSelect_hls_0_Pipeline_VITIS_LOOP_199_3_fu_45/select_ln220_1_fu_207_p3__0[2]_repN
    SLICE_X37Y119        LUT4 (Prop_lut4_I1_O)        0.124     8.939 r  top_i/StreamingDataflowPartition_1/inst/StreamingDataflowPartition_1_LabelSelect_hls_0/inst/grp_LabelSelect_hls_0_Pipeline_VITIS_LOOP_199_3_fu_45/cmp_2_fu_214_p2_carry_i_7/O
                         net (fo=1, routed)           0.000     8.939    top_i/StreamingDataflowPartition_1/inst/StreamingDataflowPartition_1_LabelSelect_hls_0/inst/grp_LabelSelect_hls_0_Pipeline_VITIS_LOOP_199_3_fu_45/cmp_2_fu_214_p2_carry_i_7_n_3
    SLICE_X37Y119        CARRY4 (Prop_carry4_S[1]_CO[3])
                                                      0.550     9.489 r  top_i/StreamingDataflowPartition_1/inst/StreamingDataflowPartition_1_LabelSelect_hls_0/inst/grp_LabelSelect_hls_0_Pipeline_VITIS_LOOP_199_3_fu_45/cmp_2_fu_214_p2_carry/CO[3]
                         net (fo=21, routed)          0.690    10.179    top_i/StreamingDataflowPartition_1/inst/StreamingDataflowPartition_1_LabelSelect_hls_0/inst/grp_LabelSelect_hls_0_Pipeline_VITIS_LOOP_199_3_fu_45/cmp_2_fu_214_p2_carry_n_3
    SLICE_X37Y120        LUT3 (Prop_lut3_I2_O)        0.124    10.303 f  top_i/StreamingDataflowPartition_1/inst/StreamingDataflowPartition_1_LabelSelect_hls_0/inst/grp_LabelSelect_hls_0_Pipeline_VITIS_LOOP_199_3_fu_45/cmp_3_fu_226_p2_carry_i_11/O
                         net (fo=2, routed)           0.167    10.470    top_i/StreamingDataflowPartition_1/inst/StreamingDataflowPartition_1_LabelSelect_hls_0/inst/grp_LabelSelect_hls_0_Pipeline_VITIS_LOOP_199_3_fu_45/select_ln220_2_fu_219_p3__0[3]
    SLICE_X37Y120        LUT6 (Prop_lut6_I4_O)        0.124    10.594 r  top_i/StreamingDataflowPartition_1/inst/StreamingDataflowPartition_1_LabelSelect_hls_0/inst/grp_LabelSelect_hls_0_Pipeline_VITIS_LOOP_199_3_fu_45/cmp_3_fu_226_p2_carry_i_3/O
                         net (fo=1, routed)           0.323    10.917    top_i/StreamingDataflowPartition_1/inst/StreamingDataflowPartition_1_LabelSelect_hls_0/inst/grp_LabelSelect_hls_0_Pipeline_VITIS_LOOP_199_3_fu_45/cmp_3_fu_226_p2_carry_i_3_n_3
    SLICE_X38Y120        CARRY4 (Prop_carry4_DI[1]_CO[3])
                                                      0.520    11.437 r  top_i/StreamingDataflowPartition_1/inst/StreamingDataflowPartition_1_LabelSelect_hls_0/inst/grp_LabelSelect_hls_0_Pipeline_VITIS_LOOP_199_3_fu_45/cmp_3_fu_226_p2_carry/CO[3]
                         net (fo=10, routed)          0.664    12.100    top_i/StreamingDataflowPartition_1/inst/StreamingDataflowPartition_1_LabelSelect_hls_0/inst/grp_LabelSelect_hls_0_Pipeline_VITIS_LOOP_199_3_fu_45/cmp_3_fu_226_p2_carry_n_3
    SLICE_X39Y121        LUT5 (Prop_lut5_I4_O)        0.124    12.224 r  top_i/StreamingDataflowPartition_1/inst/StreamingDataflowPartition_1_LabelSelect_hls_0/inst/grp_LabelSelect_hls_0_Pipeline_VITIS_LOOP_199_3_fu_45/conv_i_i2_445_i_fu_86[0]_i_2/O
                         net (fo=3, routed)           0.753    12.977    top_i/StreamingDataflowPartition_1/inst/StreamingDataflowPartition_1_LabelSelect_hls_0/inst/grp_LabelSelect_hls_0_Pipeline_VITIS_LOOP_199_3_fu_45/select_ln220_3_fu_231_p3__0[0]
    SLICE_X36Y121        LUT4 (Prop_lut4_I1_O)        0.124    13.101 r  top_i/StreamingDataflowPartition_1/inst/StreamingDataflowPartition_1_LabelSelect_hls_0/inst/grp_LabelSelect_hls_0_Pipeline_VITIS_LOOP_199_3_fu_45/cmp_4_fu_238_p2_carry_i_8/O
                         net (fo=1, routed)           0.000    13.101    top_i/StreamingDataflowPartition_1/inst/StreamingDataflowPartition_1_LabelSelect_hls_0/inst/grp_LabelSelect_hls_0_Pipeline_VITIS_LOOP_199_3_fu_45/cmp_4_fu_238_p2_carry_i_8_n_3
    SLICE_X36Y121        CARRY4 (Prop_carry4_S[0]_CO[3])
                                                      0.513    13.614 r  top_i/StreamingDataflowPartition_1/inst/StreamingDataflowPartition_1_LabelSelect_hls_0/inst/grp_LabelSelect_hls_0_Pipeline_VITIS_LOOP_199_3_fu_45/cmp_4_fu_238_p2_carry/CO[3]
                         net (fo=8, routed)           0.648    14.262    top_i/StreamingDataflowPartition_1/inst/StreamingDataflowPartition_1_LabelSelect_hls_0/inst/grp_LabelSelect_hls_0_Pipeline_VITIS_LOOP_199_3_fu_45/cmp_4_fu_238_p2_carry_n_3
    SLICE_X36Y119        LUT3 (Prop_lut3_I2_O)        0.124    14.386 r  top_i/StreamingDataflowPartition_1/inst/StreamingDataflowPartition_1_LabelSelect_hls_0/inst/grp_LabelSelect_hls_0_Pipeline_VITIS_LOOP_199_3_fu_45/conv_i_i2_445_i_fu_86[6]_i_3/O
                         net (fo=1, routed)           0.000    14.386    top_i/StreamingDataflowPartition_1/inst/StreamingDataflowPartition_1_LabelSelect_hls_0/inst/grp_LabelSelect_hls_0_Pipeline_VITIS_LOOP_199_3_fu_45/select_ln220_4_fu_243_p3[6]
    SLICE_X36Y119        FDSE                                         r  top_i/StreamingDataflowPartition_1/inst/StreamingDataflowPartition_1_LabelSelect_hls_0/inst/grp_LabelSelect_hls_0_Pipeline_VITIS_LOOP_199_3_fu_45/conv_i_i2_445_i_fu_86_reg[6]/D
  -------------------------------------------------------------------    -------------------

                         (clock clk_fpga_0 rise edge)
                                                     10.000    10.000 r  
    PS7_X0Y0             PS7                          0.000    10.000 r  top_i/zynq_ps/inst/PS7_i/FCLKCLK[0]
                         net (fo=1, routed)           1.088    11.088    top_i/zynq_ps/inst/FCLK_CLK_unbuffered[0]
    BUFGCTRL_X0Y16       BUFG (Prop_bufg_I_O)         0.091    11.179 r  top_i/zynq_ps/inst/buffer_fclk_clk_0.FCLK_CLK_0_BUFG/O
                         net (fo=53700, routed)       1.642    12.821    top_i/StreamingDataflowPartition_1/inst/StreamingDataflowPartition_1_LabelSelect_hls_0/inst/grp_LabelSelect_hls_0_Pipeline_VITIS_LOOP_199_3_fu_45/ap_clk
    SLICE_X36Y119        FDSE                                         r  top_i/StreamingDataflowPartition_1/inst/StreamingDataflowPartition_1_LabelSelect_hls_0/inst/grp_LabelSelect_hls_0_Pipeline_VITIS_LOOP_199_3_fu_45/conv_i_i2_445_i_fu_86_reg[6]/C
                         clock pessimism              0.281    13.102    
                         clock uncertainty           -0.154    12.948    
    SLICE_X36Y119        FDSE (Setup_fdse_C_D)        0.081    13.029    top_i/StreamingDataflowPartition_1/inst/StreamingDataflowPartition_1_LabelSelect_hls_0/inst/grp_LabelSelect_hls_0_Pipeline_VITIS_LOOP_199_3_fu_45/conv_i_i2_445_i_fu_86_reg[6]
  -------------------------------------------------------------------
                         required time                         13.029    
                         arrival time                         -14.386    
  -------------------------------------------------------------------
                         slack                                 -1.357    

Slack (VIOLATED) :        -0.480ns  (required time - arrival time)
  Source:                 top_i/StreamingDataflowPartition_1/inst/StreamingDataflowPartition_1_LabelSelect_hls_0/inst/grp_LabelSelect_hls_0_Pipeline_VITIS_LOOP_199_3_fu_45/conv_i_i2_445_i_fu_86_reg[2]/C
                            (rising edge-triggered cell FDRE clocked by clk_fpga_0  {rise@0.000ns fall@5.000ns period=10.000ns})
  Destination:            top_i/StreamingDataflowPartition_1/inst/StreamingDataflowPartition_1_LabelSelect_hls_0/inst/grp_LabelSelect_hls_0_Pipeline_VITIS_LOOP_199_3_fu_45/cmp_4_reg_442_reg[0]/D
                            (rising edge-triggered cell FDRE clocked by clk_fpga_0  {rise@0.000ns fall@5.000ns period=10.000ns})
  Path Group:             clk_fpga_0
  Path Type:              Setup (Max at Slow Process Corner)
  Requirement:            10.000ns  (clk_fpga_0 rise@10.000ns - clk_fpga_0 rise@0.000ns)
  Data Path Delay:        10.490ns  (logic 4.208ns (40.114%)  route 6.282ns (59.886%))
  Logic Levels:           14  (CARRY4=5 LUT3=2 LUT4=3 LUT5=2 LUT6=2)
  Clock Path Skew:        -0.022ns (DCD - SCD + CPR)
    Destination Clock Delay (DCD):    2.820ns = ( 12.820 - 10.000 ) 
    Source Clock Delay      (SCD):    3.124ns
    Clock Pessimism Removal (CPR):    0.282ns
  Clock Uncertainty:      0.154ns  ((TSJ^2 + TIJ^2)^1/2 + DJ) / 2 + PE
    Total System Jitter     (TSJ):    0.071ns
    Total Input Jitter      (TIJ):    0.300ns
    Discrete Jitter          (DJ):    0.000ns
    Phase Error              (PE):    0.000ns

    Location             Delay type                Incr(ns)  Path(ns)    Netlist Resource(s)
  -------------------------------------------------------------------    -------------------
                         (clock clk_fpga_0 rise edge)
                                                      0.000     0.000 r  
    PS7_X0Y0             PS7                          0.000     0.000 r  top_i/zynq_ps/inst/PS7_i/FCLKCLK[0]
                         net (fo=1, routed)           1.193     1.193    top_i/zynq_ps/inst/FCLK_CLK_unbuffered[0]
    BUFGCTRL_X0Y16       BUFG (Prop_bufg_I_O)         0.101     1.294 r  top_i/zynq_ps/inst/buffer_fclk_clk_0.FCLK_CLK_0_BUFG/O
                         net (fo=53700, routed)       1.830     3.124    top_i/StreamingDataflowPartition_1/inst/StreamingDataflowPartition_1_LabelSelect_hls_0/inst/grp_LabelSelect_hls_0_Pipeline_VITIS_LOOP_199_3_fu_45/ap_clk
    SLICE_X37Y121        FDRE                                         r  top_i/StreamingDataflowPartition_1/inst/StreamingDataflowPartition_1_LabelSelect_hls_0/inst/grp_LabelSelect_hls_0_Pipeline_VITIS_LOOP_199_3_fu_45/conv_i_i2_445_i_fu_86_reg[2]/C
  -------------------------------------------------------------------    -------------------
    SLICE_X37Y121        FDRE (Prop_fdre_C_Q)         0.456     3.580 r  top_i/StreamingDataflowPartition_1/inst/StreamingDataflowPartition_1_LabelSelect_hls_0/inst/grp_LabelSelect_hls_0_Pipeline_VITIS_LOOP_199_3_fu_45/conv_i_i2_445_i_fu_86_reg[2]/Q
                         net (fo=6, routed)           0.977     4.557    top_i/StreamingDataflowPartition_1/inst/StreamingDataflowPartition_1_LabelSelect_hls_0/inst/grp_LabelSelect_hls_0_Pipeline_VITIS_LOOP_199_3_fu_45/conv_i_i2_445_i_fu_86[2]
    SLICE_X38Y118        LUT4 (Prop_lut4_I1_O)        0.124     4.681 r  top_i/StreamingDataflowPartition_1/inst/StreamingDataflowPartition_1_LabelSelect_hls_0/inst/grp_LabelSelect_hls_0_Pipeline_VITIS_LOOP_199_3_fu_45/cmp_fu_190_p2_carry_i_7/O
                         net (fo=1, routed)           0.000     4.681    top_i/StreamingDataflowPartition_1/inst/StreamingDataflowPartition_1_LabelSelect_hls_0/inst/grp_LabelSelect_hls_0_Pipeline_VITIS_LOOP_199_3_fu_45/cmp_fu_190_p2_carry_i_7_n_3
    SLICE_X38Y118        CARRY4 (Prop_carry4_S[1]_CO[3])
                                                      0.533     5.214 r  top_i/StreamingDataflowPartition_1/inst/StreamingDataflowPartition_1_LabelSelect_hls_0/inst/grp_LabelSelect_hls_0_Pipeline_VITIS_LOOP_199_3_fu_45/cmp_fu_190_p2_carry/CO[3]
                         net (fo=22, routed)          0.702     5.916    top_i/StreamingDataflowPartition_1/inst/StreamingDataflowPartition_1_LabelSelect_hls_0/inst/grp_LabelSelect_hls_0_Pipeline_VITIS_LOOP_199_3_fu_45/cmp_fu_190_p2_carry_n_3
    SLICE_X38Y117        LUT3 (Prop_lut3_I2_O)        0.124     6.040 f  top_i/StreamingDataflowPartition_1/inst/StreamingDataflowPartition_1_LabelSelect_hls_0/inst/grp_LabelSelect_hls_0_Pipeline_VITIS_LOOP_199_3_fu_45/cmp_1_fu_202_p2_carry_i_10/O
                         net (fo=2, routed)           0.301     6.341    top_i/StreamingDataflowPartition_1/inst/StreamingDataflowPartition_1_LabelSelect_hls_0/inst/grp_LabelSelect_hls_0_Pipeline_VITIS_LOOP_199_3_fu_45/select_ln220_fu_195_p3__0[3]
    SLICE_X39Y118        LUT6 (Prop_lut6_I4_O)        0.124     6.465 r  top_i/StreamingDataflowPartition_1/inst/StreamingDataflowPartition_1_LabelSelect_hls_0/inst/grp_LabelSelect_hls_0_Pipeline_VITIS_LOOP_199_3_fu_45/cmp_1_fu_202_p2_carry_i_3/O
                         net (fo=1, routed)           0.323     6.788    top_i/StreamingDataflowPartition_1/inst/StreamingDataflowPartition_1_LabelSelect_hls_0/inst/grp_LabelSelect_hls_0_Pipeline_VITIS_LOOP_199_3_fu_45/cmp_1_fu_202_p2_carry_i_3_n_3
    SLICE_X36Y118        CARRY4 (Prop_carry4_DI[1]_CO[3])
                                                      0.520     7.308 r  top_i/StreamingDataflowPartition_1/inst/StreamingDataflowPartition_1_LabelSelect_hls_0/inst/grp_LabelSelect_hls_0_Pipeline_VITIS_LOOP_199_3_fu_45/cmp_1_fu_202_p2_carry/CO[3]
                         net (fo=11, routed)          0.671     7.979    top_i/StreamingDataflowPartition_1/inst/StreamingDataflowPartition_1_LabelSelect_hls_0/inst/grp_LabelSelect_hls_0_Pipeline_VITIS_LOOP_199_3_fu_45/cmp_1_fu_202_p2_carry_n_3
    SLICE_X36Y117        LUT5 (Prop_lut5_I4_O)        0.124     8.103 r  top_i/StreamingDataflowPartition_1/inst/StreamingDataflowPartition_1_LabelSelect_hls_0/inst/grp_LabelSelect_hls_0_Pipeline_VITIS_LOOP_199_3_fu_45/cmp_2_fu_214_p2_carry_i_11_replica/O
                         net (fo=2, routed)           0.712     8.815    top_i/StreamingDataflowPartition_1/inst/StreamingDataflowPartition_1_LabelSelect_hls_0/inst/grp_LabelSelect_hls_0_Pipeline_VITIS_LOOP_199_3_fu_45/select_ln220_1_fu_207_p3__0[2]_repN
    SLICE_X37Y119        LUT4 (Prop_lut4_I1_O)        0.124     8.939 r  top_i/StreamingDataflowPartition_1/inst/StreamingDataflowPartition_1_LabelSelect_hls_0/inst/grp_LabelSelect_hls_0_Pipeline_VITIS_LOOP_199_3_fu_45/cmp_2_fu_214_p2_carry_i_7/O
                         net (fo=1, routed)           0.000     8.939    top_i/StreamingDataflowPartition_1/inst/StreamingDataflowPartition_1_LabelSelect_hls_0/inst/grp_LabelSelect_hls_0_Pipeline_VITIS_LOOP_199_3_fu_45/cmp_2_fu_214_p2_carry_i_7_n_3
    SLICE_X37Y119        CARRY4 (Prop_carry4_S[1]_CO[3])
                                                      0.550     9.489 r  top_i/StreamingDataflowPartition_1/inst/StreamingDataflowPartition_1_LabelSelect_hls_0/inst/grp_LabelSelect_hls_0_Pipeline_VITIS_LOOP_199_3_fu_45/cmp_2_fu_214_p2_carry/CO[3]
                         net (fo=21, routed)          0.690    10.179    top_i/StreamingDataflowPartition_1/inst/StreamingDataflowPartition_1_LabelSelect_hls_0/inst/grp_LabelSelect_hls_0_Pipeline_VITIS_LOOP_199_3_fu_45/cmp_2_fu_214_p2_carry_n_3
    SLICE_X37Y120        LUT3 (Prop_lut3_I2_O)        0.124    10.303 f  top_i/StreamingDataflowPartition_1/inst/StreamingDataflowPartition_1_LabelSelect_hls_0/inst/grp_LabelSelect_hls_0_Pipeline_VITIS_LOOP_199_3_fu_45/cmp_3_fu_226_p2_carry_i_11/O
                         net (fo=2, routed)           0.167    10.470    top_i/StreamingDataflowPartition_1/inst/StreamingDataflowPartition_1_LabelSelect_hls_0/inst/grp_LabelSelect_hls_0_Pipeline_VITIS_LOOP_199_3_fu_45/select_ln220_2_fu_219_p3__0[3]
    SLICE_X37Y120        LUT6 (Prop_lut6_I4_O)        0.124    10.594 r  top_i/StreamingDataflowPartition_1/inst/StreamingDataflowPartition_1_LabelSelect_hls_0/inst/grp_LabelSelect_hls_0_Pipeline_VITIS_LOOP_199_3_fu_45/cmp_3_fu_226_p2_carry_i_3/O
                         net (fo=1, routed)           0.323    10.917    top_i/StreamingDataflowPartition_1/inst/StreamingDataflowPartition_1_LabelSelect_hls_0/inst/grp_LabelSelect_hls_0_Pipeline_VITIS_LOOP_199_3_fu_45/cmp_3_fu_226_p2_carry_i_3_n_3
    SLICE_X38Y120        CARRY4 (Prop_carry4_DI[1]_CO[3])
                                                      0.520    11.437 r  top_i/StreamingDataflowPartition_1/inst/StreamingDataflowPartition_1_LabelSelect_hls_0/inst/grp_LabelSelect_hls_0_Pipeline_VITIS_LOOP_199_3_fu_45/cmp_3_fu_226_p2_carry/CO[3]
                         net (fo=10, routed)          0.664    12.100    top_i/StreamingDataflowPartition_1/inst/StreamingDataflowPartition_1_LabelSelect_hls_0/inst/grp_LabelSelect_hls_0_Pipeline_VITIS_LOOP_199_3_fu_45/cmp_3_fu_226_p2_carry_n_3
    SLICE_X39Y121        LUT5 (Prop_lut5_I4_O)        0.124    12.224 r  top_i/StreamingDataflowPartition_1/inst/StreamingDataflowPartition_1_LabelSelect_hls_0/inst/grp_LabelSelect_hls_0_Pipeline_VITIS_LOOP_199_3_fu_45/conv_i_i2_445_i_fu_86[0]_i_2/O
                         net (fo=3, routed)           0.753    12.977    top_i/StreamingDataflowPartition_1/inst/StreamingDataflowPartition_1_LabelSelect_hls_0/inst/grp_LabelSelect_hls_0_Pipeline_VITIS_LOOP_199_3_fu_45/select_ln220_3_fu_231_p3__0[0]
    SLICE_X36Y121        LUT4 (Prop_lut4_I1_O)        0.124    13.101 r  top_i/StreamingDataflowPartition_1/inst/StreamingDataflowPartition_1_LabelSelect_hls_0/inst/grp_LabelSelect_hls_0_Pipeline_VITIS_LOOP_199_3_fu_45/cmp_4_fu_238_p2_carry_i_8/O
                         net (fo=1, routed)           0.000    13.101    top_i/StreamingDataflowPartition_1/inst/StreamingDataflowPartition_1_LabelSelect_hls_0/inst/grp_LabelSelect_hls_0_Pipeline_VITIS_LOOP_199_3_fu_45/cmp_4_fu_238_p2_carry_i_8_n_3
    SLICE_X36Y121        CARRY4 (Prop_carry4_S[0]_CO[3])
                                                      0.513    13.614 r  top_i/StreamingDataflowPartition_1/inst/StreamingDataflowPartition_1_LabelSelect_hls_0/inst/grp_LabelSelect_hls_0_Pipeline_VITIS_LOOP_199_3_fu_45/cmp_4_fu_238_p2_carry/CO[3]
                         net (fo=8, routed)           0.000    13.614    top_i/StreamingDataflowPartition_1/inst/StreamingDataflowPartition_1_LabelSelect_hls_0/inst/grp_LabelSelect_hls_0_Pipeline_VITIS_LOOP_199_3_fu_45/cmp_4_fu_238_p2_carry_n_3
    SLICE_X36Y121        FDRE                                         r  top_i/StreamingDataflowPartition_1/inst/StreamingDataflowPartition_1_LabelSelect_hls_0/inst/grp_LabelSelect_hls_0_Pipeline_VITIS_LOOP_199_3_fu_45/cmp_4_reg_442_reg[0]/D
  -------------------------------------------------------------------    -------------------

                         (clock clk_fpga_0 rise edge)
                                                     10.000    10.000 r  
    PS7_X0Y0             PS7                          0.000    10.000 r  top_i/zynq_ps/inst/PS7_i/FCLKCLK[0]
                         net (fo=1, routed)           1.088    11.088    top_i/zynq_ps/inst/FCLK_CLK_unbuffered[0]
    BUFGCTRL_X0Y16       BUFG (Prop_bufg_I_O)         0.091    11.179 r  top_i/zynq_ps/inst/buffer_fclk_clk_0.FCLK_CLK_0_BUFG/O
                         net (fo=53700, routed)       1.641    12.820    top_i/StreamingDataflowPartition_1/inst/StreamingDataflowPartition_1_LabelSelect_hls_0/inst/grp_LabelSelect_hls_0_Pipeline_VITIS_LOOP_199_3_fu_45/ap_clk
    SLICE_X36Y121        FDRE                                         r  top_i/StreamingDataflowPartition_1/inst/StreamingDataflowPartition_1_LabelSelect_hls_0/inst/grp_LabelSelect_hls_0_Pipeline_VITIS_LOOP_199_3_fu_45/cmp_4_reg_442_reg[0]/C
                         clock pessimism              0.282    13.102    
                         clock uncertainty           -0.154    12.948    
    SLICE_X36Y121        FDRE (Setup_fdre_C_D)        0.186    13.134    top_i/StreamingDataflowPartition_1/inst/StreamingDataflowPartition_1_LabelSelect_hls_0/inst/grp_LabelSelect_hls_0_Pipeline_VITIS_LOOP_199_3_fu_45/cmp_4_reg_442_reg[0]
  -------------------------------------------------------------------
                         required time                         13.134    
                         arrival time                         -13.614    
  -------------------------------------------------------------------
                         slack                                 -0.480    

Slack (MET) :             0.195ns  (required time - arrival time)
  Source:                 top_i/StreamingDataflowPartition_1/inst/StreamingDataflowPartition_1_MVAU_hls_0/StreamingDataflowPartition_1_MVAU_hls_0/inst/grp_Matrix_Vector_Activate_Stream_Batch_fu_30/flow_control_loop_pipe_sequential_init_U/ap_loop_init_int_reg/C
                            (rising edge-triggered cell FDRE clocked by clk_fpga_0  {rise@0.000ns fall@5.000ns period=10.000ns})
  Destination:            top_i/StreamingDataflowPartition_1/inst/StreamingDataflowPartition_1_MVAU_hls_0/StreamingDataflowPartition_1_MVAU_hls_0/inst/grp_Matrix_Vector_Activate_Stream_Batch_fu_30/add_ln169_1252_reg_128493_reg[0]/D
                            (rising edge-triggered cell FDRE clocked by clk_fpga_0  {rise@0.000ns fall@5.000ns period=10.000ns})
  Path Group:             clk_fpga_0
  Path Type:              Setup (Max at Slow Process Corner)
  Requirement:            10.000ns  (clk_fpga_0 rise@10.000ns - clk_fpga_0 rise@0.000ns)
  Data Path Delay:        9.637ns  (logic 1.306ns (13.552%)  route 8.331ns (86.447%))
  Logic Levels:           5  (LUT2=1 LUT5=1 LUT6=3)
  Clock Path Skew:        -0.044ns (DCD - SCD + CPR)
    Destination Clock Delay (DCD):    2.759ns = ( 12.759 - 10.000 ) 
    Source Clock Delay      (SCD):    2.932ns
    Clock Pessimism Removal (CPR):    0.129ns
  Clock Uncertainty:      0.154ns  ((TSJ^2 + TIJ^2)^1/2 + DJ) / 2 + PE
    Total System Jitter     (TSJ):    0.071ns
    Total Input Jitter      (TIJ):    0.300ns
    Discrete Jitter          (DJ):    0.000ns
    Phase Error              (PE):    0.000ns

    Location             Delay type                Incr(ns)  Path(ns)    Netlist Resource(s)
  -------------------------------------------------------------------    -------------------
                         (clock clk_fpga_0 rise edge)
                                                      0.000     0.000 r  
    PS7_X0Y0             PS7                          0.000     0.000 r  top_i/zynq_ps/inst/PS7_i/FCLKCLK[0]
                         net (fo=1, routed)           1.193     1.193    top_i/zynq_ps/inst/FCLK_CLK_unbuffered[0]
    BUFGCTRL_X0Y16       BUFG (Prop_bufg_I_O)         0.101     1.294 r  top_i/zynq_ps/inst/buffer_fclk_clk_0.FCLK_CLK_0_BUFG/O
                         net (fo=53700, routed)       1.638     2.932    top_i/StreamingDataflowPartition_1/inst/StreamingDataflowPartition_1_MVAU_hls_0/StreamingDataflowPartition_1_MVAU_hls_0/inst/grp_Matrix_Vector_Activate_Stream_Batch_fu_30/flow_control_loop_pipe_sequential_init_U/ap_clk
    SLICE_X53Y26         FDRE                                         r  top_i/StreamingDataflowPartition_1/inst/StreamingDataflowPartition_1_MVAU_hls_0/StreamingDataflowPartition_1_MVAU_hls_0/inst/grp_Matrix_Vector_Activate_Stream_Batch_fu_30/flow_control_loop_pipe_sequential_init_U/ap_loop_init_int_reg/C
  -------------------------------------------------------------------    -------------------
    SLICE_X53Y26         FDRE (Prop_fdre_C_Q)         0.456     3.388 r  top_i/StreamingDataflowPartition_1/inst/StreamingDataflowPartition_1_MVAU_hls_0/StreamingDataflowPartition_1_MVAU_hls_0/inst/grp_Matrix_Vector_Activate_Stream_Batch_fu_30/flow_control_loop_pipe_sequential_init_U/ap_loop_init_int_reg/Q
                         net (fo=94, routed)          1.256     4.644    top_i/StreamingDataflowPartition_1/inst/StreamingDataflowPartition_1_MVAU_hls_0/StreamingDataflowPartition_1_MVAU_hls_0/inst/grp_Matrix_Vector_Activate_Stream_Batch_fu_30/flow_control_loop_pipe_sequential_init_U/ap_loop_init_int
    SLICE_X57Y26         LUT2 (Prop_lut2_I1_O)        0.152     4.796 r  top_i/StreamingDataflowPartition_1/inst/StreamingDataflowPartition_1_MVAU_hls_0/StreamingDataflowPartition_1_MVAU_hls_0/inst/grp_Matrix_Vector_Activate_Stream_Batch_fu_30/flow_control_loop_pipe_sequential_init_U/i_fu_7336[3]_i_3/O
                         net (fo=8, routed)           0.925     5.721    top_i/StreamingDataflowPartition_1/inst/StreamingDataflowPartition_1_MVAU_hls_0/StreamingDataflowPartition_1_MVAU_hls_0/inst/grp_Matrix_Vector_Activate_Stream_Batch_fu_30/flow_control_loop_pipe_sequential_init_U/i_fu_7336[3]_i_3_n_3
    SLICE_X48Y26         LUT6 (Prop_lut6_I1_O)        0.326     6.047 f  top_i/StreamingDataflowPartition_1/inst/StreamingDataflowPartition_1_MVAU_hls_0/StreamingDataflowPartition_1_MVAU_hls_0/inst/grp_Matrix_Vector_Activate_Stream_Batch_fu_30/flow_control_loop_pipe_sequential_init_U/icmp_ln249_reg_125985[0]_i_9/O
                         net (fo=2, routed)           0.675     6.722    top_i/StreamingDataflowPartition_1/inst/StreamingDataflowPartition_1_MVAU_hls_0/StreamingDataflowPartition_1_MVAU_hls_0/inst/grp_Matrix_Vector_Activate_Stream_Batch_fu_30/flow_control_loop_pipe_sequential_init_U/icmp_ln249_reg_125985[0]_i_9_n_3
    SLICE_X47Y26         LUT6 (Prop_lut6_I1_O)        0.124     6.846 r  top_i/StreamingDataflowPartition_1/inst/StreamingDataflowPartition_1_MVAU_hls_0/StreamingDataflowPartition_1_MVAU_hls_0/inst/grp_Matrix_Vector_Activate_Stream_Batch_fu_30/flow_control_loop_pipe_sequential_init_U/add_ln169_84_reg_126213[1]_i_5/O
                         net (fo=112, routed)         2.101     8.947    top_i/StreamingDataflowPartition_1/inst/StreamingDataflowPartition_1_MVAU_hls_0/StreamingDataflowPartition_1_MVAU_hls_0/inst/grp_Matrix_Vector_Activate_Stream_Batch_fu_30/flow_control_loop_pipe_sequential_init_U/add_ln169_84_reg_126213[1]_i_5_n_3
    SLICE_X94Y42         LUT5 (Prop_lut5_I1_O)        0.124     9.071 r  top_i/StreamingDataflowPartition_1/inst/StreamingDataflowPartition_1_MVAU_hls_0/StreamingDataflowPartition_1_MVAU_hls_0/inst/grp_Matrix_Vector_Activate_Stream_Batch_fu_30/flow_control_loop_pipe_sequential_init_U/add_ln169_20_reg_126073[1]_i_4/O
                         net (fo=64, routed)          3.374    12.445    top_i/StreamingDataflowPartition_1/inst/StreamingDataflowPartition_1_MVAU_hls_0/StreamingDataflowPartition_1_MVAU_hls_0/inst/grp_Matrix_Vector_Activate_Stream_Batch_fu_30/flow_control_loop_pipe_sequential_init_U/add_ln169_20_reg_126073[1]_i_4_n_3
    SLICE_X13Y3          LUT6 (Prop_lut6_I4_O)        0.124    12.569 r  top_i/StreamingDataflowPartition_1/inst/StreamingDataflowPartition_1_MVAU_hls_0/StreamingDataflowPartition_1_MVAU_hls_0/inst/grp_Matrix_Vector_Activate_Stream_Batch_fu_30/flow_control_loop_pipe_sequential_init_U/add_ln169_1252_reg_128493[0]_i_1/O
                         net (fo=1, routed)           0.000    12.569    top_i/StreamingDataflowPartition_1/inst/StreamingDataflowPartition_1_MVAU_hls_0/StreamingDataflowPartition_1_MVAU_hls_0/inst/grp_Matrix_Vector_Activate_Stream_Batch_fu_30/add_ln169_1252_fu_45806_p2[0]
    SLICE_X13Y3          FDRE                                         r  top_i/StreamingDataflowPartition_1/inst/StreamingDataflowPartition_1_MVAU_hls_0/StreamingDataflowPartition_1_MVAU_hls_0/inst/grp_Matrix_Vector_Activate_Stream_Batch_fu_30/add_ln169_1252_reg_128493_reg[0]/D
  -------------------------------------------------------------------    -------------------

                         (clock clk_fpga_0 rise edge)
                                                     10.000    10.000 r  
    PS7_X0Y0             PS7                          0.000    10.000 r  top_i/zynq_ps/inst/PS7_i/FCLKCLK[0]
                         net (fo=1, routed)           1.088    11.088    top_i/zynq_ps/inst/FCLK_CLK_unbuffered[0]
    BUFGCTRL_X0Y16       BUFG (Prop_bufg_I_O)         0.091    11.179 r  top_i/zynq_ps/inst/buffer_fclk_clk_0.FCLK_CLK_0_BUFG/O
                         net (fo=53700, routed)       1.580    12.759    top_i/StreamingDataflowPartition_1/inst/StreamingDataflowPartition_1_MVAU_hls_0/StreamingDataflowPartition_1_MVAU_hls_0/inst/grp_Matrix_Vector_Activate_Stream_Batch_fu_30/ap_clk
    SLICE_X13Y3          FDRE                                         r  top_i/StreamingDataflowPartition_1/inst/StreamingDataflowPartition_1_MVAU_hls_0/StreamingDataflowPartition_1_MVAU_hls_0/inst/grp_Matrix_Vector_Activate_Stream_Batch_fu_30/add_ln169_1252_reg_128493_reg[0]/C
                         clock pessimism              0.129    12.888    
                         clock uncertainty           -0.154    12.734    
    SLICE_X13Y3          FDRE (Setup_fdre_C_D)        0.029    12.763    top_i/StreamingDataflowPartition_1/inst/StreamingDataflowPartition_1_MVAU_hls_0/StreamingDataflowPartition_1_MVAU_hls_0/inst/grp_Matrix_Vector_Activate_Stream_Batch_fu_30/add_ln169_1252_reg_128493_reg[0]
  -------------------------------------------------------------------
                         required time                         12.763    
                         arrival time                         -12.569    
  -------------------------------------------------------------------
                         slack                                  0.195    

Slack (MET) :             0.327ns  (required time - arrival time)
  Source:                 top_i/StreamingDataflowPartition_1/inst/StreamingDataflowPartition_1_MVAU_hls_0/StreamingDataflowPartition_1_MVAU_hls_0/inst/grp_Matrix_Vector_Activate_Stream_Batch_fu_30/flow_control_loop_pipe_sequential_init_U/ap_loop_init_int_reg/C
                            (rising edge-triggered cell FDRE clocked by clk_fpga_0  {rise@0.000ns fall@5.000ns period=10.000ns})
  Destination:            top_i/StreamingDataflowPartition_1/inst/StreamingDataflowPartition_1_MVAU_hls_0/StreamingDataflowPartition_1_MVAU_hls_0/inst/grp_Matrix_Vector_Activate_Stream_Batch_fu_30/add_ln169_1364_reg_128713_reg[1]/D
                            (rising edge-triggered cell FDRE clocked by clk_fpga_0  {rise@0.000ns fall@5.000ns period=10.000ns})
  Path Group:             clk_fpga_0
  Path Type:              Setup (Max at Slow Process Corner)
  Requirement:            10.000ns  (clk_fpga_0 rise@10.000ns - clk_fpga_0 rise@0.000ns)
  Data Path Delay:        9.504ns  (logic 1.306ns (13.741%)  route 8.198ns (86.259%))
  Logic Levels:           5  (LUT2=1 LUT5=1 LUT6=3)
  Clock Path Skew:        -0.046ns (DCD - SCD + CPR)
    Destination Clock Delay (DCD):    2.757ns = ( 12.757 - 10.000 ) 
    Source Clock Delay      (SCD):    2.932ns
    Clock Pessimism Removal (CPR):    0.129ns
  Clock Uncertainty:      0.154ns  ((TSJ^2 + TIJ^2)^1/2 + DJ) / 2 + PE
    Total System Jitter     (TSJ):    0.071ns
    Total Input Jitter      (TIJ):    0.300ns
    Discrete Jitter          (DJ):    0.000ns
    Phase Error              (PE):    0.000ns

    Location             Delay type                Incr(ns)  Path(ns)    Netlist Resource(s)
  -------------------------------------------------------------------    -------------------
                         (clock clk_fpga_0 rise edge)
                                                      0.000     0.000 r  
    PS7_X0Y0             PS7                          0.000     0.000 r  top_i/zynq_ps/inst/PS7_i/FCLKCLK[0]
                         net (fo=1, routed)           1.193     1.193    top_i/zynq_ps/inst/FCLK_CLK_unbuffered[0]
    BUFGCTRL_X0Y16       BUFG (Prop_bufg_I_O)         0.101     1.294 r  top_i/zynq_ps/inst/buffer_fclk_clk_0.FCLK_CLK_0_BUFG/O
                         net (fo=53700, routed)       1.638     2.932    top_i/StreamingDataflowPartition_1/inst/StreamingDataflowPartition_1_MVAU_hls_0/StreamingDataflowPartition_1_MVAU_hls_0/inst/grp_Matrix_Vector_Activate_Stream_Batch_fu_30/flow_control_loop_pipe_sequential_init_U/ap_clk
    SLICE_X53Y26         FDRE                                         r  top_i/StreamingDataflowPartition_1/inst/StreamingDataflowPartition_1_MVAU_hls_0/StreamingDataflowPartition_1_MVAU_hls_0/inst/grp_Matrix_Vector_Activate_Stream_Batch_fu_30/flow_control_loop_pipe_sequential_init_U/ap_loop_init_int_reg/C
  -------------------------------------------------------------------    -------------------
    SLICE_X53Y26         FDRE (Prop_fdre_C_Q)         0.456     3.388 r  top_i/StreamingDataflowPartition_1/inst/StreamingDataflowPartition_1_MVAU_hls_0/StreamingDataflowPartition_1_MVAU_hls_0/inst/grp_Matrix_Vector_Activate_Stream_Batch_fu_30/flow_control_loop_pipe_sequential_init_U/ap_loop_init_int_reg/Q
                         net (fo=94, routed)          1.256     4.644    top_i/StreamingDataflowPartition_1/inst/StreamingDataflowPartition_1_MVAU_hls_0/StreamingDataflowPartition_1_MVAU_hls_0/inst/grp_Matrix_Vector_Activate_Stream_Batch_fu_30/flow_control_loop_pipe_sequential_init_U/ap_loop_init_int
    SLICE_X57Y26         LUT2 (Prop_lut2_I1_O)        0.152     4.796 r  top_i/StreamingDataflowPartition_1/inst/StreamingDataflowPartition_1_MVAU_hls_0/StreamingDataflowPartition_1_MVAU_hls_0/inst/grp_Matrix_Vector_Activate_Stream_Batch_fu_30/flow_control_loop_pipe_sequential_init_U/i_fu_7336[3]_i_3/O
                         net (fo=8, routed)           0.925     5.721    top_i/StreamingDataflowPartition_1/inst/StreamingDataflowPartition_1_MVAU_hls_0/StreamingDataflowPartition_1_MVAU_hls_0/inst/grp_Matrix_Vector_Activate_Stream_Batch_fu_30/flow_control_loop_pipe_sequential_init_U/i_fu_7336[3]_i_3_n_3
    SLICE_X48Y26         LUT6 (Prop_lut6_I1_O)        0.326     6.047 f  top_i/StreamingDataflowPartition_1/inst/StreamingDataflowPartition_1_MVAU_hls_0/StreamingDataflowPartition_1_MVAU_hls_0/inst/grp_Matrix_Vector_Activate_Stream_Batch_fu_30/flow_control_loop_pipe_sequential_init_U/icmp_ln249_reg_125985[0]_i_9/O
                         net (fo=2, routed)           0.675     6.722    top_i/StreamingDataflowPartition_1/inst/StreamingDataflowPartition_1_MVAU_hls_0/StreamingDataflowPartition_1_MVAU_hls_0/inst/grp_Matrix_Vector_Activate_Stream_Batch_fu_30/flow_control_loop_pipe_sequential_init_U/icmp_ln249_reg_125985[0]_i_9_n_3
    SLICE_X47Y26         LUT6 (Prop_lut6_I1_O)        0.124     6.846 r  top_i/StreamingDataflowPartition_1/inst/StreamingDataflowPartition_1_MVAU_hls_0/StreamingDataflowPartition_1_MVAU_hls_0/inst/grp_Matrix_Vector_Activate_Stream_Batch_fu_30/flow_control_loop_pipe_sequential_init_U/add_ln169_84_reg_126213[1]_i_5/O
                         net (fo=112, routed)         2.101     8.947    top_i/StreamingDataflowPartition_1/inst/StreamingDataflowPartition_1_MVAU_hls_0/StreamingDataflowPartition_1_MVAU_hls_0/inst/grp_Matrix_Vector_Activate_Stream_Batch_fu_30/flow_control_loop_pipe_sequential_init_U/add_ln169_84_reg_126213[1]_i_5_n_3
    SLICE_X94Y42         LUT5 (Prop_lut5_I1_O)        0.124     9.071 r  top_i/StreamingDataflowPartition_1/inst/StreamingDataflowPartition_1_MVAU_hls_0/StreamingDataflowPartition_1_MVAU_hls_0/inst/grp_Matrix_Vector_Activate_Stream_Batch_fu_30/flow_control_loop_pipe_sequential_init_U/add_ln169_20_reg_126073[1]_i_4/O
                         net (fo=64, routed)          3.241    12.312    top_i/StreamingDataflowPartition_1/inst/StreamingDataflowPartition_1_MVAU_hls_0/StreamingDataflowPartition_1_MVAU_hls_0/inst/grp_Matrix_Vector_Activate_Stream_Batch_fu_30/flow_control_loop_pipe_sequential_init_U/add_ln169_20_reg_126073[1]_i_4_n_3
    SLICE_X19Y9          LUT6 (Prop_lut6_I2_O)        0.124    12.436 r  top_i/StreamingDataflowPartition_1/inst/StreamingDataflowPartition_1_MVAU_hls_0/StreamingDataflowPartition_1_MVAU_hls_0/inst/grp_Matrix_Vector_Activate_Stream_Batch_fu_30/flow_control_loop_pipe_sequential_init_U/add_ln169_1364_reg_128713[1]_i_1/O
                         net (fo=1, routed)           0.000    12.436    top_i/StreamingDataflowPartition_1/inst/StreamingDataflowPartition_1_MVAU_hls_0/StreamingDataflowPartition_1_MVAU_hls_0/inst/grp_Matrix_Vector_Activate_Stream_Batch_fu_30/add_ln169_1364_fu_48938_p2[1]
    SLICE_X19Y9          FDRE                                         r  top_i/StreamingDataflowPartition_1/inst/StreamingDataflowPartition_1_MVAU_hls_0/StreamingDataflowPartition_1_MVAU_hls_0/inst/grp_Matrix_Vector_Activate_Stream_Batch_fu_30/add_ln169_1364_reg_128713_reg[1]/D
  -------------------------------------------------------------------    -------------------

                         (clock clk_fpga_0 rise edge)
                                                     10.000    10.000 r  
    PS7_X0Y0             PS7                          0.000    10.000 r  top_i/zynq_ps/inst/PS7_i/FCLKCLK[0]
                         net (fo=1, routed)           1.088    11.088    top_i/zynq_ps/inst/FCLK_CLK_unbuffered[0]
    BUFGCTRL_X0Y16       BUFG (Prop_bufg_I_O)         0.091    11.179 r  top_i/zynq_ps/inst/buffer_fclk_clk_0.FCLK_CLK_0_BUFG/O
                         net (fo=53700, routed)       1.578    12.757    top_i/StreamingDataflowPartition_1/inst/StreamingDataflowPartition_1_MVAU_hls_0/StreamingDataflowPartition_1_MVAU_hls_0/inst/grp_Matrix_Vector_Activate_Stream_Batch_fu_30/ap_clk
    SLICE_X19Y9          FDRE                                         r  top_i/StreamingDataflowPartition_1/inst/StreamingDataflowPartition_1_MVAU_hls_0/StreamingDataflowPartition_1_MVAU_hls_0/inst/grp_Matrix_Vector_Activate_Stream_Batch_fu_30/add_ln169_1364_reg_128713_reg[1]/C
                         clock pessimism              0.129    12.886    
                         clock uncertainty           -0.154    12.732    
    SLICE_X19Y9          FDRE (Setup_fdre_C_D)        0.031    12.763    top_i/StreamingDataflowPartition_1/inst/StreamingDataflowPartition_1_MVAU_hls_0/StreamingDataflowPartition_1_MVAU_hls_0/inst/grp_Matrix_Vector_Activate_Stream_Batch_fu_30/add_ln169_1364_reg_128713_reg[1]
  -------------------------------------------------------------------
                         required time                         12.763    
                         arrival time                         -12.436    
  -------------------------------------------------------------------
                         slack                                  0.327    





Min Delay Paths
--------------------------------------------------------------------------------------
Slack (MET) :             0.050ns  (arrival time - required time)
  Source:                 top_i/smartconnect_0/inst/m00_exit_pipeline/m00_exit/inst/r_reg/m_vector_i_reg[1071]/C
                            (rising edge-triggered cell FDRE clocked by clk_fpga_0  {rise@0.000ns fall@5.000ns period=10.000ns})
  Destination:            top_i/smartconnect_0/inst/m00_nodes/m00_r_node/inst/inst_mi_handler/gen_normal_area.inst_fifo_node_payld/gen_xpm_memory_fifo.inst_fifo/gen_mem_rep[0].inst_xpm_memory/xpm_memory_base_inst/gen_wr_a.gen_word_narrow.mem_reg_0_31_30_35/RAMB_D1/I
                            (rising edge-triggered cell RAMD32 clocked by clk_fpga_0  {rise@0.000ns fall@5.000ns period=10.000ns})
  Path Group:             clk_fpga_0
  Path Type:              Hold (Min at Fast Process Corner)
  Requirement:            0.000ns  (clk_fpga_0 rise@0.000ns - clk_fpga_0 rise@0.000ns)
  Data Path Delay:        0.391ns  (logic 0.128ns (32.707%)  route 0.263ns (67.293%))
  Logic Levels:           0  
  Clock Path Skew:        0.271ns (DCD - SCD - CPR)
    Destination Clock Delay (DCD):    1.196ns
    Source Clock Delay      (SCD):    0.895ns
    Clock Pessimism Removal (CPR):    0.030ns

    Location             Delay type                Incr(ns)  Path(ns)    Netlist Resource(s)
  -------------------------------------------------------------------    -------------------
                         (clock clk_fpga_0 rise edge)
                                                      0.000     0.000 r  
    PS7_X0Y0             PS7                          0.000     0.000 r  top_i/zynq_ps/inst/PS7_i/FCLKCLK[0]
                         net (fo=1, routed)           0.310     0.310    top_i/zynq_ps/inst/FCLK_CLK_unbuffered[0]
    BUFGCTRL_X0Y16       BUFG (Prop_bufg_I_O)         0.026     0.336 r  top_i/zynq_ps/inst/buffer_fclk_clk_0.FCLK_CLK_0_BUFG/O
                         net (fo=53700, routed)       0.559     0.895    top_i/smartconnect_0/inst/m00_exit_pipeline/m00_exit/inst/r_reg/aclk
    SLICE_X35Y52         FDRE                                         r  top_i/smartconnect_0/inst/m00_exit_pipeline/m00_exit/inst/r_reg/m_vector_i_reg[1071]/C
  -------------------------------------------------------------------    -------------------
    SLICE_X35Y52         FDRE (Prop_fdre_C_Q)         0.128     1.023 r  top_i/smartconnect_0/inst/m00_exit_pipeline/m00_exit/inst/r_reg/m_vector_i_reg[1071]/Q
                         net (fo=1, routed)           0.263     1.286    top_i/smartconnect_0/inst/m00_nodes/m00_r_node/inst/inst_mi_handler/gen_normal_area.inst_fifo_node_payld/gen_xpm_memory_fifo.inst_fifo/gen_mem_rep[0].inst_xpm_memory/xpm_memory_base_inst/gen_wr_a.gen_word_narrow.mem_reg_0_31_30_35/DIB1
    SLICE_X38Y49         RAMD32                                       r  top_i/smartconnect_0/inst/m00_nodes/m00_r_node/inst/inst_mi_handler/gen_normal_area.inst_fifo_node_payld/gen_xpm_memory_fifo.inst_fifo/gen_mem_rep[0].inst_xpm_memory/xpm_memory_base_inst/gen_wr_a.gen_word_narrow.mem_reg_0_31_30_35/RAMB_D1/I
  -------------------------------------------------------------------    -------------------

                         (clock clk_fpga_0 rise edge)
                                                      0.000     0.000 r  
    PS7_X0Y0             PS7                          0.000     0.000 r  top_i/zynq_ps/inst/PS7_i/FCLKCLK[0]
                         net (fo=1, routed)           0.337     0.337    top_i/zynq_ps/inst/FCLK_CLK_unbuffered[0]
    BUFGCTRL_X0Y16       BUFG (Prop_bufg_I_O)         0.029     0.366 r  top_i/zynq_ps/inst/buffer_fclk_clk_0.FCLK_CLK_0_BUFG/O
                         net (fo=53700, routed)       0.830     1.196    top_i/smartconnect_0/inst/m00_nodes/m00_r_node/inst/inst_mi_handler/gen_normal_area.inst_fifo_node_payld/gen_xpm_memory_fifo.inst_fifo/gen_mem_rep[0].inst_xpm_memory/xpm_memory_base_inst/gen_wr_a.gen_word_narrow.mem_reg_0_31_30_35/WCLK
    SLICE_X38Y49         RAMD32                                       r  top_i/smartconnect_0/inst/m00_nodes/m00_r_node/inst/inst_mi_handler/gen_normal_area.inst_fifo_node_payld/gen_xpm_memory_fifo.inst_fifo/gen_mem_rep[0].inst_xpm_memory/xpm_memory_base_inst/gen_wr_a.gen_word_narrow.mem_reg_0_31_30_35/RAMB_D1/CLK
                         clock pessimism             -0.030     1.166    
    SLICE_X38Y49         RAMD32 (Hold_ramd32_CLK_I)
                                                      0.070     1.236    top_i/smartconnect_0/inst/m00_nodes/m00_r_node/inst/inst_mi_handler/gen_normal_area.inst_fifo_node_payld/gen_xpm_memory_fifo.inst_fifo/gen_mem_rep[0].inst_xpm_memory/xpm_memory_base_inst/gen_wr_a.gen_word_narrow.mem_reg_0_31_30_35/RAMB_D1
  -------------------------------------------------------------------
                         required time                         -1.236    
                         arrival time                           1.286    
  -------------------------------------------------------------------
                         slack                                  0.050    

Slack (MET) :             0.051ns  (arrival time - required time)
  Source:                 top_i/StreamingDataflowPartition_1/inst/StreamingDataflowPartition_1_MVAU_hls_0/StreamingDataflowPartition_1_MVAU_hls_0_wstrm/inst/core/genUnpumped.mem/blkMem.Dat3_reg[1391]/C
                            (rising edge-triggered cell FDRE clocked by clk_fpga_0  {rise@0.000ns fall@5.000ns period=10.000ns})
  Destination:            top_i/StreamingDataflowPartition_1/inst/StreamingDataflowPartition_1_MVAU_hls_0/StreamingDataflowPartition_1_MVAU_hls_0_wstrm/inst/core/genUnpumped.mem/blkStreamOut.OSrl_reg[6][1391]_srl7/D
                            (rising edge-triggered cell SRL16E clocked by clk_fpga_0  {rise@0.000ns fall@5.000ns period=10.000ns})
  Path Group:             clk_fpga_0
  Path Type:              Hold (Min at Fast Process Corner)
  Requirement:            0.000ns  (clk_fpga_0 rise@0.000ns - clk_fpga_0 rise@0.000ns)
  Data Path Delay:        0.251ns  (logic 0.141ns (56.174%)  route 0.110ns (43.826%))
  Logic Levels:           0  
  Clock Path Skew:        0.017ns (DCD - SCD - CPR)
    Destination Clock Delay (DCD):    1.260ns
    Source Clock Delay      (SCD):    0.960ns
    Clock Pessimism Removal (CPR):    0.283ns

    Location             Delay type                Incr(ns)  Path(ns)    Netlist Resource(s)
  -------------------------------------------------------------------    -------------------
                         (clock clk_fpga_0 rise edge)
                                                      0.000     0.000 r  
    PS7_X0Y0             PS7                          0.000     0.000 r  top_i/zynq_ps/inst/PS7_i/FCLKCLK[0]
                         net (fo=1, routed)           0.310     0.310    top_i/zynq_ps/inst/FCLK_CLK_unbuffered[0]
    BUFGCTRL_X0Y16       BUFG (Prop_bufg_I_O)         0.026     0.336 r  top_i/zynq_ps/inst/buffer_fclk_clk_0.FCLK_CLK_0_BUFG/O
                         net (fo=53700, routed)       0.624     0.960    top_i/StreamingDataflowPartition_1/inst/StreamingDataflowPartition_1_MVAU_hls_0/StreamingDataflowPartition_1_MVAU_hls_0_wstrm/inst/core/genUnpumped.mem/ap_clk
    SLICE_X7Y7           FDRE                                         r  top_i/StreamingDataflowPartition_1/inst/StreamingDataflowPartition_1_MVAU_hls_0/StreamingDataflowPartition_1_MVAU_hls_0_wstrm/inst/core/genUnpumped.mem/blkMem.Dat3_reg[1391]/C
  -------------------------------------------------------------------    -------------------
    SLICE_X7Y7           FDRE (Prop_fdre_C_Q)         0.141     1.101 r  top_i/StreamingDataflowPartition_1/inst/StreamingDataflowPartition_1_MVAU_hls_0/StreamingDataflowPartition_1_MVAU_hls_0_wstrm/inst/core/genUnpumped.mem/blkMem.Dat3_reg[1391]/Q
                         net (fo=1, routed)           0.110     1.211    top_i/StreamingDataflowPartition_1/inst/StreamingDataflowPartition_1_MVAU_hls_0/StreamingDataflowPartition_1_MVAU_hls_0_wstrm/inst/core/genUnpumped.mem/mem_q0[1391]
    SLICE_X6Y6           SRL16E                                       r  top_i/StreamingDataflowPartition_1/inst/StreamingDataflowPartition_1_MVAU_hls_0/StreamingDataflowPartition_1_MVAU_hls_0_wstrm/inst/core/genUnpumped.mem/blkStreamOut.OSrl_reg[6][1391]_srl7/D
  -------------------------------------------------------------------    -------------------

                         (clock clk_fpga_0 rise edge)
                                                      0.000     0.000 r  
    PS7_X0Y0             PS7                          0.000     0.000 r  top_i/zynq_ps/inst/PS7_i/FCLKCLK[0]
                         net (fo=1, routed)           0.337     0.337    top_i/zynq_ps/inst/FCLK_CLK_unbuffered[0]
    BUFGCTRL_X0Y16       BUFG (Prop_bufg_I_O)         0.029     0.366 r  top_i/zynq_ps/inst/buffer_fclk_clk_0.FCLK_CLK_0_BUFG/O
                         net (fo=53700, routed)       0.894     1.260    top_i/StreamingDataflowPartition_1/inst/StreamingDataflowPartition_1_MVAU_hls_0/StreamingDataflowPartition_1_MVAU_hls_0_wstrm/inst/core/genUnpumped.mem/ap_clk
    SLICE_X6Y6           SRL16E                                       r  top_i/StreamingDataflowPartition_1/inst/StreamingDataflowPartition_1_MVAU_hls_0/StreamingDataflowPartition_1_MVAU_hls_0_wstrm/inst/core/genUnpumped.mem/blkStreamOut.OSrl_reg[6][1391]_srl7/CLK
                         clock pessimism             -0.283     0.977    
    SLICE_X6Y6           SRL16E (Hold_srl16e_CLK_D)
                                                      0.183     1.160    top_i/StreamingDataflowPartition_1/inst/StreamingDataflowPartition_1_MVAU_hls_0/StreamingDataflowPartition_1_MVAU_hls_0_wstrm/inst/core/genUnpumped.mem/blkStreamOut.OSrl_reg[6][1391]_srl7
  -------------------------------------------------------------------
                         required time                         -1.160    
                         arrival time                           1.211    
  -------------------------------------------------------------------
                         slack                                  0.051    

Slack (MET) :             0.051ns  (arrival time - required time)
  Source:                 top_i/StreamingDataflowPartition_1/inst/StreamingDataflowPartition_1_MVAU_hls_3/StreamingDataflowPartition_1_MVAU_hls_3_wstrm/inst/core/genUnpumped.mem/blkStreamOut.ODat_reg[234]/C
                            (rising edge-triggered cell FDRE clocked by clk_fpga_0  {rise@0.000ns fall@5.000ns period=10.000ns})
  Destination:            top_i/StreamingDataflowPartition_1/inst/StreamingDataflowPartition_1_MVAU_hls_3/StreamingDataflowPartition_1_MVAU_hls_3/inst/regslice_both_in1_V_U/B_V_data_1_payload_B_reg[234]/D
                            (rising edge-triggered cell FDRE clocked by clk_fpga_0  {rise@0.000ns fall@5.000ns period=10.000ns})
  Path Group:             clk_fpga_0
  Path Type:              Hold (Min at Fast Process Corner)
  Requirement:            0.000ns  (clk_fpga_0 rise@0.000ns - clk_fpga_0 rise@0.000ns)
  Data Path Delay:        0.394ns  (logic 0.164ns (41.585%)  route 0.230ns (58.415%))
  Logic Levels:           0  
  Clock Path Skew:        0.268ns (DCD - SCD - CPR)
    Destination Clock Delay (DCD):    1.276ns
    Source Clock Delay      (SCD):    0.969ns
    Clock Pessimism Removal (CPR):    0.039ns

    Location             Delay type                Incr(ns)  Path(ns)    Netlist Resource(s)
  -------------------------------------------------------------------    -------------------
                         (clock clk_fpga_0 rise edge)
                                                      0.000     0.000 r  
    PS7_X0Y0             PS7                          0.000     0.000 r  top_i/zynq_ps/inst/PS7_i/FCLKCLK[0]
                         net (fo=1, routed)           0.310     0.310    top_i/zynq_ps/inst/FCLK_CLK_unbuffered[0]
    BUFGCTRL_X0Y16       BUFG (Prop_bufg_I_O)         0.026     0.336 r  top_i/zynq_ps/inst/buffer_fclk_clk_0.FCLK_CLK_0_BUFG/O
                         net (fo=53700, routed)       0.633     0.969    top_i/StreamingDataflowPartition_1/inst/StreamingDataflowPartition_1_MVAU_hls_3/StreamingDataflowPartition_1_MVAU_hls_3_wstrm/inst/core/genUnpumped.mem/ap_clk
    SLICE_X50Y141        FDRE                                         r  top_i/StreamingDataflowPartition_1/inst/StreamingDataflowPartition_1_MVAU_hls_3/StreamingDataflowPartition_1_MVAU_hls_3_wstrm/inst/core/genUnpumped.mem/blkStreamOut.ODat_reg[234]/C
  -------------------------------------------------------------------    -------------------
    SLICE_X50Y141        FDRE (Prop_fdre_C_Q)         0.164     1.133 r  top_i/StreamingDataflowPartition_1/inst/StreamingDataflowPartition_1_MVAU_hls_3/StreamingDataflowPartition_1_MVAU_hls_3_wstrm/inst/core/genUnpumped.mem/blkStreamOut.ODat_reg[234]/Q
                         net (fo=2, routed)           0.230     1.363    top_i/StreamingDataflowPartition_1/inst/StreamingDataflowPartition_1_MVAU_hls_3/StreamingDataflowPartition_1_MVAU_hls_3/inst/regslice_both_in1_V_U/in1_V_TDATA[173]
    SLICE_X48Y146        FDRE                                         r  top_i/StreamingDataflowPartition_1/inst/StreamingDataflowPartition_1_MVAU_hls_3/StreamingDataflowPartition_1_MVAU_hls_3/inst/regslice_both_in1_V_U/B_V_data_1_payload_B_reg[234]/D
  -------------------------------------------------------------------    -------------------

                         (clock clk_fpga_0 rise edge)
                                                      0.000     0.000 r  
    PS7_X0Y0             PS7                          0.000     0.000 r  top_i/zynq_ps/inst/PS7_i/FCLKCLK[0]
                         net (fo=1, routed)           0.337     0.337    top_i/zynq_ps/inst/FCLK_CLK_unbuffered[0]
    BUFGCTRL_X0Y16       BUFG (Prop_bufg_I_O)         0.029     0.366 r  top_i/zynq_ps/inst/buffer_fclk_clk_0.FCLK_CLK_0_BUFG/O
                         net (fo=53700, routed)       0.910     1.276    top_i/StreamingDataflowPartition_1/inst/StreamingDataflowPartition_1_MVAU_hls_3/StreamingDataflowPartition_1_MVAU_hls_3/inst/regslice_both_in1_V_U/ap_clk
    SLICE_X48Y146        FDRE                                         r  top_i/StreamingDataflowPartition_1/inst/StreamingDataflowPartition_1_MVAU_hls_3/StreamingDataflowPartition_1_MVAU_hls_3/inst/regslice_both_in1_V_U/B_V_data_1_payload_B_reg[234]/C
                         clock pessimism             -0.039     1.237    
    SLICE_X48Y146        FDRE (Hold_fdre_C_D)         0.075     1.312    top_i/StreamingDataflowPartition_1/inst/StreamingDataflowPartition_1_MVAU_hls_3/StreamingDataflowPartition_1_MVAU_hls_3/inst/regslice_both_in1_V_U/B_V_data_1_payload_B_reg[234]
  -------------------------------------------------------------------
                         required time                         -1.312    
                         arrival time                           1.363    
  -------------------------------------------------------------------
                         slack                                  0.051    

Slack (MET) :             0.051ns  (arrival time - required time)
  Source:                 top_i/StreamingDataflowPartition_1/inst/StreamingDataflowPartition_1_MVAU_hls_0/StreamingDataflowPartition_1_MVAU_hls_0/inst/regslice_both_in1_V_U/B_V_data_1_payload_A_reg[919]/C
                            (rising edge-triggered cell FDRE clocked by clk_fpga_0  {rise@0.000ns fall@5.000ns period=10.000ns})
  Destination:            top_i/StreamingDataflowPartition_1/inst/StreamingDataflowPartition_1_MVAU_hls_0/StreamingDataflowPartition_1_MVAU_hls_0/inst/grp_Matrix_Vector_Activate_Stream_Batch_fu_30/add_ln169_972_reg_127958_reg[0]/D
                            (rising edge-triggered cell FDRE clocked by clk_fpga_0  {rise@0.000ns fall@5.000ns period=10.000ns})
  Path Group:             clk_fpga_0
  Path Type:              Hold (Min at Fast Process Corner)
  Requirement:            0.000ns  (clk_fpga_0 rise@0.000ns - clk_fpga_0 rise@0.000ns)
  Data Path Delay:        0.430ns  (logic 0.226ns (52.585%)  route 0.204ns (47.415%))
  Logic Levels:           1  (LUT6=1)
  Clock Path Skew:        0.258ns (DCD - SCD - CPR)
    Destination Clock Delay (DCD):    1.191ns
    Source Clock Delay      (SCD):    0.898ns
    Clock Pessimism Removal (CPR):    0.035ns

    Location             Delay type                Incr(ns)  Path(ns)    Netlist Resource(s)
  -------------------------------------------------------------------    -------------------
                         (clock clk_fpga_0 rise edge)
                                                      0.000     0.000 r  
    PS7_X0Y0             PS7                          0.000     0.000 r  top_i/zynq_ps/inst/PS7_i/FCLKCLK[0]
                         net (fo=1, routed)           0.310     0.310    top_i/zynq_ps/inst/FCLK_CLK_unbuffered[0]
    BUFGCTRL_X0Y16       BUFG (Prop_bufg_I_O)         0.026     0.336 r  top_i/zynq_ps/inst/buffer_fclk_clk_0.FCLK_CLK_0_BUFG/O
                         net (fo=53700, routed)       0.562     0.898    top_i/StreamingDataflowPartition_1/inst/StreamingDataflowPartition_1_MVAU_hls_0/StreamingDataflowPartition_1_MVAU_hls_0/inst/regslice_both_in1_V_U/ap_clk
    SLICE_X48Y1          FDRE                                         r  top_i/StreamingDataflowPartition_1/inst/StreamingDataflowPartition_1_MVAU_hls_0/StreamingDataflowPartition_1_MVAU_hls_0/inst/regslice_both_in1_V_U/B_V_data_1_payload_A_reg[919]/C
  -------------------------------------------------------------------    -------------------
    SLICE_X48Y1          FDRE (Prop_fdre_C_Q)         0.128     1.026 r  top_i/StreamingDataflowPartition_1/inst/StreamingDataflowPartition_1_MVAU_hls_0/StreamingDataflowPartition_1_MVAU_hls_0/inst/regslice_both_in1_V_U/B_V_data_1_payload_A_reg[919]/Q
                         net (fo=2, routed)           0.204     1.229    top_i/StreamingDataflowPartition_1/inst/StreamingDataflowPartition_1_MVAU_hls_0/StreamingDataflowPartition_1_MVAU_hls_0/inst/regslice_both_in1_V_U/B_V_data_1_payload_A[919]
    SLICE_X50Y3          LUT6 (Prop_lut6_I1_O)        0.098     1.327 r  top_i/StreamingDataflowPartition_1/inst/StreamingDataflowPartition_1_MVAU_hls_0/StreamingDataflowPartition_1_MVAU_hls_0/inst/regslice_both_in1_V_U/add_ln169_972_reg_127958[0]_i_1/O
                         net (fo=1, routed)           0.000     1.327    top_i/StreamingDataflowPartition_1/inst/StreamingDataflowPartition_1_MVAU_hls_0/StreamingDataflowPartition_1_MVAU_hls_0/inst/grp_Matrix_Vector_Activate_Stream_Batch_fu_30/add_ln169_972_reg_127958_reg[1]_0[0]
    SLICE_X50Y3          FDRE                                         r  top_i/StreamingDataflowPartition_1/inst/StreamingDataflowPartition_1_MVAU_hls_0/StreamingDataflowPartition_1_MVAU_hls_0/inst/grp_Matrix_Vector_Activate_Stream_Batch_fu_30/add_ln169_972_reg_127958_reg[0]/D
  -------------------------------------------------------------------    -------------------

                         (clock clk_fpga_0 rise edge)
                                                      0.000     0.000 r  
    PS7_X0Y0             PS7                          0.000     0.000 r  top_i/zynq_ps/inst/PS7_i/FCLKCLK[0]
                         net (fo=1, routed)           0.337     0.337    top_i/zynq_ps/inst/FCLK_CLK_unbuffered[0]
    BUFGCTRL_X0Y16       BUFG (Prop_bufg_I_O)         0.029     0.366 r  top_i/zynq_ps/inst/buffer_fclk_clk_0.FCLK_CLK_0_BUFG/O
                         net (fo=53700, routed)       0.825     1.191    top_i/StreamingDataflowPartition_1/inst/StreamingDataflowPartition_1_MVAU_hls_0/StreamingDataflowPartition_1_MVAU_hls_0/inst/grp_Matrix_Vector_Activate_Stream_Batch_fu_30/ap_clk
    SLICE_X50Y3          FDRE                                         r  top_i/StreamingDataflowPartition_1/inst/StreamingDataflowPartition_1_MVAU_hls_0/StreamingDataflowPartition_1_MVAU_hls_0/inst/grp_Matrix_Vector_Activate_Stream_Batch_fu_30/add_ln169_972_reg_127958_reg[0]/C
                         clock pessimism             -0.035     1.156    
    SLICE_X50Y3          FDRE (Hold_fdre_C_D)         0.120     1.276    top_i/StreamingDataflowPartition_1/inst/StreamingDataflowPartition_1_MVAU_hls_0/StreamingDataflowPartition_1_MVAU_hls_0/inst/grp_Matrix_Vector_Activate_Stream_Batch_fu_30/add_ln169_972_reg_127958_reg[0]
  -------------------------------------------------------------------
                         required time                         -1.276    
                         arrival time                           1.327    
  -------------------------------------------------------------------
                         slack                                  0.051    

Slack (MET) :             0.051ns  (arrival time - required time)
  Source:                 top_i/StreamingDataflowPartition_1/inst/StreamingDataflowPartition_1_MVAU_hls_1/StreamingDataflowPartition_1_MVAU_hls_1_wstrm/inst/core/genUnpumped.mem/blkMem.Dat3_reg[261]/C
                            (rising edge-triggered cell FDRE clocked by clk_fpga_0  {rise@0.000ns fall@5.000ns period=10.000ns})
  Destination:            top_i/StreamingDataflowPartition_1/inst/StreamingDataflowPartition_1_MVAU_hls_1/StreamingDataflowPartition_1_MVAU_hls_1_wstrm/inst/core/genUnpumped.mem/blkStreamOut.OSrl_reg[6][261]_srl7/D
                            (rising edge-triggered cell SRL16E clocked by clk_fpga_0  {rise@0.000ns fall@5.000ns period=10.000ns})
  Path Group:             clk_fpga_0
  Path Type:              Hold (Min at Fast Process Corner)
  Requirement:            0.000ns  (clk_fpga_0 rise@0.000ns - clk_fpga_0 rise@0.000ns)
  Data Path Delay:        0.426ns  (logic 0.141ns (33.116%)  route 0.285ns (66.884%))
  Logic Levels:           0  
  Clock Path Skew:        0.259ns (DCD - SCD - CPR)
    Destination Clock Delay (DCD):    1.182ns
    Source Clock Delay      (SCD):    0.888ns
    Clock Pessimism Removal (CPR):    0.035ns

    Location             Delay type                Incr(ns)  Path(ns)    Netlist Resource(s)
  -------------------------------------------------------------------    -------------------
                         (clock clk_fpga_0 rise edge)
                                                      0.000     0.000 r  
    PS7_X0Y0             PS7                          0.000     0.000 r  top_i/zynq_ps/inst/PS7_i/FCLKCLK[0]
                         net (fo=1, routed)           0.310     0.310    top_i/zynq_ps/inst/FCLK_CLK_unbuffered[0]
    BUFGCTRL_X0Y16       BUFG (Prop_bufg_I_O)         0.026     0.336 r  top_i/zynq_ps/inst/buffer_fclk_clk_0.FCLK_CLK_0_BUFG/O
                         net (fo=53700, routed)       0.552     0.888    top_i/StreamingDataflowPartition_1/inst/StreamingDataflowPartition_1_MVAU_hls_1/StreamingDataflowPartition_1_MVAU_hls_1_wstrm/inst/core/genUnpumped.mem/ap_clk
    SLICE_X40Y85         FDRE                                         r  top_i/StreamingDataflowPartition_1/inst/StreamingDataflowPartition_1_MVAU_hls_1/StreamingDataflowPartition_1_MVAU_hls_1_wstrm/inst/core/genUnpumped.mem/blkMem.Dat3_reg[261]/C
  -------------------------------------------------------------------    -------------------
    SLICE_X40Y85         FDRE (Prop_fdre_C_Q)         0.141     1.029 r  top_i/StreamingDataflowPartition_1/inst/StreamingDataflowPartition_1_MVAU_hls_1/StreamingDataflowPartition_1_MVAU_hls_1_wstrm/inst/core/genUnpumped.mem/blkMem.Dat3_reg[261]/Q
                         net (fo=1, routed)           0.285     1.313    top_i/StreamingDataflowPartition_1/inst/StreamingDataflowPartition_1_MVAU_hls_1/StreamingDataflowPartition_1_MVAU_hls_1_wstrm/inst/core/genUnpumped.mem/mem_q0[261]
    SLICE_X50Y87         SRL16E                                       r  top_i/StreamingDataflowPartition_1/inst/StreamingDataflowPartition_1_MVAU_hls_1/StreamingDataflowPartition_1_MVAU_hls_1_wstrm/inst/core/genUnpumped.mem/blkStreamOut.OSrl_reg[6][261]_srl7/D
  -------------------------------------------------------------------    -------------------

                         (clock clk_fpga_0 rise edge)
                                                      0.000     0.000 r  
    PS7_X0Y0             PS7                          0.000     0.000 r  top_i/zynq_ps/inst/PS7_i/FCLKCLK[0]
                         net (fo=1, routed)           0.337     0.337    top_i/zynq_ps/inst/FCLK_CLK_unbuffered[0]
    BUFGCTRL_X0Y16       BUFG (Prop_bufg_I_O)         0.029     0.366 r  top_i/zynq_ps/inst/buffer_fclk_clk_0.FCLK_CLK_0_BUFG/O
                         net (fo=53700, routed)       0.816     1.182    top_i/StreamingDataflowPartition_1/inst/StreamingDataflowPartition_1_MVAU_hls_1/StreamingDataflowPartition_1_MVAU_hls_1_wstrm/inst/core/genUnpumped.mem/ap_clk
    SLICE_X50Y87         SRL16E                                       r  top_i/StreamingDataflowPartition_1/inst/StreamingDataflowPartition_1_MVAU_hls_1/StreamingDataflowPartition_1_MVAU_hls_1_wstrm/inst/core/genUnpumped.mem/blkStreamOut.OSrl_reg[6][261]_srl7/CLK
                         clock pessimism             -0.035     1.147    
    SLICE_X50Y87         SRL16E (Hold_srl16e_CLK_D)
                                                      0.115     1.262    top_i/StreamingDataflowPartition_1/inst/StreamingDataflowPartition_1_MVAU_hls_1/StreamingDataflowPartition_1_MVAU_hls_1_wstrm/inst/core/genUnpumped.mem/blkStreamOut.OSrl_reg[6][261]_srl7
  -------------------------------------------------------------------
                         required time                         -1.262    
                         arrival time                           1.313    
  -------------------------------------------------------------------
                         slack                                  0.051    

Slack (MET) :             0.052ns  (arrival time - required time)
  Source:                 top_i/StreamingDataflowPartition_1/inst/StreamingDataflowPartition_1_MVAU_hls_3/StreamingDataflowPartition_1_MVAU_hls_3_wstrm/inst/core/genUnpumped.mem/blkStreamOut.ODat_reg[127]/C
                            (rising edge-triggered cell FDRE clocked by clk_fpga_0  {rise@0.000ns fall@5.000ns period=10.000ns})
  Destination:            top_i/StreamingDataflowPartition_1/inst/StreamingDataflowPartition_1_MVAU_hls_3/StreamingDataflowPartition_1_MVAU_hls_3/inst/regslice_both_in1_V_U/B_V_data_1_payload_A_reg[127]/D
                            (rising edge-triggered cell FDRE clocked by clk_fpga_0  {rise@0.000ns fall@5.000ns period=10.000ns})
  Path Group:             clk_fpga_0
  Path Type:              Hold (Min at Fast Process Corner)
  Requirement:            0.000ns  (clk_fpga_0 rise@0.000ns - clk_fpga_0 rise@0.000ns)
  Data Path Delay:        0.390ns  (logic 0.164ns (42.072%)  route 0.226ns (57.928%))
  Logic Levels:           0  
  Clock Path Skew:        0.268ns (DCD - SCD - CPR)
    Destination Clock Delay (DCD):    1.275ns
    Source Clock Delay      (SCD):    0.968ns
    Clock Pessimism Removal (CPR):    0.039ns

    Location             Delay type                Incr(ns)  Path(ns)    Netlist Resource(s)
  -------------------------------------------------------------------    -------------------
                         (clock clk_fpga_0 rise edge)
                                                      0.000     0.000 r  
    PS7_X0Y0             PS7                          0.000     0.000 r  top_i/zynq_ps/inst/PS7_i/FCLKCLK[0]
                         net (fo=1, routed)           0.310     0.310    top_i/zynq_ps/inst/FCLK_CLK_unbuffered[0]
    BUFGCTRL_X0Y16       BUFG (Prop_bufg_I_O)         0.026     0.336 r  top_i/zynq_ps/inst/buffer_fclk_clk_0.FCLK_CLK_0_BUFG/O
                         net (fo=53700, routed)       0.632     0.968    top_i/StreamingDataflowPartition_1/inst/StreamingDataflowPartition_1_MVAU_hls_3/StreamingDataflowPartition_1_MVAU_hls_3_wstrm/inst/core/genUnpumped.mem/ap_clk
    SLICE_X50Y139        FDRE                                         r  top_i/StreamingDataflowPartition_1/inst/StreamingDataflowPartition_1_MVAU_hls_3/StreamingDataflowPartition_1_MVAU_hls_3_wstrm/inst/core/genUnpumped.mem/blkStreamOut.ODat_reg[127]/C
  -------------------------------------------------------------------    -------------------
    SLICE_X50Y139        FDRE (Prop_fdre_C_Q)         0.164     1.132 r  top_i/StreamingDataflowPartition_1/inst/StreamingDataflowPartition_1_MVAU_hls_3/StreamingDataflowPartition_1_MVAU_hls_3_wstrm/inst/core/genUnpumped.mem/blkStreamOut.ODat_reg[127]/Q
                         net (fo=2, routed)           0.226     1.358    top_i/StreamingDataflowPartition_1/inst/StreamingDataflowPartition_1_MVAU_hls_3/StreamingDataflowPartition_1_MVAU_hls_3/inst/regslice_both_in1_V_U/in1_V_TDATA[94]
    SLICE_X48Y141        FDRE                                         r  top_i/StreamingDataflowPartition_1/inst/StreamingDataflowPartition_1_MVAU_hls_3/StreamingDataflowPartition_1_MVAU_hls_3/inst/regslice_both_in1_V_U/B_V_data_1_payload_A_reg[127]/D
  -------------------------------------------------------------------    -------------------

                         (clock clk_fpga_0 rise edge)
                                                      0.000     0.000 r  
    PS7_X0Y0             PS7                          0.000     0.000 r  top_i/zynq_ps/inst/PS7_i/FCLKCLK[0]
                         net (fo=1, routed)           0.337     0.337    top_i/zynq_ps/inst/FCLK_CLK_unbuffered[0]
    BUFGCTRL_X0Y16       BUFG (Prop_bufg_I_O)         0.029     0.366 r  top_i/zynq_ps/inst/buffer_fclk_clk_0.FCLK_CLK_0_BUFG/O
                         net (fo=53700, routed)       0.909     1.275    top_i/StreamingDataflowPartition_1/inst/StreamingDataflowPartition_1_MVAU_hls_3/StreamingDataflowPartition_1_MVAU_hls_3/inst/regslice_both_in1_V_U/ap_clk
    SLICE_X48Y141        FDRE                                         r  top_i/StreamingDataflowPartition_1/inst/StreamingDataflowPartition_1_MVAU_hls_3/StreamingDataflowPartition_1_MVAU_hls_3/inst/regslice_both_in1_V_U/B_V_data_1_payload_A_reg[127]/C
                         clock pessimism             -0.039     1.236    
    SLICE_X48Y141        FDRE (Hold_fdre_C_D)         0.070     1.306    top_i/StreamingDataflowPartition_1/inst/StreamingDataflowPartition_1_MVAU_hls_3/StreamingDataflowPartition_1_MVAU_hls_3/inst/regslice_both_in1_V_U/B_V_data_1_payload_A_reg[127]
  -------------------------------------------------------------------
                         required time                         -1.306    
                         arrival time                           1.358    
  -------------------------------------------------------------------
                         slack                                  0.052    

Slack (MET) :             0.052ns  (arrival time - required time)
  Source:                 top_i/StreamingDataflowPartition_1/inst/StreamingDataflowPartition_1_MVAU_hls_2/StreamingDataflowPartition_1_MVAU_hls_2_wstrm/inst/core/genUnpumped.mem/blkStreamOut.ODat_reg[561]/C
                            (rising edge-triggered cell FDRE clocked by clk_fpga_0  {rise@0.000ns fall@5.000ns period=10.000ns})
  Destination:            top_i/StreamingDataflowPartition_1/inst/StreamingDataflowPartition_1_MVAU_hls_2/StreamingDataflowPartition_1_MVAU_hls_2/inst/regslice_both_in1_V_U/B_V_data_1_payload_B_reg[561]/D
                            (rising edge-triggered cell FDRE clocked by clk_fpga_0  {rise@0.000ns fall@5.000ns period=10.000ns})
  Path Group:             clk_fpga_0
  Path Type:              Hold (Min at Fast Process Corner)
  Requirement:            0.000ns  (clk_fpga_0 rise@0.000ns - clk_fpga_0 rise@0.000ns)
  Data Path Delay:        0.389ns  (logic 0.164ns (42.129%)  route 0.225ns (57.871%))
  Logic Levels:           0  
  Clock Path Skew:        0.267ns (DCD - SCD - CPR)
    Destination Clock Delay (DCD):    1.275ns
    Source Clock Delay      (SCD):    0.969ns
    Clock Pessimism Removal (CPR):    0.039ns

    Location             Delay type                Incr(ns)  Path(ns)    Netlist Resource(s)
  -------------------------------------------------------------------    -------------------
                         (clock clk_fpga_0 rise edge)
                                                      0.000     0.000 r  
    PS7_X0Y0             PS7                          0.000     0.000 r  top_i/zynq_ps/inst/PS7_i/FCLKCLK[0]
                         net (fo=1, routed)           0.310     0.310    top_i/zynq_ps/inst/FCLK_CLK_unbuffered[0]
    BUFGCTRL_X0Y16       BUFG (Prop_bufg_I_O)         0.026     0.336 r  top_i/zynq_ps/inst/buffer_fclk_clk_0.FCLK_CLK_0_BUFG/O
                         net (fo=53700, routed)       0.633     0.969    top_i/StreamingDataflowPartition_1/inst/StreamingDataflowPartition_1_MVAU_hls_2/StreamingDataflowPartition_1_MVAU_hls_2_wstrm/inst/core/genUnpumped.mem/ap_clk
    SLICE_X50Y107        FDRE                                         r  top_i/StreamingDataflowPartition_1/inst/StreamingDataflowPartition_1_MVAU_hls_2/StreamingDataflowPartition_1_MVAU_hls_2_wstrm/inst/core/genUnpumped.mem/blkStreamOut.ODat_reg[561]/C
  -------------------------------------------------------------------    -------------------
    SLICE_X50Y107        FDRE (Prop_fdre_C_Q)         0.164     1.133 r  top_i/StreamingDataflowPartition_1/inst/StreamingDataflowPartition_1_MVAU_hls_2/StreamingDataflowPartition_1_MVAU_hls_2_wstrm/inst/core/genUnpumped.mem/blkStreamOut.ODat_reg[561]/Q
                         net (fo=2, routed)           0.225     1.358    top_i/StreamingDataflowPartition_1/inst/StreamingDataflowPartition_1_MVAU_hls_2/StreamingDataflowPartition_1_MVAU_hls_2/inst/regslice_both_in1_V_U/in1_V_TDATA[561]
    SLICE_X49Y108        FDRE                                         r  top_i/StreamingDataflowPartition_1/inst/StreamingDataflowPartition_1_MVAU_hls_2/StreamingDataflowPartition_1_MVAU_hls_2/inst/regslice_both_in1_V_U/B_V_data_1_payload_B_reg[561]/D
  -------------------------------------------------------------------    -------------------

                         (clock clk_fpga_0 rise edge)
                                                      0.000     0.000 r  
    PS7_X0Y0             PS7                          0.000     0.000 r  top_i/zynq_ps/inst/PS7_i/FCLKCLK[0]
                         net (fo=1, routed)           0.337     0.337    top_i/zynq_ps/inst/FCLK_CLK_unbuffered[0]
    BUFGCTRL_X0Y16       BUFG (Prop_bufg_I_O)         0.029     0.366 r  top_i/zynq_ps/inst/buffer_fclk_clk_0.FCLK_CLK_0_BUFG/O
                         net (fo=53700, routed)       0.909     1.275    top_i/StreamingDataflowPartition_1/inst/StreamingDataflowPartition_1_MVAU_hls_2/StreamingDataflowPartition_1_MVAU_hls_2/inst/regslice_both_in1_V_U/ap_clk
    SLICE_X49Y108        FDRE                                         r  top_i/StreamingDataflowPartition_1/inst/StreamingDataflowPartition_1_MVAU_hls_2/StreamingDataflowPartition_1_MVAU_hls_2/inst/regslice_both_in1_V_U/B_V_data_1_payload_B_reg[561]/C
                         clock pessimism             -0.039     1.236    
    SLICE_X49Y108        FDRE (Hold_fdre_C_D)         0.070     1.306    top_i/StreamingDataflowPartition_1/inst/StreamingDataflowPartition_1_MVAU_hls_2/StreamingDataflowPartition_1_MVAU_hls_2/inst/regslice_both_in1_V_U/B_V_data_1_payload_B_reg[561]
  -------------------------------------------------------------------
                         required time                         -1.306    
                         arrival time                           1.358    
  -------------------------------------------------------------------
                         slack                                  0.052    

Slack (MET) :             0.053ns  (arrival time - required time)
  Source:                 top_i/StreamingDataflowPartition_1/inst/StreamingDataflowPartition_1_MVAU_hls_3/StreamingDataflowPartition_1_MVAU_hls_3_wstrm/inst/core/genUnpumped.mem/blkStreamOut.ODat_reg[110]/C
                            (rising edge-triggered cell FDRE clocked by clk_fpga_0  {rise@0.000ns fall@5.000ns period=10.000ns})
  Destination:            top_i/StreamingDataflowPartition_1/inst/StreamingDataflowPartition_1_MVAU_hls_3/StreamingDataflowPartition_1_MVAU_hls_3/inst/regslice_both_in1_V_U/B_V_data_1_payload_A_reg[110]/D
                            (rising edge-triggered cell FDRE clocked by clk_fpga_0  {rise@0.000ns fall@5.000ns period=10.000ns})
  Path Group:             clk_fpga_0
  Path Type:              Hold (Min at Fast Process Corner)
  Requirement:            0.000ns  (clk_fpga_0 rise@0.000ns - clk_fpga_0 rise@0.000ns)
  Data Path Delay:        0.313ns  (logic 0.148ns (47.299%)  route 0.165ns (52.701%))
  Logic Levels:           0  
  Clock Path Skew:        0.267ns (DCD - SCD - CPR)
    Destination Clock Delay (DCD):    1.274ns
    Source Clock Delay      (SCD):    0.968ns
    Clock Pessimism Removal (CPR):    0.039ns

    Location             Delay type                Incr(ns)  Path(ns)    Netlist Resource(s)
  -------------------------------------------------------------------    -------------------
                         (clock clk_fpga_0 rise edge)
                                                      0.000     0.000 r  
    PS7_X0Y0             PS7                          0.000     0.000 r  top_i/zynq_ps/inst/PS7_i/FCLKCLK[0]
                         net (fo=1, routed)           0.310     0.310    top_i/zynq_ps/inst/FCLK_CLK_unbuffered[0]
    BUFGCTRL_X0Y16       BUFG (Prop_bufg_I_O)         0.026     0.336 r  top_i/zynq_ps/inst/buffer_fclk_clk_0.FCLK_CLK_0_BUFG/O
                         net (fo=53700, routed)       0.632     0.968    top_i/StreamingDataflowPartition_1/inst/StreamingDataflowPartition_1_MVAU_hls_3/StreamingDataflowPartition_1_MVAU_hls_3_wstrm/inst/core/genUnpumped.mem/ap_clk
    SLICE_X50Y138        FDRE                                         r  top_i/StreamingDataflowPartition_1/inst/StreamingDataflowPartition_1_MVAU_hls_3/StreamingDataflowPartition_1_MVAU_hls_3_wstrm/inst/core/genUnpumped.mem/blkStreamOut.ODat_reg[110]/C
  -------------------------------------------------------------------    -------------------
    SLICE_X50Y138        FDRE (Prop_fdre_C_Q)         0.148     1.116 r  top_i/StreamingDataflowPartition_1/inst/StreamingDataflowPartition_1_MVAU_hls_3/StreamingDataflowPartition_1_MVAU_hls_3_wstrm/inst/core/genUnpumped.mem/blkStreamOut.ODat_reg[110]/Q
                         net (fo=2, routed)           0.165     1.281    top_i/StreamingDataflowPartition_1/inst/StreamingDataflowPartition_1_MVAU_hls_3/StreamingDataflowPartition_1_MVAU_hls_3/inst/regslice_both_in1_V_U/in1_V_TDATA[81]
    SLICE_X49Y139        FDRE                                         r  top_i/StreamingDataflowPartition_1/inst/StreamingDataflowPartition_1_MVAU_hls_3/StreamingDataflowPartition_1_MVAU_hls_3/inst/regslice_both_in1_V_U/B_V_data_1_payload_A_reg[110]/D
  -------------------------------------------------------------------    -------------------

                         (clock clk_fpga_0 rise edge)
                                                      0.000     0.000 r  
    PS7_X0Y0             PS7                          0.000     0.000 r  top_i/zynq_ps/inst/PS7_i/FCLKCLK[0]
                         net (fo=1, routed)           0.337     0.337    top_i/zynq_ps/inst/FCLK_CLK_unbuffered[0]
    BUFGCTRL_X0Y16       BUFG (Prop_bufg_I_O)         0.029     0.366 r  top_i/zynq_ps/inst/buffer_fclk_clk_0.FCLK_CLK_0_BUFG/O
                         net (fo=53700, routed)       0.908     1.274    top_i/StreamingDataflowPartition_1/inst/StreamingDataflowPartition_1_MVAU_hls_3/StreamingDataflowPartition_1_MVAU_hls_3/inst/regslice_both_in1_V_U/ap_clk
    SLICE_X49Y139        FDRE                                         r  top_i/StreamingDataflowPartition_1/inst/StreamingDataflowPartition_1_MVAU_hls_3/StreamingDataflowPartition_1_MVAU_hls_3/inst/regslice_both_in1_V_U/B_V_data_1_payload_A_reg[110]/C
                         clock pessimism             -0.039     1.235    
    SLICE_X49Y139        FDRE (Hold_fdre_C_D)        -0.007     1.228    top_i/StreamingDataflowPartition_1/inst/StreamingDataflowPartition_1_MVAU_hls_3/StreamingDataflowPartition_1_MVAU_hls_3/inst/regslice_both_in1_V_U/B_V_data_1_payload_A_reg[110]
  -------------------------------------------------------------------
                         required time                         -1.228    
                         arrival time                           1.281    
  -------------------------------------------------------------------
                         slack                                  0.053    

Slack (MET) :             0.053ns  (arrival time - required time)
  Source:                 top_i/StreamingDataflowPartition_1/inst/StreamingDataflowPartition_1_MVAU_hls_2/StreamingDataflowPartition_1_MVAU_hls_2/inst/regslice_both_in1_V_U/B_V_data_1_payload_B_reg[109]/C
                            (rising edge-triggered cell FDRE clocked by clk_fpga_0  {rise@0.000ns fall@5.000ns period=10.000ns})
  Destination:            top_i/StreamingDataflowPartition_1/inst/StreamingDataflowPartition_1_MVAU_hls_2/StreamingDataflowPartition_1_MVAU_hls_2/inst/grp_Matrix_Vector_Activate_Stream_Batch_fu_30/add_ln169_123_reg_37866_reg[1]/D
                            (rising edge-triggered cell FDRE clocked by clk_fpga_0  {rise@0.000ns fall@5.000ns period=10.000ns})
  Path Group:             clk_fpga_0
  Path Type:              Hold (Min at Fast Process Corner)
  Requirement:            0.000ns  (clk_fpga_0 rise@0.000ns - clk_fpga_0 rise@0.000ns)
  Data Path Delay:        0.327ns  (logic 0.186ns (56.921%)  route 0.141ns (43.079%))
  Logic Levels:           1  (LUT6=1)
  Clock Path Skew:        0.182ns (DCD - SCD - CPR)
    Destination Clock Delay (DCD):    1.219ns
    Source Clock Delay      (SCD):    1.002ns
    Clock Pessimism Removal (CPR):    0.035ns

    Location             Delay type                Incr(ns)  Path(ns)    Netlist Resource(s)
  -------------------------------------------------------------------    -------------------
                         (clock clk_fpga_0 rise edge)
                                                      0.000     0.000 r  
    PS7_X0Y0             PS7                          0.000     0.000 r  top_i/zynq_ps/inst/PS7_i/FCLKCLK[0]
                         net (fo=1, routed)           0.310     0.310    top_i/zynq_ps/inst/FCLK_CLK_unbuffered[0]
    BUFGCTRL_X0Y16       BUFG (Prop_bufg_I_O)         0.026     0.336 r  top_i/zynq_ps/inst/buffer_fclk_clk_0.FCLK_CLK_0_BUFG/O
                         net (fo=53700, routed)       0.666     1.002    top_i/StreamingDataflowPartition_1/inst/StreamingDataflowPartition_1_MVAU_hls_2/StreamingDataflowPartition_1_MVAU_hls_2/inst/regslice_both_in1_V_U/ap_clk
    SLICE_X84Y100        FDRE                                         r  top_i/StreamingDataflowPartition_1/inst/StreamingDataflowPartition_1_MVAU_hls_2/StreamingDataflowPartition_1_MVAU_hls_2/inst/regslice_both_in1_V_U/B_V_data_1_payload_B_reg[109]/C
  -------------------------------------------------------------------    -------------------
    SLICE_X84Y100        FDRE (Prop_fdre_C_Q)         0.141     1.143 r  top_i/StreamingDataflowPartition_1/inst/StreamingDataflowPartition_1_MVAU_hls_2/StreamingDataflowPartition_1_MVAU_hls_2/inst/regslice_both_in1_V_U/B_V_data_1_payload_B_reg[109]/Q
                         net (fo=2, routed)           0.141     1.284    top_i/StreamingDataflowPartition_1/inst/StreamingDataflowPartition_1_MVAU_hls_2/StreamingDataflowPartition_1_MVAU_hls_2/inst/regslice_both_in1_V_U/B_V_data_1_payload_B_reg_n_3_[109]
    SLICE_X83Y99         LUT6 (Prop_lut6_I4_O)        0.045     1.329 r  top_i/StreamingDataflowPartition_1/inst/StreamingDataflowPartition_1_MVAU_hls_2/StreamingDataflowPartition_1_MVAU_hls_2/inst/regslice_both_in1_V_U/add_ln169_123_reg_37866[1]_i_1/O
                         net (fo=1, routed)           0.000     1.329    top_i/StreamingDataflowPartition_1/inst/StreamingDataflowPartition_1_MVAU_hls_2/StreamingDataflowPartition_1_MVAU_hls_2/inst/grp_Matrix_Vector_Activate_Stream_Batch_fu_30/add_ln169_123_reg_37866_reg[1]_0[1]
    SLICE_X83Y99         FDRE                                         r  top_i/StreamingDataflowPartition_1/inst/StreamingDataflowPartition_1_MVAU_hls_2/StreamingDataflowPartition_1_MVAU_hls_2/inst/grp_Matrix_Vector_Activate_Stream_Batch_fu_30/add_ln169_123_reg_37866_reg[1]/D
  -------------------------------------------------------------------    -------------------

                         (clock clk_fpga_0 rise edge)
                                                      0.000     0.000 r  
    PS7_X0Y0             PS7                          0.000     0.000 r  top_i/zynq_ps/inst/PS7_i/FCLKCLK[0]
                         net (fo=1, routed)           0.337     0.337    top_i/zynq_ps/inst/FCLK_CLK_unbuffered[0]
    BUFGCTRL_X0Y16       BUFG (Prop_bufg_I_O)         0.029     0.366 r  top_i/zynq_ps/inst/buffer_fclk_clk_0.FCLK_CLK_0_BUFG/O
                         net (fo=53700, routed)       0.853     1.219    top_i/StreamingDataflowPartition_1/inst/StreamingDataflowPartition_1_MVAU_hls_2/StreamingDataflowPartition_1_MVAU_hls_2/inst/grp_Matrix_Vector_Activate_Stream_Batch_fu_30/ap_clk
    SLICE_X83Y99         FDRE                                         r  top_i/StreamingDataflowPartition_1/inst/StreamingDataflowPartition_1_MVAU_hls_2/StreamingDataflowPartition_1_MVAU_hls_2/inst/grp_Matrix_Vector_Activate_Stream_Batch_fu_30/add_ln169_123_reg_37866_reg[1]/C
                         clock pessimism             -0.035     1.184    
    SLICE_X83Y99         FDRE (Hold_fdre_C_D)         0.092     1.276    top_i/StreamingDataflowPartition_1/inst/StreamingDataflowPartition_1_MVAU_hls_2/StreamingDataflowPartition_1_MVAU_hls_2/inst/grp_Matrix_Vector_Activate_Stream_Batch_fu_30/add_ln169_123_reg_37866_reg[1]
  -------------------------------------------------------------------
                         required time                         -1.276    
                         arrival time                           1.329    
  -------------------------------------------------------------------
                         slack                                  0.053    

Slack (MET) :             0.053ns  (arrival time - required time)
  Source:                 top_i/StreamingDataflowPartition_1/inst/StreamingDataflowPartition_1_MVAU_hls_0/StreamingDataflowPartition_1_MVAU_hls_0_wstrm/inst/core/genUnpumped.mem/blkMem.Dat3_reg[2175]/C
                            (rising edge-triggered cell FDRE clocked by clk_fpga_0  {rise@0.000ns fall@5.000ns period=10.000ns})
  Destination:            top_i/StreamingDataflowPartition_1/inst/StreamingDataflowPartition_1_MVAU_hls_0/StreamingDataflowPartition_1_MVAU_hls_0_wstrm/inst/core/genUnpumped.mem/blkStreamOut.OSrl_reg[6][2175]_srl7/D
                            (rising edge-triggered cell SRL16E clocked by clk_fpga_0  {rise@0.000ns fall@5.000ns period=10.000ns})
  Path Group:             clk_fpga_0
  Path Type:              Hold (Min at Fast Process Corner)
  Requirement:            0.000ns  (clk_fpga_0 rise@0.000ns - clk_fpga_0 rise@0.000ns)
  Data Path Delay:        0.251ns  (logic 0.141ns (56.174%)  route 0.110ns (43.826%))
  Logic Levels:           0  
  Clock Path Skew:        0.015ns (DCD - SCD - CPR)
    Destination Clock Delay (DCD):    1.260ns
    Source Clock Delay      (SCD):    0.961ns
    Clock Pessimism Removal (CPR):    0.284ns

    Location             Delay type                Incr(ns)  Path(ns)    Netlist Resource(s)
  -------------------------------------------------------------------    -------------------
                         (clock clk_fpga_0 rise edge)
                                                      0.000     0.000 r  
    PS7_X0Y0             PS7                          0.000     0.000 r  top_i/zynq_ps/inst/PS7_i/FCLKCLK[0]
                         net (fo=1, routed)           0.310     0.310    top_i/zynq_ps/inst/FCLK_CLK_unbuffered[0]
    BUFGCTRL_X0Y16       BUFG (Prop_bufg_I_O)         0.026     0.336 r  top_i/zynq_ps/inst/buffer_fclk_clk_0.FCLK_CLK_0_BUFG/O
                         net (fo=53700, routed)       0.625     0.961    top_i/StreamingDataflowPartition_1/inst/StreamingDataflowPartition_1_MVAU_hls_0/StreamingDataflowPartition_1_MVAU_hls_0_wstrm/inst/core/genUnpumped.mem/ap_clk
    SLICE_X3Y43          FDRE                                         r  top_i/StreamingDataflowPartition_1/inst/StreamingDataflowPartition_1_MVAU_hls_0/StreamingDataflowPartition_1_MVAU_hls_0_wstrm/inst/core/genUnpumped.mem/blkMem.Dat3_reg[2175]/C
  -------------------------------------------------------------------    -------------------
    SLICE_X3Y43          FDRE (Prop_fdre_C_Q)         0.141     1.102 r  top_i/StreamingDataflowPartition_1/inst/StreamingDataflowPartition_1_MVAU_hls_0/StreamingDataflowPartition_1_MVAU_hls_0_wstrm/inst/core/genUnpumped.mem/blkMem.Dat3_reg[2175]/Q
                         net (fo=1, routed)           0.110     1.212    top_i/StreamingDataflowPartition_1/inst/StreamingDataflowPartition_1_MVAU_hls_0/StreamingDataflowPartition_1_MVAU_hls_0_wstrm/inst/core/genUnpumped.mem/mem_q0[2175]
    SLICE_X2Y42          SRL16E                                       r  top_i/StreamingDataflowPartition_1/inst/StreamingDataflowPartition_1_MVAU_hls_0/StreamingDataflowPartition_1_MVAU_hls_0_wstrm/inst/core/genUnpumped.mem/blkStreamOut.OSrl_reg[6][2175]_srl7/D
  -------------------------------------------------------------------    -------------------

                         (clock clk_fpga_0 rise edge)
                                                      0.000     0.000 r  
    PS7_X0Y0             PS7                          0.000     0.000 r  top_i/zynq_ps/inst/PS7_i/FCLKCLK[0]
                         net (fo=1, routed)           0.337     0.337    top_i/zynq_ps/inst/FCLK_CLK_unbuffered[0]
    BUFGCTRL_X0Y16       BUFG (Prop_bufg_I_O)         0.029     0.366 r  top_i/zynq_ps/inst/buffer_fclk_clk_0.FCLK_CLK_0_BUFG/O
                         net (fo=53700, routed)       0.894     1.260    top_i/StreamingDataflowPartition_1/inst/StreamingDataflowPartition_1_MVAU_hls_0/StreamingDataflowPartition_1_MVAU_hls_0_wstrm/inst/core/genUnpumped.mem/ap_clk
    SLICE_X2Y42          SRL16E                                       r  top_i/StreamingDataflowPartition_1/inst/StreamingDataflowPartition_1_MVAU_hls_0/StreamingDataflowPartition_1_MVAU_hls_0_wstrm/inst/core/genUnpumped.mem/blkStreamOut.OSrl_reg[6][2175]_srl7/CLK
                         clock pessimism             -0.284     0.976    
    SLICE_X2Y42          SRL16E (Hold_srl16e_CLK_D)
                                                      0.183     1.159    top_i/StreamingDataflowPartition_1/inst/StreamingDataflowPartition_1_MVAU_hls_0/StreamingDataflowPartition_1_MVAU_hls_0_wstrm/inst/core/genUnpumped.mem/blkStreamOut.OSrl_reg[6][2175]_srl7
  -------------------------------------------------------------------
                         required time                         -1.159    
                         arrival time                           1.212    
  -------------------------------------------------------------------
                         slack                                  0.053    





Pulse Width Checks
--------------------------------------------------------------------------------------
Clock Name:         clk_fpga_0
Waveform(ns):       { 0.000 5.000 }
Period(ns):         10.000
Sources:            { top_i/zynq_ps/inst/PS7_i/FCLKCLK[0] }

Check Type        Corner  Lib Pin             Reference Pin  Required(ns)  Actual(ns)  Slack(ns)  Location       Pin
Min Period        n/a     RAMB36E1/CLKARDCLK  n/a            2.944         10.000      7.056      RAMB36_X3Y2    top_i/StreamingDataflowPartition_1/inst/StreamingDataflowPartition_1_MVAU_hls_0/StreamingDataflowPartition_1_MVAU_hls_0_wstrm/inst/core/genUnpumped.mem/blkMem.Mem_reg_0/CLKARDCLK
Min Period        n/a     RAMB36E1/CLKBWRCLK  n/a            2.944         10.000      7.056      RAMB36_X3Y2    top_i/StreamingDataflowPartition_1/inst/StreamingDataflowPartition_1_MVAU_hls_0/StreamingDataflowPartition_1_MVAU_hls_0_wstrm/inst/core/genUnpumped.mem/blkMem.Mem_reg_0/CLKBWRCLK
Min Period        n/a     RAMB36E1/CLKARDCLK  n/a            2.944         10.000      7.056      RAMB36_X3Y3    top_i/StreamingDataflowPartition_1/inst/StreamingDataflowPartition_1_MVAU_hls_0/StreamingDataflowPartition_1_MVAU_hls_0_wstrm/inst/core/genUnpumped.mem/blkMem.Mem_reg_1/CLKARDCLK
Min Period        n/a     RAMB36E1/CLKBWRCLK  n/a            2.944         10.000      7.056      RAMB36_X3Y3    top_i/StreamingDataflowPartition_1/inst/StreamingDataflowPartition_1_MVAU_hls_0/StreamingDataflowPartition_1_MVAU_hls_0_wstrm/inst/core/genUnpumped.mem/blkMem.Mem_reg_1/CLKBWRCLK
Min Period        n/a     RAMB36E1/CLKARDCLK  n/a            2.944         10.000      7.056      RAMB36_X4Y1    top_i/StreamingDataflowPartition_1/inst/StreamingDataflowPartition_1_MVAU_hls_0/StreamingDataflowPartition_1_MVAU_hls_0_wstrm/inst/core/genUnpumped.mem/blkMem.Mem_reg_10/CLKARDCLK
Min Period        n/a     RAMB36E1/CLKBWRCLK  n/a            2.944         10.000      7.056      RAMB36_X4Y1    top_i/StreamingDataflowPartition_1/inst/StreamingDataflowPartition_1_MVAU_hls_0/StreamingDataflowPartition_1_MVAU_hls_0_wstrm/inst/core/genUnpumped.mem/blkMem.Mem_reg_10/CLKBWRCLK
Min Period        n/a     RAMB36E1/CLKARDCLK  n/a            2.944         10.000      7.056      RAMB36_X3Y1    top_i/StreamingDataflowPartition_1/inst/StreamingDataflowPartition_1_MVAU_hls_0/StreamingDataflowPartition_1_MVAU_hls_0_wstrm/inst/core/genUnpumped.mem/blkMem.Mem_reg_11/CLKARDCLK
Min Period        n/a     RAMB36E1/CLKBWRCLK  n/a            2.944         10.000      7.056      RAMB36_X3Y1    top_i/StreamingDataflowPartition_1/inst/StreamingDataflowPartition_1_MVAU_hls_0/StreamingDataflowPartition_1_MVAU_hls_0_wstrm/inst/core/genUnpumped.mem/blkMem.Mem_reg_11/CLKBWRCLK
Min Period        n/a     RAMB36E1/CLKARDCLK  n/a            2.944         10.000      7.056      RAMB36_X3Y0    top_i/StreamingDataflowPartition_1/inst/StreamingDataflowPartition_1_MVAU_hls_0/StreamingDataflowPartition_1_MVAU_hls_0_wstrm/inst/core/genUnpumped.mem/blkMem.Mem_reg_12/CLKARDCLK
Min Period        n/a     RAMB36E1/CLKBWRCLK  n/a            2.944         10.000      7.056      RAMB36_X3Y0    top_i/StreamingDataflowPartition_1/inst/StreamingDataflowPartition_1_MVAU_hls_0/StreamingDataflowPartition_1_MVAU_hls_0_wstrm/inst/core/genUnpumped.mem/blkMem.Mem_reg_12/CLKBWRCLK
Low Pulse Width   Slow    RAMS32/CLK          n/a            1.250         5.000       3.750      SLICE_X50Y140  top_i/StreamingDataflowPartition_1/inst/StreamingDataflowPartition_1_MVAU_hls_3/StreamingDataflowPartition_1_MVAU_hls_3_wstrm/inst/core/genUnpumped.mem/blkMem.Mem_reg_0_1_0_0/SP/CLK
Low Pulse Width   Fast    RAMS32/CLK          n/a            1.250         5.000       3.750      SLICE_X50Y140  top_i/StreamingDataflowPartition_1/inst/StreamingDataflowPartition_1_MVAU_hls_3/StreamingDataflowPartition_1_MVAU_hls_3_wstrm/inst/core/genUnpumped.mem/blkMem.Mem_reg_0_1_0_0/SP/CLK
Low Pulse Width   Slow    RAMS32/CLK          n/a            1.250         5.000       3.750      SLICE_X50Y140  top_i/StreamingDataflowPartition_1/inst/StreamingDataflowPartition_1_MVAU_hls_3/StreamingDataflowPartition_1_MVAU_hls_3_wstrm/inst/core/genUnpumped.mem/blkMem.Mem_reg_0_1_100_100/SP/CLK
Low Pulse Width   Fast    RAMS32/CLK          n/a            1.250         5.000       3.750      SLICE_X50Y140  top_i/StreamingDataflowPartition_1/inst/StreamingDataflowPartition_1_MVAU_hls_3/StreamingDataflowPartition_1_MVAU_hls_3_wstrm/inst/core/genUnpumped.mem/blkMem.Mem_reg_0_1_100_100/SP/CLK
Low Pulse Width   Slow    RAMS32/CLK          n/a            1.250         5.000       3.750      SLICE_X50Y140  top_i/StreamingDataflowPartition_1/inst/StreamingDataflowPartition_1_MVAU_hls_3/StreamingDataflowPartition_1_MVAU_hls_3_wstrm/inst/core/genUnpumped.mem/blkMem.Mem_reg_0_1_106_106/SP/CLK
Low Pulse Width   Fast    RAMS32/CLK          n/a            1.250         5.000       3.750      SLICE_X50Y140  top_i/StreamingDataflowPartition_1/inst/StreamingDataflowPartition_1_MVAU_hls_3/StreamingDataflowPartition_1_MVAU_hls_3_wstrm/inst/core/genUnpumped.mem/blkMem.Mem_reg_0_1_106_106/SP/CLK
Low Pulse Width   Slow    RAMS32/CLK          n/a            1.250         5.000       3.750      SLICE_X50Y140  top_i/StreamingDataflowPartition_1/inst/StreamingDataflowPartition_1_MVAU_hls_3/StreamingDataflowPartition_1_MVAU_hls_3_wstrm/inst/core/genUnpumped.mem/blkMem.Mem_reg_0_1_107_107/SP/CLK
Low Pulse Width   Fast    RAMS32/CLK          n/a            1.250         5.000       3.750      SLICE_X50Y140  top_i/StreamingDataflowPartition_1/inst/StreamingDataflowPartition_1_MVAU_hls_3/StreamingDataflowPartition_1_MVAU_hls_3_wstrm/inst/core/genUnpumped.mem/blkMem.Mem_reg_0_1_107_107/SP/CLK
Low Pulse Width   Slow    RAMS32/CLK          n/a            1.250         5.000       3.750      SLICE_X50Y135  top_i/StreamingDataflowPartition_1/inst/StreamingDataflowPartition_1_MVAU_hls_3/StreamingDataflowPartition_1_MVAU_hls_3_wstrm/inst/core/genUnpumped.mem/blkMem.Mem_reg_0_1_111_111/SP/CLK
Low Pulse Width   Fast    RAMS32/CLK          n/a            1.250         5.000       3.750      SLICE_X50Y135  top_i/StreamingDataflowPartition_1/inst/StreamingDataflowPartition_1_MVAU_hls_3/StreamingDataflowPartition_1_MVAU_hls_3_wstrm/inst/core/genUnpumped.mem/blkMem.Mem_reg_0_1_111_111/SP/CLK
High Pulse Width  Slow    RAMS32/CLK          n/a            1.250         5.000       3.750      SLICE_X50Y140  top_i/StreamingDataflowPartition_1/inst/StreamingDataflowPartition_1_MVAU_hls_3/StreamingDataflowPartition_1_MVAU_hls_3_wstrm/inst/core/genUnpumped.mem/blkMem.Mem_reg_0_1_0_0/SP/CLK
High Pulse Width  Fast    RAMS32/CLK          n/a            1.250         5.000       3.750      SLICE_X50Y140  top_i/StreamingDataflowPartition_1/inst/StreamingDataflowPartition_1_MVAU_hls_3/StreamingDataflowPartition_1_MVAU_hls_3_wstrm/inst/core/genUnpumped.mem/blkMem.Mem_reg_0_1_0_0/SP/CLK
High Pulse Width  Slow    RAMS32/CLK          n/a            1.250         5.000       3.750      SLICE_X50Y140  top_i/StreamingDataflowPartition_1/inst/StreamingDataflowPartition_1_MVAU_hls_3/StreamingDataflowPartition_1_MVAU_hls_3_wstrm/inst/core/genUnpumped.mem/blkMem.Mem_reg_0_1_100_100/SP/CLK
High Pulse Width  Fast    RAMS32/CLK          n/a            1.250         5.000       3.750      SLICE_X50Y140  top_i/StreamingDataflowPartition_1/inst/StreamingDataflowPartition_1_MVAU_hls_3/StreamingDataflowPartition_1_MVAU_hls_3_wstrm/inst/core/genUnpumped.mem/blkMem.Mem_reg_0_1_100_100/SP/CLK
High Pulse Width  Slow    RAMS32/CLK          n/a            1.250         5.000       3.750      SLICE_X50Y140  top_i/StreamingDataflowPartition_1/inst/StreamingDataflowPartition_1_MVAU_hls_3/StreamingDataflowPartition_1_MVAU_hls_3_wstrm/inst/core/genUnpumped.mem/blkMem.Mem_reg_0_1_106_106/SP/CLK
High Pulse Width  Fast    RAMS32/CLK          n/a            1.250         5.000       3.750      SLICE_X50Y140  top_i/StreamingDataflowPartition_1/inst/StreamingDataflowPartition_1_MVAU_hls_3/StreamingDataflowPartition_1_MVAU_hls_3_wstrm/inst/core/genUnpumped.mem/blkMem.Mem_reg_0_1_106_106/SP/CLK
High Pulse Width  Slow    RAMS32/CLK          n/a            1.250         5.000       3.750      SLICE_X50Y140  top_i/StreamingDataflowPartition_1/inst/StreamingDataflowPartition_1_MVAU_hls_3/StreamingDataflowPartition_1_MVAU_hls_3_wstrm/inst/core/genUnpumped.mem/blkMem.Mem_reg_0_1_107_107/SP/CLK
High Pulse Width  Fast    RAMS32/CLK          n/a            1.250         5.000       3.750      SLICE_X50Y140  top_i/StreamingDataflowPartition_1/inst/StreamingDataflowPartition_1_MVAU_hls_3/StreamingDataflowPartition_1_MVAU_hls_3_wstrm/inst/core/genUnpumped.mem/blkMem.Mem_reg_0_1_107_107/SP/CLK
High Pulse Width  Slow    RAMS32/CLK          n/a            1.250         5.000       3.750      SLICE_X50Y135  top_i/StreamingDataflowPartition_1/inst/StreamingDataflowPartition_1_MVAU_hls_3/StreamingDataflowPartition_1_MVAU_hls_3_wstrm/inst/core/genUnpumped.mem/blkMem.Mem_reg_0_1_111_111/SP/CLK
High Pulse Width  Fast    RAMS32/CLK          n/a            1.250         5.000       3.750      SLICE_X50Y135  top_i/StreamingDataflowPartition_1/inst/StreamingDataflowPartition_1_MVAU_hls_3/StreamingDataflowPartition_1_MVAU_hls_3_wstrm/inst/core/genUnpumped.mem/blkMem.Mem_reg_0_1_111_111/SP/CLK



--------------------------------------------------------------------------------------
Path Group:  (none)
From Clock:  
  To Clock:  clk_fpga_0

Max Delay             1 Endpoint
Min Delay             1 Endpoint
--------------------------------------------------------------------------------------


Max Delay Paths
--------------------------------------------------------------------------------------
Slack:                    inf
  Source:                 top_i/zynq_ps/inst/PS7_i/FCLKRESETN[0]
                            (internal pin)
  Destination:            top_i/rst_zynq_ps_100M/U0/EXT_LPF/ACTIVE_LOW_EXT.ACT_LO_EXT/GENERATE_LEVEL_P_S_CDC.SINGLE_BIT.CROSS_PLEVEL_IN2SCNDRY_IN_cdc_to/D
                            (rising edge-triggered cell FDRE clocked by clk_fpga_0  {rise@0.000ns fall@5.000ns period=10.000ns})
  Path Group:             (none)
  Path Type:              Setup (Max at Slow Process Corner)
  Data Path Delay:        1.583ns  (logic 0.124ns (7.833%)  route 1.459ns (92.167%))
  Logic Levels:           1  (LUT1=1)
  Clock Uncertainty:      0.152ns  ((TSJ^2 + TIJ^2)^1/2 + DJ) / 2 + PE
    Total System Jitter     (TSJ):    0.050ns
    Total Input Jitter      (TIJ):    0.300ns
    Discrete Jitter          (DJ):    0.000ns
    Phase Error              (PE):    0.000ns
  Timing Exception:       False Path

    Location             Delay type                Incr(ns)  Path(ns)    Netlist Resource(s)
  -------------------------------------------------------------------    -------------------
    PS7_X0Y0             PS7                          0.000     0.000 f  top_i/zynq_ps/inst/PS7_i/FCLKRESETN[0]
                         net (fo=1, routed)           1.459     1.459    top_i/rst_zynq_ps_100M/U0/EXT_LPF/ACTIVE_LOW_EXT.ACT_LO_EXT/ext_reset_in
    SLICE_X33Y96         LUT1 (Prop_lut1_I0_O)        0.124     1.583 r  top_i/rst_zynq_ps_100M/U0/EXT_LPF/ACTIVE_LOW_EXT.ACT_LO_EXT/GENERATE_LEVEL_P_S_CDC.SINGLE_BIT.CROSS_PLEVEL_IN2SCNDRY_IN_cdc_to_i_1/O
                         net (fo=1, routed)           0.000     1.583    top_i/rst_zynq_ps_100M/U0/EXT_LPF/ACTIVE_LOW_EXT.ACT_LO_EXT/exr_d1
    SLICE_X33Y96         FDRE                                         r  top_i/rst_zynq_ps_100M/U0/EXT_LPF/ACTIVE_LOW_EXT.ACT_LO_EXT/GENERATE_LEVEL_P_S_CDC.SINGLE_BIT.CROSS_PLEVEL_IN2SCNDRY_IN_cdc_to/D
  -------------------------------------------------------------------    -------------------

                         (clock clk_fpga_0 rise edge)
                                                      0.000     0.000 r  
    PS7_X0Y0             PS7                          0.000     0.000 r  top_i/zynq_ps/inst/PS7_i/FCLKCLK[0]
                         net (fo=1, routed)           1.088     1.088    top_i/zynq_ps/inst/FCLK_CLK_unbuffered[0]
    BUFGCTRL_X0Y16       BUFG (Prop_bufg_I_O)         0.091     1.179 r  top_i/zynq_ps/inst/buffer_fclk_clk_0.FCLK_CLK_0_BUFG/O
                         net (fo=53700, routed)       1.479     2.658    top_i/rst_zynq_ps_100M/U0/EXT_LPF/ACTIVE_LOW_EXT.ACT_LO_EXT/slowest_sync_clk
    SLICE_X33Y96         FDRE                                         r  top_i/rst_zynq_ps_100M/U0/EXT_LPF/ACTIVE_LOW_EXT.ACT_LO_EXT/GENERATE_LEVEL_P_S_CDC.SINGLE_BIT.CROSS_PLEVEL_IN2SCNDRY_IN_cdc_to/C





Min Delay Paths
--------------------------------------------------------------------------------------
Slack:                    inf
  Source:                 top_i/zynq_ps/inst/PS7_i/FCLKRESETN[0]
                            (internal pin)
  Destination:            top_i/rst_zynq_ps_100M/U0/EXT_LPF/ACTIVE_LOW_EXT.ACT_LO_EXT/GENERATE_LEVEL_P_S_CDC.SINGLE_BIT.CROSS_PLEVEL_IN2SCNDRY_IN_cdc_to/D
                            (rising edge-triggered cell FDRE clocked by clk_fpga_0  {rise@0.000ns fall@5.000ns period=10.000ns})
  Path Group:             (none)
  Path Type:              Hold (Min at Fast Process Corner)
  Data Path Delay:        0.602ns  (logic 0.045ns (7.475%)  route 0.557ns (92.525%))
  Logic Levels:           1  (LUT1=1)
  Clock Uncertainty:      0.152ns  ((TSJ^2 + TIJ^2)^1/2 + DJ) / 2 + PE
    Total System Jitter     (TSJ):    0.050ns
    Total Input Jitter      (TIJ):    0.300ns
    Discrete Jitter          (DJ):    0.000ns
    Phase Error              (PE):    0.000ns
  Timing Exception:       False Path

    Location             Delay type                Incr(ns)  Path(ns)    Netlist Resource(s)
  -------------------------------------------------------------------    -------------------
    PS7_X0Y0             PS7                          0.000     0.000 f  top_i/zynq_ps/inst/PS7_i/FCLKRESETN[0]
                         net (fo=1, routed)           0.557     0.557    top_i/rst_zynq_ps_100M/U0/EXT_LPF/ACTIVE_LOW_EXT.ACT_LO_EXT/ext_reset_in
    SLICE_X33Y96         LUT1 (Prop_lut1_I0_O)        0.045     0.602 r  top_i/rst_zynq_ps_100M/U0/EXT_LPF/ACTIVE_LOW_EXT.ACT_LO_EXT/GENERATE_LEVEL_P_S_CDC.SINGLE_BIT.CROSS_PLEVEL_IN2SCNDRY_IN_cdc_to_i_1/O
                         net (fo=1, routed)           0.000     0.602    top_i/rst_zynq_ps_100M/U0/EXT_LPF/ACTIVE_LOW_EXT.ACT_LO_EXT/exr_d1
    SLICE_X33Y96         FDRE                                         r  top_i/rst_zynq_ps_100M/U0/EXT_LPF/ACTIVE_LOW_EXT.ACT_LO_EXT/GENERATE_LEVEL_P_S_CDC.SINGLE_BIT.CROSS_PLEVEL_IN2SCNDRY_IN_cdc_to/D
  -------------------------------------------------------------------    -------------------

                         (clock clk_fpga_0 rise edge)
                                                      0.000     0.000 r  
    PS7_X0Y0             PS7                          0.000     0.000 r  top_i/zynq_ps/inst/PS7_i/FCLKCLK[0]
                         net (fo=1, routed)           0.337     0.337    top_i/zynq_ps/inst/FCLK_CLK_unbuffered[0]
    BUFGCTRL_X0Y16       BUFG (Prop_bufg_I_O)         0.029     0.366 r  top_i/zynq_ps/inst/buffer_fclk_clk_0.FCLK_CLK_0_BUFG/O
                         net (fo=53700, routed)       0.825     1.191    top_i/rst_zynq_ps_100M/U0/EXT_LPF/ACTIVE_LOW_EXT.ACT_LO_EXT/slowest_sync_clk
    SLICE_X33Y96         FDRE                                         r  top_i/rst_zynq_ps_100M/U0/EXT_LPF/ACTIVE_LOW_EXT.ACT_LO_EXT/GENERATE_LEVEL_P_S_CDC.SINGLE_BIT.CROSS_PLEVEL_IN2SCNDRY_IN_cdc_to/C





--------------------------------------------------------------------------------------
Path Group:  (none)
From Clock:  clk_fpga_0
  To Clock:  clk_fpga_0

Max Delay            67 Endpoints
Min Delay            67 Endpoints
--------------------------------------------------------------------------------------


Max Delay Paths
--------------------------------------------------------------------------------------
Slack:                    inf
  Source:                 top_i/rst_zynq_ps_100M/U0/ACTIVE_LOW_PR_OUT_DFF[0].FDRE_PER_N/C
                            (rising edge-triggered cell FDRE clocked by clk_fpga_0  {rise@0.000ns fall@5.000ns period=10.000ns})
  Destination:            top_i/smartconnect_0/inst/clk_map/psr_aclk/U0/EXT_LPF/ACTIVE_LOW_AUX.ACT_LO_AUX/GENERATE_LEVEL_P_S_CDC.SINGLE_BIT.CROSS_PLEVEL_IN2SCNDRY_IN_cdc_to/D
                            (rising edge-triggered cell FDRE clocked by clk_fpga_0  {rise@0.000ns fall@5.000ns period=10.000ns})
  Path Group:             (none)
  Path Type:              Setup (Max at Slow Process Corner)
  Data Path Delay:        5.698ns  (logic 0.642ns (11.267%)  route 5.056ns (88.733%))
  Logic Levels:           1  (LUT1=1)
  Clock Path Skew:        -0.405ns (DCD - SCD + CPR)
    Destination Clock Delay (DCD):    2.734ns
    Source Clock Delay      (SCD):    3.139ns
    Clock Pessimism Removal (CPR):    0.000ns
  Clock Uncertainty:      0.154ns  ((TSJ^2 + TIJ^2)^1/2 + DJ) / 2 + PE
    Total System Jitter     (TSJ):    0.071ns
    Total Input Jitter      (TIJ):    0.300ns
    Discrete Jitter          (DJ):    0.000ns
    Phase Error              (PE):    0.000ns
  Timing Exception:       False Path

    Location             Delay type                Incr(ns)  Path(ns)    Netlist Resource(s)
  -------------------------------------------------------------------    -------------------
                         (clock clk_fpga_0 rise edge)
                                                      0.000     0.000 r  
    PS7_X0Y0             PS7                          0.000     0.000 r  top_i/zynq_ps/inst/PS7_i/FCLKCLK[0]
                         net (fo=1, routed)           1.193     1.193    top_i/zynq_ps/inst/FCLK_CLK_unbuffered[0]
    BUFGCTRL_X0Y16       BUFG (Prop_bufg_I_O)         0.101     1.294 r  top_i/zynq_ps/inst/buffer_fclk_clk_0.FCLK_CLK_0_BUFG/O
                         net (fo=53700, routed)       1.845     3.139    top_i/rst_zynq_ps_100M/U0/slowest_sync_clk
    SLICE_X38Y102        FDRE                                         r  top_i/rst_zynq_ps_100M/U0/ACTIVE_LOW_PR_OUT_DFF[0].FDRE_PER_N/C
  -------------------------------------------------------------------    -------------------
    SLICE_X38Y102        FDRE (Prop_fdre_C_Q)         0.518     3.657 f  top_i/rst_zynq_ps_100M/U0/ACTIVE_LOW_PR_OUT_DFF[0].FDRE_PER_N/Q
                         net (fo=72, routed)          5.056     8.713    top_i/smartconnect_0/inst/clk_map/psr_aclk/U0/EXT_LPF/ACTIVE_LOW_AUX.ACT_LO_AUX/aresetn
    SLICE_X72Y37         LUT1 (Prop_lut1_I0_O)        0.124     8.837 r  top_i/smartconnect_0/inst/clk_map/psr_aclk/U0/EXT_LPF/ACTIVE_LOW_AUX.ACT_LO_AUX/GENERATE_LEVEL_P_S_CDC.SINGLE_BIT.CROSS_PLEVEL_IN2SCNDRY_IN_cdc_to_i_1/O
                         net (fo=1, routed)           0.000     8.837    top_i/smartconnect_0/inst/clk_map/psr_aclk/U0/EXT_LPF/ACTIVE_LOW_AUX.ACT_LO_AUX/asr_d1
    SLICE_X72Y37         FDRE                                         r  top_i/smartconnect_0/inst/clk_map/psr_aclk/U0/EXT_LPF/ACTIVE_LOW_AUX.ACT_LO_AUX/GENERATE_LEVEL_P_S_CDC.SINGLE_BIT.CROSS_PLEVEL_IN2SCNDRY_IN_cdc_to/D
  -------------------------------------------------------------------    -------------------

                         (clock clk_fpga_0 rise edge)
                                                      0.000     0.000 r  
    PS7_X0Y0             PS7                          0.000     0.000 r  top_i/zynq_ps/inst/PS7_i/FCLKCLK[0]
                         net (fo=1, routed)           1.088     1.088    top_i/zynq_ps/inst/FCLK_CLK_unbuffered[0]
    BUFGCTRL_X0Y16       BUFG (Prop_bufg_I_O)         0.091     1.179 r  top_i/zynq_ps/inst/buffer_fclk_clk_0.FCLK_CLK_0_BUFG/O
                         net (fo=53700, routed)       1.555     2.734    top_i/smartconnect_0/inst/clk_map/psr_aclk/U0/EXT_LPF/ACTIVE_LOW_AUX.ACT_LO_AUX/aclk
    SLICE_X72Y37         FDRE                                         r  top_i/smartconnect_0/inst/clk_map/psr_aclk/U0/EXT_LPF/ACTIVE_LOW_AUX.ACT_LO_AUX/GENERATE_LEVEL_P_S_CDC.SINGLE_BIT.CROSS_PLEVEL_IN2SCNDRY_IN_cdc_to/C

Slack:                    inf
  Source:                 top_i/smartconnect_0/inst/clk_map/psr_aclk/U0/ACTIVE_LOW_BSR_OUT_DFF[0].FDRE_BSR_N/C
                            (rising edge-triggered cell FDRE clocked by clk_fpga_0  {rise@0.000ns fall@5.000ns period=10.000ns})
  Destination:            top_i/smartconnect_0/inst/m00_nodes/m00_w_node/inst/s_sc_xpm_cdc_async_rst_inst/arststages_ff_reg[0]/CLR
                            (recovery check against rising-edge clock clk_fpga_0  {rise@0.000ns fall@5.000ns period=10.000ns})
  Path Group:             (none)
  Path Type:              Recovery (Max at Slow Process Corner)
  Data Path Delay:        5.735ns  (logic 0.610ns (10.637%)  route 5.125ns (89.363%))
  Logic Levels:           1  (LUT1=1)
  Clock Path Skew:        -0.189ns (DCD - SCD + CPR)
    Destination Clock Delay (DCD):    2.833ns
    Source Clock Delay      (SCD):    3.022ns
    Clock Pessimism Removal (CPR):    0.000ns
  Clock Uncertainty:      0.154ns  ((TSJ^2 + TIJ^2)^1/2 + DJ) / 2 + PE
    Total System Jitter     (TSJ):    0.071ns
    Total Input Jitter      (TIJ):    0.300ns
    Discrete Jitter          (DJ):    0.000ns
    Phase Error              (PE):    0.000ns
  Timing Exception:       False Path

    Location             Delay type                Incr(ns)  Path(ns)    Netlist Resource(s)
  -------------------------------------------------------------------    -------------------
                         (clock clk_fpga_0 rise edge)
                                                      0.000     0.000 r  
    PS7_X0Y0             PS7                          0.000     0.000 r  top_i/zynq_ps/inst/PS7_i/FCLKCLK[0]
                         net (fo=1, routed)           1.193     1.193    top_i/zynq_ps/inst/FCLK_CLK_unbuffered[0]
    BUFGCTRL_X0Y16       BUFG (Prop_bufg_I_O)         0.101     1.294 r  top_i/zynq_ps/inst/buffer_fclk_clk_0.FCLK_CLK_0_BUFG/O
                         net (fo=53700, routed)       1.728     3.022    top_i/smartconnect_0/inst/clk_map/psr_aclk/U0/aclk
    SLICE_X71Y36         FDRE                                         r  top_i/smartconnect_0/inst/clk_map/psr_aclk/U0/ACTIVE_LOW_BSR_OUT_DFF[0].FDRE_BSR_N/C
  -------------------------------------------------------------------    -------------------
    SLICE_X71Y36         FDRE (Prop_fdre_C_Q)         0.456     3.478 r  top_i/smartconnect_0/inst/clk_map/psr_aclk/U0/ACTIVE_LOW_BSR_OUT_DFF[0].FDRE_BSR_N/Q
                         net (fo=22, routed)          4.552     8.030    top_i/smartconnect_0/inst/m00_nodes/m00_w_node/inst/s_sc_xpm_cdc_async_rst_inst/src_arst
    SLICE_X3Y36          LUT1 (Prop_lut1_I0_O)        0.154     8.184 f  top_i/smartconnect_0/inst/m00_nodes/m00_w_node/inst/s_sc_xpm_cdc_async_rst_inst/arststages_ff[2]_i_1/O
                         net (fo=3, routed)           0.573     8.757    top_i/smartconnect_0/inst/m00_nodes/m00_w_node/inst/s_sc_xpm_cdc_async_rst_inst/reset_pol
    SLICE_X3Y36          FDCE                                         f  top_i/smartconnect_0/inst/m00_nodes/m00_w_node/inst/s_sc_xpm_cdc_async_rst_inst/arststages_ff_reg[0]/CLR
  -------------------------------------------------------------------    -------------------

                         (clock clk_fpga_0 rise edge)
                                                      0.000     0.000 r  
    PS7_X0Y0             PS7                          0.000     0.000 r  top_i/zynq_ps/inst/PS7_i/FCLKCLK[0]
                         net (fo=1, routed)           1.088     1.088    top_i/zynq_ps/inst/FCLK_CLK_unbuffered[0]
    BUFGCTRL_X0Y16       BUFG (Prop_bufg_I_O)         0.091     1.179 r  top_i/zynq_ps/inst/buffer_fclk_clk_0.FCLK_CLK_0_BUFG/O
                         net (fo=53700, routed)       1.654     2.833    top_i/smartconnect_0/inst/m00_nodes/m00_w_node/inst/s_sc_xpm_cdc_async_rst_inst/dest_clk
    SLICE_X3Y36          FDCE                                         r  top_i/smartconnect_0/inst/m00_nodes/m00_w_node/inst/s_sc_xpm_cdc_async_rst_inst/arststages_ff_reg[0]/C

Slack:                    inf
  Source:                 top_i/smartconnect_0/inst/clk_map/psr_aclk/U0/ACTIVE_LOW_BSR_OUT_DFF[0].FDRE_BSR_N/C
                            (rising edge-triggered cell FDRE clocked by clk_fpga_0  {rise@0.000ns fall@5.000ns period=10.000ns})
  Destination:            top_i/smartconnect_0/inst/m00_nodes/m00_w_node/inst/s_sc_xpm_cdc_async_rst_inst/arststages_ff_reg[1]/CLR
                            (recovery check against rising-edge clock clk_fpga_0  {rise@0.000ns fall@5.000ns period=10.000ns})
  Path Group:             (none)
  Path Type:              Recovery (Max at Slow Process Corner)
  Data Path Delay:        5.735ns  (logic 0.610ns (10.637%)  route 5.125ns (89.363%))
  Logic Levels:           1  (LUT1=1)
  Clock Path Skew:        -0.189ns (DCD - SCD + CPR)
    Destination Clock Delay (DCD):    2.833ns
    Source Clock Delay      (SCD):    3.022ns
    Clock Pessimism Removal (CPR):    0.000ns
  Clock Uncertainty:      0.154ns  ((TSJ^2 + TIJ^2)^1/2 + DJ) / 2 + PE
    Total System Jitter     (TSJ):    0.071ns
    Total Input Jitter      (TIJ):    0.300ns
    Discrete Jitter          (DJ):    0.000ns
    Phase Error              (PE):    0.000ns
  Timing Exception:       False Path

    Location             Delay type                Incr(ns)  Path(ns)    Netlist Resource(s)
  -------------------------------------------------------------------    -------------------
                         (clock clk_fpga_0 rise edge)
                                                      0.000     0.000 r  
    PS7_X0Y0             PS7                          0.000     0.000 r  top_i/zynq_ps/inst/PS7_i/FCLKCLK[0]
                         net (fo=1, routed)           1.193     1.193    top_i/zynq_ps/inst/FCLK_CLK_unbuffered[0]
    BUFGCTRL_X0Y16       BUFG (Prop_bufg_I_O)         0.101     1.294 r  top_i/zynq_ps/inst/buffer_fclk_clk_0.FCLK_CLK_0_BUFG/O
                         net (fo=53700, routed)       1.728     3.022    top_i/smartconnect_0/inst/clk_map/psr_aclk/U0/aclk
    SLICE_X71Y36         FDRE                                         r  top_i/smartconnect_0/inst/clk_map/psr_aclk/U0/ACTIVE_LOW_BSR_OUT_DFF[0].FDRE_BSR_N/C
  -------------------------------------------------------------------    -------------------
    SLICE_X71Y36         FDRE (Prop_fdre_C_Q)         0.456     3.478 r  top_i/smartconnect_0/inst/clk_map/psr_aclk/U0/ACTIVE_LOW_BSR_OUT_DFF[0].FDRE_BSR_N/Q
                         net (fo=22, routed)          4.552     8.030    top_i/smartconnect_0/inst/m00_nodes/m00_w_node/inst/s_sc_xpm_cdc_async_rst_inst/src_arst
    SLICE_X3Y36          LUT1 (Prop_lut1_I0_O)        0.154     8.184 f  top_i/smartconnect_0/inst/m00_nodes/m00_w_node/inst/s_sc_xpm_cdc_async_rst_inst/arststages_ff[2]_i_1/O
                         net (fo=3, routed)           0.573     8.757    top_i/smartconnect_0/inst/m00_nodes/m00_w_node/inst/s_sc_xpm_cdc_async_rst_inst/reset_pol
    SLICE_X3Y36          FDCE                                         f  top_i/smartconnect_0/inst/m00_nodes/m00_w_node/inst/s_sc_xpm_cdc_async_rst_inst/arststages_ff_reg[1]/CLR
  -------------------------------------------------------------------    -------------------

                         (clock clk_fpga_0 rise edge)
                                                      0.000     0.000 r  
    PS7_X0Y0             PS7                          0.000     0.000 r  top_i/zynq_ps/inst/PS7_i/FCLKCLK[0]
                         net (fo=1, routed)           1.088     1.088    top_i/zynq_ps/inst/FCLK_CLK_unbuffered[0]
    BUFGCTRL_X0Y16       BUFG (Prop_bufg_I_O)         0.091     1.179 r  top_i/zynq_ps/inst/buffer_fclk_clk_0.FCLK_CLK_0_BUFG/O
                         net (fo=53700, routed)       1.654     2.833    top_i/smartconnect_0/inst/m00_nodes/m00_w_node/inst/s_sc_xpm_cdc_async_rst_inst/dest_clk
    SLICE_X3Y36          FDCE                                         r  top_i/smartconnect_0/inst/m00_nodes/m00_w_node/inst/s_sc_xpm_cdc_async_rst_inst/arststages_ff_reg[1]/C

Slack:                    inf
  Source:                 top_i/smartconnect_0/inst/clk_map/psr_aclk/U0/ACTIVE_LOW_BSR_OUT_DFF[0].FDRE_BSR_N/C
                            (rising edge-triggered cell FDRE clocked by clk_fpga_0  {rise@0.000ns fall@5.000ns period=10.000ns})
  Destination:            top_i/smartconnect_0/inst/m00_nodes/m00_w_node/inst/s_sc_xpm_cdc_async_rst_inst/arststages_ff_reg[2]/CLR
                            (recovery check against rising-edge clock clk_fpga_0  {rise@0.000ns fall@5.000ns period=10.000ns})
  Path Group:             (none)
  Path Type:              Recovery (Max at Slow Process Corner)
  Data Path Delay:        5.735ns  (logic 0.610ns (10.637%)  route 5.125ns (89.363%))
  Logic Levels:           1  (LUT1=1)
  Clock Path Skew:        -0.189ns (DCD - SCD + CPR)
    Destination Clock Delay (DCD):    2.833ns
    Source Clock Delay      (SCD):    3.022ns
    Clock Pessimism Removal (CPR):    0.000ns
  Clock Uncertainty:      0.154ns  ((TSJ^2 + TIJ^2)^1/2 + DJ) / 2 + PE
    Total System Jitter     (TSJ):    0.071ns
    Total Input Jitter      (TIJ):    0.300ns
    Discrete Jitter          (DJ):    0.000ns
    Phase Error              (PE):    0.000ns
  Timing Exception:       False Path

    Location             Delay type                Incr(ns)  Path(ns)    Netlist Resource(s)
  -------------------------------------------------------------------    -------------------
                         (clock clk_fpga_0 rise edge)
                                                      0.000     0.000 r  
    PS7_X0Y0             PS7                          0.000     0.000 r  top_i/zynq_ps/inst/PS7_i/FCLKCLK[0]
                         net (fo=1, routed)           1.193     1.193    top_i/zynq_ps/inst/FCLK_CLK_unbuffered[0]
    BUFGCTRL_X0Y16       BUFG (Prop_bufg_I_O)         0.101     1.294 r  top_i/zynq_ps/inst/buffer_fclk_clk_0.FCLK_CLK_0_BUFG/O
                         net (fo=53700, routed)       1.728     3.022    top_i/smartconnect_0/inst/clk_map/psr_aclk/U0/aclk
    SLICE_X71Y36         FDRE                                         r  top_i/smartconnect_0/inst/clk_map/psr_aclk/U0/ACTIVE_LOW_BSR_OUT_DFF[0].FDRE_BSR_N/C
  -------------------------------------------------------------------    -------------------
    SLICE_X71Y36         FDRE (Prop_fdre_C_Q)         0.456     3.478 r  top_i/smartconnect_0/inst/clk_map/psr_aclk/U0/ACTIVE_LOW_BSR_OUT_DFF[0].FDRE_BSR_N/Q
                         net (fo=22, routed)          4.552     8.030    top_i/smartconnect_0/inst/m00_nodes/m00_w_node/inst/s_sc_xpm_cdc_async_rst_inst/src_arst
    SLICE_X3Y36          LUT1 (Prop_lut1_I0_O)        0.154     8.184 f  top_i/smartconnect_0/inst/m00_nodes/m00_w_node/inst/s_sc_xpm_cdc_async_rst_inst/arststages_ff[2]_i_1/O
                         net (fo=3, routed)           0.573     8.757    top_i/smartconnect_0/inst/m00_nodes/m00_w_node/inst/s_sc_xpm_cdc_async_rst_inst/reset_pol
    SLICE_X3Y36          FDCE                                         f  top_i/smartconnect_0/inst/m00_nodes/m00_w_node/inst/s_sc_xpm_cdc_async_rst_inst/arststages_ff_reg[2]/CLR
  -------------------------------------------------------------------    -------------------

                         (clock clk_fpga_0 rise edge)
                                                      0.000     0.000 r  
    PS7_X0Y0             PS7                          0.000     0.000 r  top_i/zynq_ps/inst/PS7_i/FCLKCLK[0]
                         net (fo=1, routed)           1.088     1.088    top_i/zynq_ps/inst/FCLK_CLK_unbuffered[0]
    BUFGCTRL_X0Y16       BUFG (Prop_bufg_I_O)         0.091     1.179 r  top_i/zynq_ps/inst/buffer_fclk_clk_0.FCLK_CLK_0_BUFG/O
                         net (fo=53700, routed)       1.654     2.833    top_i/smartconnect_0/inst/m00_nodes/m00_w_node/inst/s_sc_xpm_cdc_async_rst_inst/dest_clk
    SLICE_X3Y36          FDCE                                         r  top_i/smartconnect_0/inst/m00_nodes/m00_w_node/inst/s_sc_xpm_cdc_async_rst_inst/arststages_ff_reg[2]/C

Slack:                    inf
  Source:                 top_i/smartconnect_0/inst/clk_map/psr_aclk/U0/ACTIVE_LOW_BSR_OUT_DFF[0].FDRE_BSR_N/C
                            (rising edge-triggered cell FDRE clocked by clk_fpga_0  {rise@0.000ns fall@5.000ns period=10.000ns})
  Destination:            top_i/smartconnect_0/inst/m00_nodes/m00_aw_node/inst/s_sc_xpm_cdc_async_rst_inst/arststages_ff_reg[0]/CLR
                            (recovery check against rising-edge clock clk_fpga_0  {rise@0.000ns fall@5.000ns period=10.000ns})
  Path Group:             (none)
  Path Type:              Recovery (Max at Slow Process Corner)
  Data Path Delay:        5.613ns  (logic 0.580ns (10.333%)  route 5.033ns (89.667%))
  Logic Levels:           1  (LUT1=1)
  Clock Path Skew:        -0.187ns (DCD - SCD + CPR)
    Destination Clock Delay (DCD):    2.835ns
    Source Clock Delay      (SCD):    3.022ns
    Clock Pessimism Removal (CPR):    0.000ns
  Clock Uncertainty:      0.154ns  ((TSJ^2 + TIJ^2)^1/2 + DJ) / 2 + PE
    Total System Jitter     (TSJ):    0.071ns
    Total Input Jitter      (TIJ):    0.300ns
    Discrete Jitter          (DJ):    0.000ns
    Phase Error              (PE):    0.000ns
  Timing Exception:       False Path

    Location             Delay type                Incr(ns)  Path(ns)    Netlist Resource(s)
  -------------------------------------------------------------------    -------------------
                         (clock clk_fpga_0 rise edge)
                                                      0.000     0.000 r  
    PS7_X0Y0             PS7                          0.000     0.000 r  top_i/zynq_ps/inst/PS7_i/FCLKCLK[0]
                         net (fo=1, routed)           1.193     1.193    top_i/zynq_ps/inst/FCLK_CLK_unbuffered[0]
    BUFGCTRL_X0Y16       BUFG (Prop_bufg_I_O)         0.101     1.294 r  top_i/zynq_ps/inst/buffer_fclk_clk_0.FCLK_CLK_0_BUFG/O
                         net (fo=53700, routed)       1.728     3.022    top_i/smartconnect_0/inst/clk_map/psr_aclk/U0/aclk
    SLICE_X71Y36         FDRE                                         r  top_i/smartconnect_0/inst/clk_map/psr_aclk/U0/ACTIVE_LOW_BSR_OUT_DFF[0].FDRE_BSR_N/C
  -------------------------------------------------------------------    -------------------
    SLICE_X71Y36         FDRE (Prop_fdre_C_Q)         0.456     3.478 r  top_i/smartconnect_0/inst/clk_map/psr_aclk/U0/ACTIVE_LOW_BSR_OUT_DFF[0].FDRE_BSR_N/Q
                         net (fo=22, routed)          4.552     8.030    top_i/smartconnect_0/inst/m00_nodes/m00_aw_node/inst/s_sc_xpm_cdc_async_rst_inst/src_arst
    SLICE_X3Y36          LUT1 (Prop_lut1_I0_O)        0.124     8.154 f  top_i/smartconnect_0/inst/m00_nodes/m00_aw_node/inst/s_sc_xpm_cdc_async_rst_inst/arststages_ff[2]_i_1/O
                         net (fo=3, routed)           0.481     8.635    top_i/smartconnect_0/inst/m00_nodes/m00_aw_node/inst/s_sc_xpm_cdc_async_rst_inst/reset_pol
    SLICE_X3Y38          FDCE                                         f  top_i/smartconnect_0/inst/m00_nodes/m00_aw_node/inst/s_sc_xpm_cdc_async_rst_inst/arststages_ff_reg[0]/CLR
  -------------------------------------------------------------------    -------------------

                         (clock clk_fpga_0 rise edge)
                                                      0.000     0.000 r  
    PS7_X0Y0             PS7                          0.000     0.000 r  top_i/zynq_ps/inst/PS7_i/FCLKCLK[0]
                         net (fo=1, routed)           1.088     1.088    top_i/zynq_ps/inst/FCLK_CLK_unbuffered[0]
    BUFGCTRL_X0Y16       BUFG (Prop_bufg_I_O)         0.091     1.179 r  top_i/zynq_ps/inst/buffer_fclk_clk_0.FCLK_CLK_0_BUFG/O
                         net (fo=53700, routed)       1.656     2.835    top_i/smartconnect_0/inst/m00_nodes/m00_aw_node/inst/s_sc_xpm_cdc_async_rst_inst/dest_clk
    SLICE_X3Y38          FDCE                                         r  top_i/smartconnect_0/inst/m00_nodes/m00_aw_node/inst/s_sc_xpm_cdc_async_rst_inst/arststages_ff_reg[0]/C

Slack:                    inf
  Source:                 top_i/smartconnect_0/inst/clk_map/psr_aclk/U0/ACTIVE_LOW_BSR_OUT_DFF[0].FDRE_BSR_N/C
                            (rising edge-triggered cell FDRE clocked by clk_fpga_0  {rise@0.000ns fall@5.000ns period=10.000ns})
  Destination:            top_i/smartconnect_0/inst/m00_nodes/m00_aw_node/inst/s_sc_xpm_cdc_async_rst_inst/arststages_ff_reg[1]/CLR
                            (recovery check against rising-edge clock clk_fpga_0  {rise@0.000ns fall@5.000ns period=10.000ns})
  Path Group:             (none)
  Path Type:              Recovery (Max at Slow Process Corner)
  Data Path Delay:        5.613ns  (logic 0.580ns (10.333%)  route 5.033ns (89.667%))
  Logic Levels:           1  (LUT1=1)
  Clock Path Skew:        -0.187ns (DCD - SCD + CPR)
    Destination Clock Delay (DCD):    2.835ns
    Source Clock Delay      (SCD):    3.022ns
    Clock Pessimism Removal (CPR):    0.000ns
  Clock Uncertainty:      0.154ns  ((TSJ^2 + TIJ^2)^1/2 + DJ) / 2 + PE
    Total System Jitter     (TSJ):    0.071ns
    Total Input Jitter      (TIJ):    0.300ns
    Discrete Jitter          (DJ):    0.000ns
    Phase Error              (PE):    0.000ns
  Timing Exception:       False Path

    Location             Delay type                Incr(ns)  Path(ns)    Netlist Resource(s)
  -------------------------------------------------------------------    -------------------
                         (clock clk_fpga_0 rise edge)
                                                      0.000     0.000 r  
    PS7_X0Y0             PS7                          0.000     0.000 r  top_i/zynq_ps/inst/PS7_i/FCLKCLK[0]
                         net (fo=1, routed)           1.193     1.193    top_i/zynq_ps/inst/FCLK_CLK_unbuffered[0]
    BUFGCTRL_X0Y16       BUFG (Prop_bufg_I_O)         0.101     1.294 r  top_i/zynq_ps/inst/buffer_fclk_clk_0.FCLK_CLK_0_BUFG/O
                         net (fo=53700, routed)       1.728     3.022    top_i/smartconnect_0/inst/clk_map/psr_aclk/U0/aclk
    SLICE_X71Y36         FDRE                                         r  top_i/smartconnect_0/inst/clk_map/psr_aclk/U0/ACTIVE_LOW_BSR_OUT_DFF[0].FDRE_BSR_N/C
  -------------------------------------------------------------------    -------------------
    SLICE_X71Y36         FDRE (Prop_fdre_C_Q)         0.456     3.478 r  top_i/smartconnect_0/inst/clk_map/psr_aclk/U0/ACTIVE_LOW_BSR_OUT_DFF[0].FDRE_BSR_N/Q
                         net (fo=22, routed)          4.552     8.030    top_i/smartconnect_0/inst/m00_nodes/m00_aw_node/inst/s_sc_xpm_cdc_async_rst_inst/src_arst
    SLICE_X3Y36          LUT1 (Prop_lut1_I0_O)        0.124     8.154 f  top_i/smartconnect_0/inst/m00_nodes/m00_aw_node/inst/s_sc_xpm_cdc_async_rst_inst/arststages_ff[2]_i_1/O
                         net (fo=3, routed)           0.481     8.635    top_i/smartconnect_0/inst/m00_nodes/m00_aw_node/inst/s_sc_xpm_cdc_async_rst_inst/reset_pol
    SLICE_X3Y38          FDCE                                         f  top_i/smartconnect_0/inst/m00_nodes/m00_aw_node/inst/s_sc_xpm_cdc_async_rst_inst/arststages_ff_reg[1]/CLR
  -------------------------------------------------------------------    -------------------

                         (clock clk_fpga_0 rise edge)
                                                      0.000     0.000 r  
    PS7_X0Y0             PS7                          0.000     0.000 r  top_i/zynq_ps/inst/PS7_i/FCLKCLK[0]
                         net (fo=1, routed)           1.088     1.088    top_i/zynq_ps/inst/FCLK_CLK_unbuffered[0]
    BUFGCTRL_X0Y16       BUFG (Prop_bufg_I_O)         0.091     1.179 r  top_i/zynq_ps/inst/buffer_fclk_clk_0.FCLK_CLK_0_BUFG/O
                         net (fo=53700, routed)       1.656     2.835    top_i/smartconnect_0/inst/m00_nodes/m00_aw_node/inst/s_sc_xpm_cdc_async_rst_inst/dest_clk
    SLICE_X3Y38          FDCE                                         r  top_i/smartconnect_0/inst/m00_nodes/m00_aw_node/inst/s_sc_xpm_cdc_async_rst_inst/arststages_ff_reg[1]/C

Slack:                    inf
  Source:                 top_i/smartconnect_0/inst/clk_map/psr_aclk/U0/ACTIVE_LOW_BSR_OUT_DFF[0].FDRE_BSR_N/C
                            (rising edge-triggered cell FDRE clocked by clk_fpga_0  {rise@0.000ns fall@5.000ns period=10.000ns})
  Destination:            top_i/smartconnect_0/inst/m00_nodes/m00_aw_node/inst/s_sc_xpm_cdc_async_rst_inst/arststages_ff_reg[2]/CLR
                            (recovery check against rising-edge clock clk_fpga_0  {rise@0.000ns fall@5.000ns period=10.000ns})
  Path Group:             (none)
  Path Type:              Recovery (Max at Slow Process Corner)
  Data Path Delay:        5.613ns  (logic 0.580ns (10.333%)  route 5.033ns (89.667%))
  Logic Levels:           1  (LUT1=1)
  Clock Path Skew:        -0.187ns (DCD - SCD + CPR)
    Destination Clock Delay (DCD):    2.835ns
    Source Clock Delay      (SCD):    3.022ns
    Clock Pessimism Removal (CPR):    0.000ns
  Clock Uncertainty:      0.154ns  ((TSJ^2 + TIJ^2)^1/2 + DJ) / 2 + PE
    Total System Jitter     (TSJ):    0.071ns
    Total Input Jitter      (TIJ):    0.300ns
    Discrete Jitter          (DJ):    0.000ns
    Phase Error              (PE):    0.000ns
  Timing Exception:       False Path

    Location             Delay type                Incr(ns)  Path(ns)    Netlist Resource(s)
  -------------------------------------------------------------------    -------------------
                         (clock clk_fpga_0 rise edge)
                                                      0.000     0.000 r  
    PS7_X0Y0             PS7                          0.000     0.000 r  top_i/zynq_ps/inst/PS7_i/FCLKCLK[0]
                         net (fo=1, routed)           1.193     1.193    top_i/zynq_ps/inst/FCLK_CLK_unbuffered[0]
    BUFGCTRL_X0Y16       BUFG (Prop_bufg_I_O)         0.101     1.294 r  top_i/zynq_ps/inst/buffer_fclk_clk_0.FCLK_CLK_0_BUFG/O
                         net (fo=53700, routed)       1.728     3.022    top_i/smartconnect_0/inst/clk_map/psr_aclk/U0/aclk
    SLICE_X71Y36         FDRE                                         r  top_i/smartconnect_0/inst/clk_map/psr_aclk/U0/ACTIVE_LOW_BSR_OUT_DFF[0].FDRE_BSR_N/C
  -------------------------------------------------------------------    -------------------
    SLICE_X71Y36         FDRE (Prop_fdre_C_Q)         0.456     3.478 r  top_i/smartconnect_0/inst/clk_map/psr_aclk/U0/ACTIVE_LOW_BSR_OUT_DFF[0].FDRE_BSR_N/Q
                         net (fo=22, routed)          4.552     8.030    top_i/smartconnect_0/inst/m00_nodes/m00_aw_node/inst/s_sc_xpm_cdc_async_rst_inst/src_arst
    SLICE_X3Y36          LUT1 (Prop_lut1_I0_O)        0.124     8.154 f  top_i/smartconnect_0/inst/m00_nodes/m00_aw_node/inst/s_sc_xpm_cdc_async_rst_inst/arststages_ff[2]_i_1/O
                         net (fo=3, routed)           0.481     8.635    top_i/smartconnect_0/inst/m00_nodes/m00_aw_node/inst/s_sc_xpm_cdc_async_rst_inst/reset_pol
    SLICE_X3Y38          FDCE                                         f  top_i/smartconnect_0/inst/m00_nodes/m00_aw_node/inst/s_sc_xpm_cdc_async_rst_inst/arststages_ff_reg[2]/CLR
  -------------------------------------------------------------------    -------------------

                         (clock clk_fpga_0 rise edge)
                                                      0.000     0.000 r  
    PS7_X0Y0             PS7                          0.000     0.000 r  top_i/zynq_ps/inst/PS7_i/FCLKCLK[0]
                         net (fo=1, routed)           1.088     1.088    top_i/zynq_ps/inst/FCLK_CLK_unbuffered[0]
    BUFGCTRL_X0Y16       BUFG (Prop_bufg_I_O)         0.091     1.179 r  top_i/zynq_ps/inst/buffer_fclk_clk_0.FCLK_CLK_0_BUFG/O
                         net (fo=53700, routed)       1.656     2.835    top_i/smartconnect_0/inst/m00_nodes/m00_aw_node/inst/s_sc_xpm_cdc_async_rst_inst/dest_clk
    SLICE_X3Y38          FDCE                                         r  top_i/smartconnect_0/inst/m00_nodes/m00_aw_node/inst/s_sc_xpm_cdc_async_rst_inst/arststages_ff_reg[2]/C

Slack:                    inf
  Source:                 top_i/smartconnect_0/inst/clk_map/psr_aclk/U0/ACTIVE_LOW_BSR_OUT_DFF[0].FDRE_BSR_N/C
                            (rising edge-triggered cell FDRE clocked by clk_fpga_0  {rise@0.000ns fall@5.000ns period=10.000ns})
  Destination:            top_i/smartconnect_0/inst/s01_nodes/s01_w_node/inst/s_sc_xpm_cdc_async_rst_inst/arststages_ff_reg[0]/CLR
                            (recovery check against rising-edge clock clk_fpga_0  {rise@0.000ns fall@5.000ns period=10.000ns})
  Path Group:             (none)
  Path Type:              Recovery (Max at Slow Process Corner)
  Data Path Delay:        5.505ns  (logic 0.580ns (10.536%)  route 4.925ns (89.464%))
  Logic Levels:           1  (LUT1=1)
  Clock Path Skew:        -0.188ns (DCD - SCD + CPR)
    Destination Clock Delay (DCD):    2.835ns
    Source Clock Delay      (SCD):    3.022ns
    Clock Pessimism Removal (CPR):    0.000ns
  Clock Uncertainty:      0.154ns  ((TSJ^2 + TIJ^2)^1/2 + DJ) / 2 + PE
    Total System Jitter     (TSJ):    0.071ns
    Total Input Jitter      (TIJ):    0.300ns
    Discrete Jitter          (DJ):    0.000ns
    Phase Error              (PE):    0.000ns
  Timing Exception:       False Path

    Location             Delay type                Incr(ns)  Path(ns)    Netlist Resource(s)
  -------------------------------------------------------------------    -------------------
                         (clock clk_fpga_0 rise edge)
                                                      0.000     0.000 r  
    PS7_X0Y0             PS7                          0.000     0.000 r  top_i/zynq_ps/inst/PS7_i/FCLKCLK[0]
                         net (fo=1, routed)           1.193     1.193    top_i/zynq_ps/inst/FCLK_CLK_unbuffered[0]
    BUFGCTRL_X0Y16       BUFG (Prop_bufg_I_O)         0.101     1.294 r  top_i/zynq_ps/inst/buffer_fclk_clk_0.FCLK_CLK_0_BUFG/O
                         net (fo=53700, routed)       1.728     3.022    top_i/smartconnect_0/inst/clk_map/psr_aclk/U0/aclk
    SLICE_X71Y36         FDRE                                         r  top_i/smartconnect_0/inst/clk_map/psr_aclk/U0/ACTIVE_LOW_BSR_OUT_DFF[0].FDRE_BSR_N/C
  -------------------------------------------------------------------    -------------------
    SLICE_X71Y36         FDRE (Prop_fdre_C_Q)         0.456     3.478 r  top_i/smartconnect_0/inst/clk_map/psr_aclk/U0/ACTIVE_LOW_BSR_OUT_DFF[0].FDRE_BSR_N/Q
                         net (fo=22, routed)          4.274     7.752    top_i/smartconnect_0/inst/s01_nodes/s01_w_node/inst/s_sc_xpm_cdc_async_rst_inst/src_arst
    SLICE_X2Y37          LUT1 (Prop_lut1_I0_O)        0.124     7.876 f  top_i/smartconnect_0/inst/s01_nodes/s01_w_node/inst/s_sc_xpm_cdc_async_rst_inst/arststages_ff[2]_i_1/O
                         net (fo=3, routed)           0.651     8.527    top_i/smartconnect_0/inst/s01_nodes/s01_w_node/inst/s_sc_xpm_cdc_async_rst_inst/reset_pol
    SLICE_X2Y37          FDCE                                         f  top_i/smartconnect_0/inst/s01_nodes/s01_w_node/inst/s_sc_xpm_cdc_async_rst_inst/arststages_ff_reg[0]/CLR
  -------------------------------------------------------------------    -------------------

                         (clock clk_fpga_0 rise edge)
                                                      0.000     0.000 r  
    PS7_X0Y0             PS7                          0.000     0.000 r  top_i/zynq_ps/inst/PS7_i/FCLKCLK[0]
                         net (fo=1, routed)           1.088     1.088    top_i/zynq_ps/inst/FCLK_CLK_unbuffered[0]
    BUFGCTRL_X0Y16       BUFG (Prop_bufg_I_O)         0.091     1.179 r  top_i/zynq_ps/inst/buffer_fclk_clk_0.FCLK_CLK_0_BUFG/O
                         net (fo=53700, routed)       1.655     2.834    top_i/smartconnect_0/inst/s01_nodes/s01_w_node/inst/s_sc_xpm_cdc_async_rst_inst/dest_clk
    SLICE_X2Y37          FDCE                                         r  top_i/smartconnect_0/inst/s01_nodes/s01_w_node/inst/s_sc_xpm_cdc_async_rst_inst/arststages_ff_reg[0]/C

Slack:                    inf
  Source:                 top_i/smartconnect_0/inst/clk_map/psr_aclk/U0/ACTIVE_LOW_BSR_OUT_DFF[0].FDRE_BSR_N/C
                            (rising edge-triggered cell FDRE clocked by clk_fpga_0  {rise@0.000ns fall@5.000ns period=10.000ns})
  Destination:            top_i/smartconnect_0/inst/s01_nodes/s01_w_node/inst/s_sc_xpm_cdc_async_rst_inst/arststages_ff_reg[1]/CLR
                            (recovery check against rising-edge clock clk_fpga_0  {rise@0.000ns fall@5.000ns period=10.000ns})
  Path Group:             (none)
  Path Type:              Recovery (Max at Slow Process Corner)
  Data Path Delay:        5.505ns  (logic 0.580ns (10.536%)  route 4.925ns (89.464%))
  Logic Levels:           1  (LUT1=1)
  Clock Path Skew:        -0.188ns (DCD - SCD + CPR)
    Destination Clock Delay (DCD):    2.835ns
    Source Clock Delay      (SCD):    3.022ns
    Clock Pessimism Removal (CPR):    0.000ns
  Clock Uncertainty:      0.154ns  ((TSJ^2 + TIJ^2)^1/2 + DJ) / 2 + PE
    Total System Jitter     (TSJ):    0.071ns
    Total Input Jitter      (TIJ):    0.300ns
    Discrete Jitter          (DJ):    0.000ns
    Phase Error              (PE):    0.000ns
  Timing Exception:       False Path

    Location             Delay type                Incr(ns)  Path(ns)    Netlist Resource(s)
  -------------------------------------------------------------------    -------------------
                         (clock clk_fpga_0 rise edge)
                                                      0.000     0.000 r  
    PS7_X0Y0             PS7                          0.000     0.000 r  top_i/zynq_ps/inst/PS7_i/FCLKCLK[0]
                         net (fo=1, routed)           1.193     1.193    top_i/zynq_ps/inst/FCLK_CLK_unbuffered[0]
    BUFGCTRL_X0Y16       BUFG (Prop_bufg_I_O)         0.101     1.294 r  top_i/zynq_ps/inst/buffer_fclk_clk_0.FCLK_CLK_0_BUFG/O
                         net (fo=53700, routed)       1.728     3.022    top_i/smartconnect_0/inst/clk_map/psr_aclk/U0/aclk
    SLICE_X71Y36         FDRE                                         r  top_i/smartconnect_0/inst/clk_map/psr_aclk/U0/ACTIVE_LOW_BSR_OUT_DFF[0].FDRE_BSR_N/C
  -------------------------------------------------------------------    -------------------
    SLICE_X71Y36         FDRE (Prop_fdre_C_Q)         0.456     3.478 r  top_i/smartconnect_0/inst/clk_map/psr_aclk/U0/ACTIVE_LOW_BSR_OUT_DFF[0].FDRE_BSR_N/Q
                         net (fo=22, routed)          4.274     7.752    top_i/smartconnect_0/inst/s01_nodes/s01_w_node/inst/s_sc_xpm_cdc_async_rst_inst/src_arst
    SLICE_X2Y37          LUT1 (Prop_lut1_I0_O)        0.124     7.876 f  top_i/smartconnect_0/inst/s01_nodes/s01_w_node/inst/s_sc_xpm_cdc_async_rst_inst/arststages_ff[2]_i_1/O
                         net (fo=3, routed)           0.651     8.527    top_i/smartconnect_0/inst/s01_nodes/s01_w_node/inst/s_sc_xpm_cdc_async_rst_inst/reset_pol
    SLICE_X2Y37          FDCE                                         f  top_i/smartconnect_0/inst/s01_nodes/s01_w_node/inst/s_sc_xpm_cdc_async_rst_inst/arststages_ff_reg[1]/CLR
  -------------------------------------------------------------------    -------------------

                         (clock clk_fpga_0 rise edge)
                                                      0.000     0.000 r  
    PS7_X0Y0             PS7                          0.000     0.000 r  top_i/zynq_ps/inst/PS7_i/FCLKCLK[0]
                         net (fo=1, routed)           1.088     1.088    top_i/zynq_ps/inst/FCLK_CLK_unbuffered[0]
    BUFGCTRL_X0Y16       BUFG (Prop_bufg_I_O)         0.091     1.179 r  top_i/zynq_ps/inst/buffer_fclk_clk_0.FCLK_CLK_0_BUFG/O
                         net (fo=53700, routed)       1.655     2.834    top_i/smartconnect_0/inst/s01_nodes/s01_w_node/inst/s_sc_xpm_cdc_async_rst_inst/dest_clk
    SLICE_X2Y37          FDCE                                         r  top_i/smartconnect_0/inst/s01_nodes/s01_w_node/inst/s_sc_xpm_cdc_async_rst_inst/arststages_ff_reg[1]/C

Slack:                    inf
  Source:                 top_i/smartconnect_0/inst/clk_map/psr_aclk/U0/ACTIVE_LOW_BSR_OUT_DFF[0].FDRE_BSR_N/C
                            (rising edge-triggered cell FDRE clocked by clk_fpga_0  {rise@0.000ns fall@5.000ns period=10.000ns})
  Destination:            top_i/smartconnect_0/inst/s01_nodes/s01_w_node/inst/s_sc_xpm_cdc_async_rst_inst/arststages_ff_reg[2]/CLR
                            (recovery check against rising-edge clock clk_fpga_0  {rise@0.000ns fall@5.000ns period=10.000ns})
  Path Group:             (none)
  Path Type:              Recovery (Max at Slow Process Corner)
  Data Path Delay:        5.505ns  (logic 0.580ns (10.536%)  route 4.925ns (89.464%))
  Logic Levels:           1  (LUT1=1)
  Clock Path Skew:        -0.188ns (DCD - SCD + CPR)
    Destination Clock Delay (DCD):    2.835ns
    Source Clock Delay      (SCD):    3.022ns
    Clock Pessimism Removal (CPR):    0.000ns
  Clock Uncertainty:      0.154ns  ((TSJ^2 + TIJ^2)^1/2 + DJ) / 2 + PE
    Total System Jitter     (TSJ):    0.071ns
    Total Input Jitter      (TIJ):    0.300ns
    Discrete Jitter          (DJ):    0.000ns
    Phase Error              (PE):    0.000ns
  Timing Exception:       False Path

    Location             Delay type                Incr(ns)  Path(ns)    Netlist Resource(s)
  -------------------------------------------------------------------    -------------------
                         (clock clk_fpga_0 rise edge)
                                                      0.000     0.000 r  
    PS7_X0Y0             PS7                          0.000     0.000 r  top_i/zynq_ps/inst/PS7_i/FCLKCLK[0]
                         net (fo=1, routed)           1.193     1.193    top_i/zynq_ps/inst/FCLK_CLK_unbuffered[0]
    BUFGCTRL_X0Y16       BUFG (Prop_bufg_I_O)         0.101     1.294 r  top_i/zynq_ps/inst/buffer_fclk_clk_0.FCLK_CLK_0_BUFG/O
                         net (fo=53700, routed)       1.728     3.022    top_i/smartconnect_0/inst/clk_map/psr_aclk/U0/aclk
    SLICE_X71Y36         FDRE                                         r  top_i/smartconnect_0/inst/clk_map/psr_aclk/U0/ACTIVE_LOW_BSR_OUT_DFF[0].FDRE_BSR_N/C
  -------------------------------------------------------------------    -------------------
    SLICE_X71Y36         FDRE (Prop_fdre_C_Q)         0.456     3.478 r  top_i/smartconnect_0/inst/clk_map/psr_aclk/U0/ACTIVE_LOW_BSR_OUT_DFF[0].FDRE_BSR_N/Q
                         net (fo=22, routed)          4.274     7.752    top_i/smartconnect_0/inst/s01_nodes/s01_w_node/inst/s_sc_xpm_cdc_async_rst_inst/src_arst
    SLICE_X2Y37          LUT1 (Prop_lut1_I0_O)        0.124     7.876 f  top_i/smartconnect_0/inst/s01_nodes/s01_w_node/inst/s_sc_xpm_cdc_async_rst_inst/arststages_ff[2]_i_1/O
                         net (fo=3, routed)           0.651     8.527    top_i/smartconnect_0/inst/s01_nodes/s01_w_node/inst/s_sc_xpm_cdc_async_rst_inst/reset_pol
    SLICE_X2Y37          FDCE                                         f  top_i/smartconnect_0/inst/s01_nodes/s01_w_node/inst/s_sc_xpm_cdc_async_rst_inst/arststages_ff_reg[2]/CLR
  -------------------------------------------------------------------    -------------------

                         (clock clk_fpga_0 rise edge)
                                                      0.000     0.000 r  
    PS7_X0Y0             PS7                          0.000     0.000 r  top_i/zynq_ps/inst/PS7_i/FCLKCLK[0]
                         net (fo=1, routed)           1.088     1.088    top_i/zynq_ps/inst/FCLK_CLK_unbuffered[0]
    BUFGCTRL_X0Y16       BUFG (Prop_bufg_I_O)         0.091     1.179 r  top_i/zynq_ps/inst/buffer_fclk_clk_0.FCLK_CLK_0_BUFG/O
                         net (fo=53700, routed)       1.655     2.834    top_i/smartconnect_0/inst/s01_nodes/s01_w_node/inst/s_sc_xpm_cdc_async_rst_inst/dest_clk
    SLICE_X2Y37          FDCE                                         r  top_i/smartconnect_0/inst/s01_nodes/s01_w_node/inst/s_sc_xpm_cdc_async_rst_inst/arststages_ff_reg[2]/C





Min Delay Paths
--------------------------------------------------------------------------------------
Slack:                    inf
  Source:                 top_i/smartconnect_0/inst/clk_map/psr_aclk/U0/ACTIVE_LOW_BSR_OUT_DFF[0].FDRE_BSR_N/C
                            (rising edge-triggered cell FDRE clocked by clk_fpga_0  {rise@0.000ns fall@5.000ns period=10.000ns})
  Destination:            top_i/smartconnect_0/inst/m00_nodes/m00_ar_node/inst/s_sc_xpm_cdc_async_rst_inst/arststages_ff_reg[0]/CLR
                            (removal check against rising-edge clock clk_fpga_0  {rise@0.000ns fall@5.000ns period=10.000ns})
  Path Group:             (none)
  Path Type:              Removal (Min at Fast Process Corner)
  Data Path Delay:        0.720ns  (logic 0.185ns (25.701%)  route 0.535ns (74.299%))
  Logic Levels:           1  (LUT1=1)
  Clock Path Skew:        0.299ns (DCD - SCD - CPR)
    Destination Clock Delay (DCD):    1.218ns
    Source Clock Delay      (SCD):    0.919ns
    Clock Pessimism Removal (CPR):    -0.000ns
  Clock Uncertainty:      0.154ns  ((TSJ^2 + TIJ^2)^1/2 + DJ) / 2 + PE
    Total System Jitter     (TSJ):    0.071ns
    Total Input Jitter      (TIJ):    0.300ns
    Discrete Jitter          (DJ):    0.000ns
    Phase Error              (PE):    0.000ns
  Timing Exception:       False Path

    Location             Delay type                Incr(ns)  Path(ns)    Netlist Resource(s)
  -------------------------------------------------------------------    -------------------
                         (clock clk_fpga_0 rise edge)
                                                      0.000     0.000 r  
    PS7_X0Y0             PS7                          0.000     0.000 r  top_i/zynq_ps/inst/PS7_i/FCLKCLK[0]
                         net (fo=1, routed)           0.310     0.310    top_i/zynq_ps/inst/FCLK_CLK_unbuffered[0]
    BUFGCTRL_X0Y16       BUFG (Prop_bufg_I_O)         0.026     0.336 r  top_i/zynq_ps/inst/buffer_fclk_clk_0.FCLK_CLK_0_BUFG/O
                         net (fo=53700, routed)       0.583     0.919    top_i/smartconnect_0/inst/clk_map/psr_aclk/U0/aclk
    SLICE_X71Y36         FDRE                                         r  top_i/smartconnect_0/inst/clk_map/psr_aclk/U0/ACTIVE_LOW_BSR_OUT_DFF[0].FDRE_BSR_N/C
  -------------------------------------------------------------------    -------------------
    SLICE_X71Y36         FDRE (Prop_fdre_C_Q)         0.141     1.060 r  top_i/smartconnect_0/inst/clk_map/psr_aclk/U0/ACTIVE_LOW_BSR_OUT_DFF[0].FDRE_BSR_N/Q
                         net (fo=22, routed)          0.354     1.413    top_i/smartconnect_0/inst/m00_nodes/m00_ar_node/inst/s_sc_xpm_cdc_async_rst_inst/src_arst
    SLICE_X68Y39         LUT1 (Prop_lut1_I0_O)        0.044     1.457 f  top_i/smartconnect_0/inst/m00_nodes/m00_ar_node/inst/s_sc_xpm_cdc_async_rst_inst/arststages_ff[2]_i_1/O
                         net (fo=3, routed)           0.181     1.638    top_i/smartconnect_0/inst/m00_nodes/m00_ar_node/inst/s_sc_xpm_cdc_async_rst_inst/reset_pol
    SLICE_X68Y39         FDCE                                         f  top_i/smartconnect_0/inst/m00_nodes/m00_ar_node/inst/s_sc_xpm_cdc_async_rst_inst/arststages_ff_reg[0]/CLR
  -------------------------------------------------------------------    -------------------

                         (clock clk_fpga_0 rise edge)
                                                      0.000     0.000 r  
    PS7_X0Y0             PS7                          0.000     0.000 r  top_i/zynq_ps/inst/PS7_i/FCLKCLK[0]
                         net (fo=1, routed)           0.337     0.337    top_i/zynq_ps/inst/FCLK_CLK_unbuffered[0]
    BUFGCTRL_X0Y16       BUFG (Prop_bufg_I_O)         0.029     0.366 r  top_i/zynq_ps/inst/buffer_fclk_clk_0.FCLK_CLK_0_BUFG/O
                         net (fo=53700, routed)       0.852     1.218    top_i/smartconnect_0/inst/m00_nodes/m00_ar_node/inst/s_sc_xpm_cdc_async_rst_inst/dest_clk
    SLICE_X68Y39         FDCE                                         r  top_i/smartconnect_0/inst/m00_nodes/m00_ar_node/inst/s_sc_xpm_cdc_async_rst_inst/arststages_ff_reg[0]/C

Slack:                    inf
  Source:                 top_i/smartconnect_0/inst/clk_map/psr_aclk/U0/ACTIVE_LOW_BSR_OUT_DFF[0].FDRE_BSR_N/C
                            (rising edge-triggered cell FDRE clocked by clk_fpga_0  {rise@0.000ns fall@5.000ns period=10.000ns})
  Destination:            top_i/smartconnect_0/inst/m00_nodes/m00_ar_node/inst/s_sc_xpm_cdc_async_rst_inst/arststages_ff_reg[1]/CLR
                            (removal check against rising-edge clock clk_fpga_0  {rise@0.000ns fall@5.000ns period=10.000ns})
  Path Group:             (none)
  Path Type:              Removal (Min at Fast Process Corner)
  Data Path Delay:        0.720ns  (logic 0.185ns (25.701%)  route 0.535ns (74.299%))
  Logic Levels:           1  (LUT1=1)
  Clock Path Skew:        0.299ns (DCD - SCD - CPR)
    Destination Clock Delay (DCD):    1.218ns
    Source Clock Delay      (SCD):    0.919ns
    Clock Pessimism Removal (CPR):    -0.000ns
  Clock Uncertainty:      0.154ns  ((TSJ^2 + TIJ^2)^1/2 + DJ) / 2 + PE
    Total System Jitter     (TSJ):    0.071ns
    Total Input Jitter      (TIJ):    0.300ns
    Discrete Jitter          (DJ):    0.000ns
    Phase Error              (PE):    0.000ns
  Timing Exception:       False Path

    Location             Delay type                Incr(ns)  Path(ns)    Netlist Resource(s)
  -------------------------------------------------------------------    -------------------
                         (clock clk_fpga_0 rise edge)
                                                      0.000     0.000 r  
    PS7_X0Y0             PS7                          0.000     0.000 r  top_i/zynq_ps/inst/PS7_i/FCLKCLK[0]
                         net (fo=1, routed)           0.310     0.310    top_i/zynq_ps/inst/FCLK_CLK_unbuffered[0]
    BUFGCTRL_X0Y16       BUFG (Prop_bufg_I_O)         0.026     0.336 r  top_i/zynq_ps/inst/buffer_fclk_clk_0.FCLK_CLK_0_BUFG/O
                         net (fo=53700, routed)       0.583     0.919    top_i/smartconnect_0/inst/clk_map/psr_aclk/U0/aclk
    SLICE_X71Y36         FDRE                                         r  top_i/smartconnect_0/inst/clk_map/psr_aclk/U0/ACTIVE_LOW_BSR_OUT_DFF[0].FDRE_BSR_N/C
  -------------------------------------------------------------------    -------------------
    SLICE_X71Y36         FDRE (Prop_fdre_C_Q)         0.141     1.060 r  top_i/smartconnect_0/inst/clk_map/psr_aclk/U0/ACTIVE_LOW_BSR_OUT_DFF[0].FDRE_BSR_N/Q
                         net (fo=22, routed)          0.354     1.413    top_i/smartconnect_0/inst/m00_nodes/m00_ar_node/inst/s_sc_xpm_cdc_async_rst_inst/src_arst
    SLICE_X68Y39         LUT1 (Prop_lut1_I0_O)        0.044     1.457 f  top_i/smartconnect_0/inst/m00_nodes/m00_ar_node/inst/s_sc_xpm_cdc_async_rst_inst/arststages_ff[2]_i_1/O
                         net (fo=3, routed)           0.181     1.638    top_i/smartconnect_0/inst/m00_nodes/m00_ar_node/inst/s_sc_xpm_cdc_async_rst_inst/reset_pol
    SLICE_X68Y39         FDCE                                         f  top_i/smartconnect_0/inst/m00_nodes/m00_ar_node/inst/s_sc_xpm_cdc_async_rst_inst/arststages_ff_reg[1]/CLR
  -------------------------------------------------------------------    -------------------

                         (clock clk_fpga_0 rise edge)
                                                      0.000     0.000 r  
    PS7_X0Y0             PS7                          0.000     0.000 r  top_i/zynq_ps/inst/PS7_i/FCLKCLK[0]
                         net (fo=1, routed)           0.337     0.337    top_i/zynq_ps/inst/FCLK_CLK_unbuffered[0]
    BUFGCTRL_X0Y16       BUFG (Prop_bufg_I_O)         0.029     0.366 r  top_i/zynq_ps/inst/buffer_fclk_clk_0.FCLK_CLK_0_BUFG/O
                         net (fo=53700, routed)       0.852     1.218    top_i/smartconnect_0/inst/m00_nodes/m00_ar_node/inst/s_sc_xpm_cdc_async_rst_inst/dest_clk
    SLICE_X68Y39         FDCE                                         r  top_i/smartconnect_0/inst/m00_nodes/m00_ar_node/inst/s_sc_xpm_cdc_async_rst_inst/arststages_ff_reg[1]/C

Slack:                    inf
  Source:                 top_i/smartconnect_0/inst/clk_map/psr_aclk/U0/ACTIVE_LOW_BSR_OUT_DFF[0].FDRE_BSR_N/C
                            (rising edge-triggered cell FDRE clocked by clk_fpga_0  {rise@0.000ns fall@5.000ns period=10.000ns})
  Destination:            top_i/smartconnect_0/inst/m00_nodes/m00_ar_node/inst/s_sc_xpm_cdc_async_rst_inst/arststages_ff_reg[2]/CLR
                            (removal check against rising-edge clock clk_fpga_0  {rise@0.000ns fall@5.000ns period=10.000ns})
  Path Group:             (none)
  Path Type:              Removal (Min at Fast Process Corner)
  Data Path Delay:        0.720ns  (logic 0.185ns (25.701%)  route 0.535ns (74.299%))
  Logic Levels:           1  (LUT1=1)
  Clock Path Skew:        0.299ns (DCD - SCD - CPR)
    Destination Clock Delay (DCD):    1.218ns
    Source Clock Delay      (SCD):    0.919ns
    Clock Pessimism Removal (CPR):    -0.000ns
  Clock Uncertainty:      0.154ns  ((TSJ^2 + TIJ^2)^1/2 + DJ) / 2 + PE
    Total System Jitter     (TSJ):    0.071ns
    Total Input Jitter      (TIJ):    0.300ns
    Discrete Jitter          (DJ):    0.000ns
    Phase Error              (PE):    0.000ns
  Timing Exception:       False Path

    Location             Delay type                Incr(ns)  Path(ns)    Netlist Resource(s)
  -------------------------------------------------------------------    -------------------
                         (clock clk_fpga_0 rise edge)
                                                      0.000     0.000 r  
    PS7_X0Y0             PS7                          0.000     0.000 r  top_i/zynq_ps/inst/PS7_i/FCLKCLK[0]
                         net (fo=1, routed)           0.310     0.310    top_i/zynq_ps/inst/FCLK_CLK_unbuffered[0]
    BUFGCTRL_X0Y16       BUFG (Prop_bufg_I_O)         0.026     0.336 r  top_i/zynq_ps/inst/buffer_fclk_clk_0.FCLK_CLK_0_BUFG/O
                         net (fo=53700, routed)       0.583     0.919    top_i/smartconnect_0/inst/clk_map/psr_aclk/U0/aclk
    SLICE_X71Y36         FDRE                                         r  top_i/smartconnect_0/inst/clk_map/psr_aclk/U0/ACTIVE_LOW_BSR_OUT_DFF[0].FDRE_BSR_N/C
  -------------------------------------------------------------------    -------------------
    SLICE_X71Y36         FDRE (Prop_fdre_C_Q)         0.141     1.060 r  top_i/smartconnect_0/inst/clk_map/psr_aclk/U0/ACTIVE_LOW_BSR_OUT_DFF[0].FDRE_BSR_N/Q
                         net (fo=22, routed)          0.354     1.413    top_i/smartconnect_0/inst/m00_nodes/m00_ar_node/inst/s_sc_xpm_cdc_async_rst_inst/src_arst
    SLICE_X68Y39         LUT1 (Prop_lut1_I0_O)        0.044     1.457 f  top_i/smartconnect_0/inst/m00_nodes/m00_ar_node/inst/s_sc_xpm_cdc_async_rst_inst/arststages_ff[2]_i_1/O
                         net (fo=3, routed)           0.181     1.638    top_i/smartconnect_0/inst/m00_nodes/m00_ar_node/inst/s_sc_xpm_cdc_async_rst_inst/reset_pol
    SLICE_X68Y39         FDCE                                         f  top_i/smartconnect_0/inst/m00_nodes/m00_ar_node/inst/s_sc_xpm_cdc_async_rst_inst/arststages_ff_reg[2]/CLR
  -------------------------------------------------------------------    -------------------

                         (clock clk_fpga_0 rise edge)
                                                      0.000     0.000 r  
    PS7_X0Y0             PS7                          0.000     0.000 r  top_i/zynq_ps/inst/PS7_i/FCLKCLK[0]
                         net (fo=1, routed)           0.337     0.337    top_i/zynq_ps/inst/FCLK_CLK_unbuffered[0]
    BUFGCTRL_X0Y16       BUFG (Prop_bufg_I_O)         0.029     0.366 r  top_i/zynq_ps/inst/buffer_fclk_clk_0.FCLK_CLK_0_BUFG/O
                         net (fo=53700, routed)       0.852     1.218    top_i/smartconnect_0/inst/m00_nodes/m00_ar_node/inst/s_sc_xpm_cdc_async_rst_inst/dest_clk
    SLICE_X68Y39         FDCE                                         r  top_i/smartconnect_0/inst/m00_nodes/m00_ar_node/inst/s_sc_xpm_cdc_async_rst_inst/arststages_ff_reg[2]/C

Slack:                    inf
  Source:                 top_i/smartconnect_0/inst/clk_map/psr_aclk/U0/ACTIVE_LOW_BSR_OUT_DFF[0].FDRE_BSR_N/C
                            (rising edge-triggered cell FDRE clocked by clk_fpga_0  {rise@0.000ns fall@5.000ns period=10.000ns})
  Destination:            top_i/smartconnect_0/inst/s00_entry_pipeline/s00_si_converter/inst/xpm_cdc_async_rst_inst/arststages_ff_reg[0]/CLR
                            (removal check against rising-edge clock clk_fpga_0  {rise@0.000ns fall@5.000ns period=10.000ns})
  Path Group:             (none)
  Path Type:              Removal (Min at Fast Process Corner)
  Data Path Delay:        0.831ns  (logic 0.185ns (22.265%)  route 0.646ns (77.735%))
  Logic Levels:           1  (LUT1=1)
  Clock Path Skew:        0.304ns (DCD - SCD - CPR)
    Destination Clock Delay (DCD):    1.223ns
    Source Clock Delay      (SCD):    0.919ns
    Clock Pessimism Removal (CPR):    -0.000ns
  Clock Uncertainty:      0.154ns  ((TSJ^2 + TIJ^2)^1/2 + DJ) / 2 + PE
    Total System Jitter     (TSJ):    0.071ns
    Total Input Jitter      (TIJ):    0.300ns
    Discrete Jitter          (DJ):    0.000ns
    Phase Error              (PE):    0.000ns
  Timing Exception:       False Path

    Location             Delay type                Incr(ns)  Path(ns)    Netlist Resource(s)
  -------------------------------------------------------------------    -------------------
                         (clock clk_fpga_0 rise edge)
                                                      0.000     0.000 r  
    PS7_X0Y0             PS7                          0.000     0.000 r  top_i/zynq_ps/inst/PS7_i/FCLKCLK[0]
                         net (fo=1, routed)           0.310     0.310    top_i/zynq_ps/inst/FCLK_CLK_unbuffered[0]
    BUFGCTRL_X0Y16       BUFG (Prop_bufg_I_O)         0.026     0.336 r  top_i/zynq_ps/inst/buffer_fclk_clk_0.FCLK_CLK_0_BUFG/O
                         net (fo=53700, routed)       0.583     0.919    top_i/smartconnect_0/inst/clk_map/psr_aclk/U0/aclk
    SLICE_X71Y36         FDRE                                         r  top_i/smartconnect_0/inst/clk_map/psr_aclk/U0/ACTIVE_LOW_BSR_OUT_DFF[0].FDRE_BSR_N/C
  -------------------------------------------------------------------    -------------------
    SLICE_X71Y36         FDRE (Prop_fdre_C_Q)         0.141     1.060 r  top_i/smartconnect_0/inst/clk_map/psr_aclk/U0/ACTIVE_LOW_BSR_OUT_DFF[0].FDRE_BSR_N/Q
                         net (fo=22, routed)          0.465     1.524    top_i/smartconnect_0/inst/s00_entry_pipeline/s00_si_converter/inst/xpm_cdc_async_rst_inst/src_arst
    SLICE_X78Y45         LUT1 (Prop_lut1_I0_O)        0.044     1.568 f  top_i/smartconnect_0/inst/s00_entry_pipeline/s00_si_converter/inst/xpm_cdc_async_rst_inst/arststages_ff[2]_i_1/O
                         net (fo=3, routed)           0.181     1.749    top_i/smartconnect_0/inst/s00_entry_pipeline/s00_si_converter/inst/xpm_cdc_async_rst_inst/reset_pol
    SLICE_X78Y45         FDCE                                         f  top_i/smartconnect_0/inst/s00_entry_pipeline/s00_si_converter/inst/xpm_cdc_async_rst_inst/arststages_ff_reg[0]/CLR
  -------------------------------------------------------------------    -------------------

                         (clock clk_fpga_0 rise edge)
                                                      0.000     0.000 r  
    PS7_X0Y0             PS7                          0.000     0.000 r  top_i/zynq_ps/inst/PS7_i/FCLKCLK[0]
                         net (fo=1, routed)           0.337     0.337    top_i/zynq_ps/inst/FCLK_CLK_unbuffered[0]
    BUFGCTRL_X0Y16       BUFG (Prop_bufg_I_O)         0.029     0.366 r  top_i/zynq_ps/inst/buffer_fclk_clk_0.FCLK_CLK_0_BUFG/O
                         net (fo=53700, routed)       0.857     1.223    top_i/smartconnect_0/inst/s00_entry_pipeline/s00_si_converter/inst/xpm_cdc_async_rst_inst/dest_clk
    SLICE_X78Y45         FDCE                                         r  top_i/smartconnect_0/inst/s00_entry_pipeline/s00_si_converter/inst/xpm_cdc_async_rst_inst/arststages_ff_reg[0]/C

Slack:                    inf
  Source:                 top_i/smartconnect_0/inst/clk_map/psr_aclk/U0/ACTIVE_LOW_BSR_OUT_DFF[0].FDRE_BSR_N/C
                            (rising edge-triggered cell FDRE clocked by clk_fpga_0  {rise@0.000ns fall@5.000ns period=10.000ns})
  Destination:            top_i/smartconnect_0/inst/s00_entry_pipeline/s00_si_converter/inst/xpm_cdc_async_rst_inst/arststages_ff_reg[1]/CLR
                            (removal check against rising-edge clock clk_fpga_0  {rise@0.000ns fall@5.000ns period=10.000ns})
  Path Group:             (none)
  Path Type:              Removal (Min at Fast Process Corner)
  Data Path Delay:        0.831ns  (logic 0.185ns (22.265%)  route 0.646ns (77.735%))
  Logic Levels:           1  (LUT1=1)
  Clock Path Skew:        0.304ns (DCD - SCD - CPR)
    Destination Clock Delay (DCD):    1.223ns
    Source Clock Delay      (SCD):    0.919ns
    Clock Pessimism Removal (CPR):    -0.000ns
  Clock Uncertainty:      0.154ns  ((TSJ^2 + TIJ^2)^1/2 + DJ) / 2 + PE
    Total System Jitter     (TSJ):    0.071ns
    Total Input Jitter      (TIJ):    0.300ns
    Discrete Jitter          (DJ):    0.000ns
    Phase Error              (PE):    0.000ns
  Timing Exception:       False Path

    Location             Delay type                Incr(ns)  Path(ns)    Netlist Resource(s)
  -------------------------------------------------------------------    -------------------
                         (clock clk_fpga_0 rise edge)
                                                      0.000     0.000 r  
    PS7_X0Y0             PS7                          0.000     0.000 r  top_i/zynq_ps/inst/PS7_i/FCLKCLK[0]
                         net (fo=1, routed)           0.310     0.310    top_i/zynq_ps/inst/FCLK_CLK_unbuffered[0]
    BUFGCTRL_X0Y16       BUFG (Prop_bufg_I_O)         0.026     0.336 r  top_i/zynq_ps/inst/buffer_fclk_clk_0.FCLK_CLK_0_BUFG/O
                         net (fo=53700, routed)       0.583     0.919    top_i/smartconnect_0/inst/clk_map/psr_aclk/U0/aclk
    SLICE_X71Y36         FDRE                                         r  top_i/smartconnect_0/inst/clk_map/psr_aclk/U0/ACTIVE_LOW_BSR_OUT_DFF[0].FDRE_BSR_N/C
  -------------------------------------------------------------------    -------------------
    SLICE_X71Y36         FDRE (Prop_fdre_C_Q)         0.141     1.060 r  top_i/smartconnect_0/inst/clk_map/psr_aclk/U0/ACTIVE_LOW_BSR_OUT_DFF[0].FDRE_BSR_N/Q
                         net (fo=22, routed)          0.465     1.524    top_i/smartconnect_0/inst/s00_entry_pipeline/s00_si_converter/inst/xpm_cdc_async_rst_inst/src_arst
    SLICE_X78Y45         LUT1 (Prop_lut1_I0_O)        0.044     1.568 f  top_i/smartconnect_0/inst/s00_entry_pipeline/s00_si_converter/inst/xpm_cdc_async_rst_inst/arststages_ff[2]_i_1/O
                         net (fo=3, routed)           0.181     1.749    top_i/smartconnect_0/inst/s00_entry_pipeline/s00_si_converter/inst/xpm_cdc_async_rst_inst/reset_pol
    SLICE_X78Y45         FDCE                                         f  top_i/smartconnect_0/inst/s00_entry_pipeline/s00_si_converter/inst/xpm_cdc_async_rst_inst/arststages_ff_reg[1]/CLR
  -------------------------------------------------------------------    -------------------

                         (clock clk_fpga_0 rise edge)
                                                      0.000     0.000 r  
    PS7_X0Y0             PS7                          0.000     0.000 r  top_i/zynq_ps/inst/PS7_i/FCLKCLK[0]
                         net (fo=1, routed)           0.337     0.337    top_i/zynq_ps/inst/FCLK_CLK_unbuffered[0]
    BUFGCTRL_X0Y16       BUFG (Prop_bufg_I_O)         0.029     0.366 r  top_i/zynq_ps/inst/buffer_fclk_clk_0.FCLK_CLK_0_BUFG/O
                         net (fo=53700, routed)       0.857     1.223    top_i/smartconnect_0/inst/s00_entry_pipeline/s00_si_converter/inst/xpm_cdc_async_rst_inst/dest_clk
    SLICE_X78Y45         FDCE                                         r  top_i/smartconnect_0/inst/s00_entry_pipeline/s00_si_converter/inst/xpm_cdc_async_rst_inst/arststages_ff_reg[1]/C

Slack:                    inf
  Source:                 top_i/smartconnect_0/inst/clk_map/psr_aclk/U0/ACTIVE_LOW_BSR_OUT_DFF[0].FDRE_BSR_N/C
                            (rising edge-triggered cell FDRE clocked by clk_fpga_0  {rise@0.000ns fall@5.000ns period=10.000ns})
  Destination:            top_i/smartconnect_0/inst/s00_entry_pipeline/s00_si_converter/inst/xpm_cdc_async_rst_inst/arststages_ff_reg[2]/CLR
                            (removal check against rising-edge clock clk_fpga_0  {rise@0.000ns fall@5.000ns period=10.000ns})
  Path Group:             (none)
  Path Type:              Removal (Min at Fast Process Corner)
  Data Path Delay:        0.831ns  (logic 0.185ns (22.265%)  route 0.646ns (77.735%))
  Logic Levels:           1  (LUT1=1)
  Clock Path Skew:        0.304ns (DCD - SCD - CPR)
    Destination Clock Delay (DCD):    1.223ns
    Source Clock Delay      (SCD):    0.919ns
    Clock Pessimism Removal (CPR):    -0.000ns
  Clock Uncertainty:      0.154ns  ((TSJ^2 + TIJ^2)^1/2 + DJ) / 2 + PE
    Total System Jitter     (TSJ):    0.071ns
    Total Input Jitter      (TIJ):    0.300ns
    Discrete Jitter          (DJ):    0.000ns
    Phase Error              (PE):    0.000ns
  Timing Exception:       False Path

    Location             Delay type                Incr(ns)  Path(ns)    Netlist Resource(s)
  -------------------------------------------------------------------    -------------------
                         (clock clk_fpga_0 rise edge)
                                                      0.000     0.000 r  
    PS7_X0Y0             PS7                          0.000     0.000 r  top_i/zynq_ps/inst/PS7_i/FCLKCLK[0]
                         net (fo=1, routed)           0.310     0.310    top_i/zynq_ps/inst/FCLK_CLK_unbuffered[0]
    BUFGCTRL_X0Y16       BUFG (Prop_bufg_I_O)         0.026     0.336 r  top_i/zynq_ps/inst/buffer_fclk_clk_0.FCLK_CLK_0_BUFG/O
                         net (fo=53700, routed)       0.583     0.919    top_i/smartconnect_0/inst/clk_map/psr_aclk/U0/aclk
    SLICE_X71Y36         FDRE                                         r  top_i/smartconnect_0/inst/clk_map/psr_aclk/U0/ACTIVE_LOW_BSR_OUT_DFF[0].FDRE_BSR_N/C
  -------------------------------------------------------------------    -------------------
    SLICE_X71Y36         FDRE (Prop_fdre_C_Q)         0.141     1.060 r  top_i/smartconnect_0/inst/clk_map/psr_aclk/U0/ACTIVE_LOW_BSR_OUT_DFF[0].FDRE_BSR_N/Q
                         net (fo=22, routed)          0.465     1.524    top_i/smartconnect_0/inst/s00_entry_pipeline/s00_si_converter/inst/xpm_cdc_async_rst_inst/src_arst
    SLICE_X78Y45         LUT1 (Prop_lut1_I0_O)        0.044     1.568 f  top_i/smartconnect_0/inst/s00_entry_pipeline/s00_si_converter/inst/xpm_cdc_async_rst_inst/arststages_ff[2]_i_1/O
                         net (fo=3, routed)           0.181     1.749    top_i/smartconnect_0/inst/s00_entry_pipeline/s00_si_converter/inst/xpm_cdc_async_rst_inst/reset_pol
    SLICE_X78Y45         FDCE                                         f  top_i/smartconnect_0/inst/s00_entry_pipeline/s00_si_converter/inst/xpm_cdc_async_rst_inst/arststages_ff_reg[2]/CLR
  -------------------------------------------------------------------    -------------------

                         (clock clk_fpga_0 rise edge)
                                                      0.000     0.000 r  
    PS7_X0Y0             PS7                          0.000     0.000 r  top_i/zynq_ps/inst/PS7_i/FCLKCLK[0]
                         net (fo=1, routed)           0.337     0.337    top_i/zynq_ps/inst/FCLK_CLK_unbuffered[0]
    BUFGCTRL_X0Y16       BUFG (Prop_bufg_I_O)         0.029     0.366 r  top_i/zynq_ps/inst/buffer_fclk_clk_0.FCLK_CLK_0_BUFG/O
                         net (fo=53700, routed)       0.857     1.223    top_i/smartconnect_0/inst/s00_entry_pipeline/s00_si_converter/inst/xpm_cdc_async_rst_inst/dest_clk
    SLICE_X78Y45         FDCE                                         r  top_i/smartconnect_0/inst/s00_entry_pipeline/s00_si_converter/inst/xpm_cdc_async_rst_inst/arststages_ff_reg[2]/C

Slack:                    inf
  Source:                 top_i/smartconnect_0/inst/clk_map/psr_aclk/U0/ACTIVE_LOW_BSR_OUT_DFF[0].FDRE_BSR_N/C
                            (rising edge-triggered cell FDRE clocked by clk_fpga_0  {rise@0.000ns fall@5.000ns period=10.000ns})
  Destination:            top_i/smartconnect_0/inst/s01_nodes/s01_ar_node/inst/s_sc_xpm_cdc_async_rst_inst/arststages_ff_reg[0]/CLR
                            (removal check against rising-edge clock clk_fpga_0  {rise@0.000ns fall@5.000ns period=10.000ns})
  Path Group:             (none)
  Path Type:              Removal (Min at Fast Process Corner)
  Data Path Delay:        0.967ns  (logic 0.186ns (19.228%)  route 0.781ns (80.772%))
  Logic Levels:           1  (LUT1=1)
  Clock Path Skew:        0.300ns (DCD - SCD - CPR)
    Destination Clock Delay (DCD):    1.219ns
    Source Clock Delay      (SCD):    0.919ns
    Clock Pessimism Removal (CPR):    -0.000ns
  Clock Uncertainty:      0.154ns  ((TSJ^2 + TIJ^2)^1/2 + DJ) / 2 + PE
    Total System Jitter     (TSJ):    0.071ns
    Total Input Jitter      (TIJ):    0.300ns
    Discrete Jitter          (DJ):    0.000ns
    Phase Error              (PE):    0.000ns
  Timing Exception:       False Path

    Location             Delay type                Incr(ns)  Path(ns)    Netlist Resource(s)
  -------------------------------------------------------------------    -------------------
                         (clock clk_fpga_0 rise edge)
                                                      0.000     0.000 r  
    PS7_X0Y0             PS7                          0.000     0.000 r  top_i/zynq_ps/inst/PS7_i/FCLKCLK[0]
                         net (fo=1, routed)           0.310     0.310    top_i/zynq_ps/inst/FCLK_CLK_unbuffered[0]
    BUFGCTRL_X0Y16       BUFG (Prop_bufg_I_O)         0.026     0.336 r  top_i/zynq_ps/inst/buffer_fclk_clk_0.FCLK_CLK_0_BUFG/O
                         net (fo=53700, routed)       0.583     0.919    top_i/smartconnect_0/inst/clk_map/psr_aclk/U0/aclk
    SLICE_X71Y36         FDRE                                         r  top_i/smartconnect_0/inst/clk_map/psr_aclk/U0/ACTIVE_LOW_BSR_OUT_DFF[0].FDRE_BSR_N/C
  -------------------------------------------------------------------    -------------------
    SLICE_X71Y36         FDRE (Prop_fdre_C_Q)         0.141     1.060 r  top_i/smartconnect_0/inst/clk_map/psr_aclk/U0/ACTIVE_LOW_BSR_OUT_DFF[0].FDRE_BSR_N/Q
                         net (fo=22, routed)          0.475     1.534    top_i/smartconnect_0/inst/s01_nodes/s01_ar_node/inst/s_sc_xpm_cdc_async_rst_inst/src_arst
    SLICE_X65Y37         LUT1 (Prop_lut1_I0_O)        0.045     1.579 f  top_i/smartconnect_0/inst/s01_nodes/s01_ar_node/inst/s_sc_xpm_cdc_async_rst_inst/arststages_ff[2]_i_1/O
                         net (fo=3, routed)           0.306     1.886    top_i/smartconnect_0/inst/s01_nodes/s01_ar_node/inst/s_sc_xpm_cdc_async_rst_inst/reset_pol
    SLICE_X71Y40         FDCE                                         f  top_i/smartconnect_0/inst/s01_nodes/s01_ar_node/inst/s_sc_xpm_cdc_async_rst_inst/arststages_ff_reg[0]/CLR
  -------------------------------------------------------------------    -------------------

                         (clock clk_fpga_0 rise edge)
                                                      0.000     0.000 r  
    PS7_X0Y0             PS7                          0.000     0.000 r  top_i/zynq_ps/inst/PS7_i/FCLKCLK[0]
                         net (fo=1, routed)           0.337     0.337    top_i/zynq_ps/inst/FCLK_CLK_unbuffered[0]
    BUFGCTRL_X0Y16       BUFG (Prop_bufg_I_O)         0.029     0.366 r  top_i/zynq_ps/inst/buffer_fclk_clk_0.FCLK_CLK_0_BUFG/O
                         net (fo=53700, routed)       0.853     1.219    top_i/smartconnect_0/inst/s01_nodes/s01_ar_node/inst/s_sc_xpm_cdc_async_rst_inst/dest_clk
    SLICE_X71Y40         FDCE                                         r  top_i/smartconnect_0/inst/s01_nodes/s01_ar_node/inst/s_sc_xpm_cdc_async_rst_inst/arststages_ff_reg[0]/C

Slack:                    inf
  Source:                 top_i/smartconnect_0/inst/clk_map/psr_aclk/U0/ACTIVE_LOW_BSR_OUT_DFF[0].FDRE_BSR_N/C
                            (rising edge-triggered cell FDRE clocked by clk_fpga_0  {rise@0.000ns fall@5.000ns period=10.000ns})
  Destination:            top_i/smartconnect_0/inst/s01_nodes/s01_ar_node/inst/s_sc_xpm_cdc_async_rst_inst/arststages_ff_reg[1]/CLR
                            (removal check against rising-edge clock clk_fpga_0  {rise@0.000ns fall@5.000ns period=10.000ns})
  Path Group:             (none)
  Path Type:              Removal (Min at Fast Process Corner)
  Data Path Delay:        0.967ns  (logic 0.186ns (19.228%)  route 0.781ns (80.772%))
  Logic Levels:           1  (LUT1=1)
  Clock Path Skew:        0.300ns (DCD - SCD - CPR)
    Destination Clock Delay (DCD):    1.219ns
    Source Clock Delay      (SCD):    0.919ns
    Clock Pessimism Removal (CPR):    -0.000ns
  Clock Uncertainty:      0.154ns  ((TSJ^2 + TIJ^2)^1/2 + DJ) / 2 + PE
    Total System Jitter     (TSJ):    0.071ns
    Total Input Jitter      (TIJ):    0.300ns
    Discrete Jitter          (DJ):    0.000ns
    Phase Error              (PE):    0.000ns
  Timing Exception:       False Path

    Location             Delay type                Incr(ns)  Path(ns)    Netlist Resource(s)
  -------------------------------------------------------------------    -------------------
                         (clock clk_fpga_0 rise edge)
                                                      0.000     0.000 r  
    PS7_X0Y0             PS7                          0.000     0.000 r  top_i/zynq_ps/inst/PS7_i/FCLKCLK[0]
                         net (fo=1, routed)           0.310     0.310    top_i/zynq_ps/inst/FCLK_CLK_unbuffered[0]
    BUFGCTRL_X0Y16       BUFG (Prop_bufg_I_O)         0.026     0.336 r  top_i/zynq_ps/inst/buffer_fclk_clk_0.FCLK_CLK_0_BUFG/O
                         net (fo=53700, routed)       0.583     0.919    top_i/smartconnect_0/inst/clk_map/psr_aclk/U0/aclk
    SLICE_X71Y36         FDRE                                         r  top_i/smartconnect_0/inst/clk_map/psr_aclk/U0/ACTIVE_LOW_BSR_OUT_DFF[0].FDRE_BSR_N/C
  -------------------------------------------------------------------    -------------------
    SLICE_X71Y36         FDRE (Prop_fdre_C_Q)         0.141     1.060 r  top_i/smartconnect_0/inst/clk_map/psr_aclk/U0/ACTIVE_LOW_BSR_OUT_DFF[0].FDRE_BSR_N/Q
                         net (fo=22, routed)          0.475     1.534    top_i/smartconnect_0/inst/s01_nodes/s01_ar_node/inst/s_sc_xpm_cdc_async_rst_inst/src_arst
    SLICE_X65Y37         LUT1 (Prop_lut1_I0_O)        0.045     1.579 f  top_i/smartconnect_0/inst/s01_nodes/s01_ar_node/inst/s_sc_xpm_cdc_async_rst_inst/arststages_ff[2]_i_1/O
                         net (fo=3, routed)           0.306     1.886    top_i/smartconnect_0/inst/s01_nodes/s01_ar_node/inst/s_sc_xpm_cdc_async_rst_inst/reset_pol
    SLICE_X71Y40         FDCE                                         f  top_i/smartconnect_0/inst/s01_nodes/s01_ar_node/inst/s_sc_xpm_cdc_async_rst_inst/arststages_ff_reg[1]/CLR
  -------------------------------------------------------------------    -------------------

                         (clock clk_fpga_0 rise edge)
                                                      0.000     0.000 r  
    PS7_X0Y0             PS7                          0.000     0.000 r  top_i/zynq_ps/inst/PS7_i/FCLKCLK[0]
                         net (fo=1, routed)           0.337     0.337    top_i/zynq_ps/inst/FCLK_CLK_unbuffered[0]
    BUFGCTRL_X0Y16       BUFG (Prop_bufg_I_O)         0.029     0.366 r  top_i/zynq_ps/inst/buffer_fclk_clk_0.FCLK_CLK_0_BUFG/O
                         net (fo=53700, routed)       0.853     1.219    top_i/smartconnect_0/inst/s01_nodes/s01_ar_node/inst/s_sc_xpm_cdc_async_rst_inst/dest_clk
    SLICE_X71Y40         FDCE                                         r  top_i/smartconnect_0/inst/s01_nodes/s01_ar_node/inst/s_sc_xpm_cdc_async_rst_inst/arststages_ff_reg[1]/C

Slack:                    inf
  Source:                 top_i/smartconnect_0/inst/clk_map/psr_aclk/U0/ACTIVE_LOW_BSR_OUT_DFF[0].FDRE_BSR_N/C
                            (rising edge-triggered cell FDRE clocked by clk_fpga_0  {rise@0.000ns fall@5.000ns period=10.000ns})
  Destination:            top_i/smartconnect_0/inst/s01_nodes/s01_ar_node/inst/s_sc_xpm_cdc_async_rst_inst/arststages_ff_reg[2]/CLR
                            (removal check against rising-edge clock clk_fpga_0  {rise@0.000ns fall@5.000ns period=10.000ns})
  Path Group:             (none)
  Path Type:              Removal (Min at Fast Process Corner)
  Data Path Delay:        0.967ns  (logic 0.186ns (19.228%)  route 0.781ns (80.772%))
  Logic Levels:           1  (LUT1=1)
  Clock Path Skew:        0.300ns (DCD - SCD - CPR)
    Destination Clock Delay (DCD):    1.219ns
    Source Clock Delay      (SCD):    0.919ns
    Clock Pessimism Removal (CPR):    -0.000ns
  Clock Uncertainty:      0.154ns  ((TSJ^2 + TIJ^2)^1/2 + DJ) / 2 + PE
    Total System Jitter     (TSJ):    0.071ns
    Total Input Jitter      (TIJ):    0.300ns
    Discrete Jitter          (DJ):    0.000ns
    Phase Error              (PE):    0.000ns
  Timing Exception:       False Path

    Location             Delay type                Incr(ns)  Path(ns)    Netlist Resource(s)
  -------------------------------------------------------------------    -------------------
                         (clock clk_fpga_0 rise edge)
                                                      0.000     0.000 r  
    PS7_X0Y0             PS7                          0.000     0.000 r  top_i/zynq_ps/inst/PS7_i/FCLKCLK[0]
                         net (fo=1, routed)           0.310     0.310    top_i/zynq_ps/inst/FCLK_CLK_unbuffered[0]
    BUFGCTRL_X0Y16       BUFG (Prop_bufg_I_O)         0.026     0.336 r  top_i/zynq_ps/inst/buffer_fclk_clk_0.FCLK_CLK_0_BUFG/O
                         net (fo=53700, routed)       0.583     0.919    top_i/smartconnect_0/inst/clk_map/psr_aclk/U0/aclk
    SLICE_X71Y36         FDRE                                         r  top_i/smartconnect_0/inst/clk_map/psr_aclk/U0/ACTIVE_LOW_BSR_OUT_DFF[0].FDRE_BSR_N/C
  -------------------------------------------------------------------    -------------------
    SLICE_X71Y36         FDRE (Prop_fdre_C_Q)         0.141     1.060 r  top_i/smartconnect_0/inst/clk_map/psr_aclk/U0/ACTIVE_LOW_BSR_OUT_DFF[0].FDRE_BSR_N/Q
                         net (fo=22, routed)          0.475     1.534    top_i/smartconnect_0/inst/s01_nodes/s01_ar_node/inst/s_sc_xpm_cdc_async_rst_inst/src_arst
    SLICE_X65Y37         LUT1 (Prop_lut1_I0_O)        0.045     1.579 f  top_i/smartconnect_0/inst/s01_nodes/s01_ar_node/inst/s_sc_xpm_cdc_async_rst_inst/arststages_ff[2]_i_1/O
                         net (fo=3, routed)           0.306     1.886    top_i/smartconnect_0/inst/s01_nodes/s01_ar_node/inst/s_sc_xpm_cdc_async_rst_inst/reset_pol
    SLICE_X71Y40         FDCE                                         f  top_i/smartconnect_0/inst/s01_nodes/s01_ar_node/inst/s_sc_xpm_cdc_async_rst_inst/arststages_ff_reg[2]/CLR
  -------------------------------------------------------------------    -------------------

                         (clock clk_fpga_0 rise edge)
                                                      0.000     0.000 r  
    PS7_X0Y0             PS7                          0.000     0.000 r  top_i/zynq_ps/inst/PS7_i/FCLKCLK[0]
                         net (fo=1, routed)           0.337     0.337    top_i/zynq_ps/inst/FCLK_CLK_unbuffered[0]
    BUFGCTRL_X0Y16       BUFG (Prop_bufg_I_O)         0.029     0.366 r  top_i/zynq_ps/inst/buffer_fclk_clk_0.FCLK_CLK_0_BUFG/O
                         net (fo=53700, routed)       0.853     1.219    top_i/smartconnect_0/inst/s01_nodes/s01_ar_node/inst/s_sc_xpm_cdc_async_rst_inst/dest_clk
    SLICE_X71Y40         FDCE                                         r  top_i/smartconnect_0/inst/s01_nodes/s01_ar_node/inst/s_sc_xpm_cdc_async_rst_inst/arststages_ff_reg[2]/C

Slack:                    inf
  Source:                 top_i/smartconnect_0/inst/clk_map/psr_aclk/U0/ACTIVE_LOW_BSR_OUT_DFF[0].FDRE_BSR_N/C
                            (rising edge-triggered cell FDRE clocked by clk_fpga_0  {rise@0.000ns fall@5.000ns period=10.000ns})
  Destination:            top_i/smartconnect_0/inst/s01_entry_pipeline/s01_transaction_regulator/inst/xpm_cdc_async_rst_inst/arststages_ff_reg[0]/CLR
                            (removal check against rising-edge clock clk_fpga_0  {rise@0.000ns fall@5.000ns period=10.000ns})
  Path Group:             (none)
  Path Type:              Removal (Min at Fast Process Corner)
  Data Path Delay:        0.986ns  (logic 0.186ns (18.857%)  route 0.800ns (81.143%))
  Logic Levels:           1  (LUT1=1)
  Clock Path Skew:        0.284ns (DCD - SCD - CPR)
    Destination Clock Delay (DCD):    1.203ns
    Source Clock Delay      (SCD):    0.919ns
    Clock Pessimism Removal (CPR):    -0.000ns
  Clock Uncertainty:      0.154ns  ((TSJ^2 + TIJ^2)^1/2 + DJ) / 2 + PE
    Total System Jitter     (TSJ):    0.071ns
    Total Input Jitter      (TIJ):    0.300ns
    Discrete Jitter          (DJ):    0.000ns
    Phase Error              (PE):    0.000ns
  Timing Exception:       False Path

    Location             Delay type                Incr(ns)  Path(ns)    Netlist Resource(s)
  -------------------------------------------------------------------    -------------------
                         (clock clk_fpga_0 rise edge)
                                                      0.000     0.000 r  
    PS7_X0Y0             PS7                          0.000     0.000 r  top_i/zynq_ps/inst/PS7_i/FCLKCLK[0]
                         net (fo=1, routed)           0.310     0.310    top_i/zynq_ps/inst/FCLK_CLK_unbuffered[0]
    BUFGCTRL_X0Y16       BUFG (Prop_bufg_I_O)         0.026     0.336 r  top_i/zynq_ps/inst/buffer_fclk_clk_0.FCLK_CLK_0_BUFG/O
                         net (fo=53700, routed)       0.583     0.919    top_i/smartconnect_0/inst/clk_map/psr_aclk/U0/aclk
    SLICE_X71Y36         FDRE                                         r  top_i/smartconnect_0/inst/clk_map/psr_aclk/U0/ACTIVE_LOW_BSR_OUT_DFF[0].FDRE_BSR_N/C
  -------------------------------------------------------------------    -------------------
    SLICE_X71Y36         FDRE (Prop_fdre_C_Q)         0.141     1.060 r  top_i/smartconnect_0/inst/clk_map/psr_aclk/U0/ACTIVE_LOW_BSR_OUT_DFF[0].FDRE_BSR_N/Q
                         net (fo=22, routed)          0.624     1.683    top_i/smartconnect_0/inst/s01_entry_pipeline/s01_transaction_regulator/inst/xpm_cdc_async_rst_inst/src_arst
    SLICE_X61Y25         LUT1 (Prop_lut1_I0_O)        0.045     1.728 f  top_i/smartconnect_0/inst/s01_entry_pipeline/s01_transaction_regulator/inst/xpm_cdc_async_rst_inst/arststages_ff[2]_i_1/O
                         net (fo=3, routed)           0.177     1.905    top_i/smartconnect_0/inst/s01_entry_pipeline/s01_transaction_regulator/inst/xpm_cdc_async_rst_inst/reset_pol
    SLICE_X61Y25         FDCE                                         f  top_i/smartconnect_0/inst/s01_entry_pipeline/s01_transaction_regulator/inst/xpm_cdc_async_rst_inst/arststages_ff_reg[0]/CLR
  -------------------------------------------------------------------    -------------------

                         (clock clk_fpga_0 rise edge)
                                                      0.000     0.000 r  
    PS7_X0Y0             PS7                          0.000     0.000 r  top_i/zynq_ps/inst/PS7_i/FCLKCLK[0]
                         net (fo=1, routed)           0.337     0.337    top_i/zynq_ps/inst/FCLK_CLK_unbuffered[0]
    BUFGCTRL_X0Y16       BUFG (Prop_bufg_I_O)         0.029     0.366 r  top_i/zynq_ps/inst/buffer_fclk_clk_0.FCLK_CLK_0_BUFG/O
                         net (fo=53700, routed)       0.837     1.203    top_i/smartconnect_0/inst/s01_entry_pipeline/s01_transaction_regulator/inst/xpm_cdc_async_rst_inst/dest_clk
    SLICE_X61Y25         FDCE                                         r  top_i/smartconnect_0/inst/s01_entry_pipeline/s01_transaction_regulator/inst/xpm_cdc_async_rst_inst/arststages_ff_reg[0]/C





