Copyright 1986-2022 Xilinx, Inc. All Rights Reserved. Copyright 2022-2023 Advanced Micro Devices, Inc. All Rights Reserved.
------------------------------------------------------------------------------------------------------------------------------------------------------------------------------------------------------------------------------
| Tool Version : Vivado v.2023.2 (lin64) Build 4029153 Fri Oct 13 20:13:54 MDT 2023
| Date         : Sat Aug  1 23:49:32 2026
| Host         : i83labpc01 running 64-bit Ubuntu 24.04.4 LTS
| Command      : report_timing_summary -max_paths 10 -report_unconstrained -file top_wrapper_timing_summary_routed.rpt -pb top_wrapper_timing_summary_routed.pb -rpx top_wrapper_timing_summary_routed.rpx -warn_on_violation
| Design       : top_wrapper
| Device       : 7z020-clg400
| Speed File   : -1  PRODUCTION 1.12 2019-11-22
| Design State : Routed
------------------------------------------------------------------------------------------------------------------------------------------------------------------------------------------------------------------------------

Timing Summary Report

------------------------------------------------------------------------------------------------
| Timer Settings
| --------------
------------------------------------------------------------------------------------------------

  Enable Multi Corner Analysis               :  Yes
  Enable Pessimism Removal                   :  Yes
  Pessimism Removal Resolution               :  Nearest Common Node
  Enable Input Delay Default Clock           :  No
  Enable Preset / Clear Arcs                 :  No
  Disable Flight Delays                      :  No
  Ignore I/O Paths                           :  No
  Timing Early Launch at Borrowing Latches   :  No
  Borrow Time for Max Delay Exceptions       :  Yes
  Merge Timing Exceptions                    :  Yes
  Inter-SLR Compensation                     :  Conservative

  Corner  Analyze    Analyze    
  Name    Max Paths  Min Paths  
  ------  ---------  ---------  
  Slow    Yes        Yes        
  Fast    Yes        Yes        


------------------------------------------------------------------------------------------------
| Report Methodology
| ------------------
------------------------------------------------------------------------------------------------

Rule       Severity  Description            Violations  
---------  --------  ---------------------  ----------  
TIMING-16  Warning   Large setup violation  7           

Note: This report is based on the most recent report_methodology run and may not be up-to-date. Run report_methodology on the current design for the latest report.



check_timing report

Table of Contents
-----------------
1. checking no_clock (0)
2. checking constant_clock (0)
3. checking pulse_width_clock (0)
4. checking unconstrained_internal_endpoints (0)
5. checking no_input_delay (0)
6. checking no_output_delay (0)
7. checking multiple_clock (0)
8. checking generated_clocks (0)
9. checking loops (0)
10. checking partial_input_delay (0)
11. checking partial_output_delay (0)
12. checking latch_loops (0)

1. checking no_clock (0)
------------------------
 There are 0 register/latch pins with no clock.


2. checking constant_clock (0)
------------------------------
 There are 0 register/latch pins with constant_clock.


3. checking pulse_width_clock (0)
---------------------------------
 There are 0 register/latch pins which need pulse_width check


4. checking unconstrained_internal_endpoints (0)
------------------------------------------------
 There are 0 pins that are not constrained for maximum delay.

 There are 0 pins that are not constrained for maximum delay due to constant clock.


5. checking no_input_delay (0)
------------------------------
 There are 0 input ports with no input delay specified.

 There are 0 input ports with no input delay but user has a false path constraint.


6. checking no_output_delay (0)
-------------------------------
 There are 0 ports with no output delay specified.

 There are 0 ports with no output delay but user has a false path constraint

 There are 0 ports with no output delay but with a timing clock defined on it or propagating through it


7. checking multiple_clock (0)
------------------------------
 There are 0 register/latch pins with multiple clocks.


8. checking generated_clocks (0)
--------------------------------
 There are 0 generated clocks that are not connected to a clock source.


9. checking loops (0)
---------------------
 There are 0 combinational loops in the design.


10. checking partial_input_delay (0)
------------------------------------
 There are 0 input ports with partial input delay specified.


11. checking partial_output_delay (0)
-------------------------------------
 There are 0 ports with partial output delay specified.


12. checking latch_loops (0)
----------------------------
 There are 0 combinational latch loops in the design through latch input



------------------------------------------------------------------------------------------------
| Design Timing Summary
| ---------------------
------------------------------------------------------------------------------------------------

    WNS(ns)      TNS(ns)  TNS Failing Endpoints  TNS Total Endpoints      WHS(ns)      THS(ns)  THS Failing Endpoints  THS Total Endpoints     WPWS(ns)     TPWS(ns)  TPWS Failing Endpoints  TPWS Total Endpoints  
    -------      -------  ---------------------  -------------------      -------      -------  ---------------------  -------------------     --------     --------  ----------------------  --------------------  
     -1.985      -14.649                     14               115472        0.050        0.000                      0               115472        3.750        0.000                       0                 55825  


Timing constraints are not met.


------------------------------------------------------------------------------------------------
| Clock Summary
| -------------
------------------------------------------------------------------------------------------------

Clock       Waveform(ns)       Period(ns)      Frequency(MHz)
-----       ------------       ----------      --------------
clk_fpga_0  {0.000 5.000}      10.000          100.000         


------------------------------------------------------------------------------------------------
| Intra Clock Table
| -----------------
------------------------------------------------------------------------------------------------

Clock             WNS(ns)      TNS(ns)  TNS Failing Endpoints  TNS Total Endpoints      WHS(ns)      THS(ns)  THS Failing Endpoints  THS Total Endpoints     WPWS(ns)     TPWS(ns)  TPWS Failing Endpoints  TPWS Total Endpoints  
-----             -------      -------  ---------------------  -------------------      -------      -------  ---------------------  -------------------     --------     --------  ----------------------  --------------------  
clk_fpga_0         -1.985      -14.649                     14               115472        0.050        0.000                      0               115472        3.750        0.000                       0                 55825  


------------------------------------------------------------------------------------------------
| Inter Clock Table
| -----------------
------------------------------------------------------------------------------------------------

From Clock    To Clock          WNS(ns)      TNS(ns)  TNS Failing Endpoints  TNS Total Endpoints      WHS(ns)      THS(ns)  THS Failing Endpoints  THS Total Endpoints  
----------    --------          -------      -------  ---------------------  -------------------      -------      -------  ---------------------  -------------------  


------------------------------------------------------------------------------------------------
| Other Path Groups Table
| -----------------------
------------------------------------------------------------------------------------------------

Path Group    From Clock    To Clock          WNS(ns)      TNS(ns)  TNS Failing Endpoints  TNS Total Endpoints      WHS(ns)      THS(ns)  THS Failing Endpoints  THS Total Endpoints  
----------    ----------    --------          -------      -------  ---------------------  -------------------      -------      -------  ---------------------  -------------------  


------------------------------------------------------------------------------------------------
| User Ignored Path Table
| -----------------------
------------------------------------------------------------------------------------------------

Path Group    From Clock    To Clock    
----------    ----------    --------    
(none)                      clk_fpga_0    
(none)        clk_fpga_0    clk_fpga_0    


------------------------------------------------------------------------------------------------
| Unconstrained Path Table
| ------------------------
------------------------------------------------------------------------------------------------

Path Group    From Clock    To Clock    
----------    ----------    --------    


------------------------------------------------------------------------------------------------
| Timing Details
| --------------
------------------------------------------------------------------------------------------------


---------------------------------------------------------------------------------------------------
From Clock:  clk_fpga_0
  To Clock:  clk_fpga_0

Setup :           14  Failing Endpoints,  Worst Slack       -1.985ns,  Total Violation      -14.649ns
Hold  :            0  Failing Endpoints,  Worst Slack        0.050ns,  Total Violation        0.000ns
PW    :            0  Failing Endpoints,  Worst Slack        3.750ns,  Total Violation        0.000ns
---------------------------------------------------------------------------------------------------


Max Delay Paths
--------------------------------------------------------------------------------------
Slack (VIOLATED) :        -1.985ns  (required time - arrival time)
  Source:                 top_i/StreamingDataflowPartition_1/inst/StreamingDataflowPartition_1_LabelSelect_hls_0/inst/grp_LabelSelect_hls_0_Pipeline_VITIS_LOOP_199_3_fu_45/val_reg_391_reg[3]/C
                            (rising edge-triggered cell FDRE clocked by clk_fpga_0  {rise@0.000ns fall@5.000ns period=10.000ns})
  Destination:            top_i/StreamingDataflowPartition_1/inst/StreamingDataflowPartition_1_LabelSelect_hls_0/inst/grp_LabelSelect_hls_0_Pipeline_VITIS_LOOP_199_3_fu_45/conv_i_i2_445_i_fu_86_reg[2]/D
                            (rising edge-triggered cell FDRE clocked by clk_fpga_0  {rise@0.000ns fall@5.000ns period=10.000ns})
  Path Group:             clk_fpga_0
  Path Type:              Setup (Max at Slow Process Corner)
  Requirement:            10.000ns  (clk_fpga_0 rise@10.000ns - clk_fpga_0 rise@0.000ns)
  Data Path Delay:        11.888ns  (logic 4.184ns (35.194%)  route 7.704ns (64.806%))
  Logic Levels:           15  (CARRY4=5 LUT3=3 LUT4=3 LUT5=2 LUT6=2)
  Clock Path Skew:        -0.023ns (DCD - SCD + CPR)
    Destination Clock Delay (DCD):    2.878ns = ( 12.878 - 10.000 ) 
    Source Clock Delay      (SCD):    3.184ns
    Clock Pessimism Removal (CPR):    0.283ns
  Clock Uncertainty:      0.154ns  ((TSJ^2 + TIJ^2)^1/2 + DJ) / 2 + PE
    Total System Jitter     (TSJ):    0.071ns
    Total Input Jitter      (TIJ):    0.300ns
    Discrete Jitter          (DJ):    0.000ns
    Phase Error              (PE):    0.000ns

    Location             Delay type                Incr(ns)  Path(ns)    Netlist Resource(s)
  -------------------------------------------------------------------    -------------------
                         (clock clk_fpga_0 rise edge)
                                                      0.000     0.000 r  
    PS7_X0Y0             PS7                          0.000     0.000 r  top_i/zynq_ps/inst/PS7_i/FCLKCLK[0]
                         net (fo=1, routed)           1.193     1.193    top_i/zynq_ps/inst/FCLK_CLK_unbuffered[0]
    BUFGCTRL_X0Y16       BUFG (Prop_bufg_I_O)         0.101     1.294 r  top_i/zynq_ps/inst/buffer_fclk_clk_0.FCLK_CLK_0_BUFG/O
                         net (fo=55826, routed)       1.890     3.184    top_i/StreamingDataflowPartition_1/inst/StreamingDataflowPartition_1_LabelSelect_hls_0/inst/grp_LabelSelect_hls_0_Pipeline_VITIS_LOOP_199_3_fu_45/ap_clk
    SLICE_X55Y129        FDRE                                         r  top_i/StreamingDataflowPartition_1/inst/StreamingDataflowPartition_1_LabelSelect_hls_0/inst/grp_LabelSelect_hls_0_Pipeline_VITIS_LOOP_199_3_fu_45/val_reg_391_reg[3]/C
  -------------------------------------------------------------------    -------------------
    SLICE_X55Y129        FDRE (Prop_fdre_C_Q)         0.419     3.603 r  top_i/StreamingDataflowPartition_1/inst/StreamingDataflowPartition_1_LabelSelect_hls_0/inst/grp_LabelSelect_hls_0_Pipeline_VITIS_LOOP_199_3_fu_45/val_reg_391_reg[3]/Q
                         net (fo=4, routed)           0.743     4.346    top_i/StreamingDataflowPartition_1/inst/StreamingDataflowPartition_1_LabelSelect_hls_0/inst/grp_LabelSelect_hls_0_Pipeline_VITIS_LOOP_199_3_fu_45/val_reg_391[3]
    SLICE_X54Y129        LUT4 (Prop_lut4_I2_O)        0.299     4.645 r  top_i/StreamingDataflowPartition_1/inst/StreamingDataflowPartition_1_LabelSelect_hls_0/inst/grp_LabelSelect_hls_0_Pipeline_VITIS_LOOP_199_3_fu_45/cmp_fu_190_p2_carry_i_7/O
                         net (fo=1, routed)           0.000     4.645    top_i/StreamingDataflowPartition_1/inst/StreamingDataflowPartition_1_LabelSelect_hls_0/inst/grp_LabelSelect_hls_0_Pipeline_VITIS_LOOP_199_3_fu_45/cmp_fu_190_p2_carry_i_7_n_3
    SLICE_X54Y129        CARRY4 (Prop_carry4_S[1]_CO[3])
                                                      0.533     5.178 r  top_i/StreamingDataflowPartition_1/inst/StreamingDataflowPartition_1_LabelSelect_hls_0/inst/grp_LabelSelect_hls_0_Pipeline_VITIS_LOOP_199_3_fu_45/cmp_fu_190_p2_carry/CO[3]
                         net (fo=22, routed)          0.866     6.045    top_i/StreamingDataflowPartition_1/inst/StreamingDataflowPartition_1_LabelSelect_hls_0/inst/grp_LabelSelect_hls_0_Pipeline_VITIS_LOOP_199_3_fu_45/cmp_fu_190_p2_carry_n_3
    SLICE_X57Y129        LUT3 (Prop_lut3_I2_O)        0.124     6.169 f  top_i/StreamingDataflowPartition_1/inst/StreamingDataflowPartition_1_LabelSelect_hls_0/inst/grp_LabelSelect_hls_0_Pipeline_VITIS_LOOP_199_3_fu_45/cmp_1_fu_202_p2_carry_i_9/O
                         net (fo=2, routed)           0.415     6.584    top_i/StreamingDataflowPartition_1/inst/StreamingDataflowPartition_1_LabelSelect_hls_0/inst/grp_LabelSelect_hls_0_Pipeline_VITIS_LOOP_199_3_fu_45/select_ln220_fu_195_p3__0[5]
    SLICE_X57Y130        LUT6 (Prop_lut6_I4_O)        0.124     6.708 r  top_i/StreamingDataflowPartition_1/inst/StreamingDataflowPartition_1_LabelSelect_hls_0/inst/grp_LabelSelect_hls_0_Pipeline_VITIS_LOOP_199_3_fu_45/cmp_1_fu_202_p2_carry_i_2/O
                         net (fo=1, routed)           0.331     7.039    top_i/StreamingDataflowPartition_1/inst/StreamingDataflowPartition_1_LabelSelect_hls_0/inst/grp_LabelSelect_hls_0_Pipeline_VITIS_LOOP_199_3_fu_45/cmp_1_fu_202_p2_carry_i_2_n_3
    SLICE_X56Y129        CARRY4 (Prop_carry4_DI[2]_CO[3])
                                                      0.398     7.437 r  top_i/StreamingDataflowPartition_1/inst/StreamingDataflowPartition_1_LabelSelect_hls_0/inst/grp_LabelSelect_hls_0_Pipeline_VITIS_LOOP_199_3_fu_45/cmp_1_fu_202_p2_carry/CO[3]
                         net (fo=11, routed)          0.947     8.384    top_i/StreamingDataflowPartition_1/inst/StreamingDataflowPartition_1_LabelSelect_hls_0/inst/grp_LabelSelect_hls_0_Pipeline_VITIS_LOOP_199_3_fu_45/cmp_1_fu_202_p2_carry_n_3
    SLICE_X58Y129        LUT5 (Prop_lut5_I4_O)        0.124     8.508 r  top_i/StreamingDataflowPartition_1/inst/StreamingDataflowPartition_1_LabelSelect_hls_0/inst/grp_LabelSelect_hls_0_Pipeline_VITIS_LOOP_199_3_fu_45/cmp_2_fu_214_p2_carry_i_9/O
                         net (fo=5, routed)           0.622     9.129    top_i/StreamingDataflowPartition_1/inst/StreamingDataflowPartition_1_LabelSelect_hls_0/inst/grp_LabelSelect_hls_0_Pipeline_VITIS_LOOP_199_3_fu_45/select_ln220_1_fu_207_p3__0[4]
    SLICE_X58Y130        LUT4 (Prop_lut4_I1_O)        0.124     9.253 r  top_i/StreamingDataflowPartition_1/inst/StreamingDataflowPartition_1_LabelSelect_hls_0/inst/grp_LabelSelect_hls_0_Pipeline_VITIS_LOOP_199_3_fu_45/cmp_2_fu_214_p2_carry_i_6/O
                         net (fo=1, routed)           0.000     9.253    top_i/StreamingDataflowPartition_1/inst/StreamingDataflowPartition_1_LabelSelect_hls_0/inst/grp_LabelSelect_hls_0_Pipeline_VITIS_LOOP_199_3_fu_45/cmp_2_fu_214_p2_carry_i_6_n_3
    SLICE_X58Y130        CARRY4 (Prop_carry4_S[2]_CO[3])
                                                      0.380     9.633 r  top_i/StreamingDataflowPartition_1/inst/StreamingDataflowPartition_1_LabelSelect_hls_0/inst/grp_LabelSelect_hls_0_Pipeline_VITIS_LOOP_199_3_fu_45/cmp_2_fu_214_p2_carry/CO[3]
                         net (fo=21, routed)          0.853    10.486    top_i/StreamingDataflowPartition_1/inst/StreamingDataflowPartition_1_LabelSelect_hls_0/inst/grp_LabelSelect_hls_0_Pipeline_VITIS_LOOP_199_3_fu_45/cmp_2_fu_214_p2_carry_n_3
    SLICE_X57Y131        LUT3 (Prop_lut3_I2_O)        0.124    10.610 f  top_i/StreamingDataflowPartition_1/inst/StreamingDataflowPartition_1_LabelSelect_hls_0/inst/grp_LabelSelect_hls_0_Pipeline_VITIS_LOOP_199_3_fu_45/cmp_3_fu_226_p2_carry_i_11/O
                         net (fo=2, routed)           0.484    11.095    top_i/StreamingDataflowPartition_1/inst/StreamingDataflowPartition_1_LabelSelect_hls_0/inst/grp_LabelSelect_hls_0_Pipeline_VITIS_LOOP_199_3_fu_45/select_ln220_2_fu_219_p3__0[3]
    SLICE_X57Y131        LUT6 (Prop_lut6_I4_O)        0.124    11.219 r  top_i/StreamingDataflowPartition_1/inst/StreamingDataflowPartition_1_LabelSelect_hls_0/inst/grp_LabelSelect_hls_0_Pipeline_VITIS_LOOP_199_3_fu_45/cmp_3_fu_226_p2_carry_i_3/O
                         net (fo=1, routed)           0.332    11.550    top_i/StreamingDataflowPartition_1/inst/StreamingDataflowPartition_1_LabelSelect_hls_0/inst/grp_LabelSelect_hls_0_Pipeline_VITIS_LOOP_199_3_fu_45/cmp_3_fu_226_p2_carry_i_3_n_3
    SLICE_X56Y131        CARRY4 (Prop_carry4_DI[1]_CO[3])
                                                      0.507    12.057 r  top_i/StreamingDataflowPartition_1/inst/StreamingDataflowPartition_1_LabelSelect_hls_0/inst/grp_LabelSelect_hls_0_Pipeline_VITIS_LOOP_199_3_fu_45/cmp_3_fu_226_p2_carry/CO[3]
                         net (fo=10, routed)          0.715    12.772    top_i/StreamingDataflowPartition_1/inst/StreamingDataflowPartition_1_LabelSelect_hls_0/inst/grp_LabelSelect_hls_0_Pipeline_VITIS_LOOP_199_3_fu_45/cmp_3_fu_226_p2_carry_n_3
    SLICE_X54Y130        LUT5 (Prop_lut5_I4_O)        0.124    12.896 r  top_i/StreamingDataflowPartition_1/inst/StreamingDataflowPartition_1_LabelSelect_hls_0/inst/grp_LabelSelect_hls_0_Pipeline_VITIS_LOOP_199_3_fu_45/conv_i_i2_445_i_fu_86[1]_i_2/O
                         net (fo=3, routed)           0.586    13.482    top_i/StreamingDataflowPartition_1/inst/StreamingDataflowPartition_1_LabelSelect_hls_0/inst/grp_LabelSelect_hls_0_Pipeline_VITIS_LOOP_199_3_fu_45/select_ln220_3_fu_231_p3__0[1]
    SLICE_X55Y130        LUT4 (Prop_lut4_I3_O)        0.124    13.606 r  top_i/StreamingDataflowPartition_1/inst/StreamingDataflowPartition_1_LabelSelect_hls_0/inst/grp_LabelSelect_hls_0_Pipeline_VITIS_LOOP_199_3_fu_45/cmp_4_fu_238_p2_carry_i_8/O
                         net (fo=1, routed)           0.000    13.606    top_i/StreamingDataflowPartition_1/inst/StreamingDataflowPartition_1_LabelSelect_hls_0/inst/grp_LabelSelect_hls_0_Pipeline_VITIS_LOOP_199_3_fu_45/cmp_4_fu_238_p2_carry_i_8_n_3
    SLICE_X55Y130        CARRY4 (Prop_carry4_S[0]_CO[3])
                                                      0.532    14.138 r  top_i/StreamingDataflowPartition_1/inst/StreamingDataflowPartition_1_LabelSelect_hls_0/inst/grp_LabelSelect_hls_0_Pipeline_VITIS_LOOP_199_3_fu_45/cmp_4_fu_238_p2_carry/CO[3]
                         net (fo=8, routed)           0.810    14.948    top_i/StreamingDataflowPartition_1/inst/StreamingDataflowPartition_1_LabelSelect_hls_0/inst/grp_LabelSelect_hls_0_Pipeline_VITIS_LOOP_199_3_fu_45/cmp_4_fu_238_p2_carry_n_3
    SLICE_X54Y130        LUT3 (Prop_lut3_I2_O)        0.124    15.072 r  top_i/StreamingDataflowPartition_1/inst/StreamingDataflowPartition_1_LabelSelect_hls_0/inst/grp_LabelSelect_hls_0_Pipeline_VITIS_LOOP_199_3_fu_45/conv_i_i2_445_i_fu_86[2]_i_1/O
                         net (fo=1, routed)           0.000    15.072    top_i/StreamingDataflowPartition_1/inst/StreamingDataflowPartition_1_LabelSelect_hls_0/inst/grp_LabelSelect_hls_0_Pipeline_VITIS_LOOP_199_3_fu_45/select_ln220_4_fu_243_p3[2]
    SLICE_X54Y130        FDRE                                         r  top_i/StreamingDataflowPartition_1/inst/StreamingDataflowPartition_1_LabelSelect_hls_0/inst/grp_LabelSelect_hls_0_Pipeline_VITIS_LOOP_199_3_fu_45/conv_i_i2_445_i_fu_86_reg[2]/D
  -------------------------------------------------------------------    -------------------

                         (clock clk_fpga_0 rise edge)
                                                     10.000    10.000 r  
    PS7_X0Y0             PS7                          0.000    10.000 r  top_i/zynq_ps/inst/PS7_i/FCLKCLK[0]
                         net (fo=1, routed)           1.088    11.088    top_i/zynq_ps/inst/FCLK_CLK_unbuffered[0]
    BUFGCTRL_X0Y16       BUFG (Prop_bufg_I_O)         0.091    11.179 r  top_i/zynq_ps/inst/buffer_fclk_clk_0.FCLK_CLK_0_BUFG/O
                         net (fo=55826, routed)       1.699    12.878    top_i/StreamingDataflowPartition_1/inst/StreamingDataflowPartition_1_LabelSelect_hls_0/inst/grp_LabelSelect_hls_0_Pipeline_VITIS_LOOP_199_3_fu_45/ap_clk
    SLICE_X54Y130        FDRE                                         r  top_i/StreamingDataflowPartition_1/inst/StreamingDataflowPartition_1_LabelSelect_hls_0/inst/grp_LabelSelect_hls_0_Pipeline_VITIS_LOOP_199_3_fu_45/conv_i_i2_445_i_fu_86_reg[2]/C
                         clock pessimism              0.283    13.161    
                         clock uncertainty           -0.154    13.007    
    SLICE_X54Y130        FDRE (Setup_fdre_C_D)        0.081    13.088    top_i/StreamingDataflowPartition_1/inst/StreamingDataflowPartition_1_LabelSelect_hls_0/inst/grp_LabelSelect_hls_0_Pipeline_VITIS_LOOP_199_3_fu_45/conv_i_i2_445_i_fu_86_reg[2]
  -------------------------------------------------------------------
                         required time                         13.088    
                         arrival time                         -15.072    
  -------------------------------------------------------------------
                         slack                                 -1.985    

Slack (VIOLATED) :        -1.978ns  (required time - arrival time)
  Source:                 top_i/StreamingDataflowPartition_1/inst/StreamingDataflowPartition_1_LabelSelect_hls_0/inst/grp_LabelSelect_hls_0_Pipeline_VITIS_LOOP_199_3_fu_45/val_reg_391_reg[3]/C
                            (rising edge-triggered cell FDRE clocked by clk_fpga_0  {rise@0.000ns fall@5.000ns period=10.000ns})
  Destination:            top_i/StreamingDataflowPartition_1/inst/StreamingDataflowPartition_1_LabelSelect_hls_0/inst/grp_LabelSelect_hls_0_Pipeline_VITIS_LOOP_199_3_fu_45/conv_i_i2_445_i_fu_86_reg[0]/D
                            (rising edge-triggered cell FDRE clocked by clk_fpga_0  {rise@0.000ns fall@5.000ns period=10.000ns})
  Path Group:             clk_fpga_0
  Path Type:              Setup (Max at Slow Process Corner)
  Requirement:            10.000ns  (clk_fpga_0 rise@10.000ns - clk_fpga_0 rise@0.000ns)
  Data Path Delay:        11.877ns  (logic 4.184ns (35.226%)  route 7.693ns (64.774%))
  Logic Levels:           15  (CARRY4=5 LUT3=3 LUT4=3 LUT5=2 LUT6=2)
  Clock Path Skew:        -0.023ns (DCD - SCD + CPR)
    Destination Clock Delay (DCD):    2.878ns = ( 12.878 - 10.000 ) 
    Source Clock Delay      (SCD):    3.184ns
    Clock Pessimism Removal (CPR):    0.283ns
  Clock Uncertainty:      0.154ns  ((TSJ^2 + TIJ^2)^1/2 + DJ) / 2 + PE
    Total System Jitter     (TSJ):    0.071ns
    Total Input Jitter      (TIJ):    0.300ns
    Discrete Jitter          (DJ):    0.000ns
    Phase Error              (PE):    0.000ns

    Location             Delay type                Incr(ns)  Path(ns)    Netlist Resource(s)
  -------------------------------------------------------------------    -------------------
                         (clock clk_fpga_0 rise edge)
                                                      0.000     0.000 r  
    PS7_X0Y0             PS7                          0.000     0.000 r  top_i/zynq_ps/inst/PS7_i/FCLKCLK[0]
                         net (fo=1, routed)           1.193     1.193    top_i/zynq_ps/inst/FCLK_CLK_unbuffered[0]
    BUFGCTRL_X0Y16       BUFG (Prop_bufg_I_O)         0.101     1.294 r  top_i/zynq_ps/inst/buffer_fclk_clk_0.FCLK_CLK_0_BUFG/O
                         net (fo=55826, routed)       1.890     3.184    top_i/StreamingDataflowPartition_1/inst/StreamingDataflowPartition_1_LabelSelect_hls_0/inst/grp_LabelSelect_hls_0_Pipeline_VITIS_LOOP_199_3_fu_45/ap_clk
    SLICE_X55Y129        FDRE                                         r  top_i/StreamingDataflowPartition_1/inst/StreamingDataflowPartition_1_LabelSelect_hls_0/inst/grp_LabelSelect_hls_0_Pipeline_VITIS_LOOP_199_3_fu_45/val_reg_391_reg[3]/C
  -------------------------------------------------------------------    -------------------
    SLICE_X55Y129        FDRE (Prop_fdre_C_Q)         0.419     3.603 r  top_i/StreamingDataflowPartition_1/inst/StreamingDataflowPartition_1_LabelSelect_hls_0/inst/grp_LabelSelect_hls_0_Pipeline_VITIS_LOOP_199_3_fu_45/val_reg_391_reg[3]/Q
                         net (fo=4, routed)           0.743     4.346    top_i/StreamingDataflowPartition_1/inst/StreamingDataflowPartition_1_LabelSelect_hls_0/inst/grp_LabelSelect_hls_0_Pipeline_VITIS_LOOP_199_3_fu_45/val_reg_391[3]
    SLICE_X54Y129        LUT4 (Prop_lut4_I2_O)        0.299     4.645 r  top_i/StreamingDataflowPartition_1/inst/StreamingDataflowPartition_1_LabelSelect_hls_0/inst/grp_LabelSelect_hls_0_Pipeline_VITIS_LOOP_199_3_fu_45/cmp_fu_190_p2_carry_i_7/O
                         net (fo=1, routed)           0.000     4.645    top_i/StreamingDataflowPartition_1/inst/StreamingDataflowPartition_1_LabelSelect_hls_0/inst/grp_LabelSelect_hls_0_Pipeline_VITIS_LOOP_199_3_fu_45/cmp_fu_190_p2_carry_i_7_n_3
    SLICE_X54Y129        CARRY4 (Prop_carry4_S[1]_CO[3])
                                                      0.533     5.178 r  top_i/StreamingDataflowPartition_1/inst/StreamingDataflowPartition_1_LabelSelect_hls_0/inst/grp_LabelSelect_hls_0_Pipeline_VITIS_LOOP_199_3_fu_45/cmp_fu_190_p2_carry/CO[3]
                         net (fo=22, routed)          0.866     6.045    top_i/StreamingDataflowPartition_1/inst/StreamingDataflowPartition_1_LabelSelect_hls_0/inst/grp_LabelSelect_hls_0_Pipeline_VITIS_LOOP_199_3_fu_45/cmp_fu_190_p2_carry_n_3
    SLICE_X57Y129        LUT3 (Prop_lut3_I2_O)        0.124     6.169 f  top_i/StreamingDataflowPartition_1/inst/StreamingDataflowPartition_1_LabelSelect_hls_0/inst/grp_LabelSelect_hls_0_Pipeline_VITIS_LOOP_199_3_fu_45/cmp_1_fu_202_p2_carry_i_9/O
                         net (fo=2, routed)           0.415     6.584    top_i/StreamingDataflowPartition_1/inst/StreamingDataflowPartition_1_LabelSelect_hls_0/inst/grp_LabelSelect_hls_0_Pipeline_VITIS_LOOP_199_3_fu_45/select_ln220_fu_195_p3__0[5]
    SLICE_X57Y130        LUT6 (Prop_lut6_I4_O)        0.124     6.708 r  top_i/StreamingDataflowPartition_1/inst/StreamingDataflowPartition_1_LabelSelect_hls_0/inst/grp_LabelSelect_hls_0_Pipeline_VITIS_LOOP_199_3_fu_45/cmp_1_fu_202_p2_carry_i_2/O
                         net (fo=1, routed)           0.331     7.039    top_i/StreamingDataflowPartition_1/inst/StreamingDataflowPartition_1_LabelSelect_hls_0/inst/grp_LabelSelect_hls_0_Pipeline_VITIS_LOOP_199_3_fu_45/cmp_1_fu_202_p2_carry_i_2_n_3
    SLICE_X56Y129        CARRY4 (Prop_carry4_DI[2]_CO[3])
                                                      0.398     7.437 r  top_i/StreamingDataflowPartition_1/inst/StreamingDataflowPartition_1_LabelSelect_hls_0/inst/grp_LabelSelect_hls_0_Pipeline_VITIS_LOOP_199_3_fu_45/cmp_1_fu_202_p2_carry/CO[3]
                         net (fo=11, routed)          0.947     8.384    top_i/StreamingDataflowPartition_1/inst/StreamingDataflowPartition_1_LabelSelect_hls_0/inst/grp_LabelSelect_hls_0_Pipeline_VITIS_LOOP_199_3_fu_45/cmp_1_fu_202_p2_carry_n_3
    SLICE_X58Y129        LUT5 (Prop_lut5_I4_O)        0.124     8.508 r  top_i/StreamingDataflowPartition_1/inst/StreamingDataflowPartition_1_LabelSelect_hls_0/inst/grp_LabelSelect_hls_0_Pipeline_VITIS_LOOP_199_3_fu_45/cmp_2_fu_214_p2_carry_i_9/O
                         net (fo=5, routed)           0.622     9.129    top_i/StreamingDataflowPartition_1/inst/StreamingDataflowPartition_1_LabelSelect_hls_0/inst/grp_LabelSelect_hls_0_Pipeline_VITIS_LOOP_199_3_fu_45/select_ln220_1_fu_207_p3__0[4]
    SLICE_X58Y130        LUT4 (Prop_lut4_I1_O)        0.124     9.253 r  top_i/StreamingDataflowPartition_1/inst/StreamingDataflowPartition_1_LabelSelect_hls_0/inst/grp_LabelSelect_hls_0_Pipeline_VITIS_LOOP_199_3_fu_45/cmp_2_fu_214_p2_carry_i_6/O
                         net (fo=1, routed)           0.000     9.253    top_i/StreamingDataflowPartition_1/inst/StreamingDataflowPartition_1_LabelSelect_hls_0/inst/grp_LabelSelect_hls_0_Pipeline_VITIS_LOOP_199_3_fu_45/cmp_2_fu_214_p2_carry_i_6_n_3
    SLICE_X58Y130        CARRY4 (Prop_carry4_S[2]_CO[3])
                                                      0.380     9.633 r  top_i/StreamingDataflowPartition_1/inst/StreamingDataflowPartition_1_LabelSelect_hls_0/inst/grp_LabelSelect_hls_0_Pipeline_VITIS_LOOP_199_3_fu_45/cmp_2_fu_214_p2_carry/CO[3]
                         net (fo=21, routed)          0.853    10.486    top_i/StreamingDataflowPartition_1/inst/StreamingDataflowPartition_1_LabelSelect_hls_0/inst/grp_LabelSelect_hls_0_Pipeline_VITIS_LOOP_199_3_fu_45/cmp_2_fu_214_p2_carry_n_3
    SLICE_X57Y131        LUT3 (Prop_lut3_I2_O)        0.124    10.610 f  top_i/StreamingDataflowPartition_1/inst/StreamingDataflowPartition_1_LabelSelect_hls_0/inst/grp_LabelSelect_hls_0_Pipeline_VITIS_LOOP_199_3_fu_45/cmp_3_fu_226_p2_carry_i_11/O
                         net (fo=2, routed)           0.484    11.095    top_i/StreamingDataflowPartition_1/inst/StreamingDataflowPartition_1_LabelSelect_hls_0/inst/grp_LabelSelect_hls_0_Pipeline_VITIS_LOOP_199_3_fu_45/select_ln220_2_fu_219_p3__0[3]
    SLICE_X57Y131        LUT6 (Prop_lut6_I4_O)        0.124    11.219 r  top_i/StreamingDataflowPartition_1/inst/StreamingDataflowPartition_1_LabelSelect_hls_0/inst/grp_LabelSelect_hls_0_Pipeline_VITIS_LOOP_199_3_fu_45/cmp_3_fu_226_p2_carry_i_3/O
                         net (fo=1, routed)           0.332    11.550    top_i/StreamingDataflowPartition_1/inst/StreamingDataflowPartition_1_LabelSelect_hls_0/inst/grp_LabelSelect_hls_0_Pipeline_VITIS_LOOP_199_3_fu_45/cmp_3_fu_226_p2_carry_i_3_n_3
    SLICE_X56Y131        CARRY4 (Prop_carry4_DI[1]_CO[3])
                                                      0.507    12.057 r  top_i/StreamingDataflowPartition_1/inst/StreamingDataflowPartition_1_LabelSelect_hls_0/inst/grp_LabelSelect_hls_0_Pipeline_VITIS_LOOP_199_3_fu_45/cmp_3_fu_226_p2_carry/CO[3]
                         net (fo=10, routed)          0.715    12.772    top_i/StreamingDataflowPartition_1/inst/StreamingDataflowPartition_1_LabelSelect_hls_0/inst/grp_LabelSelect_hls_0_Pipeline_VITIS_LOOP_199_3_fu_45/cmp_3_fu_226_p2_carry_n_3
    SLICE_X54Y130        LUT5 (Prop_lut5_I4_O)        0.124    12.896 r  top_i/StreamingDataflowPartition_1/inst/StreamingDataflowPartition_1_LabelSelect_hls_0/inst/grp_LabelSelect_hls_0_Pipeline_VITIS_LOOP_199_3_fu_45/conv_i_i2_445_i_fu_86[1]_i_2/O
                         net (fo=3, routed)           0.586    13.482    top_i/StreamingDataflowPartition_1/inst/StreamingDataflowPartition_1_LabelSelect_hls_0/inst/grp_LabelSelect_hls_0_Pipeline_VITIS_LOOP_199_3_fu_45/select_ln220_3_fu_231_p3__0[1]
    SLICE_X55Y130        LUT4 (Prop_lut4_I3_O)        0.124    13.606 r  top_i/StreamingDataflowPartition_1/inst/StreamingDataflowPartition_1_LabelSelect_hls_0/inst/grp_LabelSelect_hls_0_Pipeline_VITIS_LOOP_199_3_fu_45/cmp_4_fu_238_p2_carry_i_8/O
                         net (fo=1, routed)           0.000    13.606    top_i/StreamingDataflowPartition_1/inst/StreamingDataflowPartition_1_LabelSelect_hls_0/inst/grp_LabelSelect_hls_0_Pipeline_VITIS_LOOP_199_3_fu_45/cmp_4_fu_238_p2_carry_i_8_n_3
    SLICE_X55Y130        CARRY4 (Prop_carry4_S[0]_CO[3])
                                                      0.532    14.138 r  top_i/StreamingDataflowPartition_1/inst/StreamingDataflowPartition_1_LabelSelect_hls_0/inst/grp_LabelSelect_hls_0_Pipeline_VITIS_LOOP_199_3_fu_45/cmp_4_fu_238_p2_carry/CO[3]
                         net (fo=8, routed)           0.799    14.937    top_i/StreamingDataflowPartition_1/inst/StreamingDataflowPartition_1_LabelSelect_hls_0/inst/grp_LabelSelect_hls_0_Pipeline_VITIS_LOOP_199_3_fu_45/cmp_4_fu_238_p2_carry_n_3
    SLICE_X54Y130        LUT3 (Prop_lut3_I2_O)        0.124    15.061 r  top_i/StreamingDataflowPartition_1/inst/StreamingDataflowPartition_1_LabelSelect_hls_0/inst/grp_LabelSelect_hls_0_Pipeline_VITIS_LOOP_199_3_fu_45/conv_i_i2_445_i_fu_86[0]_i_1/O
                         net (fo=1, routed)           0.000    15.061    top_i/StreamingDataflowPartition_1/inst/StreamingDataflowPartition_1_LabelSelect_hls_0/inst/grp_LabelSelect_hls_0_Pipeline_VITIS_LOOP_199_3_fu_45/select_ln220_4_fu_243_p3[0]
    SLICE_X54Y130        FDRE                                         r  top_i/StreamingDataflowPartition_1/inst/StreamingDataflowPartition_1_LabelSelect_hls_0/inst/grp_LabelSelect_hls_0_Pipeline_VITIS_LOOP_199_3_fu_45/conv_i_i2_445_i_fu_86_reg[0]/D
  -------------------------------------------------------------------    -------------------

                         (clock clk_fpga_0 rise edge)
                                                     10.000    10.000 r  
    PS7_X0Y0             PS7                          0.000    10.000 r  top_i/zynq_ps/inst/PS7_i/FCLKCLK[0]
                         net (fo=1, routed)           1.088    11.088    top_i/zynq_ps/inst/FCLK_CLK_unbuffered[0]
    BUFGCTRL_X0Y16       BUFG (Prop_bufg_I_O)         0.091    11.179 r  top_i/zynq_ps/inst/buffer_fclk_clk_0.FCLK_CLK_0_BUFG/O
                         net (fo=55826, routed)       1.699    12.878    top_i/StreamingDataflowPartition_1/inst/StreamingDataflowPartition_1_LabelSelect_hls_0/inst/grp_LabelSelect_hls_0_Pipeline_VITIS_LOOP_199_3_fu_45/ap_clk
    SLICE_X54Y130        FDRE                                         r  top_i/StreamingDataflowPartition_1/inst/StreamingDataflowPartition_1_LabelSelect_hls_0/inst/grp_LabelSelect_hls_0_Pipeline_VITIS_LOOP_199_3_fu_45/conv_i_i2_445_i_fu_86_reg[0]/C
                         clock pessimism              0.283    13.161    
                         clock uncertainty           -0.154    13.007    
    SLICE_X54Y130        FDRE (Setup_fdre_C_D)        0.077    13.084    top_i/StreamingDataflowPartition_1/inst/StreamingDataflowPartition_1_LabelSelect_hls_0/inst/grp_LabelSelect_hls_0_Pipeline_VITIS_LOOP_199_3_fu_45/conv_i_i2_445_i_fu_86_reg[0]
  -------------------------------------------------------------------
                         required time                         13.084    
                         arrival time                         -15.061    
  -------------------------------------------------------------------
                         slack                                 -1.978    

Slack (VIOLATED) :        -1.941ns  (required time - arrival time)
  Source:                 top_i/StreamingDataflowPartition_1/inst/StreamingDataflowPartition_1_LabelSelect_hls_0/inst/grp_LabelSelect_hls_0_Pipeline_VITIS_LOOP_199_3_fu_45/val_reg_391_reg[3]/C
                            (rising edge-triggered cell FDRE clocked by clk_fpga_0  {rise@0.000ns fall@5.000ns period=10.000ns})
  Destination:            top_i/StreamingDataflowPartition_1/inst/StreamingDataflowPartition_1_LabelSelect_hls_0/inst/grp_LabelSelect_hls_0_Pipeline_VITIS_LOOP_199_3_fu_45/conv_i_i2_445_i_fu_86_reg[3]/D
                            (rising edge-triggered cell FDRE clocked by clk_fpga_0  {rise@0.000ns fall@5.000ns period=10.000ns})
  Path Group:             clk_fpga_0
  Path Type:              Setup (Max at Slow Process Corner)
  Requirement:            10.000ns  (clk_fpga_0 rise@10.000ns - clk_fpga_0 rise@0.000ns)
  Data Path Delay:        11.881ns  (logic 4.177ns (35.156%)  route 7.704ns (64.844%))
  Logic Levels:           15  (CARRY4=5 LUT3=3 LUT4=3 LUT5=2 LUT6=2)
  Clock Path Skew:        -0.023ns (DCD - SCD + CPR)
    Destination Clock Delay (DCD):    2.878ns = ( 12.878 - 10.000 ) 
    Source Clock Delay      (SCD):    3.184ns
    Clock Pessimism Removal (CPR):    0.283ns
  Clock Uncertainty:      0.154ns  ((TSJ^2 + TIJ^2)^1/2 + DJ) / 2 + PE
    Total System Jitter     (TSJ):    0.071ns
    Total Input Jitter      (TIJ):    0.300ns
    Discrete Jitter          (DJ):    0.000ns
    Phase Error              (PE):    0.000ns

    Location             Delay type                Incr(ns)  Path(ns)    Netlist Resource(s)
  -------------------------------------------------------------------    -------------------
                         (clock clk_fpga_0 rise edge)
                                                      0.000     0.000 r  
    PS7_X0Y0             PS7                          0.000     0.000 r  top_i/zynq_ps/inst/PS7_i/FCLKCLK[0]
                         net (fo=1, routed)           1.193     1.193    top_i/zynq_ps/inst/FCLK_CLK_unbuffered[0]
    BUFGCTRL_X0Y16       BUFG (Prop_bufg_I_O)         0.101     1.294 r  top_i/zynq_ps/inst/buffer_fclk_clk_0.FCLK_CLK_0_BUFG/O
                         net (fo=55826, routed)       1.890     3.184    top_i/StreamingDataflowPartition_1/inst/StreamingDataflowPartition_1_LabelSelect_hls_0/inst/grp_LabelSelect_hls_0_Pipeline_VITIS_LOOP_199_3_fu_45/ap_clk
    SLICE_X55Y129        FDRE                                         r  top_i/StreamingDataflowPartition_1/inst/StreamingDataflowPartition_1_LabelSelect_hls_0/inst/grp_LabelSelect_hls_0_Pipeline_VITIS_LOOP_199_3_fu_45/val_reg_391_reg[3]/C
  -------------------------------------------------------------------    -------------------
    SLICE_X55Y129        FDRE (Prop_fdre_C_Q)         0.419     3.603 r  top_i/StreamingDataflowPartition_1/inst/StreamingDataflowPartition_1_LabelSelect_hls_0/inst/grp_LabelSelect_hls_0_Pipeline_VITIS_LOOP_199_3_fu_45/val_reg_391_reg[3]/Q
                         net (fo=4, routed)           0.743     4.346    top_i/StreamingDataflowPartition_1/inst/StreamingDataflowPartition_1_LabelSelect_hls_0/inst/grp_LabelSelect_hls_0_Pipeline_VITIS_LOOP_199_3_fu_45/val_reg_391[3]
    SLICE_X54Y129        LUT4 (Prop_lut4_I2_O)        0.299     4.645 r  top_i/StreamingDataflowPartition_1/inst/StreamingDataflowPartition_1_LabelSelect_hls_0/inst/grp_LabelSelect_hls_0_Pipeline_VITIS_LOOP_199_3_fu_45/cmp_fu_190_p2_carry_i_7/O
                         net (fo=1, routed)           0.000     4.645    top_i/StreamingDataflowPartition_1/inst/StreamingDataflowPartition_1_LabelSelect_hls_0/inst/grp_LabelSelect_hls_0_Pipeline_VITIS_LOOP_199_3_fu_45/cmp_fu_190_p2_carry_i_7_n_3
    SLICE_X54Y129        CARRY4 (Prop_carry4_S[1]_CO[3])
                                                      0.533     5.178 r  top_i/StreamingDataflowPartition_1/inst/StreamingDataflowPartition_1_LabelSelect_hls_0/inst/grp_LabelSelect_hls_0_Pipeline_VITIS_LOOP_199_3_fu_45/cmp_fu_190_p2_carry/CO[3]
                         net (fo=22, routed)          0.866     6.045    top_i/StreamingDataflowPartition_1/inst/StreamingDataflowPartition_1_LabelSelect_hls_0/inst/grp_LabelSelect_hls_0_Pipeline_VITIS_LOOP_199_3_fu_45/cmp_fu_190_p2_carry_n_3
    SLICE_X57Y129        LUT3 (Prop_lut3_I2_O)        0.124     6.169 f  top_i/StreamingDataflowPartition_1/inst/StreamingDataflowPartition_1_LabelSelect_hls_0/inst/grp_LabelSelect_hls_0_Pipeline_VITIS_LOOP_199_3_fu_45/cmp_1_fu_202_p2_carry_i_9/O
                         net (fo=2, routed)           0.415     6.584    top_i/StreamingDataflowPartition_1/inst/StreamingDataflowPartition_1_LabelSelect_hls_0/inst/grp_LabelSelect_hls_0_Pipeline_VITIS_LOOP_199_3_fu_45/select_ln220_fu_195_p3__0[5]
    SLICE_X57Y130        LUT6 (Prop_lut6_I4_O)        0.124     6.708 r  top_i/StreamingDataflowPartition_1/inst/StreamingDataflowPartition_1_LabelSelect_hls_0/inst/grp_LabelSelect_hls_0_Pipeline_VITIS_LOOP_199_3_fu_45/cmp_1_fu_202_p2_carry_i_2/O
                         net (fo=1, routed)           0.331     7.039    top_i/StreamingDataflowPartition_1/inst/StreamingDataflowPartition_1_LabelSelect_hls_0/inst/grp_LabelSelect_hls_0_Pipeline_VITIS_LOOP_199_3_fu_45/cmp_1_fu_202_p2_carry_i_2_n_3
    SLICE_X56Y129        CARRY4 (Prop_carry4_DI[2]_CO[3])
                                                      0.398     7.437 r  top_i/StreamingDataflowPartition_1/inst/StreamingDataflowPartition_1_LabelSelect_hls_0/inst/grp_LabelSelect_hls_0_Pipeline_VITIS_LOOP_199_3_fu_45/cmp_1_fu_202_p2_carry/CO[3]
                         net (fo=11, routed)          0.947     8.384    top_i/StreamingDataflowPartition_1/inst/StreamingDataflowPartition_1_LabelSelect_hls_0/inst/grp_LabelSelect_hls_0_Pipeline_VITIS_LOOP_199_3_fu_45/cmp_1_fu_202_p2_carry_n_3
    SLICE_X58Y129        LUT5 (Prop_lut5_I4_O)        0.124     8.508 r  top_i/StreamingDataflowPartition_1/inst/StreamingDataflowPartition_1_LabelSelect_hls_0/inst/grp_LabelSelect_hls_0_Pipeline_VITIS_LOOP_199_3_fu_45/cmp_2_fu_214_p2_carry_i_9/O
                         net (fo=5, routed)           0.622     9.129    top_i/StreamingDataflowPartition_1/inst/StreamingDataflowPartition_1_LabelSelect_hls_0/inst/grp_LabelSelect_hls_0_Pipeline_VITIS_LOOP_199_3_fu_45/select_ln220_1_fu_207_p3__0[4]
    SLICE_X58Y130        LUT4 (Prop_lut4_I1_O)        0.124     9.253 r  top_i/StreamingDataflowPartition_1/inst/StreamingDataflowPartition_1_LabelSelect_hls_0/inst/grp_LabelSelect_hls_0_Pipeline_VITIS_LOOP_199_3_fu_45/cmp_2_fu_214_p2_carry_i_6/O
                         net (fo=1, routed)           0.000     9.253    top_i/StreamingDataflowPartition_1/inst/StreamingDataflowPartition_1_LabelSelect_hls_0/inst/grp_LabelSelect_hls_0_Pipeline_VITIS_LOOP_199_3_fu_45/cmp_2_fu_214_p2_carry_i_6_n_3
    SLICE_X58Y130        CARRY4 (Prop_carry4_S[2]_CO[3])
                                                      0.380     9.633 r  top_i/StreamingDataflowPartition_1/inst/StreamingDataflowPartition_1_LabelSelect_hls_0/inst/grp_LabelSelect_hls_0_Pipeline_VITIS_LOOP_199_3_fu_45/cmp_2_fu_214_p2_carry/CO[3]
                         net (fo=21, routed)          0.853    10.486    top_i/StreamingDataflowPartition_1/inst/StreamingDataflowPartition_1_LabelSelect_hls_0/inst/grp_LabelSelect_hls_0_Pipeline_VITIS_LOOP_199_3_fu_45/cmp_2_fu_214_p2_carry_n_3
    SLICE_X57Y131        LUT3 (Prop_lut3_I2_O)        0.124    10.610 f  top_i/StreamingDataflowPartition_1/inst/StreamingDataflowPartition_1_LabelSelect_hls_0/inst/grp_LabelSelect_hls_0_Pipeline_VITIS_LOOP_199_3_fu_45/cmp_3_fu_226_p2_carry_i_11/O
                         net (fo=2, routed)           0.484    11.095    top_i/StreamingDataflowPartition_1/inst/StreamingDataflowPartition_1_LabelSelect_hls_0/inst/grp_LabelSelect_hls_0_Pipeline_VITIS_LOOP_199_3_fu_45/select_ln220_2_fu_219_p3__0[3]
    SLICE_X57Y131        LUT6 (Prop_lut6_I4_O)        0.124    11.219 r  top_i/StreamingDataflowPartition_1/inst/StreamingDataflowPartition_1_LabelSelect_hls_0/inst/grp_LabelSelect_hls_0_Pipeline_VITIS_LOOP_199_3_fu_45/cmp_3_fu_226_p2_carry_i_3/O
                         net (fo=1, routed)           0.332    11.550    top_i/StreamingDataflowPartition_1/inst/StreamingDataflowPartition_1_LabelSelect_hls_0/inst/grp_LabelSelect_hls_0_Pipeline_VITIS_LOOP_199_3_fu_45/cmp_3_fu_226_p2_carry_i_3_n_3
    SLICE_X56Y131        CARRY4 (Prop_carry4_DI[1]_CO[3])
                                                      0.507    12.057 r  top_i/StreamingDataflowPartition_1/inst/StreamingDataflowPartition_1_LabelSelect_hls_0/inst/grp_LabelSelect_hls_0_Pipeline_VITIS_LOOP_199_3_fu_45/cmp_3_fu_226_p2_carry/CO[3]
                         net (fo=10, routed)          0.715    12.772    top_i/StreamingDataflowPartition_1/inst/StreamingDataflowPartition_1_LabelSelect_hls_0/inst/grp_LabelSelect_hls_0_Pipeline_VITIS_LOOP_199_3_fu_45/cmp_3_fu_226_p2_carry_n_3
    SLICE_X54Y130        LUT5 (Prop_lut5_I4_O)        0.124    12.896 r  top_i/StreamingDataflowPartition_1/inst/StreamingDataflowPartition_1_LabelSelect_hls_0/inst/grp_LabelSelect_hls_0_Pipeline_VITIS_LOOP_199_3_fu_45/conv_i_i2_445_i_fu_86[1]_i_2/O
                         net (fo=3, routed)           0.586    13.482    top_i/StreamingDataflowPartition_1/inst/StreamingDataflowPartition_1_LabelSelect_hls_0/inst/grp_LabelSelect_hls_0_Pipeline_VITIS_LOOP_199_3_fu_45/select_ln220_3_fu_231_p3__0[1]
    SLICE_X55Y130        LUT4 (Prop_lut4_I3_O)        0.124    13.606 r  top_i/StreamingDataflowPartition_1/inst/StreamingDataflowPartition_1_LabelSelect_hls_0/inst/grp_LabelSelect_hls_0_Pipeline_VITIS_LOOP_199_3_fu_45/cmp_4_fu_238_p2_carry_i_8/O
                         net (fo=1, routed)           0.000    13.606    top_i/StreamingDataflowPartition_1/inst/StreamingDataflowPartition_1_LabelSelect_hls_0/inst/grp_LabelSelect_hls_0_Pipeline_VITIS_LOOP_199_3_fu_45/cmp_4_fu_238_p2_carry_i_8_n_3
    SLICE_X55Y130        CARRY4 (Prop_carry4_S[0]_CO[3])
                                                      0.532    14.138 r  top_i/StreamingDataflowPartition_1/inst/StreamingDataflowPartition_1_LabelSelect_hls_0/inst/grp_LabelSelect_hls_0_Pipeline_VITIS_LOOP_199_3_fu_45/cmp_4_fu_238_p2_carry/CO[3]
                         net (fo=8, routed)           0.810    14.948    top_i/StreamingDataflowPartition_1/inst/StreamingDataflowPartition_1_LabelSelect_hls_0/inst/grp_LabelSelect_hls_0_Pipeline_VITIS_LOOP_199_3_fu_45/cmp_4_fu_238_p2_carry_n_3
    SLICE_X54Y130        LUT3 (Prop_lut3_I2_O)        0.117    15.065 r  top_i/StreamingDataflowPartition_1/inst/StreamingDataflowPartition_1_LabelSelect_hls_0/inst/grp_LabelSelect_hls_0_Pipeline_VITIS_LOOP_199_3_fu_45/conv_i_i2_445_i_fu_86[3]_i_1/O
                         net (fo=1, routed)           0.000    15.065    top_i/StreamingDataflowPartition_1/inst/StreamingDataflowPartition_1_LabelSelect_hls_0/inst/grp_LabelSelect_hls_0_Pipeline_VITIS_LOOP_199_3_fu_45/select_ln220_4_fu_243_p3[3]
    SLICE_X54Y130        FDRE                                         r  top_i/StreamingDataflowPartition_1/inst/StreamingDataflowPartition_1_LabelSelect_hls_0/inst/grp_LabelSelect_hls_0_Pipeline_VITIS_LOOP_199_3_fu_45/conv_i_i2_445_i_fu_86_reg[3]/D
  -------------------------------------------------------------------    -------------------

                         (clock clk_fpga_0 rise edge)
                                                     10.000    10.000 r  
    PS7_X0Y0             PS7                          0.000    10.000 r  top_i/zynq_ps/inst/PS7_i/FCLKCLK[0]
                         net (fo=1, routed)           1.088    11.088    top_i/zynq_ps/inst/FCLK_CLK_unbuffered[0]
    BUFGCTRL_X0Y16       BUFG (Prop_bufg_I_O)         0.091    11.179 r  top_i/zynq_ps/inst/buffer_fclk_clk_0.FCLK_CLK_0_BUFG/O
                         net (fo=55826, routed)       1.699    12.878    top_i/StreamingDataflowPartition_1/inst/StreamingDataflowPartition_1_LabelSelect_hls_0/inst/grp_LabelSelect_hls_0_Pipeline_VITIS_LOOP_199_3_fu_45/ap_clk
    SLICE_X54Y130        FDRE                                         r  top_i/StreamingDataflowPartition_1/inst/StreamingDataflowPartition_1_LabelSelect_hls_0/inst/grp_LabelSelect_hls_0_Pipeline_VITIS_LOOP_199_3_fu_45/conv_i_i2_445_i_fu_86_reg[3]/C
                         clock pessimism              0.283    13.161    
                         clock uncertainty           -0.154    13.007    
    SLICE_X54Y130        FDRE (Setup_fdre_C_D)        0.118    13.125    top_i/StreamingDataflowPartition_1/inst/StreamingDataflowPartition_1_LabelSelect_hls_0/inst/grp_LabelSelect_hls_0_Pipeline_VITIS_LOOP_199_3_fu_45/conv_i_i2_445_i_fu_86_reg[3]
  -------------------------------------------------------------------
                         required time                         13.125    
                         arrival time                         -15.065    
  -------------------------------------------------------------------
                         slack                                 -1.941    

Slack (VIOLATED) :        -1.930ns  (required time - arrival time)
  Source:                 top_i/StreamingDataflowPartition_1/inst/StreamingDataflowPartition_1_LabelSelect_hls_0/inst/grp_LabelSelect_hls_0_Pipeline_VITIS_LOOP_199_3_fu_45/val_reg_391_reg[3]/C
                            (rising edge-triggered cell FDRE clocked by clk_fpga_0  {rise@0.000ns fall@5.000ns period=10.000ns})
  Destination:            top_i/StreamingDataflowPartition_1/inst/StreamingDataflowPartition_1_LabelSelect_hls_0/inst/grp_LabelSelect_hls_0_Pipeline_VITIS_LOOP_199_3_fu_45/conv_i_i2_445_i_fu_86_reg[4]/D
                            (rising edge-triggered cell FDRE clocked by clk_fpga_0  {rise@0.000ns fall@5.000ns period=10.000ns})
  Path Group:             clk_fpga_0
  Path Type:              Setup (Max at Slow Process Corner)
  Requirement:            10.000ns  (clk_fpga_0 rise@10.000ns - clk_fpga_0 rise@0.000ns)
  Data Path Delay:        11.832ns  (logic 4.184ns (35.363%)  route 7.648ns (64.637%))
  Logic Levels:           15  (CARRY4=5 LUT3=3 LUT4=3 LUT5=2 LUT6=2)
  Clock Path Skew:        -0.023ns (DCD - SCD + CPR)
    Destination Clock Delay (DCD):    2.878ns = ( 12.878 - 10.000 ) 
    Source Clock Delay      (SCD):    3.184ns
    Clock Pessimism Removal (CPR):    0.283ns
  Clock Uncertainty:      0.154ns  ((TSJ^2 + TIJ^2)^1/2 + DJ) / 2 + PE
    Total System Jitter     (TSJ):    0.071ns
    Total Input Jitter      (TIJ):    0.300ns
    Discrete Jitter          (DJ):    0.000ns
    Phase Error              (PE):    0.000ns

    Location             Delay type                Incr(ns)  Path(ns)    Netlist Resource(s)
  -------------------------------------------------------------------    -------------------
                         (clock clk_fpga_0 rise edge)
                                                      0.000     0.000 r  
    PS7_X0Y0             PS7                          0.000     0.000 r  top_i/zynq_ps/inst/PS7_i/FCLKCLK[0]
                         net (fo=1, routed)           1.193     1.193    top_i/zynq_ps/inst/FCLK_CLK_unbuffered[0]
    BUFGCTRL_X0Y16       BUFG (Prop_bufg_I_O)         0.101     1.294 r  top_i/zynq_ps/inst/buffer_fclk_clk_0.FCLK_CLK_0_BUFG/O
                         net (fo=55826, routed)       1.890     3.184    top_i/StreamingDataflowPartition_1/inst/StreamingDataflowPartition_1_LabelSelect_hls_0/inst/grp_LabelSelect_hls_0_Pipeline_VITIS_LOOP_199_3_fu_45/ap_clk
    SLICE_X55Y129        FDRE                                         r  top_i/StreamingDataflowPartition_1/inst/StreamingDataflowPartition_1_LabelSelect_hls_0/inst/grp_LabelSelect_hls_0_Pipeline_VITIS_LOOP_199_3_fu_45/val_reg_391_reg[3]/C
  -------------------------------------------------------------------    -------------------
    SLICE_X55Y129        FDRE (Prop_fdre_C_Q)         0.419     3.603 r  top_i/StreamingDataflowPartition_1/inst/StreamingDataflowPartition_1_LabelSelect_hls_0/inst/grp_LabelSelect_hls_0_Pipeline_VITIS_LOOP_199_3_fu_45/val_reg_391_reg[3]/Q
                         net (fo=4, routed)           0.743     4.346    top_i/StreamingDataflowPartition_1/inst/StreamingDataflowPartition_1_LabelSelect_hls_0/inst/grp_LabelSelect_hls_0_Pipeline_VITIS_LOOP_199_3_fu_45/val_reg_391[3]
    SLICE_X54Y129        LUT4 (Prop_lut4_I2_O)        0.299     4.645 r  top_i/StreamingDataflowPartition_1/inst/StreamingDataflowPartition_1_LabelSelect_hls_0/inst/grp_LabelSelect_hls_0_Pipeline_VITIS_LOOP_199_3_fu_45/cmp_fu_190_p2_carry_i_7/O
                         net (fo=1, routed)           0.000     4.645    top_i/StreamingDataflowPartition_1/inst/StreamingDataflowPartition_1_LabelSelect_hls_0/inst/grp_LabelSelect_hls_0_Pipeline_VITIS_LOOP_199_3_fu_45/cmp_fu_190_p2_carry_i_7_n_3
    SLICE_X54Y129        CARRY4 (Prop_carry4_S[1]_CO[3])
                                                      0.533     5.178 r  top_i/StreamingDataflowPartition_1/inst/StreamingDataflowPartition_1_LabelSelect_hls_0/inst/grp_LabelSelect_hls_0_Pipeline_VITIS_LOOP_199_3_fu_45/cmp_fu_190_p2_carry/CO[3]
                         net (fo=22, routed)          0.866     6.045    top_i/StreamingDataflowPartition_1/inst/StreamingDataflowPartition_1_LabelSelect_hls_0/inst/grp_LabelSelect_hls_0_Pipeline_VITIS_LOOP_199_3_fu_45/cmp_fu_190_p2_carry_n_3
    SLICE_X57Y129        LUT3 (Prop_lut3_I2_O)        0.124     6.169 f  top_i/StreamingDataflowPartition_1/inst/StreamingDataflowPartition_1_LabelSelect_hls_0/inst/grp_LabelSelect_hls_0_Pipeline_VITIS_LOOP_199_3_fu_45/cmp_1_fu_202_p2_carry_i_9/O
                         net (fo=2, routed)           0.415     6.584    top_i/StreamingDataflowPartition_1/inst/StreamingDataflowPartition_1_LabelSelect_hls_0/inst/grp_LabelSelect_hls_0_Pipeline_VITIS_LOOP_199_3_fu_45/select_ln220_fu_195_p3__0[5]
    SLICE_X57Y130        LUT6 (Prop_lut6_I4_O)        0.124     6.708 r  top_i/StreamingDataflowPartition_1/inst/StreamingDataflowPartition_1_LabelSelect_hls_0/inst/grp_LabelSelect_hls_0_Pipeline_VITIS_LOOP_199_3_fu_45/cmp_1_fu_202_p2_carry_i_2/O
                         net (fo=1, routed)           0.331     7.039    top_i/StreamingDataflowPartition_1/inst/StreamingDataflowPartition_1_LabelSelect_hls_0/inst/grp_LabelSelect_hls_0_Pipeline_VITIS_LOOP_199_3_fu_45/cmp_1_fu_202_p2_carry_i_2_n_3
    SLICE_X56Y129        CARRY4 (Prop_carry4_DI[2]_CO[3])
                                                      0.398     7.437 r  top_i/StreamingDataflowPartition_1/inst/StreamingDataflowPartition_1_LabelSelect_hls_0/inst/grp_LabelSelect_hls_0_Pipeline_VITIS_LOOP_199_3_fu_45/cmp_1_fu_202_p2_carry/CO[3]
                         net (fo=11, routed)          0.947     8.384    top_i/StreamingDataflowPartition_1/inst/StreamingDataflowPartition_1_LabelSelect_hls_0/inst/grp_LabelSelect_hls_0_Pipeline_VITIS_LOOP_199_3_fu_45/cmp_1_fu_202_p2_carry_n_3
    SLICE_X58Y129        LUT5 (Prop_lut5_I4_O)        0.124     8.508 r  top_i/StreamingDataflowPartition_1/inst/StreamingDataflowPartition_1_LabelSelect_hls_0/inst/grp_LabelSelect_hls_0_Pipeline_VITIS_LOOP_199_3_fu_45/cmp_2_fu_214_p2_carry_i_9/O
                         net (fo=5, routed)           0.622     9.129    top_i/StreamingDataflowPartition_1/inst/StreamingDataflowPartition_1_LabelSelect_hls_0/inst/grp_LabelSelect_hls_0_Pipeline_VITIS_LOOP_199_3_fu_45/select_ln220_1_fu_207_p3__0[4]
    SLICE_X58Y130        LUT4 (Prop_lut4_I1_O)        0.124     9.253 r  top_i/StreamingDataflowPartition_1/inst/StreamingDataflowPartition_1_LabelSelect_hls_0/inst/grp_LabelSelect_hls_0_Pipeline_VITIS_LOOP_199_3_fu_45/cmp_2_fu_214_p2_carry_i_6/O
                         net (fo=1, routed)           0.000     9.253    top_i/StreamingDataflowPartition_1/inst/StreamingDataflowPartition_1_LabelSelect_hls_0/inst/grp_LabelSelect_hls_0_Pipeline_VITIS_LOOP_199_3_fu_45/cmp_2_fu_214_p2_carry_i_6_n_3
    SLICE_X58Y130        CARRY4 (Prop_carry4_S[2]_CO[3])
                                                      0.380     9.633 r  top_i/StreamingDataflowPartition_1/inst/StreamingDataflowPartition_1_LabelSelect_hls_0/inst/grp_LabelSelect_hls_0_Pipeline_VITIS_LOOP_199_3_fu_45/cmp_2_fu_214_p2_carry/CO[3]
                         net (fo=21, routed)          0.853    10.486    top_i/StreamingDataflowPartition_1/inst/StreamingDataflowPartition_1_LabelSelect_hls_0/inst/grp_LabelSelect_hls_0_Pipeline_VITIS_LOOP_199_3_fu_45/cmp_2_fu_214_p2_carry_n_3
    SLICE_X57Y131        LUT3 (Prop_lut3_I2_O)        0.124    10.610 f  top_i/StreamingDataflowPartition_1/inst/StreamingDataflowPartition_1_LabelSelect_hls_0/inst/grp_LabelSelect_hls_0_Pipeline_VITIS_LOOP_199_3_fu_45/cmp_3_fu_226_p2_carry_i_11/O
                         net (fo=2, routed)           0.484    11.095    top_i/StreamingDataflowPartition_1/inst/StreamingDataflowPartition_1_LabelSelect_hls_0/inst/grp_LabelSelect_hls_0_Pipeline_VITIS_LOOP_199_3_fu_45/select_ln220_2_fu_219_p3__0[3]
    SLICE_X57Y131        LUT6 (Prop_lut6_I4_O)        0.124    11.219 r  top_i/StreamingDataflowPartition_1/inst/StreamingDataflowPartition_1_LabelSelect_hls_0/inst/grp_LabelSelect_hls_0_Pipeline_VITIS_LOOP_199_3_fu_45/cmp_3_fu_226_p2_carry_i_3/O
                         net (fo=1, routed)           0.332    11.550    top_i/StreamingDataflowPartition_1/inst/StreamingDataflowPartition_1_LabelSelect_hls_0/inst/grp_LabelSelect_hls_0_Pipeline_VITIS_LOOP_199_3_fu_45/cmp_3_fu_226_p2_carry_i_3_n_3
    SLICE_X56Y131        CARRY4 (Prop_carry4_DI[1]_CO[3])
                                                      0.507    12.057 r  top_i/StreamingDataflowPartition_1/inst/StreamingDataflowPartition_1_LabelSelect_hls_0/inst/grp_LabelSelect_hls_0_Pipeline_VITIS_LOOP_199_3_fu_45/cmp_3_fu_226_p2_carry/CO[3]
                         net (fo=10, routed)          0.715    12.772    top_i/StreamingDataflowPartition_1/inst/StreamingDataflowPartition_1_LabelSelect_hls_0/inst/grp_LabelSelect_hls_0_Pipeline_VITIS_LOOP_199_3_fu_45/cmp_3_fu_226_p2_carry_n_3
    SLICE_X54Y130        LUT5 (Prop_lut5_I4_O)        0.124    12.896 r  top_i/StreamingDataflowPartition_1/inst/StreamingDataflowPartition_1_LabelSelect_hls_0/inst/grp_LabelSelect_hls_0_Pipeline_VITIS_LOOP_199_3_fu_45/conv_i_i2_445_i_fu_86[1]_i_2/O
                         net (fo=3, routed)           0.586    13.482    top_i/StreamingDataflowPartition_1/inst/StreamingDataflowPartition_1_LabelSelect_hls_0/inst/grp_LabelSelect_hls_0_Pipeline_VITIS_LOOP_199_3_fu_45/select_ln220_3_fu_231_p3__0[1]
    SLICE_X55Y130        LUT4 (Prop_lut4_I3_O)        0.124    13.606 r  top_i/StreamingDataflowPartition_1/inst/StreamingDataflowPartition_1_LabelSelect_hls_0/inst/grp_LabelSelect_hls_0_Pipeline_VITIS_LOOP_199_3_fu_45/cmp_4_fu_238_p2_carry_i_8/O
                         net (fo=1, routed)           0.000    13.606    top_i/StreamingDataflowPartition_1/inst/StreamingDataflowPartition_1_LabelSelect_hls_0/inst/grp_LabelSelect_hls_0_Pipeline_VITIS_LOOP_199_3_fu_45/cmp_4_fu_238_p2_carry_i_8_n_3
    SLICE_X55Y130        CARRY4 (Prop_carry4_S[0]_CO[3])
                                                      0.532    14.138 r  top_i/StreamingDataflowPartition_1/inst/StreamingDataflowPartition_1_LabelSelect_hls_0/inst/grp_LabelSelect_hls_0_Pipeline_VITIS_LOOP_199_3_fu_45/cmp_4_fu_238_p2_carry/CO[3]
                         net (fo=8, routed)           0.754    14.892    top_i/StreamingDataflowPartition_1/inst/StreamingDataflowPartition_1_LabelSelect_hls_0/inst/grp_LabelSelect_hls_0_Pipeline_VITIS_LOOP_199_3_fu_45/cmp_4_fu_238_p2_carry_n_3
    SLICE_X54Y130        LUT3 (Prop_lut3_I2_O)        0.124    15.016 r  top_i/StreamingDataflowPartition_1/inst/StreamingDataflowPartition_1_LabelSelect_hls_0/inst/grp_LabelSelect_hls_0_Pipeline_VITIS_LOOP_199_3_fu_45/conv_i_i2_445_i_fu_86[4]_i_1/O
                         net (fo=1, routed)           0.000    15.016    top_i/StreamingDataflowPartition_1/inst/StreamingDataflowPartition_1_LabelSelect_hls_0/inst/grp_LabelSelect_hls_0_Pipeline_VITIS_LOOP_199_3_fu_45/select_ln220_4_fu_243_p3[4]
    SLICE_X54Y130        FDRE                                         r  top_i/StreamingDataflowPartition_1/inst/StreamingDataflowPartition_1_LabelSelect_hls_0/inst/grp_LabelSelect_hls_0_Pipeline_VITIS_LOOP_199_3_fu_45/conv_i_i2_445_i_fu_86_reg[4]/D
  -------------------------------------------------------------------    -------------------

                         (clock clk_fpga_0 rise edge)
                                                     10.000    10.000 r  
    PS7_X0Y0             PS7                          0.000    10.000 r  top_i/zynq_ps/inst/PS7_i/FCLKCLK[0]
                         net (fo=1, routed)           1.088    11.088    top_i/zynq_ps/inst/FCLK_CLK_unbuffered[0]
    BUFGCTRL_X0Y16       BUFG (Prop_bufg_I_O)         0.091    11.179 r  top_i/zynq_ps/inst/buffer_fclk_clk_0.FCLK_CLK_0_BUFG/O
                         net (fo=55826, routed)       1.699    12.878    top_i/StreamingDataflowPartition_1/inst/StreamingDataflowPartition_1_LabelSelect_hls_0/inst/grp_LabelSelect_hls_0_Pipeline_VITIS_LOOP_199_3_fu_45/ap_clk
    SLICE_X54Y130        FDRE                                         r  top_i/StreamingDataflowPartition_1/inst/StreamingDataflowPartition_1_LabelSelect_hls_0/inst/grp_LabelSelect_hls_0_Pipeline_VITIS_LOOP_199_3_fu_45/conv_i_i2_445_i_fu_86_reg[4]/C
                         clock pessimism              0.283    13.161    
                         clock uncertainty           -0.154    13.007    
    SLICE_X54Y130        FDRE (Setup_fdre_C_D)        0.079    13.086    top_i/StreamingDataflowPartition_1/inst/StreamingDataflowPartition_1_LabelSelect_hls_0/inst/grp_LabelSelect_hls_0_Pipeline_VITIS_LOOP_199_3_fu_45/conv_i_i2_445_i_fu_86_reg[4]
  -------------------------------------------------------------------
                         required time                         13.086    
                         arrival time                         -15.016    
  -------------------------------------------------------------------
                         slack                                 -1.930    

Slack (VIOLATED) :        -1.929ns  (required time - arrival time)
  Source:                 top_i/StreamingDataflowPartition_1/inst/StreamingDataflowPartition_1_LabelSelect_hls_0/inst/grp_LabelSelect_hls_0_Pipeline_VITIS_LOOP_199_3_fu_45/val_reg_391_reg[3]/C
                            (rising edge-triggered cell FDRE clocked by clk_fpga_0  {rise@0.000ns fall@5.000ns period=10.000ns})
  Destination:            top_i/StreamingDataflowPartition_1/inst/StreamingDataflowPartition_1_LabelSelect_hls_0/inst/grp_LabelSelect_hls_0_Pipeline_VITIS_LOOP_199_3_fu_45/conv_i_i2_445_i_fu_86_reg[1]/D
                            (rising edge-triggered cell FDRE clocked by clk_fpga_0  {rise@0.000ns fall@5.000ns period=10.000ns})
  Path Group:             clk_fpga_0
  Path Type:              Setup (Max at Slow Process Corner)
  Requirement:            10.000ns  (clk_fpga_0 rise@10.000ns - clk_fpga_0 rise@0.000ns)
  Data Path Delay:        11.869ns  (logic 4.176ns (35.183%)  route 7.693ns (64.817%))
  Logic Levels:           15  (CARRY4=5 LUT3=3 LUT4=3 LUT5=2 LUT6=2)
  Clock Path Skew:        -0.023ns (DCD - SCD + CPR)
    Destination Clock Delay (DCD):    2.878ns = ( 12.878 - 10.000 ) 
    Source Clock Delay      (SCD):    3.184ns
    Clock Pessimism Removal (CPR):    0.283ns
  Clock Uncertainty:      0.154ns  ((TSJ^2 + TIJ^2)^1/2 + DJ) / 2 + PE
    Total System Jitter     (TSJ):    0.071ns
    Total Input Jitter      (TIJ):    0.300ns
    Discrete Jitter          (DJ):    0.000ns
    Phase Error              (PE):    0.000ns

    Location             Delay type                Incr(ns)  Path(ns)    Netlist Resource(s)
  -------------------------------------------------------------------    -------------------
                         (clock clk_fpga_0 rise edge)
                                                      0.000     0.000 r  
    PS7_X0Y0             PS7                          0.000     0.000 r  top_i/zynq_ps/inst/PS7_i/FCLKCLK[0]
                         net (fo=1, routed)           1.193     1.193    top_i/zynq_ps/inst/FCLK_CLK_unbuffered[0]
    BUFGCTRL_X0Y16       BUFG (Prop_bufg_I_O)         0.101     1.294 r  top_i/zynq_ps/inst/buffer_fclk_clk_0.FCLK_CLK_0_BUFG/O
                         net (fo=55826, routed)       1.890     3.184    top_i/StreamingDataflowPartition_1/inst/StreamingDataflowPartition_1_LabelSelect_hls_0/inst/grp_LabelSelect_hls_0_Pipeline_VITIS_LOOP_199_3_fu_45/ap_clk
    SLICE_X55Y129        FDRE                                         r  top_i/StreamingDataflowPartition_1/inst/StreamingDataflowPartition_1_LabelSelect_hls_0/inst/grp_LabelSelect_hls_0_Pipeline_VITIS_LOOP_199_3_fu_45/val_reg_391_reg[3]/C
  -------------------------------------------------------------------    -------------------
    SLICE_X55Y129        FDRE (Prop_fdre_C_Q)         0.419     3.603 r  top_i/StreamingDataflowPartition_1/inst/StreamingDataflowPartition_1_LabelSelect_hls_0/inst/grp_LabelSelect_hls_0_Pipeline_VITIS_LOOP_199_3_fu_45/val_reg_391_reg[3]/Q
                         net (fo=4, routed)           0.743     4.346    top_i/StreamingDataflowPartition_1/inst/StreamingDataflowPartition_1_LabelSelect_hls_0/inst/grp_LabelSelect_hls_0_Pipeline_VITIS_LOOP_199_3_fu_45/val_reg_391[3]
    SLICE_X54Y129        LUT4 (Prop_lut4_I2_O)        0.299     4.645 r  top_i/StreamingDataflowPartition_1/inst/StreamingDataflowPartition_1_LabelSelect_hls_0/inst/grp_LabelSelect_hls_0_Pipeline_VITIS_LOOP_199_3_fu_45/cmp_fu_190_p2_carry_i_7/O
                         net (fo=1, routed)           0.000     4.645    top_i/StreamingDataflowPartition_1/inst/StreamingDataflowPartition_1_LabelSelect_hls_0/inst/grp_LabelSelect_hls_0_Pipeline_VITIS_LOOP_199_3_fu_45/cmp_fu_190_p2_carry_i_7_n_3
    SLICE_X54Y129        CARRY4 (Prop_carry4_S[1]_CO[3])
                                                      0.533     5.178 r  top_i/StreamingDataflowPartition_1/inst/StreamingDataflowPartition_1_LabelSelect_hls_0/inst/grp_LabelSelect_hls_0_Pipeline_VITIS_LOOP_199_3_fu_45/cmp_fu_190_p2_carry/CO[3]
                         net (fo=22, routed)          0.866     6.045    top_i/StreamingDataflowPartition_1/inst/StreamingDataflowPartition_1_LabelSelect_hls_0/inst/grp_LabelSelect_hls_0_Pipeline_VITIS_LOOP_199_3_fu_45/cmp_fu_190_p2_carry_n_3
    SLICE_X57Y129        LUT3 (Prop_lut3_I2_O)        0.124     6.169 f  top_i/StreamingDataflowPartition_1/inst/StreamingDataflowPartition_1_LabelSelect_hls_0/inst/grp_LabelSelect_hls_0_Pipeline_VITIS_LOOP_199_3_fu_45/cmp_1_fu_202_p2_carry_i_9/O
                         net (fo=2, routed)           0.415     6.584    top_i/StreamingDataflowPartition_1/inst/StreamingDataflowPartition_1_LabelSelect_hls_0/inst/grp_LabelSelect_hls_0_Pipeline_VITIS_LOOP_199_3_fu_45/select_ln220_fu_195_p3__0[5]
    SLICE_X57Y130        LUT6 (Prop_lut6_I4_O)        0.124     6.708 r  top_i/StreamingDataflowPartition_1/inst/StreamingDataflowPartition_1_LabelSelect_hls_0/inst/grp_LabelSelect_hls_0_Pipeline_VITIS_LOOP_199_3_fu_45/cmp_1_fu_202_p2_carry_i_2/O
                         net (fo=1, routed)           0.331     7.039    top_i/StreamingDataflowPartition_1/inst/StreamingDataflowPartition_1_LabelSelect_hls_0/inst/grp_LabelSelect_hls_0_Pipeline_VITIS_LOOP_199_3_fu_45/cmp_1_fu_202_p2_carry_i_2_n_3
    SLICE_X56Y129        CARRY4 (Prop_carry4_DI[2]_CO[3])
                                                      0.398     7.437 r  top_i/StreamingDataflowPartition_1/inst/StreamingDataflowPartition_1_LabelSelect_hls_0/inst/grp_LabelSelect_hls_0_Pipeline_VITIS_LOOP_199_3_fu_45/cmp_1_fu_202_p2_carry/CO[3]
                         net (fo=11, routed)          0.947     8.384    top_i/StreamingDataflowPartition_1/inst/StreamingDataflowPartition_1_LabelSelect_hls_0/inst/grp_LabelSelect_hls_0_Pipeline_VITIS_LOOP_199_3_fu_45/cmp_1_fu_202_p2_carry_n_3
    SLICE_X58Y129        LUT5 (Prop_lut5_I4_O)        0.124     8.508 r  top_i/StreamingDataflowPartition_1/inst/StreamingDataflowPartition_1_LabelSelect_hls_0/inst/grp_LabelSelect_hls_0_Pipeline_VITIS_LOOP_199_3_fu_45/cmp_2_fu_214_p2_carry_i_9/O
                         net (fo=5, routed)           0.622     9.129    top_i/StreamingDataflowPartition_1/inst/StreamingDataflowPartition_1_LabelSelect_hls_0/inst/grp_LabelSelect_hls_0_Pipeline_VITIS_LOOP_199_3_fu_45/select_ln220_1_fu_207_p3__0[4]
    SLICE_X58Y130        LUT4 (Prop_lut4_I1_O)        0.124     9.253 r  top_i/StreamingDataflowPartition_1/inst/StreamingDataflowPartition_1_LabelSelect_hls_0/inst/grp_LabelSelect_hls_0_Pipeline_VITIS_LOOP_199_3_fu_45/cmp_2_fu_214_p2_carry_i_6/O
                         net (fo=1, routed)           0.000     9.253    top_i/StreamingDataflowPartition_1/inst/StreamingDataflowPartition_1_LabelSelect_hls_0/inst/grp_LabelSelect_hls_0_Pipeline_VITIS_LOOP_199_3_fu_45/cmp_2_fu_214_p2_carry_i_6_n_3
    SLICE_X58Y130        CARRY4 (Prop_carry4_S[2]_CO[3])
                                                      0.380     9.633 r  top_i/StreamingDataflowPartition_1/inst/StreamingDataflowPartition_1_LabelSelect_hls_0/inst/grp_LabelSelect_hls_0_Pipeline_VITIS_LOOP_199_3_fu_45/cmp_2_fu_214_p2_carry/CO[3]
                         net (fo=21, routed)          0.853    10.486    top_i/StreamingDataflowPartition_1/inst/StreamingDataflowPartition_1_LabelSelect_hls_0/inst/grp_LabelSelect_hls_0_Pipeline_VITIS_LOOP_199_3_fu_45/cmp_2_fu_214_p2_carry_n_3
    SLICE_X57Y131        LUT3 (Prop_lut3_I2_O)        0.124    10.610 f  top_i/StreamingDataflowPartition_1/inst/StreamingDataflowPartition_1_LabelSelect_hls_0/inst/grp_LabelSelect_hls_0_Pipeline_VITIS_LOOP_199_3_fu_45/cmp_3_fu_226_p2_carry_i_11/O
                         net (fo=2, routed)           0.484    11.095    top_i/StreamingDataflowPartition_1/inst/StreamingDataflowPartition_1_LabelSelect_hls_0/inst/grp_LabelSelect_hls_0_Pipeline_VITIS_LOOP_199_3_fu_45/select_ln220_2_fu_219_p3__0[3]
    SLICE_X57Y131        LUT6 (Prop_lut6_I4_O)        0.124    11.219 r  top_i/StreamingDataflowPartition_1/inst/StreamingDataflowPartition_1_LabelSelect_hls_0/inst/grp_LabelSelect_hls_0_Pipeline_VITIS_LOOP_199_3_fu_45/cmp_3_fu_226_p2_carry_i_3/O
                         net (fo=1, routed)           0.332    11.550    top_i/StreamingDataflowPartition_1/inst/StreamingDataflowPartition_1_LabelSelect_hls_0/inst/grp_LabelSelect_hls_0_Pipeline_VITIS_LOOP_199_3_fu_45/cmp_3_fu_226_p2_carry_i_3_n_3
    SLICE_X56Y131        CARRY4 (Prop_carry4_DI[1]_CO[3])
                                                      0.507    12.057 r  top_i/StreamingDataflowPartition_1/inst/StreamingDataflowPartition_1_LabelSelect_hls_0/inst/grp_LabelSelect_hls_0_Pipeline_VITIS_LOOP_199_3_fu_45/cmp_3_fu_226_p2_carry/CO[3]
                         net (fo=10, routed)          0.715    12.772    top_i/StreamingDataflowPartition_1/inst/StreamingDataflowPartition_1_LabelSelect_hls_0/inst/grp_LabelSelect_hls_0_Pipeline_VITIS_LOOP_199_3_fu_45/cmp_3_fu_226_p2_carry_n_3
    SLICE_X54Y130        LUT5 (Prop_lut5_I4_O)        0.124    12.896 r  top_i/StreamingDataflowPartition_1/inst/StreamingDataflowPartition_1_LabelSelect_hls_0/inst/grp_LabelSelect_hls_0_Pipeline_VITIS_LOOP_199_3_fu_45/conv_i_i2_445_i_fu_86[1]_i_2/O
                         net (fo=3, routed)           0.586    13.482    top_i/StreamingDataflowPartition_1/inst/StreamingDataflowPartition_1_LabelSelect_hls_0/inst/grp_LabelSelect_hls_0_Pipeline_VITIS_LOOP_199_3_fu_45/select_ln220_3_fu_231_p3__0[1]
    SLICE_X55Y130        LUT4 (Prop_lut4_I3_O)        0.124    13.606 r  top_i/StreamingDataflowPartition_1/inst/StreamingDataflowPartition_1_LabelSelect_hls_0/inst/grp_LabelSelect_hls_0_Pipeline_VITIS_LOOP_199_3_fu_45/cmp_4_fu_238_p2_carry_i_8/O
                         net (fo=1, routed)           0.000    13.606    top_i/StreamingDataflowPartition_1/inst/StreamingDataflowPartition_1_LabelSelect_hls_0/inst/grp_LabelSelect_hls_0_Pipeline_VITIS_LOOP_199_3_fu_45/cmp_4_fu_238_p2_carry_i_8_n_3
    SLICE_X55Y130        CARRY4 (Prop_carry4_S[0]_CO[3])
                                                      0.532    14.138 r  top_i/StreamingDataflowPartition_1/inst/StreamingDataflowPartition_1_LabelSelect_hls_0/inst/grp_LabelSelect_hls_0_Pipeline_VITIS_LOOP_199_3_fu_45/cmp_4_fu_238_p2_carry/CO[3]
                         net (fo=8, routed)           0.799    14.937    top_i/StreamingDataflowPartition_1/inst/StreamingDataflowPartition_1_LabelSelect_hls_0/inst/grp_LabelSelect_hls_0_Pipeline_VITIS_LOOP_199_3_fu_45/cmp_4_fu_238_p2_carry_n_3
    SLICE_X54Y130        LUT3 (Prop_lut3_I2_O)        0.116    15.053 r  top_i/StreamingDataflowPartition_1/inst/StreamingDataflowPartition_1_LabelSelect_hls_0/inst/grp_LabelSelect_hls_0_Pipeline_VITIS_LOOP_199_3_fu_45/conv_i_i2_445_i_fu_86[1]_i_1/O
                         net (fo=1, routed)           0.000    15.053    top_i/StreamingDataflowPartition_1/inst/StreamingDataflowPartition_1_LabelSelect_hls_0/inst/grp_LabelSelect_hls_0_Pipeline_VITIS_LOOP_199_3_fu_45/select_ln220_4_fu_243_p3[1]
    SLICE_X54Y130        FDRE                                         r  top_i/StreamingDataflowPartition_1/inst/StreamingDataflowPartition_1_LabelSelect_hls_0/inst/grp_LabelSelect_hls_0_Pipeline_VITIS_LOOP_199_3_fu_45/conv_i_i2_445_i_fu_86_reg[1]/D
  -------------------------------------------------------------------    -------------------

                         (clock clk_fpga_0 rise edge)
                                                     10.000    10.000 r  
    PS7_X0Y0             PS7                          0.000    10.000 r  top_i/zynq_ps/inst/PS7_i/FCLKCLK[0]
                         net (fo=1, routed)           1.088    11.088    top_i/zynq_ps/inst/FCLK_CLK_unbuffered[0]
    BUFGCTRL_X0Y16       BUFG (Prop_bufg_I_O)         0.091    11.179 r  top_i/zynq_ps/inst/buffer_fclk_clk_0.FCLK_CLK_0_BUFG/O
                         net (fo=55826, routed)       1.699    12.878    top_i/StreamingDataflowPartition_1/inst/StreamingDataflowPartition_1_LabelSelect_hls_0/inst/grp_LabelSelect_hls_0_Pipeline_VITIS_LOOP_199_3_fu_45/ap_clk
    SLICE_X54Y130        FDRE                                         r  top_i/StreamingDataflowPartition_1/inst/StreamingDataflowPartition_1_LabelSelect_hls_0/inst/grp_LabelSelect_hls_0_Pipeline_VITIS_LOOP_199_3_fu_45/conv_i_i2_445_i_fu_86_reg[1]/C
                         clock pessimism              0.283    13.161    
                         clock uncertainty           -0.154    13.007    
    SLICE_X54Y130        FDRE (Setup_fdre_C_D)        0.118    13.125    top_i/StreamingDataflowPartition_1/inst/StreamingDataflowPartition_1_LabelSelect_hls_0/inst/grp_LabelSelect_hls_0_Pipeline_VITIS_LOOP_199_3_fu_45/conv_i_i2_445_i_fu_86_reg[1]
  -------------------------------------------------------------------
                         required time                         13.125    
                         arrival time                         -15.053    
  -------------------------------------------------------------------
                         slack                                 -1.929    

Slack (VIOLATED) :        -1.924ns  (required time - arrival time)
  Source:                 top_i/StreamingDataflowPartition_1/inst/StreamingDataflowPartition_1_LabelSelect_hls_0/inst/grp_LabelSelect_hls_0_Pipeline_VITIS_LOOP_199_3_fu_45/val_reg_391_reg[3]/C
                            (rising edge-triggered cell FDRE clocked by clk_fpga_0  {rise@0.000ns fall@5.000ns period=10.000ns})
  Destination:            top_i/StreamingDataflowPartition_1/inst/StreamingDataflowPartition_1_LabelSelect_hls_0/inst/grp_LabelSelect_hls_0_Pipeline_VITIS_LOOP_199_3_fu_45/conv_i_i2_445_i_fu_86_reg[6]/D
                            (rising edge-triggered cell FDSE clocked by clk_fpga_0  {rise@0.000ns fall@5.000ns period=10.000ns})
  Path Group:             clk_fpga_0
  Path Type:              Setup (Max at Slow Process Corner)
  Requirement:            10.000ns  (clk_fpga_0 rise@10.000ns - clk_fpga_0 rise@0.000ns)
  Data Path Delay:        11.825ns  (logic 4.184ns (35.384%)  route 7.641ns (64.616%))
  Logic Levels:           15  (CARRY4=5 LUT3=3 LUT4=3 LUT5=2 LUT6=2)
  Clock Path Skew:        -0.022ns (DCD - SCD + CPR)
    Destination Clock Delay (DCD):    2.879ns = ( 12.879 - 10.000 ) 
    Source Clock Delay      (SCD):    3.184ns
    Clock Pessimism Removal (CPR):    0.283ns
  Clock Uncertainty:      0.154ns  ((TSJ^2 + TIJ^2)^1/2 + DJ) / 2 + PE
    Total System Jitter     (TSJ):    0.071ns
    Total Input Jitter      (TIJ):    0.300ns
    Discrete Jitter          (DJ):    0.000ns
    Phase Error              (PE):    0.000ns

    Location             Delay type                Incr(ns)  Path(ns)    Netlist Resource(s)
  -------------------------------------------------------------------    -------------------
                         (clock clk_fpga_0 rise edge)
                                                      0.000     0.000 r  
    PS7_X0Y0             PS7                          0.000     0.000 r  top_i/zynq_ps/inst/PS7_i/FCLKCLK[0]
                         net (fo=1, routed)           1.193     1.193    top_i/zynq_ps/inst/FCLK_CLK_unbuffered[0]
    BUFGCTRL_X0Y16       BUFG (Prop_bufg_I_O)         0.101     1.294 r  top_i/zynq_ps/inst/buffer_fclk_clk_0.FCLK_CLK_0_BUFG/O
                         net (fo=55826, routed)       1.890     3.184    top_i/StreamingDataflowPartition_1/inst/StreamingDataflowPartition_1_LabelSelect_hls_0/inst/grp_LabelSelect_hls_0_Pipeline_VITIS_LOOP_199_3_fu_45/ap_clk
    SLICE_X55Y129        FDRE                                         r  top_i/StreamingDataflowPartition_1/inst/StreamingDataflowPartition_1_LabelSelect_hls_0/inst/grp_LabelSelect_hls_0_Pipeline_VITIS_LOOP_199_3_fu_45/val_reg_391_reg[3]/C
  -------------------------------------------------------------------    -------------------
    SLICE_X55Y129        FDRE (Prop_fdre_C_Q)         0.419     3.603 r  top_i/StreamingDataflowPartition_1/inst/StreamingDataflowPartition_1_LabelSelect_hls_0/inst/grp_LabelSelect_hls_0_Pipeline_VITIS_LOOP_199_3_fu_45/val_reg_391_reg[3]/Q
                         net (fo=4, routed)           0.743     4.346    top_i/StreamingDataflowPartition_1/inst/StreamingDataflowPartition_1_LabelSelect_hls_0/inst/grp_LabelSelect_hls_0_Pipeline_VITIS_LOOP_199_3_fu_45/val_reg_391[3]
    SLICE_X54Y129        LUT4 (Prop_lut4_I2_O)        0.299     4.645 r  top_i/StreamingDataflowPartition_1/inst/StreamingDataflowPartition_1_LabelSelect_hls_0/inst/grp_LabelSelect_hls_0_Pipeline_VITIS_LOOP_199_3_fu_45/cmp_fu_190_p2_carry_i_7/O
                         net (fo=1, routed)           0.000     4.645    top_i/StreamingDataflowPartition_1/inst/StreamingDataflowPartition_1_LabelSelect_hls_0/inst/grp_LabelSelect_hls_0_Pipeline_VITIS_LOOP_199_3_fu_45/cmp_fu_190_p2_carry_i_7_n_3
    SLICE_X54Y129        CARRY4 (Prop_carry4_S[1]_CO[3])
                                                      0.533     5.178 r  top_i/StreamingDataflowPartition_1/inst/StreamingDataflowPartition_1_LabelSelect_hls_0/inst/grp_LabelSelect_hls_0_Pipeline_VITIS_LOOP_199_3_fu_45/cmp_fu_190_p2_carry/CO[3]
                         net (fo=22, routed)          0.866     6.045    top_i/StreamingDataflowPartition_1/inst/StreamingDataflowPartition_1_LabelSelect_hls_0/inst/grp_LabelSelect_hls_0_Pipeline_VITIS_LOOP_199_3_fu_45/cmp_fu_190_p2_carry_n_3
    SLICE_X57Y129        LUT3 (Prop_lut3_I2_O)        0.124     6.169 f  top_i/StreamingDataflowPartition_1/inst/StreamingDataflowPartition_1_LabelSelect_hls_0/inst/grp_LabelSelect_hls_0_Pipeline_VITIS_LOOP_199_3_fu_45/cmp_1_fu_202_p2_carry_i_9/O
                         net (fo=2, routed)           0.415     6.584    top_i/StreamingDataflowPartition_1/inst/StreamingDataflowPartition_1_LabelSelect_hls_0/inst/grp_LabelSelect_hls_0_Pipeline_VITIS_LOOP_199_3_fu_45/select_ln220_fu_195_p3__0[5]
    SLICE_X57Y130        LUT6 (Prop_lut6_I4_O)        0.124     6.708 r  top_i/StreamingDataflowPartition_1/inst/StreamingDataflowPartition_1_LabelSelect_hls_0/inst/grp_LabelSelect_hls_0_Pipeline_VITIS_LOOP_199_3_fu_45/cmp_1_fu_202_p2_carry_i_2/O
                         net (fo=1, routed)           0.331     7.039    top_i/StreamingDataflowPartition_1/inst/StreamingDataflowPartition_1_LabelSelect_hls_0/inst/grp_LabelSelect_hls_0_Pipeline_VITIS_LOOP_199_3_fu_45/cmp_1_fu_202_p2_carry_i_2_n_3
    SLICE_X56Y129        CARRY4 (Prop_carry4_DI[2]_CO[3])
                                                      0.398     7.437 r  top_i/StreamingDataflowPartition_1/inst/StreamingDataflowPartition_1_LabelSelect_hls_0/inst/grp_LabelSelect_hls_0_Pipeline_VITIS_LOOP_199_3_fu_45/cmp_1_fu_202_p2_carry/CO[3]
                         net (fo=11, routed)          0.947     8.384    top_i/StreamingDataflowPartition_1/inst/StreamingDataflowPartition_1_LabelSelect_hls_0/inst/grp_LabelSelect_hls_0_Pipeline_VITIS_LOOP_199_3_fu_45/cmp_1_fu_202_p2_carry_n_3
    SLICE_X58Y129        LUT5 (Prop_lut5_I4_O)        0.124     8.508 r  top_i/StreamingDataflowPartition_1/inst/StreamingDataflowPartition_1_LabelSelect_hls_0/inst/grp_LabelSelect_hls_0_Pipeline_VITIS_LOOP_199_3_fu_45/cmp_2_fu_214_p2_carry_i_9/O
                         net (fo=5, routed)           0.622     9.129    top_i/StreamingDataflowPartition_1/inst/StreamingDataflowPartition_1_LabelSelect_hls_0/inst/grp_LabelSelect_hls_0_Pipeline_VITIS_LOOP_199_3_fu_45/select_ln220_1_fu_207_p3__0[4]
    SLICE_X58Y130        LUT4 (Prop_lut4_I1_O)        0.124     9.253 r  top_i/StreamingDataflowPartition_1/inst/StreamingDataflowPartition_1_LabelSelect_hls_0/inst/grp_LabelSelect_hls_0_Pipeline_VITIS_LOOP_199_3_fu_45/cmp_2_fu_214_p2_carry_i_6/O
                         net (fo=1, routed)           0.000     9.253    top_i/StreamingDataflowPartition_1/inst/StreamingDataflowPartition_1_LabelSelect_hls_0/inst/grp_LabelSelect_hls_0_Pipeline_VITIS_LOOP_199_3_fu_45/cmp_2_fu_214_p2_carry_i_6_n_3
    SLICE_X58Y130        CARRY4 (Prop_carry4_S[2]_CO[3])
                                                      0.380     9.633 r  top_i/StreamingDataflowPartition_1/inst/StreamingDataflowPartition_1_LabelSelect_hls_0/inst/grp_LabelSelect_hls_0_Pipeline_VITIS_LOOP_199_3_fu_45/cmp_2_fu_214_p2_carry/CO[3]
                         net (fo=21, routed)          0.853    10.486    top_i/StreamingDataflowPartition_1/inst/StreamingDataflowPartition_1_LabelSelect_hls_0/inst/grp_LabelSelect_hls_0_Pipeline_VITIS_LOOP_199_3_fu_45/cmp_2_fu_214_p2_carry_n_3
    SLICE_X57Y131        LUT3 (Prop_lut3_I2_O)        0.124    10.610 f  top_i/StreamingDataflowPartition_1/inst/StreamingDataflowPartition_1_LabelSelect_hls_0/inst/grp_LabelSelect_hls_0_Pipeline_VITIS_LOOP_199_3_fu_45/cmp_3_fu_226_p2_carry_i_11/O
                         net (fo=2, routed)           0.484    11.095    top_i/StreamingDataflowPartition_1/inst/StreamingDataflowPartition_1_LabelSelect_hls_0/inst/grp_LabelSelect_hls_0_Pipeline_VITIS_LOOP_199_3_fu_45/select_ln220_2_fu_219_p3__0[3]
    SLICE_X57Y131        LUT6 (Prop_lut6_I4_O)        0.124    11.219 r  top_i/StreamingDataflowPartition_1/inst/StreamingDataflowPartition_1_LabelSelect_hls_0/inst/grp_LabelSelect_hls_0_Pipeline_VITIS_LOOP_199_3_fu_45/cmp_3_fu_226_p2_carry_i_3/O
                         net (fo=1, routed)           0.332    11.550    top_i/StreamingDataflowPartition_1/inst/StreamingDataflowPartition_1_LabelSelect_hls_0/inst/grp_LabelSelect_hls_0_Pipeline_VITIS_LOOP_199_3_fu_45/cmp_3_fu_226_p2_carry_i_3_n_3
    SLICE_X56Y131        CARRY4 (Prop_carry4_DI[1]_CO[3])
                                                      0.507    12.057 r  top_i/StreamingDataflowPartition_1/inst/StreamingDataflowPartition_1_LabelSelect_hls_0/inst/grp_LabelSelect_hls_0_Pipeline_VITIS_LOOP_199_3_fu_45/cmp_3_fu_226_p2_carry/CO[3]
                         net (fo=10, routed)          0.715    12.772    top_i/StreamingDataflowPartition_1/inst/StreamingDataflowPartition_1_LabelSelect_hls_0/inst/grp_LabelSelect_hls_0_Pipeline_VITIS_LOOP_199_3_fu_45/cmp_3_fu_226_p2_carry_n_3
    SLICE_X54Y130        LUT5 (Prop_lut5_I4_O)        0.124    12.896 r  top_i/StreamingDataflowPartition_1/inst/StreamingDataflowPartition_1_LabelSelect_hls_0/inst/grp_LabelSelect_hls_0_Pipeline_VITIS_LOOP_199_3_fu_45/conv_i_i2_445_i_fu_86[1]_i_2/O
                         net (fo=3, routed)           0.586    13.482    top_i/StreamingDataflowPartition_1/inst/StreamingDataflowPartition_1_LabelSelect_hls_0/inst/grp_LabelSelect_hls_0_Pipeline_VITIS_LOOP_199_3_fu_45/select_ln220_3_fu_231_p3__0[1]
    SLICE_X55Y130        LUT4 (Prop_lut4_I3_O)        0.124    13.606 r  top_i/StreamingDataflowPartition_1/inst/StreamingDataflowPartition_1_LabelSelect_hls_0/inst/grp_LabelSelect_hls_0_Pipeline_VITIS_LOOP_199_3_fu_45/cmp_4_fu_238_p2_carry_i_8/O
                         net (fo=1, routed)           0.000    13.606    top_i/StreamingDataflowPartition_1/inst/StreamingDataflowPartition_1_LabelSelect_hls_0/inst/grp_LabelSelect_hls_0_Pipeline_VITIS_LOOP_199_3_fu_45/cmp_4_fu_238_p2_carry_i_8_n_3
    SLICE_X55Y130        CARRY4 (Prop_carry4_S[0]_CO[3])
                                                      0.532    14.138 r  top_i/StreamingDataflowPartition_1/inst/StreamingDataflowPartition_1_LabelSelect_hls_0/inst/grp_LabelSelect_hls_0_Pipeline_VITIS_LOOP_199_3_fu_45/cmp_4_fu_238_p2_carry/CO[3]
                         net (fo=8, routed)           0.747    14.885    top_i/StreamingDataflowPartition_1/inst/StreamingDataflowPartition_1_LabelSelect_hls_0/inst/grp_LabelSelect_hls_0_Pipeline_VITIS_LOOP_199_3_fu_45/cmp_4_fu_238_p2_carry_n_3
    SLICE_X54Y131        LUT3 (Prop_lut3_I2_O)        0.124    15.009 r  top_i/StreamingDataflowPartition_1/inst/StreamingDataflowPartition_1_LabelSelect_hls_0/inst/grp_LabelSelect_hls_0_Pipeline_VITIS_LOOP_199_3_fu_45/conv_i_i2_445_i_fu_86[6]_i_3/O
                         net (fo=1, routed)           0.000    15.009    top_i/StreamingDataflowPartition_1/inst/StreamingDataflowPartition_1_LabelSelect_hls_0/inst/grp_LabelSelect_hls_0_Pipeline_VITIS_LOOP_199_3_fu_45/select_ln220_4_fu_243_p3[6]
    SLICE_X54Y131        FDSE                                         r  top_i/StreamingDataflowPartition_1/inst/StreamingDataflowPartition_1_LabelSelect_hls_0/inst/grp_LabelSelect_hls_0_Pipeline_VITIS_LOOP_199_3_fu_45/conv_i_i2_445_i_fu_86_reg[6]/D
  -------------------------------------------------------------------    -------------------

                         (clock clk_fpga_0 rise edge)
                                                     10.000    10.000 r  
    PS7_X0Y0             PS7                          0.000    10.000 r  top_i/zynq_ps/inst/PS7_i/FCLKCLK[0]
                         net (fo=1, routed)           1.088    11.088    top_i/zynq_ps/inst/FCLK_CLK_unbuffered[0]
    BUFGCTRL_X0Y16       BUFG (Prop_bufg_I_O)         0.091    11.179 r  top_i/zynq_ps/inst/buffer_fclk_clk_0.FCLK_CLK_0_BUFG/O
                         net (fo=55826, routed)       1.700    12.879    top_i/StreamingDataflowPartition_1/inst/StreamingDataflowPartition_1_LabelSelect_hls_0/inst/grp_LabelSelect_hls_0_Pipeline_VITIS_LOOP_199_3_fu_45/ap_clk
    SLICE_X54Y131        FDSE                                         r  top_i/StreamingDataflowPartition_1/inst/StreamingDataflowPartition_1_LabelSelect_hls_0/inst/grp_LabelSelect_hls_0_Pipeline_VITIS_LOOP_199_3_fu_45/conv_i_i2_445_i_fu_86_reg[6]/C
                         clock pessimism              0.283    13.162    
                         clock uncertainty           -0.154    13.008    
    SLICE_X54Y131        FDSE (Setup_fdse_C_D)        0.077    13.085    top_i/StreamingDataflowPartition_1/inst/StreamingDataflowPartition_1_LabelSelect_hls_0/inst/grp_LabelSelect_hls_0_Pipeline_VITIS_LOOP_199_3_fu_45/conv_i_i2_445_i_fu_86_reg[6]
  -------------------------------------------------------------------
                         required time                         13.085    
                         arrival time                         -15.009    
  -------------------------------------------------------------------
                         slack                                 -1.924    

Slack (VIOLATED) :        -1.884ns  (required time - arrival time)
  Source:                 top_i/StreamingDataflowPartition_1/inst/StreamingDataflowPartition_1_LabelSelect_hls_0/inst/grp_LabelSelect_hls_0_Pipeline_VITIS_LOOP_199_3_fu_45/val_reg_391_reg[3]/C
                            (rising edge-triggered cell FDRE clocked by clk_fpga_0  {rise@0.000ns fall@5.000ns period=10.000ns})
  Destination:            top_i/StreamingDataflowPartition_1/inst/StreamingDataflowPartition_1_LabelSelect_hls_0/inst/grp_LabelSelect_hls_0_Pipeline_VITIS_LOOP_199_3_fu_45/conv_i_i2_445_i_fu_86_reg[5]/D
                            (rising edge-triggered cell FDRE clocked by clk_fpga_0  {rise@0.000ns fall@5.000ns period=10.000ns})
  Path Group:             clk_fpga_0
  Path Type:              Setup (Max at Slow Process Corner)
  Requirement:            10.000ns  (clk_fpga_0 rise@10.000ns - clk_fpga_0 rise@0.000ns)
  Data Path Delay:        11.825ns  (logic 4.177ns (35.325%)  route 7.648ns (64.675%))
  Logic Levels:           15  (CARRY4=5 LUT3=3 LUT4=3 LUT5=2 LUT6=2)
  Clock Path Skew:        -0.023ns (DCD - SCD + CPR)
    Destination Clock Delay (DCD):    2.878ns = ( 12.878 - 10.000 ) 
    Source Clock Delay      (SCD):    3.184ns
    Clock Pessimism Removal (CPR):    0.283ns
  Clock Uncertainty:      0.154ns  ((TSJ^2 + TIJ^2)^1/2 + DJ) / 2 + PE
    Total System Jitter     (TSJ):    0.071ns
    Total Input Jitter      (TIJ):    0.300ns
    Discrete Jitter          (DJ):    0.000ns
    Phase Error              (PE):    0.000ns

    Location             Delay type                Incr(ns)  Path(ns)    Netlist Resource(s)
  -------------------------------------------------------------------    -------------------
                         (clock clk_fpga_0 rise edge)
                                                      0.000     0.000 r  
    PS7_X0Y0             PS7                          0.000     0.000 r  top_i/zynq_ps/inst/PS7_i/FCLKCLK[0]
                         net (fo=1, routed)           1.193     1.193    top_i/zynq_ps/inst/FCLK_CLK_unbuffered[0]
    BUFGCTRL_X0Y16       BUFG (Prop_bufg_I_O)         0.101     1.294 r  top_i/zynq_ps/inst/buffer_fclk_clk_0.FCLK_CLK_0_BUFG/O
                         net (fo=55826, routed)       1.890     3.184    top_i/StreamingDataflowPartition_1/inst/StreamingDataflowPartition_1_LabelSelect_hls_0/inst/grp_LabelSelect_hls_0_Pipeline_VITIS_LOOP_199_3_fu_45/ap_clk
    SLICE_X55Y129        FDRE                                         r  top_i/StreamingDataflowPartition_1/inst/StreamingDataflowPartition_1_LabelSelect_hls_0/inst/grp_LabelSelect_hls_0_Pipeline_VITIS_LOOP_199_3_fu_45/val_reg_391_reg[3]/C
  -------------------------------------------------------------------    -------------------
    SLICE_X55Y129        FDRE (Prop_fdre_C_Q)         0.419     3.603 r  top_i/StreamingDataflowPartition_1/inst/StreamingDataflowPartition_1_LabelSelect_hls_0/inst/grp_LabelSelect_hls_0_Pipeline_VITIS_LOOP_199_3_fu_45/val_reg_391_reg[3]/Q
                         net (fo=4, routed)           0.743     4.346    top_i/StreamingDataflowPartition_1/inst/StreamingDataflowPartition_1_LabelSelect_hls_0/inst/grp_LabelSelect_hls_0_Pipeline_VITIS_LOOP_199_3_fu_45/val_reg_391[3]
    SLICE_X54Y129        LUT4 (Prop_lut4_I2_O)        0.299     4.645 r  top_i/StreamingDataflowPartition_1/inst/StreamingDataflowPartition_1_LabelSelect_hls_0/inst/grp_LabelSelect_hls_0_Pipeline_VITIS_LOOP_199_3_fu_45/cmp_fu_190_p2_carry_i_7/O
                         net (fo=1, routed)           0.000     4.645    top_i/StreamingDataflowPartition_1/inst/StreamingDataflowPartition_1_LabelSelect_hls_0/inst/grp_LabelSelect_hls_0_Pipeline_VITIS_LOOP_199_3_fu_45/cmp_fu_190_p2_carry_i_7_n_3
    SLICE_X54Y129        CARRY4 (Prop_carry4_S[1]_CO[3])
                                                      0.533     5.178 r  top_i/StreamingDataflowPartition_1/inst/StreamingDataflowPartition_1_LabelSelect_hls_0/inst/grp_LabelSelect_hls_0_Pipeline_VITIS_LOOP_199_3_fu_45/cmp_fu_190_p2_carry/CO[3]
                         net (fo=22, routed)          0.866     6.045    top_i/StreamingDataflowPartition_1/inst/StreamingDataflowPartition_1_LabelSelect_hls_0/inst/grp_LabelSelect_hls_0_Pipeline_VITIS_LOOP_199_3_fu_45/cmp_fu_190_p2_carry_n_3
    SLICE_X57Y129        LUT3 (Prop_lut3_I2_O)        0.124     6.169 f  top_i/StreamingDataflowPartition_1/inst/StreamingDataflowPartition_1_LabelSelect_hls_0/inst/grp_LabelSelect_hls_0_Pipeline_VITIS_LOOP_199_3_fu_45/cmp_1_fu_202_p2_carry_i_9/O
                         net (fo=2, routed)           0.415     6.584    top_i/StreamingDataflowPartition_1/inst/StreamingDataflowPartition_1_LabelSelect_hls_0/inst/grp_LabelSelect_hls_0_Pipeline_VITIS_LOOP_199_3_fu_45/select_ln220_fu_195_p3__0[5]
    SLICE_X57Y130        LUT6 (Prop_lut6_I4_O)        0.124     6.708 r  top_i/StreamingDataflowPartition_1/inst/StreamingDataflowPartition_1_LabelSelect_hls_0/inst/grp_LabelSelect_hls_0_Pipeline_VITIS_LOOP_199_3_fu_45/cmp_1_fu_202_p2_carry_i_2/O
                         net (fo=1, routed)           0.331     7.039    top_i/StreamingDataflowPartition_1/inst/StreamingDataflowPartition_1_LabelSelect_hls_0/inst/grp_LabelSelect_hls_0_Pipeline_VITIS_LOOP_199_3_fu_45/cmp_1_fu_202_p2_carry_i_2_n_3
    SLICE_X56Y129        CARRY4 (Prop_carry4_DI[2]_CO[3])
                                                      0.398     7.437 r  top_i/StreamingDataflowPartition_1/inst/StreamingDataflowPartition_1_LabelSelect_hls_0/inst/grp_LabelSelect_hls_0_Pipeline_VITIS_LOOP_199_3_fu_45/cmp_1_fu_202_p2_carry/CO[3]
                         net (fo=11, routed)          0.947     8.384    top_i/StreamingDataflowPartition_1/inst/StreamingDataflowPartition_1_LabelSelect_hls_0/inst/grp_LabelSelect_hls_0_Pipeline_VITIS_LOOP_199_3_fu_45/cmp_1_fu_202_p2_carry_n_3
    SLICE_X58Y129        LUT5 (Prop_lut5_I4_O)        0.124     8.508 r  top_i/StreamingDataflowPartition_1/inst/StreamingDataflowPartition_1_LabelSelect_hls_0/inst/grp_LabelSelect_hls_0_Pipeline_VITIS_LOOP_199_3_fu_45/cmp_2_fu_214_p2_carry_i_9/O
                         net (fo=5, routed)           0.622     9.129    top_i/StreamingDataflowPartition_1/inst/StreamingDataflowPartition_1_LabelSelect_hls_0/inst/grp_LabelSelect_hls_0_Pipeline_VITIS_LOOP_199_3_fu_45/select_ln220_1_fu_207_p3__0[4]
    SLICE_X58Y130        LUT4 (Prop_lut4_I1_O)        0.124     9.253 r  top_i/StreamingDataflowPartition_1/inst/StreamingDataflowPartition_1_LabelSelect_hls_0/inst/grp_LabelSelect_hls_0_Pipeline_VITIS_LOOP_199_3_fu_45/cmp_2_fu_214_p2_carry_i_6/O
                         net (fo=1, routed)           0.000     9.253    top_i/StreamingDataflowPartition_1/inst/StreamingDataflowPartition_1_LabelSelect_hls_0/inst/grp_LabelSelect_hls_0_Pipeline_VITIS_LOOP_199_3_fu_45/cmp_2_fu_214_p2_carry_i_6_n_3
    SLICE_X58Y130        CARRY4 (Prop_carry4_S[2]_CO[3])
                                                      0.380     9.633 r  top_i/StreamingDataflowPartition_1/inst/StreamingDataflowPartition_1_LabelSelect_hls_0/inst/grp_LabelSelect_hls_0_Pipeline_VITIS_LOOP_199_3_fu_45/cmp_2_fu_214_p2_carry/CO[3]
                         net (fo=21, routed)          0.853    10.486    top_i/StreamingDataflowPartition_1/inst/StreamingDataflowPartition_1_LabelSelect_hls_0/inst/grp_LabelSelect_hls_0_Pipeline_VITIS_LOOP_199_3_fu_45/cmp_2_fu_214_p2_carry_n_3
    SLICE_X57Y131        LUT3 (Prop_lut3_I2_O)        0.124    10.610 f  top_i/StreamingDataflowPartition_1/inst/StreamingDataflowPartition_1_LabelSelect_hls_0/inst/grp_LabelSelect_hls_0_Pipeline_VITIS_LOOP_199_3_fu_45/cmp_3_fu_226_p2_carry_i_11/O
                         net (fo=2, routed)           0.484    11.095    top_i/StreamingDataflowPartition_1/inst/StreamingDataflowPartition_1_LabelSelect_hls_0/inst/grp_LabelSelect_hls_0_Pipeline_VITIS_LOOP_199_3_fu_45/select_ln220_2_fu_219_p3__0[3]
    SLICE_X57Y131        LUT6 (Prop_lut6_I4_O)        0.124    11.219 r  top_i/StreamingDataflowPartition_1/inst/StreamingDataflowPartition_1_LabelSelect_hls_0/inst/grp_LabelSelect_hls_0_Pipeline_VITIS_LOOP_199_3_fu_45/cmp_3_fu_226_p2_carry_i_3/O
                         net (fo=1, routed)           0.332    11.550    top_i/StreamingDataflowPartition_1/inst/StreamingDataflowPartition_1_LabelSelect_hls_0/inst/grp_LabelSelect_hls_0_Pipeline_VITIS_LOOP_199_3_fu_45/cmp_3_fu_226_p2_carry_i_3_n_3
    SLICE_X56Y131        CARRY4 (Prop_carry4_DI[1]_CO[3])
                                                      0.507    12.057 r  top_i/StreamingDataflowPartition_1/inst/StreamingDataflowPartition_1_LabelSelect_hls_0/inst/grp_LabelSelect_hls_0_Pipeline_VITIS_LOOP_199_3_fu_45/cmp_3_fu_226_p2_carry/CO[3]
                         net (fo=10, routed)          0.715    12.772    top_i/StreamingDataflowPartition_1/inst/StreamingDataflowPartition_1_LabelSelect_hls_0/inst/grp_LabelSelect_hls_0_Pipeline_VITIS_LOOP_199_3_fu_45/cmp_3_fu_226_p2_carry_n_3
    SLICE_X54Y130        LUT5 (Prop_lut5_I4_O)        0.124    12.896 r  top_i/StreamingDataflowPartition_1/inst/StreamingDataflowPartition_1_LabelSelect_hls_0/inst/grp_LabelSelect_hls_0_Pipeline_VITIS_LOOP_199_3_fu_45/conv_i_i2_445_i_fu_86[1]_i_2/O
                         net (fo=3, routed)           0.586    13.482    top_i/StreamingDataflowPartition_1/inst/StreamingDataflowPartition_1_LabelSelect_hls_0/inst/grp_LabelSelect_hls_0_Pipeline_VITIS_LOOP_199_3_fu_45/select_ln220_3_fu_231_p3__0[1]
    SLICE_X55Y130        LUT4 (Prop_lut4_I3_O)        0.124    13.606 r  top_i/StreamingDataflowPartition_1/inst/StreamingDataflowPartition_1_LabelSelect_hls_0/inst/grp_LabelSelect_hls_0_Pipeline_VITIS_LOOP_199_3_fu_45/cmp_4_fu_238_p2_carry_i_8/O
                         net (fo=1, routed)           0.000    13.606    top_i/StreamingDataflowPartition_1/inst/StreamingDataflowPartition_1_LabelSelect_hls_0/inst/grp_LabelSelect_hls_0_Pipeline_VITIS_LOOP_199_3_fu_45/cmp_4_fu_238_p2_carry_i_8_n_3
    SLICE_X55Y130        CARRY4 (Prop_carry4_S[0]_CO[3])
                                                      0.532    14.138 r  top_i/StreamingDataflowPartition_1/inst/StreamingDataflowPartition_1_LabelSelect_hls_0/inst/grp_LabelSelect_hls_0_Pipeline_VITIS_LOOP_199_3_fu_45/cmp_4_fu_238_p2_carry/CO[3]
                         net (fo=8, routed)           0.754    14.892    top_i/StreamingDataflowPartition_1/inst/StreamingDataflowPartition_1_LabelSelect_hls_0/inst/grp_LabelSelect_hls_0_Pipeline_VITIS_LOOP_199_3_fu_45/cmp_4_fu_238_p2_carry_n_3
    SLICE_X54Y130        LUT3 (Prop_lut3_I2_O)        0.117    15.009 r  top_i/StreamingDataflowPartition_1/inst/StreamingDataflowPartition_1_LabelSelect_hls_0/inst/grp_LabelSelect_hls_0_Pipeline_VITIS_LOOP_199_3_fu_45/conv_i_i2_445_i_fu_86[5]_i_1/O
                         net (fo=1, routed)           0.000    15.009    top_i/StreamingDataflowPartition_1/inst/StreamingDataflowPartition_1_LabelSelect_hls_0/inst/grp_LabelSelect_hls_0_Pipeline_VITIS_LOOP_199_3_fu_45/select_ln220_4_fu_243_p3[5]
    SLICE_X54Y130        FDRE                                         r  top_i/StreamingDataflowPartition_1/inst/StreamingDataflowPartition_1_LabelSelect_hls_0/inst/grp_LabelSelect_hls_0_Pipeline_VITIS_LOOP_199_3_fu_45/conv_i_i2_445_i_fu_86_reg[5]/D
  -------------------------------------------------------------------    -------------------

                         (clock clk_fpga_0 rise edge)
                                                     10.000    10.000 r  
    PS7_X0Y0             PS7                          0.000    10.000 r  top_i/zynq_ps/inst/PS7_i/FCLKCLK[0]
                         net (fo=1, routed)           1.088    11.088    top_i/zynq_ps/inst/FCLK_CLK_unbuffered[0]
    BUFGCTRL_X0Y16       BUFG (Prop_bufg_I_O)         0.091    11.179 r  top_i/zynq_ps/inst/buffer_fclk_clk_0.FCLK_CLK_0_BUFG/O
                         net (fo=55826, routed)       1.699    12.878    top_i/StreamingDataflowPartition_1/inst/StreamingDataflowPartition_1_LabelSelect_hls_0/inst/grp_LabelSelect_hls_0_Pipeline_VITIS_LOOP_199_3_fu_45/ap_clk
    SLICE_X54Y130        FDRE                                         r  top_i/StreamingDataflowPartition_1/inst/StreamingDataflowPartition_1_LabelSelect_hls_0/inst/grp_LabelSelect_hls_0_Pipeline_VITIS_LOOP_199_3_fu_45/conv_i_i2_445_i_fu_86_reg[5]/C
                         clock pessimism              0.283    13.161    
                         clock uncertainty           -0.154    13.007    
    SLICE_X54Y130        FDRE (Setup_fdre_C_D)        0.118    13.125    top_i/StreamingDataflowPartition_1/inst/StreamingDataflowPartition_1_LabelSelect_hls_0/inst/grp_LabelSelect_hls_0_Pipeline_VITIS_LOOP_199_3_fu_45/conv_i_i2_445_i_fu_86_reg[5]
  -------------------------------------------------------------------
                         required time                         13.125    
                         arrival time                         -15.009    
  -------------------------------------------------------------------
                         slack                                 -1.884    

Slack (VIOLATED) :        -0.993ns  (required time - arrival time)
  Source:                 top_i/StreamingDataflowPartition_1/inst/StreamingDataflowPartition_1_LabelSelect_hls_0/inst/grp_LabelSelect_hls_0_Pipeline_VITIS_LOOP_199_3_fu_45/val_reg_391_reg[3]/C
                            (rising edge-triggered cell FDRE clocked by clk_fpga_0  {rise@0.000ns fall@5.000ns period=10.000ns})
  Destination:            top_i/StreamingDataflowPartition_1/inst/StreamingDataflowPartition_1_LabelSelect_hls_0/inst/grp_LabelSelect_hls_0_Pipeline_VITIS_LOOP_199_3_fu_45/cmp_4_reg_442_reg[0]/D
                            (rising edge-triggered cell FDRE clocked by clk_fpga_0  {rise@0.000ns fall@5.000ns period=10.000ns})
  Path Group:             clk_fpga_0
  Path Type:              Setup (Max at Slow Process Corner)
  Requirement:            10.000ns  (clk_fpga_0 rise@10.000ns - clk_fpga_0 rise@0.000ns)
  Data Path Delay:        10.954ns  (logic 4.060ns (37.064%)  route 6.894ns (62.936%))
  Logic Levels:           14  (CARRY4=5 LUT3=2 LUT4=3 LUT5=2 LUT6=2)
  Clock Path Skew:        -0.023ns (DCD - SCD + CPR)
    Destination Clock Delay (DCD):    2.878ns = ( 12.878 - 10.000 ) 
    Source Clock Delay      (SCD):    3.184ns
    Clock Pessimism Removal (CPR):    0.283ns
  Clock Uncertainty:      0.154ns  ((TSJ^2 + TIJ^2)^1/2 + DJ) / 2 + PE
    Total System Jitter     (TSJ):    0.071ns
    Total Input Jitter      (TIJ):    0.300ns
    Discrete Jitter          (DJ):    0.000ns
    Phase Error              (PE):    0.000ns

    Location             Delay type                Incr(ns)  Path(ns)    Netlist Resource(s)
  -------------------------------------------------------------------    -------------------
                         (clock clk_fpga_0 rise edge)
                                                      0.000     0.000 r  
    PS7_X0Y0             PS7                          0.000     0.000 r  top_i/zynq_ps/inst/PS7_i/FCLKCLK[0]
                         net (fo=1, routed)           1.193     1.193    top_i/zynq_ps/inst/FCLK_CLK_unbuffered[0]
    BUFGCTRL_X0Y16       BUFG (Prop_bufg_I_O)         0.101     1.294 r  top_i/zynq_ps/inst/buffer_fclk_clk_0.FCLK_CLK_0_BUFG/O
                         net (fo=55826, routed)       1.890     3.184    top_i/StreamingDataflowPartition_1/inst/StreamingDataflowPartition_1_LabelSelect_hls_0/inst/grp_LabelSelect_hls_0_Pipeline_VITIS_LOOP_199_3_fu_45/ap_clk
    SLICE_X55Y129        FDRE                                         r  top_i/StreamingDataflowPartition_1/inst/StreamingDataflowPartition_1_LabelSelect_hls_0/inst/grp_LabelSelect_hls_0_Pipeline_VITIS_LOOP_199_3_fu_45/val_reg_391_reg[3]/C
  -------------------------------------------------------------------    -------------------
    SLICE_X55Y129        FDRE (Prop_fdre_C_Q)         0.419     3.603 r  top_i/StreamingDataflowPartition_1/inst/StreamingDataflowPartition_1_LabelSelect_hls_0/inst/grp_LabelSelect_hls_0_Pipeline_VITIS_LOOP_199_3_fu_45/val_reg_391_reg[3]/Q
                         net (fo=4, routed)           0.743     4.346    top_i/StreamingDataflowPartition_1/inst/StreamingDataflowPartition_1_LabelSelect_hls_0/inst/grp_LabelSelect_hls_0_Pipeline_VITIS_LOOP_199_3_fu_45/val_reg_391[3]
    SLICE_X54Y129        LUT4 (Prop_lut4_I2_O)        0.299     4.645 r  top_i/StreamingDataflowPartition_1/inst/StreamingDataflowPartition_1_LabelSelect_hls_0/inst/grp_LabelSelect_hls_0_Pipeline_VITIS_LOOP_199_3_fu_45/cmp_fu_190_p2_carry_i_7/O
                         net (fo=1, routed)           0.000     4.645    top_i/StreamingDataflowPartition_1/inst/StreamingDataflowPartition_1_LabelSelect_hls_0/inst/grp_LabelSelect_hls_0_Pipeline_VITIS_LOOP_199_3_fu_45/cmp_fu_190_p2_carry_i_7_n_3
    SLICE_X54Y129        CARRY4 (Prop_carry4_S[1]_CO[3])
                                                      0.533     5.178 r  top_i/StreamingDataflowPartition_1/inst/StreamingDataflowPartition_1_LabelSelect_hls_0/inst/grp_LabelSelect_hls_0_Pipeline_VITIS_LOOP_199_3_fu_45/cmp_fu_190_p2_carry/CO[3]
                         net (fo=22, routed)          0.866     6.045    top_i/StreamingDataflowPartition_1/inst/StreamingDataflowPartition_1_LabelSelect_hls_0/inst/grp_LabelSelect_hls_0_Pipeline_VITIS_LOOP_199_3_fu_45/cmp_fu_190_p2_carry_n_3
    SLICE_X57Y129        LUT3 (Prop_lut3_I2_O)        0.124     6.169 f  top_i/StreamingDataflowPartition_1/inst/StreamingDataflowPartition_1_LabelSelect_hls_0/inst/grp_LabelSelect_hls_0_Pipeline_VITIS_LOOP_199_3_fu_45/cmp_1_fu_202_p2_carry_i_9/O
                         net (fo=2, routed)           0.415     6.584    top_i/StreamingDataflowPartition_1/inst/StreamingDataflowPartition_1_LabelSelect_hls_0/inst/grp_LabelSelect_hls_0_Pipeline_VITIS_LOOP_199_3_fu_45/select_ln220_fu_195_p3__0[5]
    SLICE_X57Y130        LUT6 (Prop_lut6_I4_O)        0.124     6.708 r  top_i/StreamingDataflowPartition_1/inst/StreamingDataflowPartition_1_LabelSelect_hls_0/inst/grp_LabelSelect_hls_0_Pipeline_VITIS_LOOP_199_3_fu_45/cmp_1_fu_202_p2_carry_i_2/O
                         net (fo=1, routed)           0.331     7.039    top_i/StreamingDataflowPartition_1/inst/StreamingDataflowPartition_1_LabelSelect_hls_0/inst/grp_LabelSelect_hls_0_Pipeline_VITIS_LOOP_199_3_fu_45/cmp_1_fu_202_p2_carry_i_2_n_3
    SLICE_X56Y129        CARRY4 (Prop_carry4_DI[2]_CO[3])
                                                      0.398     7.437 r  top_i/StreamingDataflowPartition_1/inst/StreamingDataflowPartition_1_LabelSelect_hls_0/inst/grp_LabelSelect_hls_0_Pipeline_VITIS_LOOP_199_3_fu_45/cmp_1_fu_202_p2_carry/CO[3]
                         net (fo=11, routed)          0.947     8.384    top_i/StreamingDataflowPartition_1/inst/StreamingDataflowPartition_1_LabelSelect_hls_0/inst/grp_LabelSelect_hls_0_Pipeline_VITIS_LOOP_199_3_fu_45/cmp_1_fu_202_p2_carry_n_3
    SLICE_X58Y129        LUT5 (Prop_lut5_I4_O)        0.124     8.508 r  top_i/StreamingDataflowPartition_1/inst/StreamingDataflowPartition_1_LabelSelect_hls_0/inst/grp_LabelSelect_hls_0_Pipeline_VITIS_LOOP_199_3_fu_45/cmp_2_fu_214_p2_carry_i_9/O
                         net (fo=5, routed)           0.622     9.129    top_i/StreamingDataflowPartition_1/inst/StreamingDataflowPartition_1_LabelSelect_hls_0/inst/grp_LabelSelect_hls_0_Pipeline_VITIS_LOOP_199_3_fu_45/select_ln220_1_fu_207_p3__0[4]
    SLICE_X58Y130        LUT4 (Prop_lut4_I1_O)        0.124     9.253 r  top_i/StreamingDataflowPartition_1/inst/StreamingDataflowPartition_1_LabelSelect_hls_0/inst/grp_LabelSelect_hls_0_Pipeline_VITIS_LOOP_199_3_fu_45/cmp_2_fu_214_p2_carry_i_6/O
                         net (fo=1, routed)           0.000     9.253    top_i/StreamingDataflowPartition_1/inst/StreamingDataflowPartition_1_LabelSelect_hls_0/inst/grp_LabelSelect_hls_0_Pipeline_VITIS_LOOP_199_3_fu_45/cmp_2_fu_214_p2_carry_i_6_n_3
    SLICE_X58Y130        CARRY4 (Prop_carry4_S[2]_CO[3])
                                                      0.380     9.633 r  top_i/StreamingDataflowPartition_1/inst/StreamingDataflowPartition_1_LabelSelect_hls_0/inst/grp_LabelSelect_hls_0_Pipeline_VITIS_LOOP_199_3_fu_45/cmp_2_fu_214_p2_carry/CO[3]
                         net (fo=21, routed)          0.853    10.486    top_i/StreamingDataflowPartition_1/inst/StreamingDataflowPartition_1_LabelSelect_hls_0/inst/grp_LabelSelect_hls_0_Pipeline_VITIS_LOOP_199_3_fu_45/cmp_2_fu_214_p2_carry_n_3
    SLICE_X57Y131        LUT3 (Prop_lut3_I2_O)        0.124    10.610 f  top_i/StreamingDataflowPartition_1/inst/StreamingDataflowPartition_1_LabelSelect_hls_0/inst/grp_LabelSelect_hls_0_Pipeline_VITIS_LOOP_199_3_fu_45/cmp_3_fu_226_p2_carry_i_11/O
                         net (fo=2, routed)           0.484    11.095    top_i/StreamingDataflowPartition_1/inst/StreamingDataflowPartition_1_LabelSelect_hls_0/inst/grp_LabelSelect_hls_0_Pipeline_VITIS_LOOP_199_3_fu_45/select_ln220_2_fu_219_p3__0[3]
    SLICE_X57Y131        LUT6 (Prop_lut6_I4_O)        0.124    11.219 r  top_i/StreamingDataflowPartition_1/inst/StreamingDataflowPartition_1_LabelSelect_hls_0/inst/grp_LabelSelect_hls_0_Pipeline_VITIS_LOOP_199_3_fu_45/cmp_3_fu_226_p2_carry_i_3/O
                         net (fo=1, routed)           0.332    11.550    top_i/StreamingDataflowPartition_1/inst/StreamingDataflowPartition_1_LabelSelect_hls_0/inst/grp_LabelSelect_hls_0_Pipeline_VITIS_LOOP_199_3_fu_45/cmp_3_fu_226_p2_carry_i_3_n_3
    SLICE_X56Y131        CARRY4 (Prop_carry4_DI[1]_CO[3])
                                                      0.507    12.057 r  top_i/StreamingDataflowPartition_1/inst/StreamingDataflowPartition_1_LabelSelect_hls_0/inst/grp_LabelSelect_hls_0_Pipeline_VITIS_LOOP_199_3_fu_45/cmp_3_fu_226_p2_carry/CO[3]
                         net (fo=10, routed)          0.715    12.772    top_i/StreamingDataflowPartition_1/inst/StreamingDataflowPartition_1_LabelSelect_hls_0/inst/grp_LabelSelect_hls_0_Pipeline_VITIS_LOOP_199_3_fu_45/cmp_3_fu_226_p2_carry_n_3
    SLICE_X54Y130        LUT5 (Prop_lut5_I4_O)        0.124    12.896 r  top_i/StreamingDataflowPartition_1/inst/StreamingDataflowPartition_1_LabelSelect_hls_0/inst/grp_LabelSelect_hls_0_Pipeline_VITIS_LOOP_199_3_fu_45/conv_i_i2_445_i_fu_86[1]_i_2/O
                         net (fo=3, routed)           0.586    13.482    top_i/StreamingDataflowPartition_1/inst/StreamingDataflowPartition_1_LabelSelect_hls_0/inst/grp_LabelSelect_hls_0_Pipeline_VITIS_LOOP_199_3_fu_45/select_ln220_3_fu_231_p3__0[1]
    SLICE_X55Y130        LUT4 (Prop_lut4_I3_O)        0.124    13.606 r  top_i/StreamingDataflowPartition_1/inst/StreamingDataflowPartition_1_LabelSelect_hls_0/inst/grp_LabelSelect_hls_0_Pipeline_VITIS_LOOP_199_3_fu_45/cmp_4_fu_238_p2_carry_i_8/O
                         net (fo=1, routed)           0.000    13.606    top_i/StreamingDataflowPartition_1/inst/StreamingDataflowPartition_1_LabelSelect_hls_0/inst/grp_LabelSelect_hls_0_Pipeline_VITIS_LOOP_199_3_fu_45/cmp_4_fu_238_p2_carry_i_8_n_3
    SLICE_X55Y130        CARRY4 (Prop_carry4_S[0]_CO[3])
                                                      0.532    14.138 r  top_i/StreamingDataflowPartition_1/inst/StreamingDataflowPartition_1_LabelSelect_hls_0/inst/grp_LabelSelect_hls_0_Pipeline_VITIS_LOOP_199_3_fu_45/cmp_4_fu_238_p2_carry/CO[3]
                         net (fo=8, routed)           0.000    14.138    top_i/StreamingDataflowPartition_1/inst/StreamingDataflowPartition_1_LabelSelect_hls_0/inst/grp_LabelSelect_hls_0_Pipeline_VITIS_LOOP_199_3_fu_45/cmp_4_fu_238_p2_carry_n_3
    SLICE_X55Y130        FDRE                                         r  top_i/StreamingDataflowPartition_1/inst/StreamingDataflowPartition_1_LabelSelect_hls_0/inst/grp_LabelSelect_hls_0_Pipeline_VITIS_LOOP_199_3_fu_45/cmp_4_reg_442_reg[0]/D
  -------------------------------------------------------------------    -------------------

                         (clock clk_fpga_0 rise edge)
                                                     10.000    10.000 r  
    PS7_X0Y0             PS7                          0.000    10.000 r  top_i/zynq_ps/inst/PS7_i/FCLKCLK[0]
                         net (fo=1, routed)           1.088    11.088    top_i/zynq_ps/inst/FCLK_CLK_unbuffered[0]
    BUFGCTRL_X0Y16       BUFG (Prop_bufg_I_O)         0.091    11.179 r  top_i/zynq_ps/inst/buffer_fclk_clk_0.FCLK_CLK_0_BUFG/O
                         net (fo=55826, routed)       1.699    12.878    top_i/StreamingDataflowPartition_1/inst/StreamingDataflowPartition_1_LabelSelect_hls_0/inst/grp_LabelSelect_hls_0_Pipeline_VITIS_LOOP_199_3_fu_45/ap_clk
    SLICE_X55Y130        FDRE                                         r  top_i/StreamingDataflowPartition_1/inst/StreamingDataflowPartition_1_LabelSelect_hls_0/inst/grp_LabelSelect_hls_0_Pipeline_VITIS_LOOP_199_3_fu_45/cmp_4_reg_442_reg[0]/C
                         clock pessimism              0.283    13.161    
                         clock uncertainty           -0.154    13.007    
    SLICE_X55Y130        FDRE (Setup_fdre_C_D)        0.138    13.145    top_i/StreamingDataflowPartition_1/inst/StreamingDataflowPartition_1_LabelSelect_hls_0/inst/grp_LabelSelect_hls_0_Pipeline_VITIS_LOOP_199_3_fu_45/cmp_4_reg_442_reg[0]
  -------------------------------------------------------------------
                         required time                         13.145    
                         arrival time                         -14.138    
  -------------------------------------------------------------------
                         slack                                 -0.993    

Slack (VIOLATED) :        -0.044ns  (required time - arrival time)
  Source:                 top_i/StreamingDataflowPartition_1/inst/StreamingDataflowPartition_1_MVAU_hls_0/StreamingDataflowPartition_1_MVAU_hls_0/inst/grp_Matrix_Vector_Activate_Stream_Batch_fu_30_ap_start_reg_reg/C
                            (rising edge-triggered cell FDRE clocked by clk_fpga_0  {rise@0.000ns fall@5.000ns period=10.000ns})
  Destination:            top_i/StreamingDataflowPartition_1/inst/StreamingDataflowPartition_1_MVAU_hls_0/StreamingDataflowPartition_1_MVAU_hls_0/inst/grp_Matrix_Vector_Activate_Stream_Batch_fu_30/add_ln169_3113_reg_132163_reg[0]/D
                            (rising edge-triggered cell FDRE clocked by clk_fpga_0  {rise@0.000ns fall@5.000ns period=10.000ns})
  Path Group:             clk_fpga_0
  Path Type:              Setup (Max at Slow Process Corner)
  Requirement:            10.000ns  (clk_fpga_0 rise@10.000ns - clk_fpga_0 rise@0.000ns)
  Data Path Delay:        10.016ns  (logic 1.306ns (13.038%)  route 8.710ns (86.961%))
  Logic Levels:           5  (LUT2=1 LUT5=1 LUT6=3)
  Clock Path Skew:        0.098ns (DCD - SCD + CPR)
    Destination Clock Delay (DCD):    2.881ns = ( 12.882 - 10.000 ) 
    Source Clock Delay      (SCD):    3.013ns
    Clock Pessimism Removal (CPR):    0.230ns
  Clock Uncertainty:      0.154ns  ((TSJ^2 + TIJ^2)^1/2 + DJ) / 2 + PE
    Total System Jitter     (TSJ):    0.071ns
    Total Input Jitter      (TIJ):    0.300ns
    Discrete Jitter          (DJ):    0.000ns
    Phase Error              (PE):    0.000ns

    Location             Delay type                Incr(ns)  Path(ns)    Netlist Resource(s)
  -------------------------------------------------------------------    -------------------
                         (clock clk_fpga_0 rise edge)
                                                      0.000     0.000 r  
    PS7_X0Y0             PS7                          0.000     0.000 r  top_i/zynq_ps/inst/PS7_i/FCLKCLK[0]
                         net (fo=1, routed)           1.193     1.193    top_i/zynq_ps/inst/FCLK_CLK_unbuffered[0]
    BUFGCTRL_X0Y16       BUFG (Prop_bufg_I_O)         0.101     1.294 r  top_i/zynq_ps/inst/buffer_fclk_clk_0.FCLK_CLK_0_BUFG/O
                         net (fo=55826, routed)       1.719     3.013    top_i/StreamingDataflowPartition_1/inst/StreamingDataflowPartition_1_MVAU_hls_0/StreamingDataflowPartition_1_MVAU_hls_0/inst/ap_clk
    SLICE_X60Y30         FDRE                                         r  top_i/StreamingDataflowPartition_1/inst/StreamingDataflowPartition_1_MVAU_hls_0/StreamingDataflowPartition_1_MVAU_hls_0/inst/grp_Matrix_Vector_Activate_Stream_Batch_fu_30_ap_start_reg_reg/C
  -------------------------------------------------------------------    -------------------
    SLICE_X60Y30         FDRE (Prop_fdre_C_Q)         0.456     3.469 r  top_i/StreamingDataflowPartition_1/inst/StreamingDataflowPartition_1_MVAU_hls_0/StreamingDataflowPartition_1_MVAU_hls_0/inst/grp_Matrix_Vector_Activate_Stream_Batch_fu_30_ap_start_reg_reg/Q
                         net (fo=98, routed)          1.124     4.593    top_i/StreamingDataflowPartition_1/inst/StreamingDataflowPartition_1_MVAU_hls_0/StreamingDataflowPartition_1_MVAU_hls_0/inst/grp_Matrix_Vector_Activate_Stream_Batch_fu_30/flow_control_loop_pipe_sequential_init_U/grp_Matrix_Vector_Activate_Stream_Batch_fu_30_ap_start_reg
    SLICE_X54Y27         LUT2 (Prop_lut2_I0_O)        0.150     4.743 r  top_i/StreamingDataflowPartition_1/inst/StreamingDataflowPartition_1_MVAU_hls_0/StreamingDataflowPartition_1_MVAU_hls_0/inst/grp_Matrix_Vector_Activate_Stream_Batch_fu_30/flow_control_loop_pipe_sequential_init_U/i_fu_7336[3]_i_3/O
                         net (fo=8, routed)           1.042     5.784    top_i/StreamingDataflowPartition_1/inst/StreamingDataflowPartition_1_MVAU_hls_0/StreamingDataflowPartition_1_MVAU_hls_0/inst/grp_Matrix_Vector_Activate_Stream_Batch_fu_30/flow_control_loop_pipe_sequential_init_U/i_fu_7336[3]_i_3_n_3
    SLICE_X60Y28         LUT6 (Prop_lut6_I1_O)        0.328     6.112 f  top_i/StreamingDataflowPartition_1/inst/StreamingDataflowPartition_1_MVAU_hls_0/StreamingDataflowPartition_1_MVAU_hls_0/inst/grp_Matrix_Vector_Activate_Stream_Batch_fu_30/flow_control_loop_pipe_sequential_init_U/icmp_ln249_reg_125985[0]_i_9/O
                         net (fo=2, routed)           0.843     6.955    top_i/StreamingDataflowPartition_1/inst/StreamingDataflowPartition_1_MVAU_hls_0/StreamingDataflowPartition_1_MVAU_hls_0/inst/grp_Matrix_Vector_Activate_Stream_Batch_fu_30/flow_control_loop_pipe_sequential_init_U/icmp_ln249_reg_125985[0]_i_9_n_3
    SLICE_X58Y27         LUT6 (Prop_lut6_I1_O)        0.124     7.079 r  top_i/StreamingDataflowPartition_1/inst/StreamingDataflowPartition_1_MVAU_hls_0/StreamingDataflowPartition_1_MVAU_hls_0/inst/grp_Matrix_Vector_Activate_Stream_Batch_fu_30/flow_control_loop_pipe_sequential_init_U/add_ln169_84_reg_126213[1]_i_5/O
                         net (fo=112, routed)         2.035     9.114    top_i/StreamingDataflowPartition_1/inst/StreamingDataflowPartition_1_MVAU_hls_0/StreamingDataflowPartition_1_MVAU_hls_0/inst/grp_Matrix_Vector_Activate_Stream_Batch_fu_30/flow_control_loop_pipe_sequential_init_U/add_ln169_84_reg_126213[1]_i_5_n_3
    SLICE_X21Y36         LUT5 (Prop_lut5_I1_O)        0.124     9.238 r  top_i/StreamingDataflowPartition_1/inst/StreamingDataflowPartition_1_MVAU_hls_0/StreamingDataflowPartition_1_MVAU_hls_0/inst/grp_Matrix_Vector_Activate_Stream_Batch_fu_30/flow_control_loop_pipe_sequential_init_U/add_ln169_89_reg_126223[1]_i_7/O
                         net (fo=64, routed)          3.667    12.905    top_i/StreamingDataflowPartition_1/inst/StreamingDataflowPartition_1_MVAU_hls_0/StreamingDataflowPartition_1_MVAU_hls_0/inst/grp_Matrix_Vector_Activate_Stream_Batch_fu_30/flow_control_loop_pipe_sequential_init_U/add_ln169_89_reg_126223[1]_i_7_n_3
    SLICE_X111Y3         LUT6 (Prop_lut6_I0_O)        0.124    13.029 r  top_i/StreamingDataflowPartition_1/inst/StreamingDataflowPartition_1_MVAU_hls_0/StreamingDataflowPartition_1_MVAU_hls_0/inst/grp_Matrix_Vector_Activate_Stream_Batch_fu_30/flow_control_loop_pipe_sequential_init_U/add_ln169_3113_reg_132163[0]_i_1/O
                         net (fo=1, routed)           0.000    13.029    top_i/StreamingDataflowPartition_1/inst/StreamingDataflowPartition_1_MVAU_hls_0/StreamingDataflowPartition_1_MVAU_hls_0/inst/grp_Matrix_Vector_Activate_Stream_Batch_fu_30/add_ln169_3113_fu_96158_p2[0]
    SLICE_X111Y3         FDRE                                         r  top_i/StreamingDataflowPartition_1/inst/StreamingDataflowPartition_1_MVAU_hls_0/StreamingDataflowPartition_1_MVAU_hls_0/inst/grp_Matrix_Vector_Activate_Stream_Batch_fu_30/add_ln169_3113_reg_132163_reg[0]/D
  -------------------------------------------------------------------    -------------------

                         (clock clk_fpga_0 rise edge)
                                                     10.000    10.000 r  
    PS7_X0Y0             PS7                          0.000    10.000 r  top_i/zynq_ps/inst/PS7_i/FCLKCLK[0]
                         net (fo=1, routed)           1.088    11.088    top_i/zynq_ps/inst/FCLK_CLK_unbuffered[0]
    BUFGCTRL_X0Y16       BUFG (Prop_bufg_I_O)         0.091    11.179 r  top_i/zynq_ps/inst/buffer_fclk_clk_0.FCLK_CLK_0_BUFG/O
                         net (fo=55826, routed)       1.702    12.882    top_i/StreamingDataflowPartition_1/inst/StreamingDataflowPartition_1_MVAU_hls_0/StreamingDataflowPartition_1_MVAU_hls_0/inst/grp_Matrix_Vector_Activate_Stream_Batch_fu_30/ap_clk
    SLICE_X111Y3         FDRE                                         r  top_i/StreamingDataflowPartition_1/inst/StreamingDataflowPartition_1_MVAU_hls_0/StreamingDataflowPartition_1_MVAU_hls_0/inst/grp_Matrix_Vector_Activate_Stream_Batch_fu_30/add_ln169_3113_reg_132163_reg[0]/C
                         clock pessimism              0.230    13.111    
                         clock uncertainty           -0.154    12.957    
    SLICE_X111Y3         FDRE (Setup_fdre_C_D)        0.029    12.986    top_i/StreamingDataflowPartition_1/inst/StreamingDataflowPartition_1_MVAU_hls_0/StreamingDataflowPartition_1_MVAU_hls_0/inst/grp_Matrix_Vector_Activate_Stream_Batch_fu_30/add_ln169_3113_reg_132163_reg[0]
  -------------------------------------------------------------------
                         required time                         12.986    
                         arrival time                         -13.029    
  -------------------------------------------------------------------
                         slack                                 -0.044    

Slack (VIOLATED) :        -0.016ns  (required time - arrival time)
  Source:                 top_i/StreamingDataflowPartition_1/inst/StreamingDataflowPartition_1_MVAU_hls_0/StreamingDataflowPartition_1_MVAU_hls_0_wstrm/inst/core/genUnpumped.mem/blkStreamOut.OPtr_reg[2]/C
                            (rising edge-triggered cell FDSE clocked by clk_fpga_0  {rise@0.000ns fall@5.000ns period=10.000ns})
  Destination:            top_i/StreamingDataflowPartition_1/inst/StreamingDataflowPartition_1_MVAU_hls_0/StreamingDataflowPartition_1_MVAU_hls_0_wstrm/inst/core/genUnpumped.mem/blkStreamOut.ODat_reg[600]/D
                            (rising edge-triggered cell FDRE clocked by clk_fpga_0  {rise@0.000ns fall@5.000ns period=10.000ns})
  Path Group:             clk_fpga_0
  Path Type:              Setup (Max at Slow Process Corner)
  Requirement:            10.000ns  (clk_fpga_0 rise@10.000ns - clk_fpga_0 rise@0.000ns)
  Data Path Delay:        9.796ns  (logic 0.580ns (5.921%)  route 9.216ns (94.079%))
  Logic Levels:           1  (SRL16E=1)
  Clock Path Skew:        -0.143ns (DCD - SCD + CPR)
    Destination Clock Delay (DCD):    2.753ns = ( 12.753 - 10.000 ) 
    Source Clock Delay      (SCD):    3.025ns
    Clock Pessimism Removal (CPR):    0.129ns
  Clock Uncertainty:      0.154ns  ((TSJ^2 + TIJ^2)^1/2 + DJ) / 2 + PE
    Total System Jitter     (TSJ):    0.071ns
    Total Input Jitter      (TIJ):    0.300ns
    Discrete Jitter          (DJ):    0.000ns
    Phase Error              (PE):    0.000ns

    Location             Delay type                Incr(ns)  Path(ns)    Netlist Resource(s)
  -------------------------------------------------------------------    -------------------
                         (clock clk_fpga_0 rise edge)
                                                      0.000     0.000 r  
    PS7_X0Y0             PS7                          0.000     0.000 r  top_i/zynq_ps/inst/PS7_i/FCLKCLK[0]
                         net (fo=1, routed)           1.193     1.193    top_i/zynq_ps/inst/FCLK_CLK_unbuffered[0]
    BUFGCTRL_X0Y16       BUFG (Prop_bufg_I_O)         0.101     1.294 r  top_i/zynq_ps/inst/buffer_fclk_clk_0.FCLK_CLK_0_BUFG/O
                         net (fo=55826, routed)       1.731     3.025    top_i/StreamingDataflowPartition_1/inst/StreamingDataflowPartition_1_MVAU_hls_0/StreamingDataflowPartition_1_MVAU_hls_0_wstrm/inst/core/genUnpumped.mem/ap_clk
    SLICE_X88Y33         FDSE                                         r  top_i/StreamingDataflowPartition_1/inst/StreamingDataflowPartition_1_MVAU_hls_0/StreamingDataflowPartition_1_MVAU_hls_0_wstrm/inst/core/genUnpumped.mem/blkStreamOut.OPtr_reg[2]/C
  -------------------------------------------------------------------    -------------------
    SLICE_X88Y33         FDSE (Prop_fdse_C_Q)         0.456     3.481 r  top_i/StreamingDataflowPartition_1/inst/StreamingDataflowPartition_1_MVAU_hls_0/StreamingDataflowPartition_1_MVAU_hls_0_wstrm/inst/core/genUnpumped.mem/blkStreamOut.OPtr_reg[2]/Q
                         net (fo=3586, routed)        9.216    12.697    top_i/StreamingDataflowPartition_1/inst/StreamingDataflowPartition_1_MVAU_hls_0/StreamingDataflowPartition_1_MVAU_hls_0_wstrm/inst/core/genUnpumped.mem/blkStreamOut.OPtr_reg[2]
    SLICE_X22Y12         SRL16E (Prop_srl16e_A2_Q)    0.124    12.821 r  top_i/StreamingDataflowPartition_1/inst/StreamingDataflowPartition_1_MVAU_hls_0/StreamingDataflowPartition_1_MVAU_hls_0_wstrm/inst/core/genUnpumped.mem/blkStreamOut.OSrl_reg[6][600]_srl7/Q
                         net (fo=1, routed)           0.000    12.821    top_i/StreamingDataflowPartition_1/inst/StreamingDataflowPartition_1_MVAU_hls_0/StreamingDataflowPartition_1_MVAU_hls_0_wstrm/inst/core/genUnpumped.mem/blkStreamOut.OSrl_reg[6][600]_srl7_n_3
    SLICE_X22Y12         FDRE                                         r  top_i/StreamingDataflowPartition_1/inst/StreamingDataflowPartition_1_MVAU_hls_0/StreamingDataflowPartition_1_MVAU_hls_0_wstrm/inst/core/genUnpumped.mem/blkStreamOut.ODat_reg[600]/D
  -------------------------------------------------------------------    -------------------

                         (clock clk_fpga_0 rise edge)
                                                     10.000    10.000 r  
    PS7_X0Y0             PS7                          0.000    10.000 r  top_i/zynq_ps/inst/PS7_i/FCLKCLK[0]
                         net (fo=1, routed)           1.088    11.088    top_i/zynq_ps/inst/FCLK_CLK_unbuffered[0]
    BUFGCTRL_X0Y16       BUFG (Prop_bufg_I_O)         0.091    11.179 r  top_i/zynq_ps/inst/buffer_fclk_clk_0.FCLK_CLK_0_BUFG/O
                         net (fo=55826, routed)       1.574    12.753    top_i/StreamingDataflowPartition_1/inst/StreamingDataflowPartition_1_MVAU_hls_0/StreamingDataflowPartition_1_MVAU_hls_0_wstrm/inst/core/genUnpumped.mem/ap_clk
    SLICE_X22Y12         FDRE                                         r  top_i/StreamingDataflowPartition_1/inst/StreamingDataflowPartition_1_MVAU_hls_0/StreamingDataflowPartition_1_MVAU_hls_0_wstrm/inst/core/genUnpumped.mem/blkStreamOut.ODat_reg[600]/C
                         clock pessimism              0.129    12.882    
                         clock uncertainty           -0.154    12.728    
    SLICE_X22Y12         FDRE (Setup_fdre_C_D)        0.077    12.805    top_i/StreamingDataflowPartition_1/inst/StreamingDataflowPartition_1_MVAU_hls_0/StreamingDataflowPartition_1_MVAU_hls_0_wstrm/inst/core/genUnpumped.mem/blkStreamOut.ODat_reg[600]
  -------------------------------------------------------------------
                         required time                         12.805    
                         arrival time                         -12.821    
  -------------------------------------------------------------------
                         slack                                 -0.016    





Min Delay Paths
--------------------------------------------------------------------------------------
Slack (MET) :             0.050ns  (arrival time - required time)
  Source:                 top_i/StreamingDataflowPartition_1/inst/StreamingDataflowPartition_1_Thresholding_rtl_0/inst/core/impl/blkStreamOutput.BDat_reg[70][0]/C
                            (rising edge-triggered cell FDRE clocked by clk_fpga_0  {rise@0.000ns fall@5.000ns period=10.000ns})
  Destination:            top_i/StreamingDataflowPartition_1/inst/StreamingDataflowPartition_1_StreamingFIFO_rtl_1/inst/fifo/srl_reg[30][70]_srl31/D
                            (rising edge-triggered cell SRLC32E clocked by clk_fpga_0  {rise@0.000ns fall@5.000ns period=10.000ns})
  Path Group:             clk_fpga_0
  Path Type:              Hold (Min at Fast Process Corner)
  Requirement:            0.000ns  (clk_fpga_0 rise@0.000ns - clk_fpga_0 rise@0.000ns)
  Data Path Delay:        0.377ns  (logic 0.148ns (39.222%)  route 0.229ns (60.778%))
  Logic Levels:           0  
  Clock Path Skew:        0.266ns (DCD - SCD - CPR)
    Destination Clock Delay (DCD):    1.193ns
    Source Clock Delay      (SCD):    0.892ns
    Clock Pessimism Removal (CPR):    0.035ns

    Location             Delay type                Incr(ns)  Path(ns)    Netlist Resource(s)
  -------------------------------------------------------------------    -------------------
                         (clock clk_fpga_0 rise edge)
                                                      0.000     0.000 r  
    PS7_X0Y0             PS7                          0.000     0.000 r  top_i/zynq_ps/inst/PS7_i/FCLKCLK[0]
                         net (fo=1, routed)           0.310     0.310    top_i/zynq_ps/inst/FCLK_CLK_unbuffered[0]
    BUFGCTRL_X0Y16       BUFG (Prop_bufg_I_O)         0.026     0.336 r  top_i/zynq_ps/inst/buffer_fclk_clk_0.FCLK_CLK_0_BUFG/O
                         net (fo=55826, routed)       0.556     0.891    top_i/StreamingDataflowPartition_1/inst/StreamingDataflowPartition_1_Thresholding_rtl_0/inst/core/impl/ap_clk
    SLICE_X50Y38         FDRE                                         r  top_i/StreamingDataflowPartition_1/inst/StreamingDataflowPartition_1_Thresholding_rtl_0/inst/core/impl/blkStreamOutput.BDat_reg[70][0]/C
  -------------------------------------------------------------------    -------------------
    SLICE_X50Y38         FDRE (Prop_fdre_C_Q)         0.148     1.039 r  top_i/StreamingDataflowPartition_1/inst/StreamingDataflowPartition_1_Thresholding_rtl_0/inst/core/impl/blkStreamOutput.BDat_reg[70][0]/Q
                         net (fo=2, routed)           0.229     1.269    top_i/StreamingDataflowPartition_1/inst/StreamingDataflowPartition_1_StreamingFIFO_rtl_1/inst/fifo/in[70]
    SLICE_X46Y38         SRLC32E                                      r  top_i/StreamingDataflowPartition_1/inst/StreamingDataflowPartition_1_StreamingFIFO_rtl_1/inst/fifo/srl_reg[30][70]_srl31/D
  -------------------------------------------------------------------    -------------------

                         (clock clk_fpga_0 rise edge)
                                                      0.000     0.000 r  
    PS7_X0Y0             PS7                          0.000     0.000 r  top_i/zynq_ps/inst/PS7_i/FCLKCLK[0]
                         net (fo=1, routed)           0.337     0.337    top_i/zynq_ps/inst/FCLK_CLK_unbuffered[0]
    BUFGCTRL_X0Y16       BUFG (Prop_bufg_I_O)         0.029     0.366 r  top_i/zynq_ps/inst/buffer_fclk_clk_0.FCLK_CLK_0_BUFG/O
                         net (fo=55826, routed)       0.827     1.193    top_i/StreamingDataflowPartition_1/inst/StreamingDataflowPartition_1_StreamingFIFO_rtl_1/inst/fifo/ap_clk
    SLICE_X46Y38         SRLC32E                                      r  top_i/StreamingDataflowPartition_1/inst/StreamingDataflowPartition_1_StreamingFIFO_rtl_1/inst/fifo/srl_reg[30][70]_srl31/CLK
                         clock pessimism             -0.035     1.158    
    SLICE_X46Y38         SRLC32E (Hold_srlc32e_CLK_D)
                                                      0.061     1.219    top_i/StreamingDataflowPartition_1/inst/StreamingDataflowPartition_1_StreamingFIFO_rtl_1/inst/fifo/srl_reg[30][70]_srl31
  -------------------------------------------------------------------
                         required time                         -1.219    
                         arrival time                           1.269    
  -------------------------------------------------------------------
                         slack                                  0.050    

Slack (MET) :             0.050ns  (arrival time - required time)
  Source:                 top_i/smartconnect_0/inst/s01_entry_pipeline/s01_si_converter/inst/converter.wrap_narrow_inst/w_payld_fifo/mesg_reg_reg[70]/C
                            (rising edge-triggered cell FDRE clocked by clk_fpga_0  {rise@0.000ns fall@5.000ns period=10.000ns})
  Destination:            top_i/smartconnect_0/inst/s01_nodes/s01_w_node/inst/inst_mi_handler/gen_normal_area.gen_upsizer.inst_upsizer/gen_w_ch.accum_reg[bytes][6][strb]/D
                            (rising edge-triggered cell FDRE clocked by clk_fpga_0  {rise@0.000ns fall@5.000ns period=10.000ns})
  Path Group:             clk_fpga_0
  Path Type:              Hold (Min at Fast Process Corner)
  Requirement:            0.000ns  (clk_fpga_0 rise@0.000ns - clk_fpga_0 rise@0.000ns)
  Data Path Delay:        0.394ns  (logic 0.164ns (41.649%)  route 0.230ns (58.351%))
  Logic Levels:           0  
  Clock Path Skew:        0.267ns (DCD - SCD - CPR)
    Destination Clock Delay (DCD):    1.188ns
    Source Clock Delay      (SCD):    0.886ns
    Clock Pessimism Removal (CPR):    0.035ns

    Location             Delay type                Incr(ns)  Path(ns)    Netlist Resource(s)
  -------------------------------------------------------------------    -------------------
                         (clock clk_fpga_0 rise edge)
                                                      0.000     0.000 r  
    PS7_X0Y0             PS7                          0.000     0.000 r  top_i/zynq_ps/inst/PS7_i/FCLKCLK[0]
                         net (fo=1, routed)           0.310     0.310    top_i/zynq_ps/inst/FCLK_CLK_unbuffered[0]
    BUFGCTRL_X0Y16       BUFG (Prop_bufg_I_O)         0.026     0.336 r  top_i/zynq_ps/inst/buffer_fclk_clk_0.FCLK_CLK_0_BUFG/O
                         net (fo=55826, routed)       0.550     0.886    top_i/smartconnect_0/inst/s01_entry_pipeline/s01_si_converter/inst/converter.wrap_narrow_inst/w_payld_fifo/aclk
    SLICE_X50Y60         FDRE                                         r  top_i/smartconnect_0/inst/s01_entry_pipeline/s01_si_converter/inst/converter.wrap_narrow_inst/w_payld_fifo/mesg_reg_reg[70]/C
  -------------------------------------------------------------------    -------------------
    SLICE_X50Y60         FDRE (Prop_fdre_C_Q)         0.164     1.050 r  top_i/smartconnect_0/inst/s01_entry_pipeline/s01_si_converter/inst/converter.wrap_narrow_inst/w_payld_fifo/mesg_reg_reg[70]/Q
                         net (fo=2, routed)           0.230     1.279    top_i/smartconnect_0/inst/s01_nodes/s01_w_node/inst/inst_mi_handler/gen_normal_area.gen_upsizer.inst_upsizer/s_sc_payld[26]
    SLICE_X47Y61         FDRE                                         r  top_i/smartconnect_0/inst/s01_nodes/s01_w_node/inst/inst_mi_handler/gen_normal_area.gen_upsizer.inst_upsizer/gen_w_ch.accum_reg[bytes][6][strb]/D
  -------------------------------------------------------------------    -------------------

                         (clock clk_fpga_0 rise edge)
                                                      0.000     0.000 r  
    PS7_X0Y0             PS7                          0.000     0.000 r  top_i/zynq_ps/inst/PS7_i/FCLKCLK[0]
                         net (fo=1, routed)           0.337     0.337    top_i/zynq_ps/inst/FCLK_CLK_unbuffered[0]
    BUFGCTRL_X0Y16       BUFG (Prop_bufg_I_O)         0.029     0.366 r  top_i/zynq_ps/inst/buffer_fclk_clk_0.FCLK_CLK_0_BUFG/O
                         net (fo=55826, routed)       0.822     1.188    top_i/smartconnect_0/inst/s01_nodes/s01_w_node/inst/inst_mi_handler/gen_normal_area.gen_upsizer.inst_upsizer/s_sc_aclk
    SLICE_X47Y61         FDRE                                         r  top_i/smartconnect_0/inst/s01_nodes/s01_w_node/inst/inst_mi_handler/gen_normal_area.gen_upsizer.inst_upsizer/gen_w_ch.accum_reg[bytes][6][strb]/C
                         clock pessimism             -0.035     1.153    
    SLICE_X47Y61         FDRE (Hold_fdre_C_D)         0.076     1.229    top_i/smartconnect_0/inst/s01_nodes/s01_w_node/inst/inst_mi_handler/gen_normal_area.gen_upsizer.inst_upsizer/gen_w_ch.accum_reg[bytes][6][strb]
  -------------------------------------------------------------------
                         required time                         -1.229    
                         arrival time                           1.279    
  -------------------------------------------------------------------
                         slack                                  0.050    

Slack (MET) :             0.050ns  (arrival time - required time)
  Source:                 top_i/StreamingDataflowPartition_1/inst/StreamingDataflowPartition_1_MVAU_hls_2/StreamingDataflowPartition_1_MVAU_hls_2_wstrm/inst/core/genUnpumped.mem/blkStreamOut.ODat_reg[484]/C
                            (rising edge-triggered cell FDRE clocked by clk_fpga_0  {rise@0.000ns fall@5.000ns period=10.000ns})
  Destination:            top_i/StreamingDataflowPartition_1/inst/StreamingDataflowPartition_1_MVAU_hls_2/StreamingDataflowPartition_1_MVAU_hls_2/inst/regslice_both_in1_V_U/B_V_data_1_payload_A_reg[484]/D
                            (rising edge-triggered cell FDRE clocked by clk_fpga_0  {rise@0.000ns fall@5.000ns period=10.000ns})
  Path Group:             clk_fpga_0
  Path Type:              Hold (Min at Fast Process Corner)
  Requirement:            0.000ns  (clk_fpga_0 rise@0.000ns - clk_fpga_0 rise@0.000ns)
  Data Path Delay:        0.416ns  (logic 0.148ns (35.595%)  route 0.268ns (64.404%))
  Logic Levels:           0  
  Clock Path Skew:        0.348ns (DCD - SCD - CPR)
    Destination Clock Delay (DCD):    1.272ns
    Source Clock Delay      (SCD):    0.889ns
    Clock Pessimism Removal (CPR):    0.035ns

    Location             Delay type                Incr(ns)  Path(ns)    Netlist Resource(s)
  -------------------------------------------------------------------    -------------------
                         (clock clk_fpga_0 rise edge)
                                                      0.000     0.000 r  
    PS7_X0Y0             PS7                          0.000     0.000 r  top_i/zynq_ps/inst/PS7_i/FCLKCLK[0]
                         net (fo=1, routed)           0.310     0.310    top_i/zynq_ps/inst/FCLK_CLK_unbuffered[0]
    BUFGCTRL_X0Y16       BUFG (Prop_bufg_I_O)         0.026     0.336 r  top_i/zynq_ps/inst/buffer_fclk_clk_0.FCLK_CLK_0_BUFG/O
                         net (fo=55826, routed)       0.553     0.889    top_i/StreamingDataflowPartition_1/inst/StreamingDataflowPartition_1_MVAU_hls_2/StreamingDataflowPartition_1_MVAU_hls_2_wstrm/inst/core/genUnpumped.mem/ap_clk
    SLICE_X50Y97         FDRE                                         r  top_i/StreamingDataflowPartition_1/inst/StreamingDataflowPartition_1_MVAU_hls_2/StreamingDataflowPartition_1_MVAU_hls_2_wstrm/inst/core/genUnpumped.mem/blkStreamOut.ODat_reg[484]/C
  -------------------------------------------------------------------    -------------------
    SLICE_X50Y97         FDRE (Prop_fdre_C_Q)         0.148     1.037 r  top_i/StreamingDataflowPartition_1/inst/StreamingDataflowPartition_1_MVAU_hls_2/StreamingDataflowPartition_1_MVAU_hls_2_wstrm/inst/core/genUnpumped.mem/blkStreamOut.ODat_reg[484]/Q
                         net (fo=2, routed)           0.268     1.304    top_i/StreamingDataflowPartition_1/inst/StreamingDataflowPartition_1_MVAU_hls_2/StreamingDataflowPartition_1_MVAU_hls_2/inst/regslice_both_in1_V_U/in1_V_TDATA[484]
    SLICE_X51Y105        FDRE                                         r  top_i/StreamingDataflowPartition_1/inst/StreamingDataflowPartition_1_MVAU_hls_2/StreamingDataflowPartition_1_MVAU_hls_2/inst/regslice_both_in1_V_U/B_V_data_1_payload_A_reg[484]/D
  -------------------------------------------------------------------    -------------------

                         (clock clk_fpga_0 rise edge)
                                                      0.000     0.000 r  
    PS7_X0Y0             PS7                          0.000     0.000 r  top_i/zynq_ps/inst/PS7_i/FCLKCLK[0]
                         net (fo=1, routed)           0.337     0.337    top_i/zynq_ps/inst/FCLK_CLK_unbuffered[0]
    BUFGCTRL_X0Y16       BUFG (Prop_bufg_I_O)         0.029     0.366 r  top_i/zynq_ps/inst/buffer_fclk_clk_0.FCLK_CLK_0_BUFG/O
                         net (fo=55826, routed)       0.906     1.272    top_i/StreamingDataflowPartition_1/inst/StreamingDataflowPartition_1_MVAU_hls_2/StreamingDataflowPartition_1_MVAU_hls_2/inst/regslice_both_in1_V_U/ap_clk
    SLICE_X51Y105        FDRE                                         r  top_i/StreamingDataflowPartition_1/inst/StreamingDataflowPartition_1_MVAU_hls_2/StreamingDataflowPartition_1_MVAU_hls_2/inst/regslice_both_in1_V_U/B_V_data_1_payload_A_reg[484]/C
                         clock pessimism             -0.035     1.237    
    SLICE_X51Y105        FDRE (Hold_fdre_C_D)         0.017     1.254    top_i/StreamingDataflowPartition_1/inst/StreamingDataflowPartition_1_MVAU_hls_2/StreamingDataflowPartition_1_MVAU_hls_2/inst/regslice_both_in1_V_U/B_V_data_1_payload_A_reg[484]
  -------------------------------------------------------------------
                         required time                         -1.254    
                         arrival time                           1.304    
  -------------------------------------------------------------------
                         slack                                  0.050    

Slack (MET) :             0.051ns  (arrival time - required time)
  Source:                 top_i/StreamingDataflowPartition_1/inst/StreamingDataflowPartition_1_MVAU_hls_1/StreamingDataflowPartition_1_MVAU_hls_1_wstrm/inst/core/genUnpumped.mem/blkMem.Dat3_reg[531]/C
                            (rising edge-triggered cell FDRE clocked by clk_fpga_0  {rise@0.000ns fall@5.000ns period=10.000ns})
  Destination:            top_i/StreamingDataflowPartition_1/inst/StreamingDataflowPartition_1_MVAU_hls_1/StreamingDataflowPartition_1_MVAU_hls_1_wstrm/inst/core/genUnpumped.mem/blkStreamOut.OSrl_reg[6][531]_srl7/D
                            (rising edge-triggered cell SRL16E clocked by clk_fpga_0  {rise@0.000ns fall@5.000ns period=10.000ns})
  Path Group:             clk_fpga_0
  Path Type:              Hold (Min at Fast Process Corner)
  Requirement:            0.000ns  (clk_fpga_0 rise@0.000ns - clk_fpga_0 rise@0.000ns)
  Data Path Delay:        0.369ns  (logic 0.128ns (34.643%)  route 0.241ns (65.357%))
  Logic Levels:           0  
  Clock Path Skew:        0.264ns (DCD - SCD - CPR)
    Destination Clock Delay (DCD):    1.272ns
    Source Clock Delay      (SCD):    0.978ns
    Clock Pessimism Removal (CPR):    0.030ns

    Location             Delay type                Incr(ns)  Path(ns)    Netlist Resource(s)
  -------------------------------------------------------------------    -------------------
                         (clock clk_fpga_0 rise edge)
                                                      0.000     0.000 r  
    PS7_X0Y0             PS7                          0.000     0.000 r  top_i/zynq_ps/inst/PS7_i/FCLKCLK[0]
                         net (fo=1, routed)           0.310     0.310    top_i/zynq_ps/inst/FCLK_CLK_unbuffered[0]
    BUFGCTRL_X0Y16       BUFG (Prop_bufg_I_O)         0.026     0.336 r  top_i/zynq_ps/inst/buffer_fclk_clk_0.FCLK_CLK_0_BUFG/O
                         net (fo=55826, routed)       0.642     0.978    top_i/StreamingDataflowPartition_1/inst/StreamingDataflowPartition_1_MVAU_hls_1/StreamingDataflowPartition_1_MVAU_hls_1_wstrm/inst/core/genUnpumped.mem/ap_clk
    SLICE_X106Y48        FDRE                                         r  top_i/StreamingDataflowPartition_1/inst/StreamingDataflowPartition_1_MVAU_hls_1/StreamingDataflowPartition_1_MVAU_hls_1_wstrm/inst/core/genUnpumped.mem/blkMem.Dat3_reg[531]/C
  -------------------------------------------------------------------    -------------------
    SLICE_X106Y48        FDRE (Prop_fdre_C_Q)         0.128     1.106 r  top_i/StreamingDataflowPartition_1/inst/StreamingDataflowPartition_1_MVAU_hls_1/StreamingDataflowPartition_1_MVAU_hls_1_wstrm/inst/core/genUnpumped.mem/blkMem.Dat3_reg[531]/Q
                         net (fo=1, routed)           0.241     1.347    top_i/StreamingDataflowPartition_1/inst/StreamingDataflowPartition_1_MVAU_hls_1/StreamingDataflowPartition_1_MVAU_hls_1_wstrm/inst/core/genUnpumped.mem/mem_q0[531]
    SLICE_X108Y50        SRL16E                                       r  top_i/StreamingDataflowPartition_1/inst/StreamingDataflowPartition_1_MVAU_hls_1/StreamingDataflowPartition_1_MVAU_hls_1_wstrm/inst/core/genUnpumped.mem/blkStreamOut.OSrl_reg[6][531]_srl7/D
  -------------------------------------------------------------------    -------------------

                         (clock clk_fpga_0 rise edge)
                                                      0.000     0.000 r  
    PS7_X0Y0             PS7                          0.000     0.000 r  top_i/zynq_ps/inst/PS7_i/FCLKCLK[0]
                         net (fo=1, routed)           0.337     0.337    top_i/zynq_ps/inst/FCLK_CLK_unbuffered[0]
    BUFGCTRL_X0Y16       BUFG (Prop_bufg_I_O)         0.029     0.366 r  top_i/zynq_ps/inst/buffer_fclk_clk_0.FCLK_CLK_0_BUFG/O
                         net (fo=55826, routed)       0.906     1.272    top_i/StreamingDataflowPartition_1/inst/StreamingDataflowPartition_1_MVAU_hls_1/StreamingDataflowPartition_1_MVAU_hls_1_wstrm/inst/core/genUnpumped.mem/ap_clk
    SLICE_X108Y50        SRL16E                                       r  top_i/StreamingDataflowPartition_1/inst/StreamingDataflowPartition_1_MVAU_hls_1/StreamingDataflowPartition_1_MVAU_hls_1_wstrm/inst/core/genUnpumped.mem/blkStreamOut.OSrl_reg[6][531]_srl7/CLK
                         clock pessimism             -0.030     1.242    
    SLICE_X108Y50        SRL16E (Hold_srl16e_CLK_D)
                                                      0.054     1.296    top_i/StreamingDataflowPartition_1/inst/StreamingDataflowPartition_1_MVAU_hls_1/StreamingDataflowPartition_1_MVAU_hls_1_wstrm/inst/core/genUnpumped.mem/blkStreamOut.OSrl_reg[6][531]_srl7
  -------------------------------------------------------------------
                         required time                         -1.296    
                         arrival time                           1.347    
  -------------------------------------------------------------------
                         slack                                  0.051    

Slack (MET) :             0.052ns  (arrival time - required time)
  Source:                 top_i/StreamingDataflowPartition_1/inst/StreamingDataflowPartition_1_MVAU_hls_0/StreamingDataflowPartition_1_MVAU_hls_0_wstrm/inst/core/genUnpumped.mem/blkMem.Dat3_reg[1759]/C
                            (rising edge-triggered cell FDRE clocked by clk_fpga_0  {rise@0.000ns fall@5.000ns period=10.000ns})
  Destination:            top_i/StreamingDataflowPartition_1/inst/StreamingDataflowPartition_1_MVAU_hls_0/StreamingDataflowPartition_1_MVAU_hls_0_wstrm/inst/core/genUnpumped.mem/blkStreamOut.OSrl_reg[6][1759]_srl7/D
                            (rising edge-triggered cell SRL16E clocked by clk_fpga_0  {rise@0.000ns fall@5.000ns period=10.000ns})
  Path Group:             clk_fpga_0
  Path Type:              Hold (Min at Fast Process Corner)
  Requirement:            0.000ns  (clk_fpga_0 rise@0.000ns - clk_fpga_0 rise@0.000ns)
  Data Path Delay:        0.251ns  (logic 0.141ns (56.174%)  route 0.110ns (43.826%))
  Logic Levels:           0  
  Clock Path Skew:        0.016ns (DCD - SCD - CPR)
    Destination Clock Delay (DCD):    1.248ns
    Source Clock Delay      (SCD):    0.949ns
    Clock Pessimism Removal (CPR):    0.283ns

    Location             Delay type                Incr(ns)  Path(ns)    Netlist Resource(s)
  -------------------------------------------------------------------    -------------------
                         (clock clk_fpga_0 rise edge)
                                                      0.000     0.000 r  
    PS7_X0Y0             PS7                          0.000     0.000 r  top_i/zynq_ps/inst/PS7_i/FCLKCLK[0]
                         net (fo=1, routed)           0.310     0.310    top_i/zynq_ps/inst/FCLK_CLK_unbuffered[0]
    BUFGCTRL_X0Y16       BUFG (Prop_bufg_I_O)         0.026     0.336 r  top_i/zynq_ps/inst/buffer_fclk_clk_0.FCLK_CLK_0_BUFG/O
                         net (fo=55826, routed)       0.613     0.949    top_i/StreamingDataflowPartition_1/inst/StreamingDataflowPartition_1_MVAU_hls_0/StreamingDataflowPartition_1_MVAU_hls_0_wstrm/inst/core/genUnpumped.mem/ap_clk
    SLICE_X91Y48         FDRE                                         r  top_i/StreamingDataflowPartition_1/inst/StreamingDataflowPartition_1_MVAU_hls_0/StreamingDataflowPartition_1_MVAU_hls_0_wstrm/inst/core/genUnpumped.mem/blkMem.Dat3_reg[1759]/C
  -------------------------------------------------------------------    -------------------
    SLICE_X91Y48         FDRE (Prop_fdre_C_Q)         0.141     1.090 r  top_i/StreamingDataflowPartition_1/inst/StreamingDataflowPartition_1_MVAU_hls_0/StreamingDataflowPartition_1_MVAU_hls_0_wstrm/inst/core/genUnpumped.mem/blkMem.Dat3_reg[1759]/Q
                         net (fo=1, routed)           0.110     1.200    top_i/StreamingDataflowPartition_1/inst/StreamingDataflowPartition_1_MVAU_hls_0/StreamingDataflowPartition_1_MVAU_hls_0_wstrm/inst/core/genUnpumped.mem/mem_q0[1759]
    SLICE_X90Y47         SRL16E                                       r  top_i/StreamingDataflowPartition_1/inst/StreamingDataflowPartition_1_MVAU_hls_0/StreamingDataflowPartition_1_MVAU_hls_0_wstrm/inst/core/genUnpumped.mem/blkStreamOut.OSrl_reg[6][1759]_srl7/D
  -------------------------------------------------------------------    -------------------

                         (clock clk_fpga_0 rise edge)
                                                      0.000     0.000 r  
    PS7_X0Y0             PS7                          0.000     0.000 r  top_i/zynq_ps/inst/PS7_i/FCLKCLK[0]
                         net (fo=1, routed)           0.337     0.337    top_i/zynq_ps/inst/FCLK_CLK_unbuffered[0]
    BUFGCTRL_X0Y16       BUFG (Prop_bufg_I_O)         0.029     0.366 r  top_i/zynq_ps/inst/buffer_fclk_clk_0.FCLK_CLK_0_BUFG/O
                         net (fo=55826, routed)       0.882     1.248    top_i/StreamingDataflowPartition_1/inst/StreamingDataflowPartition_1_MVAU_hls_0/StreamingDataflowPartition_1_MVAU_hls_0_wstrm/inst/core/genUnpumped.mem/ap_clk
    SLICE_X90Y47         SRL16E                                       r  top_i/StreamingDataflowPartition_1/inst/StreamingDataflowPartition_1_MVAU_hls_0/StreamingDataflowPartition_1_MVAU_hls_0_wstrm/inst/core/genUnpumped.mem/blkStreamOut.OSrl_reg[6][1759]_srl7/CLK
                         clock pessimism             -0.283     0.965    
    SLICE_X90Y47         SRL16E (Hold_srl16e_CLK_D)
                                                      0.183     1.148    top_i/StreamingDataflowPartition_1/inst/StreamingDataflowPartition_1_MVAU_hls_0/StreamingDataflowPartition_1_MVAU_hls_0_wstrm/inst/core/genUnpumped.mem/blkStreamOut.OSrl_reg[6][1759]_srl7
  -------------------------------------------------------------------
                         required time                         -1.148    
                         arrival time                           1.200    
  -------------------------------------------------------------------
                         slack                                  0.052    

Slack (MET) :             0.052ns  (arrival time - required time)
  Source:                 top_i/StreamingDataflowPartition_1/inst/StreamingDataflowPartition_1_MVAU_hls_2/StreamingDataflowPartition_1_MVAU_hls_2_wstrm/inst/core/genUnpumped.mem/blkMem.Dat3_reg[561]/C
                            (rising edge-triggered cell FDRE clocked by clk_fpga_0  {rise@0.000ns fall@5.000ns period=10.000ns})
  Destination:            top_i/StreamingDataflowPartition_1/inst/StreamingDataflowPartition_1_MVAU_hls_2/StreamingDataflowPartition_1_MVAU_hls_2_wstrm/inst/core/genUnpumped.mem/blkStreamOut.OSrl_reg[6][561]_srl7/D
                            (rising edge-triggered cell SRL16E clocked by clk_fpga_0  {rise@0.000ns fall@5.000ns period=10.000ns})
  Path Group:             clk_fpga_0
  Path Type:              Hold (Min at Fast Process Corner)
  Requirement:            0.000ns  (clk_fpga_0 rise@0.000ns - clk_fpga_0 rise@0.000ns)
  Data Path Delay:        0.420ns  (logic 0.141ns (33.542%)  route 0.279ns (66.458%))
  Logic Levels:           0  
  Clock Path Skew:        0.259ns (DCD - SCD - CPR)
    Destination Clock Delay (DCD):    1.271ns
    Source Clock Delay      (SCD):    0.973ns
    Clock Pessimism Removal (CPR):    0.039ns

    Location             Delay type                Incr(ns)  Path(ns)    Netlist Resource(s)
  -------------------------------------------------------------------    -------------------
                         (clock clk_fpga_0 rise edge)
                                                      0.000     0.000 r  
    PS7_X0Y0             PS7                          0.000     0.000 r  top_i/zynq_ps/inst/PS7_i/FCLKCLK[0]
                         net (fo=1, routed)           0.310     0.310    top_i/zynq_ps/inst/FCLK_CLK_unbuffered[0]
    BUFGCTRL_X0Y16       BUFG (Prop_bufg_I_O)         0.026     0.336 r  top_i/zynq_ps/inst/buffer_fclk_clk_0.FCLK_CLK_0_BUFG/O
                         net (fo=55826, routed)       0.637     0.973    top_i/StreamingDataflowPartition_1/inst/StreamingDataflowPartition_1_MVAU_hls_2/StreamingDataflowPartition_1_MVAU_hls_2_wstrm/inst/core/genUnpumped.mem/ap_clk
    SLICE_X41Y107        FDRE                                         r  top_i/StreamingDataflowPartition_1/inst/StreamingDataflowPartition_1_MVAU_hls_2/StreamingDataflowPartition_1_MVAU_hls_2_wstrm/inst/core/genUnpumped.mem/blkMem.Dat3_reg[561]/C
  -------------------------------------------------------------------    -------------------
    SLICE_X41Y107        FDRE (Prop_fdre_C_Q)         0.141     1.114 r  top_i/StreamingDataflowPartition_1/inst/StreamingDataflowPartition_1_MVAU_hls_2/StreamingDataflowPartition_1_MVAU_hls_2_wstrm/inst/core/genUnpumped.mem/blkMem.Dat3_reg[561]/Q
                         net (fo=1, routed)           0.279     1.393    top_i/StreamingDataflowPartition_1/inst/StreamingDataflowPartition_1_MVAU_hls_2/StreamingDataflowPartition_1_MVAU_hls_2_wstrm/inst/core/genUnpumped.mem/mem_q0[561]
    SLICE_X50Y107        SRL16E                                       r  top_i/StreamingDataflowPartition_1/inst/StreamingDataflowPartition_1_MVAU_hls_2/StreamingDataflowPartition_1_MVAU_hls_2_wstrm/inst/core/genUnpumped.mem/blkStreamOut.OSrl_reg[6][561]_srl7/D
  -------------------------------------------------------------------    -------------------

                         (clock clk_fpga_0 rise edge)
                                                      0.000     0.000 r  
    PS7_X0Y0             PS7                          0.000     0.000 r  top_i/zynq_ps/inst/PS7_i/FCLKCLK[0]
                         net (fo=1, routed)           0.337     0.337    top_i/zynq_ps/inst/FCLK_CLK_unbuffered[0]
    BUFGCTRL_X0Y16       BUFG (Prop_bufg_I_O)         0.029     0.366 r  top_i/zynq_ps/inst/buffer_fclk_clk_0.FCLK_CLK_0_BUFG/O
                         net (fo=55826, routed)       0.905     1.271    top_i/StreamingDataflowPartition_1/inst/StreamingDataflowPartition_1_MVAU_hls_2/StreamingDataflowPartition_1_MVAU_hls_2_wstrm/inst/core/genUnpumped.mem/ap_clk
    SLICE_X50Y107        SRL16E                                       r  top_i/StreamingDataflowPartition_1/inst/StreamingDataflowPartition_1_MVAU_hls_2/StreamingDataflowPartition_1_MVAU_hls_2_wstrm/inst/core/genUnpumped.mem/blkStreamOut.OSrl_reg[6][561]_srl7/CLK
                         clock pessimism             -0.039     1.232    
    SLICE_X50Y107        SRL16E (Hold_srl16e_CLK_D)
                                                      0.109     1.341    top_i/StreamingDataflowPartition_1/inst/StreamingDataflowPartition_1_MVAU_hls_2/StreamingDataflowPartition_1_MVAU_hls_2_wstrm/inst/core/genUnpumped.mem/blkStreamOut.OSrl_reg[6][561]_srl7
  -------------------------------------------------------------------
                         required time                         -1.341    
                         arrival time                           1.393    
  -------------------------------------------------------------------
                         slack                                  0.052    

Slack (MET) :             0.052ns  (arrival time - required time)
  Source:                 top_i/odma0/inst/StreamingDataflowPartition_2_IODMA_hls_0/inst/gmem_m_axi_U/store_unit/tmp_addr_reg[46]/C
                            (rising edge-triggered cell FDRE clocked by clk_fpga_0  {rise@0.000ns fall@5.000ns period=10.000ns})
  Destination:            top_i/odma0/inst/StreamingDataflowPartition_2_IODMA_hls_0/inst/gmem_m_axi_U/bus_write/wreq_burst_conv/rs_req/data_p2_reg[46]/D
                            (rising edge-triggered cell FDRE clocked by clk_fpga_0  {rise@0.000ns fall@5.000ns period=10.000ns})
  Path Group:             clk_fpga_0
  Path Type:              Hold (Min at Fast Process Corner)
  Requirement:            0.000ns  (clk_fpga_0 rise@0.000ns - clk_fpga_0 rise@0.000ns)
  Data Path Delay:        0.387ns  (logic 0.141ns (36.464%)  route 0.246ns (63.536%))
  Logic Levels:           0  
  Clock Path Skew:        0.259ns (DCD - SCD - CPR)
    Destination Clock Delay (DCD):    1.186ns
    Source Clock Delay      (SCD):    0.892ns
    Clock Pessimism Removal (CPR):    0.035ns

    Location             Delay type                Incr(ns)  Path(ns)    Netlist Resource(s)
  -------------------------------------------------------------------    -------------------
                         (clock clk_fpga_0 rise edge)
                                                      0.000     0.000 r  
    PS7_X0Y0             PS7                          0.000     0.000 r  top_i/zynq_ps/inst/PS7_i/FCLKCLK[0]
                         net (fo=1, routed)           0.310     0.310    top_i/zynq_ps/inst/FCLK_CLK_unbuffered[0]
    BUFGCTRL_X0Y16       BUFG (Prop_bufg_I_O)         0.026     0.336 r  top_i/zynq_ps/inst/buffer_fclk_clk_0.FCLK_CLK_0_BUFG/O
                         net (fo=55826, routed)       0.556     0.892    top_i/odma0/inst/StreamingDataflowPartition_2_IODMA_hls_0/inst/gmem_m_axi_U/store_unit/ap_clk
    SLICE_X47Y94         FDRE                                         r  top_i/odma0/inst/StreamingDataflowPartition_2_IODMA_hls_0/inst/gmem_m_axi_U/store_unit/tmp_addr_reg[46]/C
  -------------------------------------------------------------------    -------------------
    SLICE_X47Y94         FDRE (Prop_fdre_C_Q)         0.141     1.033 r  top_i/odma0/inst/StreamingDataflowPartition_2_IODMA_hls_0/inst/gmem_m_axi_U/store_unit/tmp_addr_reg[46]/Q
                         net (fo=2, routed)           0.246     1.278    top_i/odma0/inst/StreamingDataflowPartition_2_IODMA_hls_0/inst/gmem_m_axi_U/bus_write/wreq_burst_conv/rs_req/data_p2_reg[81]_0[46]
    SLICE_X51Y94         FDRE                                         r  top_i/odma0/inst/StreamingDataflowPartition_2_IODMA_hls_0/inst/gmem_m_axi_U/bus_write/wreq_burst_conv/rs_req/data_p2_reg[46]/D
  -------------------------------------------------------------------    -------------------

                         (clock clk_fpga_0 rise edge)
                                                      0.000     0.000 r  
    PS7_X0Y0             PS7                          0.000     0.000 r  top_i/zynq_ps/inst/PS7_i/FCLKCLK[0]
                         net (fo=1, routed)           0.337     0.337    top_i/zynq_ps/inst/FCLK_CLK_unbuffered[0]
    BUFGCTRL_X0Y16       BUFG (Prop_bufg_I_O)         0.029     0.366 r  top_i/zynq_ps/inst/buffer_fclk_clk_0.FCLK_CLK_0_BUFG/O
                         net (fo=55826, routed)       0.820     1.186    top_i/odma0/inst/StreamingDataflowPartition_2_IODMA_hls_0/inst/gmem_m_axi_U/bus_write/wreq_burst_conv/rs_req/ap_clk
    SLICE_X51Y94         FDRE                                         r  top_i/odma0/inst/StreamingDataflowPartition_2_IODMA_hls_0/inst/gmem_m_axi_U/bus_write/wreq_burst_conv/rs_req/data_p2_reg[46]/C
                         clock pessimism             -0.035     1.151    
    SLICE_X51Y94         FDRE (Hold_fdre_C_D)         0.075     1.226    top_i/odma0/inst/StreamingDataflowPartition_2_IODMA_hls_0/inst/gmem_m_axi_U/bus_write/wreq_burst_conv/rs_req/data_p2_reg[46]
  -------------------------------------------------------------------
                         required time                         -1.226    
                         arrival time                           1.278    
  -------------------------------------------------------------------
                         slack                                  0.052    

Slack (MET) :             0.053ns  (arrival time - required time)
  Source:                 top_i/StreamingDataflowPartition_1/inst/StreamingDataflowPartition_1_MVAU_hls_0/StreamingDataflowPartition_1_MVAU_hls_0_wstrm/inst/core/genUnpumped.mem/blkMem.Dat3_reg[1015]/C
                            (rising edge-triggered cell FDRE clocked by clk_fpga_0  {rise@0.000ns fall@5.000ns period=10.000ns})
  Destination:            top_i/StreamingDataflowPartition_1/inst/StreamingDataflowPartition_1_MVAU_hls_0/StreamingDataflowPartition_1_MVAU_hls_0_wstrm/inst/core/genUnpumped.mem/blkStreamOut.OSrl_reg[6][1015]_srl7/D
                            (rising edge-triggered cell SRL16E clocked by clk_fpga_0  {rise@0.000ns fall@5.000ns period=10.000ns})
  Path Group:             clk_fpga_0
  Path Type:              Hold (Min at Fast Process Corner)
  Requirement:            0.000ns  (clk_fpga_0 rise@0.000ns - clk_fpga_0 rise@0.000ns)
  Data Path Delay:        0.251ns  (logic 0.141ns (56.174%)  route 0.110ns (43.826%))
  Logic Levels:           0  
  Clock Path Skew:        0.015ns (DCD - SCD - CPR)
    Destination Clock Delay (DCD):    1.208ns
    Source Clock Delay      (SCD):    0.910ns
    Clock Pessimism Removal (CPR):    0.284ns

    Location             Delay type                Incr(ns)  Path(ns)    Netlist Resource(s)
  -------------------------------------------------------------------    -------------------
                         (clock clk_fpga_0 rise edge)
                                                      0.000     0.000 r  
    PS7_X0Y0             PS7                          0.000     0.000 r  top_i/zynq_ps/inst/PS7_i/FCLKCLK[0]
                         net (fo=1, routed)           0.310     0.310    top_i/zynq_ps/inst/FCLK_CLK_unbuffered[0]
    BUFGCTRL_X0Y16       BUFG (Prop_bufg_I_O)         0.026     0.336 r  top_i/zynq_ps/inst/buffer_fclk_clk_0.FCLK_CLK_0_BUFG/O
                         net (fo=55826, routed)       0.574     0.910    top_i/StreamingDataflowPartition_1/inst/StreamingDataflowPartition_1_MVAU_hls_0/StreamingDataflowPartition_1_MVAU_hls_0_wstrm/inst/core/genUnpumped.mem/ap_clk
    SLICE_X59Y20         FDRE                                         r  top_i/StreamingDataflowPartition_1/inst/StreamingDataflowPartition_1_MVAU_hls_0/StreamingDataflowPartition_1_MVAU_hls_0_wstrm/inst/core/genUnpumped.mem/blkMem.Dat3_reg[1015]/C
  -------------------------------------------------------------------    -------------------
    SLICE_X59Y20         FDRE (Prop_fdre_C_Q)         0.141     1.051 r  top_i/StreamingDataflowPartition_1/inst/StreamingDataflowPartition_1_MVAU_hls_0/StreamingDataflowPartition_1_MVAU_hls_0_wstrm/inst/core/genUnpumped.mem/blkMem.Dat3_reg[1015]/Q
                         net (fo=1, routed)           0.110     1.161    top_i/StreamingDataflowPartition_1/inst/StreamingDataflowPartition_1_MVAU_hls_0/StreamingDataflowPartition_1_MVAU_hls_0_wstrm/inst/core/genUnpumped.mem/mem_q0[1015]
    SLICE_X58Y19         SRL16E                                       r  top_i/StreamingDataflowPartition_1/inst/StreamingDataflowPartition_1_MVAU_hls_0/StreamingDataflowPartition_1_MVAU_hls_0_wstrm/inst/core/genUnpumped.mem/blkStreamOut.OSrl_reg[6][1015]_srl7/D
  -------------------------------------------------------------------    -------------------

                         (clock clk_fpga_0 rise edge)
                                                      0.000     0.000 r  
    PS7_X0Y0             PS7                          0.000     0.000 r  top_i/zynq_ps/inst/PS7_i/FCLKCLK[0]
                         net (fo=1, routed)           0.337     0.337    top_i/zynq_ps/inst/FCLK_CLK_unbuffered[0]
    BUFGCTRL_X0Y16       BUFG (Prop_bufg_I_O)         0.029     0.366 r  top_i/zynq_ps/inst/buffer_fclk_clk_0.FCLK_CLK_0_BUFG/O
                         net (fo=55826, routed)       0.842     1.208    top_i/StreamingDataflowPartition_1/inst/StreamingDataflowPartition_1_MVAU_hls_0/StreamingDataflowPartition_1_MVAU_hls_0_wstrm/inst/core/genUnpumped.mem/ap_clk
    SLICE_X58Y19         SRL16E                                       r  top_i/StreamingDataflowPartition_1/inst/StreamingDataflowPartition_1_MVAU_hls_0/StreamingDataflowPartition_1_MVAU_hls_0_wstrm/inst/core/genUnpumped.mem/blkStreamOut.OSrl_reg[6][1015]_srl7/CLK
                         clock pessimism             -0.284     0.925    
    SLICE_X58Y19         SRL16E (Hold_srl16e_CLK_D)
                                                      0.183     1.108    top_i/StreamingDataflowPartition_1/inst/StreamingDataflowPartition_1_MVAU_hls_0/StreamingDataflowPartition_1_MVAU_hls_0_wstrm/inst/core/genUnpumped.mem/blkStreamOut.OSrl_reg[6][1015]_srl7
  -------------------------------------------------------------------
                         required time                         -1.108    
                         arrival time                           1.161    
  -------------------------------------------------------------------
                         slack                                  0.053    

Slack (MET) :             0.053ns  (arrival time - required time)
  Source:                 top_i/StreamingDataflowPartition_1/inst/StreamingDataflowPartition_1_MVAU_hls_0/StreamingDataflowPartition_1_MVAU_hls_0_wstrm/inst/core/genUnpumped.mem/blkMem.Dat3_reg[2135]/C
                            (rising edge-triggered cell FDRE clocked by clk_fpga_0  {rise@0.000ns fall@5.000ns period=10.000ns})
  Destination:            top_i/StreamingDataflowPartition_1/inst/StreamingDataflowPartition_1_MVAU_hls_0/StreamingDataflowPartition_1_MVAU_hls_0_wstrm/inst/core/genUnpumped.mem/blkStreamOut.OSrl_reg[6][2135]_srl7/D
                            (rising edge-triggered cell SRL16E clocked by clk_fpga_0  {rise@0.000ns fall@5.000ns period=10.000ns})
  Path Group:             clk_fpga_0
  Path Type:              Hold (Min at Fast Process Corner)
  Requirement:            0.000ns  (clk_fpga_0 rise@0.000ns - clk_fpga_0 rise@0.000ns)
  Data Path Delay:        0.251ns  (logic 0.141ns (56.174%)  route 0.110ns (43.826%))
  Logic Levels:           0  
  Clock Path Skew:        0.015ns (DCD - SCD - CPR)
    Destination Clock Delay (DCD):    1.205ns
    Source Clock Delay      (SCD):    0.907ns
    Clock Pessimism Removal (CPR):    0.284ns

    Location             Delay type                Incr(ns)  Path(ns)    Netlist Resource(s)
  -------------------------------------------------------------------    -------------------
                         (clock clk_fpga_0 rise edge)
                                                      0.000     0.000 r  
    PS7_X0Y0             PS7                          0.000     0.000 r  top_i/zynq_ps/inst/PS7_i/FCLKCLK[0]
                         net (fo=1, routed)           0.310     0.310    top_i/zynq_ps/inst/FCLK_CLK_unbuffered[0]
    BUFGCTRL_X0Y16       BUFG (Prop_bufg_I_O)         0.026     0.336 r  top_i/zynq_ps/inst/buffer_fclk_clk_0.FCLK_CLK_0_BUFG/O
                         net (fo=55826, routed)       0.571     0.907    top_i/StreamingDataflowPartition_1/inst/StreamingDataflowPartition_1_MVAU_hls_0/StreamingDataflowPartition_1_MVAU_hls_0_wstrm/inst/core/genUnpumped.mem/ap_clk
    SLICE_X59Y23         FDRE                                         r  top_i/StreamingDataflowPartition_1/inst/StreamingDataflowPartition_1_MVAU_hls_0/StreamingDataflowPartition_1_MVAU_hls_0_wstrm/inst/core/genUnpumped.mem/blkMem.Dat3_reg[2135]/C
  -------------------------------------------------------------------    -------------------
    SLICE_X59Y23         FDRE (Prop_fdre_C_Q)         0.141     1.048 r  top_i/StreamingDataflowPartition_1/inst/StreamingDataflowPartition_1_MVAU_hls_0/StreamingDataflowPartition_1_MVAU_hls_0_wstrm/inst/core/genUnpumped.mem/blkMem.Dat3_reg[2135]/Q
                         net (fo=1, routed)           0.110     1.158    top_i/StreamingDataflowPartition_1/inst/StreamingDataflowPartition_1_MVAU_hls_0/StreamingDataflowPartition_1_MVAU_hls_0_wstrm/inst/core/genUnpumped.mem/mem_q0[2135]
    SLICE_X58Y22         SRL16E                                       r  top_i/StreamingDataflowPartition_1/inst/StreamingDataflowPartition_1_MVAU_hls_0/StreamingDataflowPartition_1_MVAU_hls_0_wstrm/inst/core/genUnpumped.mem/blkStreamOut.OSrl_reg[6][2135]_srl7/D
  -------------------------------------------------------------------    -------------------

                         (clock clk_fpga_0 rise edge)
                                                      0.000     0.000 r  
    PS7_X0Y0             PS7                          0.000     0.000 r  top_i/zynq_ps/inst/PS7_i/FCLKCLK[0]
                         net (fo=1, routed)           0.337     0.337    top_i/zynq_ps/inst/FCLK_CLK_unbuffered[0]
    BUFGCTRL_X0Y16       BUFG (Prop_bufg_I_O)         0.029     0.366 r  top_i/zynq_ps/inst/buffer_fclk_clk_0.FCLK_CLK_0_BUFG/O
                         net (fo=55826, routed)       0.839     1.205    top_i/StreamingDataflowPartition_1/inst/StreamingDataflowPartition_1_MVAU_hls_0/StreamingDataflowPartition_1_MVAU_hls_0_wstrm/inst/core/genUnpumped.mem/ap_clk
    SLICE_X58Y22         SRL16E                                       r  top_i/StreamingDataflowPartition_1/inst/StreamingDataflowPartition_1_MVAU_hls_0/StreamingDataflowPartition_1_MVAU_hls_0_wstrm/inst/core/genUnpumped.mem/blkStreamOut.OSrl_reg[6][2135]_srl7/CLK
                         clock pessimism             -0.284     0.922    
    SLICE_X58Y22         SRL16E (Hold_srl16e_CLK_D)
                                                      0.183     1.105    top_i/StreamingDataflowPartition_1/inst/StreamingDataflowPartition_1_MVAU_hls_0/StreamingDataflowPartition_1_MVAU_hls_0_wstrm/inst/core/genUnpumped.mem/blkStreamOut.OSrl_reg[6][2135]_srl7
  -------------------------------------------------------------------
                         required time                         -1.105    
                         arrival time                           1.158    
  -------------------------------------------------------------------
                         slack                                  0.053    

Slack (MET) :             0.053ns  (arrival time - required time)
  Source:                 top_i/StreamingDataflowPartition_1/inst/StreamingDataflowPartition_1_MVAU_hls_2/StreamingDataflowPartition_1_MVAU_hls_2_wstrm/inst/core/genUnpumped.mem/blkMem.Dat3_reg[47]/C
                            (rising edge-triggered cell FDRE clocked by clk_fpga_0  {rise@0.000ns fall@5.000ns period=10.000ns})
  Destination:            top_i/StreamingDataflowPartition_1/inst/StreamingDataflowPartition_1_MVAU_hls_2/StreamingDataflowPartition_1_MVAU_hls_2_wstrm/inst/core/genUnpumped.mem/blkStreamOut.OSrl_reg[6][47]_srl7/D
                            (rising edge-triggered cell SRL16E clocked by clk_fpga_0  {rise@0.000ns fall@5.000ns period=10.000ns})
  Path Group:             clk_fpga_0
  Path Type:              Hold (Min at Fast Process Corner)
  Requirement:            0.000ns  (clk_fpga_0 rise@0.000ns - clk_fpga_0 rise@0.000ns)
  Data Path Delay:        0.251ns  (logic 0.141ns (56.174%)  route 0.110ns (43.826%))
  Logic Levels:           0  
  Clock Path Skew:        0.015ns (DCD - SCD - CPR)
    Destination Clock Delay (DCD):    1.209ns
    Source Clock Delay      (SCD):    0.911ns
    Clock Pessimism Removal (CPR):    0.283ns

    Location             Delay type                Incr(ns)  Path(ns)    Netlist Resource(s)
  -------------------------------------------------------------------    -------------------
                         (clock clk_fpga_0 rise edge)
                                                      0.000     0.000 r  
    PS7_X0Y0             PS7                          0.000     0.000 r  top_i/zynq_ps/inst/PS7_i/FCLKCLK[0]
                         net (fo=1, routed)           0.310     0.310    top_i/zynq_ps/inst/FCLK_CLK_unbuffered[0]
    BUFGCTRL_X0Y16       BUFG (Prop_bufg_I_O)         0.026     0.336 r  top_i/zynq_ps/inst/buffer_fclk_clk_0.FCLK_CLK_0_BUFG/O
                         net (fo=55826, routed)       0.575     0.911    top_i/StreamingDataflowPartition_1/inst/StreamingDataflowPartition_1_MVAU_hls_2/StreamingDataflowPartition_1_MVAU_hls_2_wstrm/inst/core/genUnpumped.mem/ap_clk
    SLICE_X55Y90         FDRE                                         r  top_i/StreamingDataflowPartition_1/inst/StreamingDataflowPartition_1_MVAU_hls_2/StreamingDataflowPartition_1_MVAU_hls_2_wstrm/inst/core/genUnpumped.mem/blkMem.Dat3_reg[47]/C
  -------------------------------------------------------------------    -------------------
    SLICE_X55Y90         FDRE (Prop_fdre_C_Q)         0.141     1.052 r  top_i/StreamingDataflowPartition_1/inst/StreamingDataflowPartition_1_MVAU_hls_2/StreamingDataflowPartition_1_MVAU_hls_2_wstrm/inst/core/genUnpumped.mem/blkMem.Dat3_reg[47]/Q
                         net (fo=1, routed)           0.110     1.162    top_i/StreamingDataflowPartition_1/inst/StreamingDataflowPartition_1_MVAU_hls_2/StreamingDataflowPartition_1_MVAU_hls_2_wstrm/inst/core/genUnpumped.mem/mem_q0[47]
    SLICE_X54Y89         SRL16E                                       r  top_i/StreamingDataflowPartition_1/inst/StreamingDataflowPartition_1_MVAU_hls_2/StreamingDataflowPartition_1_MVAU_hls_2_wstrm/inst/core/genUnpumped.mem/blkStreamOut.OSrl_reg[6][47]_srl7/D
  -------------------------------------------------------------------    -------------------

                         (clock clk_fpga_0 rise edge)
                                                      0.000     0.000 r  
    PS7_X0Y0             PS7                          0.000     0.000 r  top_i/zynq_ps/inst/PS7_i/FCLKCLK[0]
                         net (fo=1, routed)           0.337     0.337    top_i/zynq_ps/inst/FCLK_CLK_unbuffered[0]
    BUFGCTRL_X0Y16       BUFG (Prop_bufg_I_O)         0.029     0.366 r  top_i/zynq_ps/inst/buffer_fclk_clk_0.FCLK_CLK_0_BUFG/O
                         net (fo=55826, routed)       0.843     1.209    top_i/StreamingDataflowPartition_1/inst/StreamingDataflowPartition_1_MVAU_hls_2/StreamingDataflowPartition_1_MVAU_hls_2_wstrm/inst/core/genUnpumped.mem/ap_clk
    SLICE_X54Y89         SRL16E                                       r  top_i/StreamingDataflowPartition_1/inst/StreamingDataflowPartition_1_MVAU_hls_2/StreamingDataflowPartition_1_MVAU_hls_2_wstrm/inst/core/genUnpumped.mem/blkStreamOut.OSrl_reg[6][47]_srl7/CLK
                         clock pessimism             -0.283     0.926    
    SLICE_X54Y89         SRL16E (Hold_srl16e_CLK_D)
                                                      0.183     1.109    top_i/StreamingDataflowPartition_1/inst/StreamingDataflowPartition_1_MVAU_hls_2/StreamingDataflowPartition_1_MVAU_hls_2_wstrm/inst/core/genUnpumped.mem/blkStreamOut.OSrl_reg[6][47]_srl7
  -------------------------------------------------------------------
                         required time                         -1.109    
                         arrival time                           1.162    
  -------------------------------------------------------------------
                         slack                                  0.053    





Pulse Width Checks
--------------------------------------------------------------------------------------
Clock Name:         clk_fpga_0
Waveform(ns):       { 0.000 5.000 }
Period(ns):         10.000
Sources:            { top_i/zynq_ps/inst/PS7_i/FCLKCLK[0] }

Check Type        Corner  Lib Pin             Reference Pin  Required(ns)  Actual(ns)  Slack(ns)  Location       Pin
Min Period        n/a     RAMB36E1/CLKARDCLK  n/a            2.944         10.000      7.056      RAMB36_X2Y2    top_i/StreamingDataflowPartition_1/inst/StreamingDataflowPartition_1_MVAU_hls_0/StreamingDataflowPartition_1_MVAU_hls_0_wstrm/inst/core/genUnpumped.mem/blkMem.Mem_reg_0/CLKARDCLK
Min Period        n/a     RAMB36E1/CLKBWRCLK  n/a            2.944         10.000      7.056      RAMB36_X2Y2    top_i/StreamingDataflowPartition_1/inst/StreamingDataflowPartition_1_MVAU_hls_0/StreamingDataflowPartition_1_MVAU_hls_0_wstrm/inst/core/genUnpumped.mem/blkMem.Mem_reg_0/CLKBWRCLK
Min Period        n/a     RAMB36E1/CLKARDCLK  n/a            2.944         10.000      7.056      RAMB36_X1Y0    top_i/StreamingDataflowPartition_1/inst/StreamingDataflowPartition_1_MVAU_hls_0/StreamingDataflowPartition_1_MVAU_hls_0_wstrm/inst/core/genUnpumped.mem/blkMem.Mem_reg_1/CLKARDCLK
Min Period        n/a     RAMB36E1/CLKBWRCLK  n/a            2.944         10.000      7.056      RAMB36_X1Y0    top_i/StreamingDataflowPartition_1/inst/StreamingDataflowPartition_1_MVAU_hls_0/StreamingDataflowPartition_1_MVAU_hls_0_wstrm/inst/core/genUnpumped.mem/blkMem.Mem_reg_1/CLKBWRCLK
Min Period        n/a     RAMB36E1/CLKARDCLK  n/a            2.944         10.000      7.056      RAMB36_X1Y2    top_i/StreamingDataflowPartition_1/inst/StreamingDataflowPartition_1_MVAU_hls_0/StreamingDataflowPartition_1_MVAU_hls_0_wstrm/inst/core/genUnpumped.mem/blkMem.Mem_reg_10/CLKARDCLK
Min Period        n/a     RAMB36E1/CLKBWRCLK  n/a            2.944         10.000      7.056      RAMB36_X1Y2    top_i/StreamingDataflowPartition_1/inst/StreamingDataflowPartition_1_MVAU_hls_0/StreamingDataflowPartition_1_MVAU_hls_0_wstrm/inst/core/genUnpumped.mem/blkMem.Mem_reg_10/CLKBWRCLK
Min Period        n/a     RAMB36E1/CLKARDCLK  n/a            2.944         10.000      7.056      RAMB36_X1Y1    top_i/StreamingDataflowPartition_1/inst/StreamingDataflowPartition_1_MVAU_hls_0/StreamingDataflowPartition_1_MVAU_hls_0_wstrm/inst/core/genUnpumped.mem/blkMem.Mem_reg_11/CLKARDCLK
Min Period        n/a     RAMB36E1/CLKBWRCLK  n/a            2.944         10.000      7.056      RAMB36_X1Y1    top_i/StreamingDataflowPartition_1/inst/StreamingDataflowPartition_1_MVAU_hls_0/StreamingDataflowPartition_1_MVAU_hls_0_wstrm/inst/core/genUnpumped.mem/blkMem.Mem_reg_11/CLKBWRCLK
Min Period        n/a     RAMB36E1/CLKARDCLK  n/a            2.944         10.000      7.056      RAMB36_X2Y4    top_i/StreamingDataflowPartition_1/inst/StreamingDataflowPartition_1_MVAU_hls_0/StreamingDataflowPartition_1_MVAU_hls_0_wstrm/inst/core/genUnpumped.mem/blkMem.Mem_reg_12/CLKARDCLK
Min Period        n/a     RAMB36E1/CLKBWRCLK  n/a            2.944         10.000      7.056      RAMB36_X2Y4    top_i/StreamingDataflowPartition_1/inst/StreamingDataflowPartition_1_MVAU_hls_0/StreamingDataflowPartition_1_MVAU_hls_0_wstrm/inst/core/genUnpumped.mem/blkMem.Mem_reg_12/CLKBWRCLK
Low Pulse Width   Slow    RAMS32/CLK          n/a            1.250         5.000       3.750      SLICE_X86Y119  top_i/StreamingDataflowPartition_1/inst/StreamingDataflowPartition_1_MVAU_hls_3/StreamingDataflowPartition_1_MVAU_hls_3_wstrm/inst/core/genUnpumped.mem/blkMem.Mem_reg_0_1_0_0/SP/CLK
Low Pulse Width   Fast    RAMS32/CLK          n/a            1.250         5.000       3.750      SLICE_X86Y119  top_i/StreamingDataflowPartition_1/inst/StreamingDataflowPartition_1_MVAU_hls_3/StreamingDataflowPartition_1_MVAU_hls_3_wstrm/inst/core/genUnpumped.mem/blkMem.Mem_reg_0_1_0_0/SP/CLK
Low Pulse Width   Slow    RAMS32/CLK          n/a            1.250         5.000       3.750      SLICE_X86Y119  top_i/StreamingDataflowPartition_1/inst/StreamingDataflowPartition_1_MVAU_hls_3/StreamingDataflowPartition_1_MVAU_hls_3_wstrm/inst/core/genUnpumped.mem/blkMem.Mem_reg_0_1_100_100/SP/CLK
Low Pulse Width   Fast    RAMS32/CLK          n/a            1.250         5.000       3.750      SLICE_X86Y119  top_i/StreamingDataflowPartition_1/inst/StreamingDataflowPartition_1_MVAU_hls_3/StreamingDataflowPartition_1_MVAU_hls_3_wstrm/inst/core/genUnpumped.mem/blkMem.Mem_reg_0_1_100_100/SP/CLK
Low Pulse Width   Slow    RAMS32/CLK          n/a            1.250         5.000       3.750      SLICE_X86Y119  top_i/StreamingDataflowPartition_1/inst/StreamingDataflowPartition_1_MVAU_hls_3/StreamingDataflowPartition_1_MVAU_hls_3_wstrm/inst/core/genUnpumped.mem/blkMem.Mem_reg_0_1_106_106/SP/CLK
Low Pulse Width   Fast    RAMS32/CLK          n/a            1.250         5.000       3.750      SLICE_X86Y119  top_i/StreamingDataflowPartition_1/inst/StreamingDataflowPartition_1_MVAU_hls_3/StreamingDataflowPartition_1_MVAU_hls_3_wstrm/inst/core/genUnpumped.mem/blkMem.Mem_reg_0_1_106_106/SP/CLK
Low Pulse Width   Slow    RAMS32/CLK          n/a            1.250         5.000       3.750      SLICE_X86Y119  top_i/StreamingDataflowPartition_1/inst/StreamingDataflowPartition_1_MVAU_hls_3/StreamingDataflowPartition_1_MVAU_hls_3_wstrm/inst/core/genUnpumped.mem/blkMem.Mem_reg_0_1_107_107/SP/CLK
Low Pulse Width   Fast    RAMS32/CLK          n/a            1.250         5.000       3.750      SLICE_X86Y119  top_i/StreamingDataflowPartition_1/inst/StreamingDataflowPartition_1_MVAU_hls_3/StreamingDataflowPartition_1_MVAU_hls_3_wstrm/inst/core/genUnpumped.mem/blkMem.Mem_reg_0_1_107_107/SP/CLK
Low Pulse Width   Slow    RAMS32/CLK          n/a            1.250         5.000       3.750      SLICE_X82Y118  top_i/StreamingDataflowPartition_1/inst/StreamingDataflowPartition_1_MVAU_hls_3/StreamingDataflowPartition_1_MVAU_hls_3_wstrm/inst/core/genUnpumped.mem/blkMem.Mem_reg_0_1_111_111/SP/CLK
Low Pulse Width   Fast    RAMS32/CLK          n/a            1.250         5.000       3.750      SLICE_X82Y118  top_i/StreamingDataflowPartition_1/inst/StreamingDataflowPartition_1_MVAU_hls_3/StreamingDataflowPartition_1_MVAU_hls_3_wstrm/inst/core/genUnpumped.mem/blkMem.Mem_reg_0_1_111_111/SP/CLK
High Pulse Width  Slow    RAMS32/CLK          n/a            1.250         5.000       3.750      SLICE_X86Y119  top_i/StreamingDataflowPartition_1/inst/StreamingDataflowPartition_1_MVAU_hls_3/StreamingDataflowPartition_1_MVAU_hls_3_wstrm/inst/core/genUnpumped.mem/blkMem.Mem_reg_0_1_0_0/SP/CLK
High Pulse Width  Fast    RAMS32/CLK          n/a            1.250         5.000       3.750      SLICE_X86Y119  top_i/StreamingDataflowPartition_1/inst/StreamingDataflowPartition_1_MVAU_hls_3/StreamingDataflowPartition_1_MVAU_hls_3_wstrm/inst/core/genUnpumped.mem/blkMem.Mem_reg_0_1_0_0/SP/CLK
High Pulse Width  Slow    RAMS32/CLK          n/a            1.250         5.000       3.750      SLICE_X86Y119  top_i/StreamingDataflowPartition_1/inst/StreamingDataflowPartition_1_MVAU_hls_3/StreamingDataflowPartition_1_MVAU_hls_3_wstrm/inst/core/genUnpumped.mem/blkMem.Mem_reg_0_1_100_100/SP/CLK
High Pulse Width  Fast    RAMS32/CLK          n/a            1.250         5.000       3.750      SLICE_X86Y119  top_i/StreamingDataflowPartition_1/inst/StreamingDataflowPartition_1_MVAU_hls_3/StreamingDataflowPartition_1_MVAU_hls_3_wstrm/inst/core/genUnpumped.mem/blkMem.Mem_reg_0_1_100_100/SP/CLK
High Pulse Width  Slow    RAMS32/CLK          n/a            1.250         5.000       3.750      SLICE_X86Y119  top_i/StreamingDataflowPartition_1/inst/StreamingDataflowPartition_1_MVAU_hls_3/StreamingDataflowPartition_1_MVAU_hls_3_wstrm/inst/core/genUnpumped.mem/blkMem.Mem_reg_0_1_106_106/SP/CLK
High Pulse Width  Fast    RAMS32/CLK          n/a            1.250         5.000       3.750      SLICE_X86Y119  top_i/StreamingDataflowPartition_1/inst/StreamingDataflowPartition_1_MVAU_hls_3/StreamingDataflowPartition_1_MVAU_hls_3_wstrm/inst/core/genUnpumped.mem/blkMem.Mem_reg_0_1_106_106/SP/CLK
High Pulse Width  Slow    RAMS32/CLK          n/a            1.250         5.000       3.750      SLICE_X86Y119  top_i/StreamingDataflowPartition_1/inst/StreamingDataflowPartition_1_MVAU_hls_3/StreamingDataflowPartition_1_MVAU_hls_3_wstrm/inst/core/genUnpumped.mem/blkMem.Mem_reg_0_1_107_107/SP/CLK
High Pulse Width  Fast    RAMS32/CLK          n/a            1.250         5.000       3.750      SLICE_X86Y119  top_i/StreamingDataflowPartition_1/inst/StreamingDataflowPartition_1_MVAU_hls_3/StreamingDataflowPartition_1_MVAU_hls_3_wstrm/inst/core/genUnpumped.mem/blkMem.Mem_reg_0_1_107_107/SP/CLK
High Pulse Width  Slow    RAMS32/CLK          n/a            1.250         5.000       3.750      SLICE_X82Y118  top_i/StreamingDataflowPartition_1/inst/StreamingDataflowPartition_1_MVAU_hls_3/StreamingDataflowPartition_1_MVAU_hls_3_wstrm/inst/core/genUnpumped.mem/blkMem.Mem_reg_0_1_111_111/SP/CLK
High Pulse Width  Fast    RAMS32/CLK          n/a            1.250         5.000       3.750      SLICE_X82Y118  top_i/StreamingDataflowPartition_1/inst/StreamingDataflowPartition_1_MVAU_hls_3/StreamingDataflowPartition_1_MVAU_hls_3_wstrm/inst/core/genUnpumped.mem/blkMem.Mem_reg_0_1_111_111/SP/CLK



--------------------------------------------------------------------------------------
Path Group:  (none)
From Clock:  
  To Clock:  clk_fpga_0

Max Delay             1 Endpoint
Min Delay             1 Endpoint
--------------------------------------------------------------------------------------


Max Delay Paths
--------------------------------------------------------------------------------------
Slack:                    inf
  Source:                 top_i/zynq_ps/inst/PS7_i/FCLKRESETN[0]
                            (internal pin)
  Destination:            top_i/rst_zynq_ps_100M/U0/EXT_LPF/ACTIVE_LOW_EXT.ACT_LO_EXT/GENERATE_LEVEL_P_S_CDC.SINGLE_BIT.CROSS_PLEVEL_IN2SCNDRY_IN_cdc_to/D
                            (rising edge-triggered cell FDRE clocked by clk_fpga_0  {rise@0.000ns fall@5.000ns period=10.000ns})
  Path Group:             (none)
  Path Type:              Setup (Max at Slow Process Corner)
  Data Path Delay:        2.223ns  (logic 0.124ns (5.579%)  route 2.099ns (94.421%))
  Logic Levels:           1  (LUT1=1)
  Clock Uncertainty:      0.152ns  ((TSJ^2 + TIJ^2)^1/2 + DJ) / 2 + PE
    Total System Jitter     (TSJ):    0.050ns
    Total Input Jitter      (TIJ):    0.300ns
    Discrete Jitter          (DJ):    0.000ns
    Phase Error              (PE):    0.000ns
  Timing Exception:       False Path

    Location             Delay type                Incr(ns)  Path(ns)    Netlist Resource(s)
  -------------------------------------------------------------------    -------------------
    PS7_X0Y0             PS7                          0.000     0.000 f  top_i/zynq_ps/inst/PS7_i/FCLKRESETN[0]
                         net (fo=1, routed)           2.099     2.099    top_i/rst_zynq_ps_100M/U0/EXT_LPF/ACTIVE_LOW_EXT.ACT_LO_EXT/ext_reset_in
    SLICE_X40Y111        LUT1 (Prop_lut1_I0_O)        0.124     2.223 r  top_i/rst_zynq_ps_100M/U0/EXT_LPF/ACTIVE_LOW_EXT.ACT_LO_EXT/GENERATE_LEVEL_P_S_CDC.SINGLE_BIT.CROSS_PLEVEL_IN2SCNDRY_IN_cdc_to_i_1/O
                         net (fo=1, routed)           0.000     2.223    top_i/rst_zynq_ps_100M/U0/EXT_LPF/ACTIVE_LOW_EXT.ACT_LO_EXT/exr_d1
    SLICE_X40Y111        FDRE                                         r  top_i/rst_zynq_ps_100M/U0/EXT_LPF/ACTIVE_LOW_EXT.ACT_LO_EXT/GENERATE_LEVEL_P_S_CDC.SINGLE_BIT.CROSS_PLEVEL_IN2SCNDRY_IN_cdc_to/D
  -------------------------------------------------------------------    -------------------

                         (clock clk_fpga_0 rise edge)
                                                      0.000     0.000 r  
    PS7_X0Y0             PS7                          0.000     0.000 r  top_i/zynq_ps/inst/PS7_i/FCLKCLK[0]
                         net (fo=1, routed)           1.088     1.088    top_i/zynq_ps/inst/FCLK_CLK_unbuffered[0]
    BUFGCTRL_X0Y16       BUFG (Prop_bufg_I_O)         0.091     1.179 r  top_i/zynq_ps/inst/buffer_fclk_clk_0.FCLK_CLK_0_BUFG/O
                         net (fo=55826, routed)       1.650     2.829    top_i/rst_zynq_ps_100M/U0/EXT_LPF/ACTIVE_LOW_EXT.ACT_LO_EXT/slowest_sync_clk
    SLICE_X40Y111        FDRE                                         r  top_i/rst_zynq_ps_100M/U0/EXT_LPF/ACTIVE_LOW_EXT.ACT_LO_EXT/GENERATE_LEVEL_P_S_CDC.SINGLE_BIT.CROSS_PLEVEL_IN2SCNDRY_IN_cdc_to/C





Min Delay Paths
--------------------------------------------------------------------------------------
Slack:                    inf
  Source:                 top_i/zynq_ps/inst/PS7_i/FCLKRESETN[0]
                            (internal pin)
  Destination:            top_i/rst_zynq_ps_100M/U0/EXT_LPF/ACTIVE_LOW_EXT.ACT_LO_EXT/GENERATE_LEVEL_P_S_CDC.SINGLE_BIT.CROSS_PLEVEL_IN2SCNDRY_IN_cdc_to/D
                            (rising edge-triggered cell FDRE clocked by clk_fpga_0  {rise@0.000ns fall@5.000ns period=10.000ns})
  Path Group:             (none)
  Path Type:              Hold (Min at Fast Process Corner)
  Data Path Delay:        0.919ns  (logic 0.045ns (4.898%)  route 0.874ns (95.102%))
  Logic Levels:           1  (LUT1=1)
  Clock Uncertainty:      0.152ns  ((TSJ^2 + TIJ^2)^1/2 + DJ) / 2 + PE
    Total System Jitter     (TSJ):    0.050ns
    Total Input Jitter      (TIJ):    0.300ns
    Discrete Jitter          (DJ):    0.000ns
    Phase Error              (PE):    0.000ns
  Timing Exception:       False Path

    Location             Delay type                Incr(ns)  Path(ns)    Netlist Resource(s)
  -------------------------------------------------------------------    -------------------
    PS7_X0Y0             PS7                          0.000     0.000 f  top_i/zynq_ps/inst/PS7_i/FCLKRESETN[0]
                         net (fo=1, routed)           0.874     0.874    top_i/rst_zynq_ps_100M/U0/EXT_LPF/ACTIVE_LOW_EXT.ACT_LO_EXT/ext_reset_in
    SLICE_X40Y111        LUT1 (Prop_lut1_I0_O)        0.045     0.919 r  top_i/rst_zynq_ps_100M/U0/EXT_LPF/ACTIVE_LOW_EXT.ACT_LO_EXT/GENERATE_LEVEL_P_S_CDC.SINGLE_BIT.CROSS_PLEVEL_IN2SCNDRY_IN_cdc_to_i_1/O
                         net (fo=1, routed)           0.000     0.919    top_i/rst_zynq_ps_100M/U0/EXT_LPF/ACTIVE_LOW_EXT.ACT_LO_EXT/exr_d1
    SLICE_X40Y111        FDRE                                         r  top_i/rst_zynq_ps_100M/U0/EXT_LPF/ACTIVE_LOW_EXT.ACT_LO_EXT/GENERATE_LEVEL_P_S_CDC.SINGLE_BIT.CROSS_PLEVEL_IN2SCNDRY_IN_cdc_to/D
  -------------------------------------------------------------------    -------------------

                         (clock clk_fpga_0 rise edge)
                                                      0.000     0.000 r  
    PS7_X0Y0             PS7                          0.000     0.000 r  top_i/zynq_ps/inst/PS7_i/FCLKCLK[0]
                         net (fo=1, routed)           0.337     0.337    top_i/zynq_ps/inst/FCLK_CLK_unbuffered[0]
    BUFGCTRL_X0Y16       BUFG (Prop_bufg_I_O)         0.029     0.366 r  top_i/zynq_ps/inst/buffer_fclk_clk_0.FCLK_CLK_0_BUFG/O
                         net (fo=55826, routed)       0.908     1.274    top_i/rst_zynq_ps_100M/U0/EXT_LPF/ACTIVE_LOW_EXT.ACT_LO_EXT/slowest_sync_clk
    SLICE_X40Y111        FDRE                                         r  top_i/rst_zynq_ps_100M/U0/EXT_LPF/ACTIVE_LOW_EXT.ACT_LO_EXT/GENERATE_LEVEL_P_S_CDC.SINGLE_BIT.CROSS_PLEVEL_IN2SCNDRY_IN_cdc_to/C





--------------------------------------------------------------------------------------
Path Group:  (none)
From Clock:  clk_fpga_0
  To Clock:  clk_fpga_0

Max Delay            67 Endpoints
Min Delay            67 Endpoints
--------------------------------------------------------------------------------------


Max Delay Paths
--------------------------------------------------------------------------------------
Slack:                    inf
  Source:                 top_i/smartconnect_0/inst/clk_map/psr_aclk/U0/ACTIVE_LOW_BSR_OUT_DFF[0].FDRE_BSR_N/C
                            (rising edge-triggered cell FDRE clocked by clk_fpga_0  {rise@0.000ns fall@5.000ns period=10.000ns})
  Destination:            top_i/smartconnect_0/inst/s01_entry_pipeline/s01_transaction_regulator/inst/xpm_cdc_async_rst_inst/arststages_ff_reg[0]/CLR
                            (recovery check against rising-edge clock clk_fpga_0  {rise@0.000ns fall@5.000ns period=10.000ns})
  Path Group:             (none)
  Path Type:              Recovery (Max at Slow Process Corner)
  Data Path Delay:        6.173ns  (logic 0.608ns (9.849%)  route 5.565ns (90.151%))
  Logic Levels:           1  (LUT1=1)
  Clock Path Skew:        -0.104ns (DCD - SCD + CPR)
    Destination Clock Delay (DCD):    2.885ns
    Source Clock Delay      (SCD):    2.989ns
    Clock Pessimism Removal (CPR):    0.000ns
  Clock Uncertainty:      0.154ns  ((TSJ^2 + TIJ^2)^1/2 + DJ) / 2 + PE
    Total System Jitter     (TSJ):    0.071ns
    Total Input Jitter      (TIJ):    0.300ns
    Discrete Jitter          (DJ):    0.000ns
    Phase Error              (PE):    0.000ns
  Timing Exception:       False Path

    Location             Delay type                Incr(ns)  Path(ns)    Netlist Resource(s)
  -------------------------------------------------------------------    -------------------
                         (clock clk_fpga_0 rise edge)
                                                      0.000     0.000 r  
    PS7_X0Y0             PS7                          0.000     0.000 r  top_i/zynq_ps/inst/PS7_i/FCLKCLK[0]
                         net (fo=1, routed)           1.193     1.193    top_i/zynq_ps/inst/FCLK_CLK_unbuffered[0]
    BUFGCTRL_X0Y16       BUFG (Prop_bufg_I_O)         0.101     1.294 r  top_i/zynq_ps/inst/buffer_fclk_clk_0.FCLK_CLK_0_BUFG/O
                         net (fo=55826, routed)       1.695     2.989    top_i/smartconnect_0/inst/clk_map/psr_aclk/U0/aclk
    SLICE_X64Y74         FDRE                                         r  top_i/smartconnect_0/inst/clk_map/psr_aclk/U0/ACTIVE_LOW_BSR_OUT_DFF[0].FDRE_BSR_N/C
  -------------------------------------------------------------------    -------------------
    SLICE_X64Y74         FDRE (Prop_fdre_C_Q)         0.456     3.445 r  top_i/smartconnect_0/inst/clk_map/psr_aclk/U0/ACTIVE_LOW_BSR_OUT_DFF[0].FDRE_BSR_N/Q
                         net (fo=22, routed)          4.758     8.203    top_i/smartconnect_0/inst/s01_entry_pipeline/s01_transaction_regulator/inst/xpm_cdc_async_rst_inst/src_arst
    SLICE_X58Y114        LUT1 (Prop_lut1_I0_O)        0.152     8.355 f  top_i/smartconnect_0/inst/s01_entry_pipeline/s01_transaction_regulator/inst/xpm_cdc_async_rst_inst/arststages_ff[2]_i_1/O
                         net (fo=3, routed)           0.807     9.162    top_i/smartconnect_0/inst/s01_entry_pipeline/s01_transaction_regulator/inst/xpm_cdc_async_rst_inst/reset_pol
    SLICE_X57Y113        FDCE                                         f  top_i/smartconnect_0/inst/s01_entry_pipeline/s01_transaction_regulator/inst/xpm_cdc_async_rst_inst/arststages_ff_reg[0]/CLR
  -------------------------------------------------------------------    -------------------

                         (clock clk_fpga_0 rise edge)
                                                      0.000     0.000 r  
    PS7_X0Y0             PS7                          0.000     0.000 r  top_i/zynq_ps/inst/PS7_i/FCLKCLK[0]
                         net (fo=1, routed)           1.088     1.088    top_i/zynq_ps/inst/FCLK_CLK_unbuffered[0]
    BUFGCTRL_X0Y16       BUFG (Prop_bufg_I_O)         0.091     1.179 r  top_i/zynq_ps/inst/buffer_fclk_clk_0.FCLK_CLK_0_BUFG/O
                         net (fo=55826, routed)       1.706     2.885    top_i/smartconnect_0/inst/s01_entry_pipeline/s01_transaction_regulator/inst/xpm_cdc_async_rst_inst/dest_clk
    SLICE_X57Y113        FDCE                                         r  top_i/smartconnect_0/inst/s01_entry_pipeline/s01_transaction_regulator/inst/xpm_cdc_async_rst_inst/arststages_ff_reg[0]/C

Slack:                    inf
  Source:                 top_i/smartconnect_0/inst/clk_map/psr_aclk/U0/ACTIVE_LOW_BSR_OUT_DFF[0].FDRE_BSR_N/C
                            (rising edge-triggered cell FDRE clocked by clk_fpga_0  {rise@0.000ns fall@5.000ns period=10.000ns})
  Destination:            top_i/smartconnect_0/inst/s01_entry_pipeline/s01_transaction_regulator/inst/xpm_cdc_async_rst_inst/arststages_ff_reg[1]/CLR
                            (recovery check against rising-edge clock clk_fpga_0  {rise@0.000ns fall@5.000ns period=10.000ns})
  Path Group:             (none)
  Path Type:              Recovery (Max at Slow Process Corner)
  Data Path Delay:        6.173ns  (logic 0.608ns (9.849%)  route 5.565ns (90.151%))
  Logic Levels:           1  (LUT1=1)
  Clock Path Skew:        -0.104ns (DCD - SCD + CPR)
    Destination Clock Delay (DCD):    2.885ns
    Source Clock Delay      (SCD):    2.989ns
    Clock Pessimism Removal (CPR):    0.000ns
  Clock Uncertainty:      0.154ns  ((TSJ^2 + TIJ^2)^1/2 + DJ) / 2 + PE
    Total System Jitter     (TSJ):    0.071ns
    Total Input Jitter      (TIJ):    0.300ns
    Discrete Jitter          (DJ):    0.000ns
    Phase Error              (PE):    0.000ns
  Timing Exception:       False Path

    Location             Delay type                Incr(ns)  Path(ns)    Netlist Resource(s)
  -------------------------------------------------------------------    -------------------
                         (clock clk_fpga_0 rise edge)
                                                      0.000     0.000 r  
    PS7_X0Y0             PS7                          0.000     0.000 r  top_i/zynq_ps/inst/PS7_i/FCLKCLK[0]
                         net (fo=1, routed)           1.193     1.193    top_i/zynq_ps/inst/FCLK_CLK_unbuffered[0]
    BUFGCTRL_X0Y16       BUFG (Prop_bufg_I_O)         0.101     1.294 r  top_i/zynq_ps/inst/buffer_fclk_clk_0.FCLK_CLK_0_BUFG/O
                         net (fo=55826, routed)       1.695     2.989    top_i/smartconnect_0/inst/clk_map/psr_aclk/U0/aclk
    SLICE_X64Y74         FDRE                                         r  top_i/smartconnect_0/inst/clk_map/psr_aclk/U0/ACTIVE_LOW_BSR_OUT_DFF[0].FDRE_BSR_N/C
  -------------------------------------------------------------------    -------------------
    SLICE_X64Y74         FDRE (Prop_fdre_C_Q)         0.456     3.445 r  top_i/smartconnect_0/inst/clk_map/psr_aclk/U0/ACTIVE_LOW_BSR_OUT_DFF[0].FDRE_BSR_N/Q
                         net (fo=22, routed)          4.758     8.203    top_i/smartconnect_0/inst/s01_entry_pipeline/s01_transaction_regulator/inst/xpm_cdc_async_rst_inst/src_arst
    SLICE_X58Y114        LUT1 (Prop_lut1_I0_O)        0.152     8.355 f  top_i/smartconnect_0/inst/s01_entry_pipeline/s01_transaction_regulator/inst/xpm_cdc_async_rst_inst/arststages_ff[2]_i_1/O
                         net (fo=3, routed)           0.807     9.162    top_i/smartconnect_0/inst/s01_entry_pipeline/s01_transaction_regulator/inst/xpm_cdc_async_rst_inst/reset_pol
    SLICE_X57Y113        FDCE                                         f  top_i/smartconnect_0/inst/s01_entry_pipeline/s01_transaction_regulator/inst/xpm_cdc_async_rst_inst/arststages_ff_reg[1]/CLR
  -------------------------------------------------------------------    -------------------

                         (clock clk_fpga_0 rise edge)
                                                      0.000     0.000 r  
    PS7_X0Y0             PS7                          0.000     0.000 r  top_i/zynq_ps/inst/PS7_i/FCLKCLK[0]
                         net (fo=1, routed)           1.088     1.088    top_i/zynq_ps/inst/FCLK_CLK_unbuffered[0]
    BUFGCTRL_X0Y16       BUFG (Prop_bufg_I_O)         0.091     1.179 r  top_i/zynq_ps/inst/buffer_fclk_clk_0.FCLK_CLK_0_BUFG/O
                         net (fo=55826, routed)       1.706     2.885    top_i/smartconnect_0/inst/s01_entry_pipeline/s01_transaction_regulator/inst/xpm_cdc_async_rst_inst/dest_clk
    SLICE_X57Y113        FDCE                                         r  top_i/smartconnect_0/inst/s01_entry_pipeline/s01_transaction_regulator/inst/xpm_cdc_async_rst_inst/arststages_ff_reg[1]/C

Slack:                    inf
  Source:                 top_i/smartconnect_0/inst/clk_map/psr_aclk/U0/ACTIVE_LOW_BSR_OUT_DFF[0].FDRE_BSR_N/C
                            (rising edge-triggered cell FDRE clocked by clk_fpga_0  {rise@0.000ns fall@5.000ns period=10.000ns})
  Destination:            top_i/smartconnect_0/inst/s01_entry_pipeline/s01_transaction_regulator/inst/xpm_cdc_async_rst_inst/arststages_ff_reg[2]/CLR
                            (recovery check against rising-edge clock clk_fpga_0  {rise@0.000ns fall@5.000ns period=10.000ns})
  Path Group:             (none)
  Path Type:              Recovery (Max at Slow Process Corner)
  Data Path Delay:        6.173ns  (logic 0.608ns (9.849%)  route 5.565ns (90.151%))
  Logic Levels:           1  (LUT1=1)
  Clock Path Skew:        -0.104ns (DCD - SCD + CPR)
    Destination Clock Delay (DCD):    2.885ns
    Source Clock Delay      (SCD):    2.989ns
    Clock Pessimism Removal (CPR):    0.000ns
  Clock Uncertainty:      0.154ns  ((TSJ^2 + TIJ^2)^1/2 + DJ) / 2 + PE
    Total System Jitter     (TSJ):    0.071ns
    Total Input Jitter      (TIJ):    0.300ns
    Discrete Jitter          (DJ):    0.000ns
    Phase Error              (PE):    0.000ns
  Timing Exception:       False Path

    Location             Delay type                Incr(ns)  Path(ns)    Netlist Resource(s)
  -------------------------------------------------------------------    -------------------
                         (clock clk_fpga_0 rise edge)
                                                      0.000     0.000 r  
    PS7_X0Y0             PS7                          0.000     0.000 r  top_i/zynq_ps/inst/PS7_i/FCLKCLK[0]
                         net (fo=1, routed)           1.193     1.193    top_i/zynq_ps/inst/FCLK_CLK_unbuffered[0]
    BUFGCTRL_X0Y16       BUFG (Prop_bufg_I_O)         0.101     1.294 r  top_i/zynq_ps/inst/buffer_fclk_clk_0.FCLK_CLK_0_BUFG/O
                         net (fo=55826, routed)       1.695     2.989    top_i/smartconnect_0/inst/clk_map/psr_aclk/U0/aclk
    SLICE_X64Y74         FDRE                                         r  top_i/smartconnect_0/inst/clk_map/psr_aclk/U0/ACTIVE_LOW_BSR_OUT_DFF[0].FDRE_BSR_N/C
  -------------------------------------------------------------------    -------------------
    SLICE_X64Y74         FDRE (Prop_fdre_C_Q)         0.456     3.445 r  top_i/smartconnect_0/inst/clk_map/psr_aclk/U0/ACTIVE_LOW_BSR_OUT_DFF[0].FDRE_BSR_N/Q
                         net (fo=22, routed)          4.758     8.203    top_i/smartconnect_0/inst/s01_entry_pipeline/s01_transaction_regulator/inst/xpm_cdc_async_rst_inst/src_arst
    SLICE_X58Y114        LUT1 (Prop_lut1_I0_O)        0.152     8.355 f  top_i/smartconnect_0/inst/s01_entry_pipeline/s01_transaction_regulator/inst/xpm_cdc_async_rst_inst/arststages_ff[2]_i_1/O
                         net (fo=3, routed)           0.807     9.162    top_i/smartconnect_0/inst/s01_entry_pipeline/s01_transaction_regulator/inst/xpm_cdc_async_rst_inst/reset_pol
    SLICE_X57Y113        FDCE                                         f  top_i/smartconnect_0/inst/s01_entry_pipeline/s01_transaction_regulator/inst/xpm_cdc_async_rst_inst/arststages_ff_reg[2]/CLR
  -------------------------------------------------------------------    -------------------

                         (clock clk_fpga_0 rise edge)
                                                      0.000     0.000 r  
    PS7_X0Y0             PS7                          0.000     0.000 r  top_i/zynq_ps/inst/PS7_i/FCLKCLK[0]
                         net (fo=1, routed)           1.088     1.088    top_i/zynq_ps/inst/FCLK_CLK_unbuffered[0]
    BUFGCTRL_X0Y16       BUFG (Prop_bufg_I_O)         0.091     1.179 r  top_i/zynq_ps/inst/buffer_fclk_clk_0.FCLK_CLK_0_BUFG/O
                         net (fo=55826, routed)       1.706     2.885    top_i/smartconnect_0/inst/s01_entry_pipeline/s01_transaction_regulator/inst/xpm_cdc_async_rst_inst/dest_clk
    SLICE_X57Y113        FDCE                                         r  top_i/smartconnect_0/inst/s01_entry_pipeline/s01_transaction_regulator/inst/xpm_cdc_async_rst_inst/arststages_ff_reg[2]/C

Slack:                    inf
  Source:                 top_i/smartconnect_0/inst/clk_map/psr_aclk/U0/ACTIVE_LOW_BSR_OUT_DFF[0].FDRE_BSR_N/C
                            (rising edge-triggered cell FDRE clocked by clk_fpga_0  {rise@0.000ns fall@5.000ns period=10.000ns})
  Destination:            top_i/smartconnect_0/inst/s01_entry_pipeline/s01_mmu/inst/xpm_cdc_async_rst_inst/arststages_ff_reg[0]/CLR
                            (recovery check against rising-edge clock clk_fpga_0  {rise@0.000ns fall@5.000ns period=10.000ns})
  Path Group:             (none)
  Path Type:              Recovery (Max at Slow Process Corner)
  Data Path Delay:        5.844ns  (logic 0.580ns (9.925%)  route 5.264ns (90.075%))
  Logic Levels:           1  (LUT1=1)
  Clock Path Skew:        -0.105ns (DCD - SCD + CPR)
    Destination Clock Delay (DCD):    2.884ns
    Source Clock Delay      (SCD):    2.989ns
    Clock Pessimism Removal (CPR):    0.000ns
  Clock Uncertainty:      0.154ns  ((TSJ^2 + TIJ^2)^1/2 + DJ) / 2 + PE
    Total System Jitter     (TSJ):    0.071ns
    Total Input Jitter      (TIJ):    0.300ns
    Discrete Jitter          (DJ):    0.000ns
    Phase Error              (PE):    0.000ns
  Timing Exception:       False Path

    Location             Delay type                Incr(ns)  Path(ns)    Netlist Resource(s)
  -------------------------------------------------------------------    -------------------
                         (clock clk_fpga_0 rise edge)
                                                      0.000     0.000 r  
    PS7_X0Y0             PS7                          0.000     0.000 r  top_i/zynq_ps/inst/PS7_i/FCLKCLK[0]
                         net (fo=1, routed)           1.193     1.193    top_i/zynq_ps/inst/FCLK_CLK_unbuffered[0]
    BUFGCTRL_X0Y16       BUFG (Prop_bufg_I_O)         0.101     1.294 r  top_i/zynq_ps/inst/buffer_fclk_clk_0.FCLK_CLK_0_BUFG/O
                         net (fo=55826, routed)       1.695     2.989    top_i/smartconnect_0/inst/clk_map/psr_aclk/U0/aclk
    SLICE_X64Y74         FDRE                                         r  top_i/smartconnect_0/inst/clk_map/psr_aclk/U0/ACTIVE_LOW_BSR_OUT_DFF[0].FDRE_BSR_N/C
  -------------------------------------------------------------------    -------------------
    SLICE_X64Y74         FDRE (Prop_fdre_C_Q)         0.456     3.445 r  top_i/smartconnect_0/inst/clk_map/psr_aclk/U0/ACTIVE_LOW_BSR_OUT_DFF[0].FDRE_BSR_N/Q
                         net (fo=22, routed)          4.758     8.203    top_i/smartconnect_0/inst/s01_entry_pipeline/s01_mmu/inst/xpm_cdc_async_rst_inst/src_arst
    SLICE_X58Y114        LUT1 (Prop_lut1_I0_O)        0.124     8.327 f  top_i/smartconnect_0/inst/s01_entry_pipeline/s01_mmu/inst/xpm_cdc_async_rst_inst/arststages_ff[2]_i_1/O
                         net (fo=3, routed)           0.506     8.833    top_i/smartconnect_0/inst/s01_entry_pipeline/s01_mmu/inst/xpm_cdc_async_rst_inst/reset_pol
    SLICE_X59Y115        FDCE                                         f  top_i/smartconnect_0/inst/s01_entry_pipeline/s01_mmu/inst/xpm_cdc_async_rst_inst/arststages_ff_reg[0]/CLR
  -------------------------------------------------------------------    -------------------

                         (clock clk_fpga_0 rise edge)
                                                      0.000     0.000 r  
    PS7_X0Y0             PS7                          0.000     0.000 r  top_i/zynq_ps/inst/PS7_i/FCLKCLK[0]
                         net (fo=1, routed)           1.088     1.088    top_i/zynq_ps/inst/FCLK_CLK_unbuffered[0]
    BUFGCTRL_X0Y16       BUFG (Prop_bufg_I_O)         0.091     1.179 r  top_i/zynq_ps/inst/buffer_fclk_clk_0.FCLK_CLK_0_BUFG/O
                         net (fo=55826, routed)       1.705     2.884    top_i/smartconnect_0/inst/s01_entry_pipeline/s01_mmu/inst/xpm_cdc_async_rst_inst/dest_clk
    SLICE_X59Y115        FDCE                                         r  top_i/smartconnect_0/inst/s01_entry_pipeline/s01_mmu/inst/xpm_cdc_async_rst_inst/arststages_ff_reg[0]/C

Slack:                    inf
  Source:                 top_i/smartconnect_0/inst/clk_map/psr_aclk/U0/ACTIVE_LOW_BSR_OUT_DFF[0].FDRE_BSR_N/C
                            (rising edge-triggered cell FDRE clocked by clk_fpga_0  {rise@0.000ns fall@5.000ns period=10.000ns})
  Destination:            top_i/smartconnect_0/inst/s01_entry_pipeline/s01_mmu/inst/xpm_cdc_async_rst_inst/arststages_ff_reg[1]/CLR
                            (recovery check against rising-edge clock clk_fpga_0  {rise@0.000ns fall@5.000ns period=10.000ns})
  Path Group:             (none)
  Path Type:              Recovery (Max at Slow Process Corner)
  Data Path Delay:        5.844ns  (logic 0.580ns (9.925%)  route 5.264ns (90.075%))
  Logic Levels:           1  (LUT1=1)
  Clock Path Skew:        -0.105ns (DCD - SCD + CPR)
    Destination Clock Delay (DCD):    2.884ns
    Source Clock Delay      (SCD):    2.989ns
    Clock Pessimism Removal (CPR):    0.000ns
  Clock Uncertainty:      0.154ns  ((TSJ^2 + TIJ^2)^1/2 + DJ) / 2 + PE
    Total System Jitter     (TSJ):    0.071ns
    Total Input Jitter      (TIJ):    0.300ns
    Discrete Jitter          (DJ):    0.000ns
    Phase Error              (PE):    0.000ns
  Timing Exception:       False Path

    Location             Delay type                Incr(ns)  Path(ns)    Netlist Resource(s)
  -------------------------------------------------------------------    -------------------
                         (clock clk_fpga_0 rise edge)
                                                      0.000     0.000 r  
    PS7_X0Y0             PS7                          0.000     0.000 r  top_i/zynq_ps/inst/PS7_i/FCLKCLK[0]
                         net (fo=1, routed)           1.193     1.193    top_i/zynq_ps/inst/FCLK_CLK_unbuffered[0]
    BUFGCTRL_X0Y16       BUFG (Prop_bufg_I_O)         0.101     1.294 r  top_i/zynq_ps/inst/buffer_fclk_clk_0.FCLK_CLK_0_BUFG/O
                         net (fo=55826, routed)       1.695     2.989    top_i/smartconnect_0/inst/clk_map/psr_aclk/U0/aclk
    SLICE_X64Y74         FDRE                                         r  top_i/smartconnect_0/inst/clk_map/psr_aclk/U0/ACTIVE_LOW_BSR_OUT_DFF[0].FDRE_BSR_N/C
  -------------------------------------------------------------------    -------------------
    SLICE_X64Y74         FDRE (Prop_fdre_C_Q)         0.456     3.445 r  top_i/smartconnect_0/inst/clk_map/psr_aclk/U0/ACTIVE_LOW_BSR_OUT_DFF[0].FDRE_BSR_N/Q
                         net (fo=22, routed)          4.758     8.203    top_i/smartconnect_0/inst/s01_entry_pipeline/s01_mmu/inst/xpm_cdc_async_rst_inst/src_arst
    SLICE_X58Y114        LUT1 (Prop_lut1_I0_O)        0.124     8.327 f  top_i/smartconnect_0/inst/s01_entry_pipeline/s01_mmu/inst/xpm_cdc_async_rst_inst/arststages_ff[2]_i_1/O
                         net (fo=3, routed)           0.506     8.833    top_i/smartconnect_0/inst/s01_entry_pipeline/s01_mmu/inst/xpm_cdc_async_rst_inst/reset_pol
    SLICE_X59Y115        FDCE                                         f  top_i/smartconnect_0/inst/s01_entry_pipeline/s01_mmu/inst/xpm_cdc_async_rst_inst/arststages_ff_reg[1]/CLR
  -------------------------------------------------------------------    -------------------

                         (clock clk_fpga_0 rise edge)
                                                      0.000     0.000 r  
    PS7_X0Y0             PS7                          0.000     0.000 r  top_i/zynq_ps/inst/PS7_i/FCLKCLK[0]
                         net (fo=1, routed)           1.088     1.088    top_i/zynq_ps/inst/FCLK_CLK_unbuffered[0]
    BUFGCTRL_X0Y16       BUFG (Prop_bufg_I_O)         0.091     1.179 r  top_i/zynq_ps/inst/buffer_fclk_clk_0.FCLK_CLK_0_BUFG/O
                         net (fo=55826, routed)       1.705     2.884    top_i/smartconnect_0/inst/s01_entry_pipeline/s01_mmu/inst/xpm_cdc_async_rst_inst/dest_clk
    SLICE_X59Y115        FDCE                                         r  top_i/smartconnect_0/inst/s01_entry_pipeline/s01_mmu/inst/xpm_cdc_async_rst_inst/arststages_ff_reg[1]/C

Slack:                    inf
  Source:                 top_i/smartconnect_0/inst/clk_map/psr_aclk/U0/ACTIVE_LOW_BSR_OUT_DFF[0].FDRE_BSR_N/C
                            (rising edge-triggered cell FDRE clocked by clk_fpga_0  {rise@0.000ns fall@5.000ns period=10.000ns})
  Destination:            top_i/smartconnect_0/inst/s01_entry_pipeline/s01_mmu/inst/xpm_cdc_async_rst_inst/arststages_ff_reg[2]/CLR
                            (recovery check against rising-edge clock clk_fpga_0  {rise@0.000ns fall@5.000ns period=10.000ns})
  Path Group:             (none)
  Path Type:              Recovery (Max at Slow Process Corner)
  Data Path Delay:        5.844ns  (logic 0.580ns (9.925%)  route 5.264ns (90.075%))
  Logic Levels:           1  (LUT1=1)
  Clock Path Skew:        -0.105ns (DCD - SCD + CPR)
    Destination Clock Delay (DCD):    2.884ns
    Source Clock Delay      (SCD):    2.989ns
    Clock Pessimism Removal (CPR):    0.000ns
  Clock Uncertainty:      0.154ns  ((TSJ^2 + TIJ^2)^1/2 + DJ) / 2 + PE
    Total System Jitter     (TSJ):    0.071ns
    Total Input Jitter      (TIJ):    0.300ns
    Discrete Jitter          (DJ):    0.000ns
    Phase Error              (PE):    0.000ns
  Timing Exception:       False Path

    Location             Delay type                Incr(ns)  Path(ns)    Netlist Resource(s)
  -------------------------------------------------------------------    -------------------
                         (clock clk_fpga_0 rise edge)
                                                      0.000     0.000 r  
    PS7_X0Y0             PS7                          0.000     0.000 r  top_i/zynq_ps/inst/PS7_i/FCLKCLK[0]
                         net (fo=1, routed)           1.193     1.193    top_i/zynq_ps/inst/FCLK_CLK_unbuffered[0]
    BUFGCTRL_X0Y16       BUFG (Prop_bufg_I_O)         0.101     1.294 r  top_i/zynq_ps/inst/buffer_fclk_clk_0.FCLK_CLK_0_BUFG/O
                         net (fo=55826, routed)       1.695     2.989    top_i/smartconnect_0/inst/clk_map/psr_aclk/U0/aclk
    SLICE_X64Y74         FDRE                                         r  top_i/smartconnect_0/inst/clk_map/psr_aclk/U0/ACTIVE_LOW_BSR_OUT_DFF[0].FDRE_BSR_N/C
  -------------------------------------------------------------------    -------------------
    SLICE_X64Y74         FDRE (Prop_fdre_C_Q)         0.456     3.445 r  top_i/smartconnect_0/inst/clk_map/psr_aclk/U0/ACTIVE_LOW_BSR_OUT_DFF[0].FDRE_BSR_N/Q
                         net (fo=22, routed)          4.758     8.203    top_i/smartconnect_0/inst/s01_entry_pipeline/s01_mmu/inst/xpm_cdc_async_rst_inst/src_arst
    SLICE_X58Y114        LUT1 (Prop_lut1_I0_O)        0.124     8.327 f  top_i/smartconnect_0/inst/s01_entry_pipeline/s01_mmu/inst/xpm_cdc_async_rst_inst/arststages_ff[2]_i_1/O
                         net (fo=3, routed)           0.506     8.833    top_i/smartconnect_0/inst/s01_entry_pipeline/s01_mmu/inst/xpm_cdc_async_rst_inst/reset_pol
    SLICE_X59Y115        FDCE                                         f  top_i/smartconnect_0/inst/s01_entry_pipeline/s01_mmu/inst/xpm_cdc_async_rst_inst/arststages_ff_reg[2]/CLR
  -------------------------------------------------------------------    -------------------

                         (clock clk_fpga_0 rise edge)
                                                      0.000     0.000 r  
    PS7_X0Y0             PS7                          0.000     0.000 r  top_i/zynq_ps/inst/PS7_i/FCLKCLK[0]
                         net (fo=1, routed)           1.088     1.088    top_i/zynq_ps/inst/FCLK_CLK_unbuffered[0]
    BUFGCTRL_X0Y16       BUFG (Prop_bufg_I_O)         0.091     1.179 r  top_i/zynq_ps/inst/buffer_fclk_clk_0.FCLK_CLK_0_BUFG/O
                         net (fo=55826, routed)       1.705     2.884    top_i/smartconnect_0/inst/s01_entry_pipeline/s01_mmu/inst/xpm_cdc_async_rst_inst/dest_clk
    SLICE_X59Y115        FDCE                                         r  top_i/smartconnect_0/inst/s01_entry_pipeline/s01_mmu/inst/xpm_cdc_async_rst_inst/arststages_ff_reg[2]/C

Slack:                    inf
  Source:                 top_i/smartconnect_0/inst/clk_map/psr_aclk/U0/ACTIVE_LOW_BSR_OUT_DFF[0].FDRE_BSR_N/C
                            (rising edge-triggered cell FDRE clocked by clk_fpga_0  {rise@0.000ns fall@5.000ns period=10.000ns})
  Destination:            top_i/smartconnect_0/inst/s01_nodes/s01_r_node/inst/s_sc_xpm_cdc_async_rst_inst/arststages_ff_reg[0]/CLR
                            (recovery check against rising-edge clock clk_fpga_0  {rise@0.000ns fall@5.000ns period=10.000ns})
  Path Group:             (none)
  Path Type:              Recovery (Max at Slow Process Corner)
  Data Path Delay:        5.665ns  (logic 0.610ns (10.768%)  route 5.055ns (89.232%))
  Logic Levels:           1  (LUT1=1)
  Clock Path Skew:        -0.152ns (DCD - SCD + CPR)
    Destination Clock Delay (DCD):    2.837ns
    Source Clock Delay      (SCD):    2.989ns
    Clock Pessimism Removal (CPR):    0.000ns
  Clock Uncertainty:      0.154ns  ((TSJ^2 + TIJ^2)^1/2 + DJ) / 2 + PE
    Total System Jitter     (TSJ):    0.071ns
    Total Input Jitter      (TIJ):    0.300ns
    Discrete Jitter          (DJ):    0.000ns
    Phase Error              (PE):    0.000ns
  Timing Exception:       False Path

    Location             Delay type                Incr(ns)  Path(ns)    Netlist Resource(s)
  -------------------------------------------------------------------    -------------------
                         (clock clk_fpga_0 rise edge)
                                                      0.000     0.000 r  
    PS7_X0Y0             PS7                          0.000     0.000 r  top_i/zynq_ps/inst/PS7_i/FCLKCLK[0]
                         net (fo=1, routed)           1.193     1.193    top_i/zynq_ps/inst/FCLK_CLK_unbuffered[0]
    BUFGCTRL_X0Y16       BUFG (Prop_bufg_I_O)         0.101     1.294 r  top_i/zynq_ps/inst/buffer_fclk_clk_0.FCLK_CLK_0_BUFG/O
                         net (fo=55826, routed)       1.695     2.989    top_i/smartconnect_0/inst/clk_map/psr_aclk/U0/aclk
    SLICE_X64Y74         FDRE                                         r  top_i/smartconnect_0/inst/clk_map/psr_aclk/U0/ACTIVE_LOW_BSR_OUT_DFF[0].FDRE_BSR_N/C
  -------------------------------------------------------------------    -------------------
    SLICE_X64Y74         FDRE (Prop_fdre_C_Q)         0.456     3.445 r  top_i/smartconnect_0/inst/clk_map/psr_aclk/U0/ACTIVE_LOW_BSR_OUT_DFF[0].FDRE_BSR_N/Q
                         net (fo=22, routed)          4.341     7.786    top_i/smartconnect_0/inst/s01_nodes/s01_r_node/inst/s_sc_xpm_cdc_async_rst_inst/src_arst
    SLICE_X7Y45          LUT1 (Prop_lut1_I0_O)        0.154     7.940 f  top_i/smartconnect_0/inst/s01_nodes/s01_r_node/inst/s_sc_xpm_cdc_async_rst_inst/arststages_ff[2]_i_1/O
                         net (fo=3, routed)           0.714     8.654    top_i/smartconnect_0/inst/s01_nodes/s01_r_node/inst/s_sc_xpm_cdc_async_rst_inst/reset_pol
    SLICE_X5Y44          FDCE                                         f  top_i/smartconnect_0/inst/s01_nodes/s01_r_node/inst/s_sc_xpm_cdc_async_rst_inst/arststages_ff_reg[0]/CLR
  -------------------------------------------------------------------    -------------------

                         (clock clk_fpga_0 rise edge)
                                                      0.000     0.000 r  
    PS7_X0Y0             PS7                          0.000     0.000 r  top_i/zynq_ps/inst/PS7_i/FCLKCLK[0]
                         net (fo=1, routed)           1.088     1.088    top_i/zynq_ps/inst/FCLK_CLK_unbuffered[0]
    BUFGCTRL_X0Y16       BUFG (Prop_bufg_I_O)         0.091     1.179 r  top_i/zynq_ps/inst/buffer_fclk_clk_0.FCLK_CLK_0_BUFG/O
                         net (fo=55826, routed)       1.658     2.837    top_i/smartconnect_0/inst/s01_nodes/s01_r_node/inst/s_sc_xpm_cdc_async_rst_inst/dest_clk
    SLICE_X5Y44          FDCE                                         r  top_i/smartconnect_0/inst/s01_nodes/s01_r_node/inst/s_sc_xpm_cdc_async_rst_inst/arststages_ff_reg[0]/C

Slack:                    inf
  Source:                 top_i/smartconnect_0/inst/clk_map/psr_aclk/U0/ACTIVE_LOW_BSR_OUT_DFF[0].FDRE_BSR_N/C
                            (rising edge-triggered cell FDRE clocked by clk_fpga_0  {rise@0.000ns fall@5.000ns period=10.000ns})
  Destination:            top_i/smartconnect_0/inst/s01_nodes/s01_r_node/inst/s_sc_xpm_cdc_async_rst_inst/arststages_ff_reg[1]/CLR
                            (recovery check against rising-edge clock clk_fpga_0  {rise@0.000ns fall@5.000ns period=10.000ns})
  Path Group:             (none)
  Path Type:              Recovery (Max at Slow Process Corner)
  Data Path Delay:        5.665ns  (logic 0.610ns (10.768%)  route 5.055ns (89.232%))
  Logic Levels:           1  (LUT1=1)
  Clock Path Skew:        -0.152ns (DCD - SCD + CPR)
    Destination Clock Delay (DCD):    2.837ns
    Source Clock Delay      (SCD):    2.989ns
    Clock Pessimism Removal (CPR):    0.000ns
  Clock Uncertainty:      0.154ns  ((TSJ^2 + TIJ^2)^1/2 + DJ) / 2 + PE
    Total System Jitter     (TSJ):    0.071ns
    Total Input Jitter      (TIJ):    0.300ns
    Discrete Jitter          (DJ):    0.000ns
    Phase Error              (PE):    0.000ns
  Timing Exception:       False Path

    Location             Delay type                Incr(ns)  Path(ns)    Netlist Resource(s)
  -------------------------------------------------------------------    -------------------
                         (clock clk_fpga_0 rise edge)
                                                      0.000     0.000 r  
    PS7_X0Y0             PS7                          0.000     0.000 r  top_i/zynq_ps/inst/PS7_i/FCLKCLK[0]
                         net (fo=1, routed)           1.193     1.193    top_i/zynq_ps/inst/FCLK_CLK_unbuffered[0]
    BUFGCTRL_X0Y16       BUFG (Prop_bufg_I_O)         0.101     1.294 r  top_i/zynq_ps/inst/buffer_fclk_clk_0.FCLK_CLK_0_BUFG/O
                         net (fo=55826, routed)       1.695     2.989    top_i/smartconnect_0/inst/clk_map/psr_aclk/U0/aclk
    SLICE_X64Y74         FDRE                                         r  top_i/smartconnect_0/inst/clk_map/psr_aclk/U0/ACTIVE_LOW_BSR_OUT_DFF[0].FDRE_BSR_N/C
  -------------------------------------------------------------------    -------------------
    SLICE_X64Y74         FDRE (Prop_fdre_C_Q)         0.456     3.445 r  top_i/smartconnect_0/inst/clk_map/psr_aclk/U0/ACTIVE_LOW_BSR_OUT_DFF[0].FDRE_BSR_N/Q
                         net (fo=22, routed)          4.341     7.786    top_i/smartconnect_0/inst/s01_nodes/s01_r_node/inst/s_sc_xpm_cdc_async_rst_inst/src_arst
    SLICE_X7Y45          LUT1 (Prop_lut1_I0_O)        0.154     7.940 f  top_i/smartconnect_0/inst/s01_nodes/s01_r_node/inst/s_sc_xpm_cdc_async_rst_inst/arststages_ff[2]_i_1/O
                         net (fo=3, routed)           0.714     8.654    top_i/smartconnect_0/inst/s01_nodes/s01_r_node/inst/s_sc_xpm_cdc_async_rst_inst/reset_pol
    SLICE_X5Y44          FDCE                                         f  top_i/smartconnect_0/inst/s01_nodes/s01_r_node/inst/s_sc_xpm_cdc_async_rst_inst/arststages_ff_reg[1]/CLR
  -------------------------------------------------------------------    -------------------

                         (clock clk_fpga_0 rise edge)
                                                      0.000     0.000 r  
    PS7_X0Y0             PS7                          0.000     0.000 r  top_i/zynq_ps/inst/PS7_i/FCLKCLK[0]
                         net (fo=1, routed)           1.088     1.088    top_i/zynq_ps/inst/FCLK_CLK_unbuffered[0]
    BUFGCTRL_X0Y16       BUFG (Prop_bufg_I_O)         0.091     1.179 r  top_i/zynq_ps/inst/buffer_fclk_clk_0.FCLK_CLK_0_BUFG/O
                         net (fo=55826, routed)       1.658     2.837    top_i/smartconnect_0/inst/s01_nodes/s01_r_node/inst/s_sc_xpm_cdc_async_rst_inst/dest_clk
    SLICE_X5Y44          FDCE                                         r  top_i/smartconnect_0/inst/s01_nodes/s01_r_node/inst/s_sc_xpm_cdc_async_rst_inst/arststages_ff_reg[1]/C

Slack:                    inf
  Source:                 top_i/smartconnect_0/inst/clk_map/psr_aclk/U0/ACTIVE_LOW_BSR_OUT_DFF[0].FDRE_BSR_N/C
                            (rising edge-triggered cell FDRE clocked by clk_fpga_0  {rise@0.000ns fall@5.000ns period=10.000ns})
  Destination:            top_i/smartconnect_0/inst/s01_nodes/s01_r_node/inst/s_sc_xpm_cdc_async_rst_inst/arststages_ff_reg[2]/CLR
                            (recovery check against rising-edge clock clk_fpga_0  {rise@0.000ns fall@5.000ns period=10.000ns})
  Path Group:             (none)
  Path Type:              Recovery (Max at Slow Process Corner)
  Data Path Delay:        5.665ns  (logic 0.610ns (10.768%)  route 5.055ns (89.232%))
  Logic Levels:           1  (LUT1=1)
  Clock Path Skew:        -0.152ns (DCD - SCD + CPR)
    Destination Clock Delay (DCD):    2.837ns
    Source Clock Delay      (SCD):    2.989ns
    Clock Pessimism Removal (CPR):    0.000ns
  Clock Uncertainty:      0.154ns  ((TSJ^2 + TIJ^2)^1/2 + DJ) / 2 + PE
    Total System Jitter     (TSJ):    0.071ns
    Total Input Jitter      (TIJ):    0.300ns
    Discrete Jitter          (DJ):    0.000ns
    Phase Error              (PE):    0.000ns
  Timing Exception:       False Path

    Location             Delay type                Incr(ns)  Path(ns)    Netlist Resource(s)
  -------------------------------------------------------------------    -------------------
                         (clock clk_fpga_0 rise edge)
                                                      0.000     0.000 r  
    PS7_X0Y0             PS7                          0.000     0.000 r  top_i/zynq_ps/inst/PS7_i/FCLKCLK[0]
                         net (fo=1, routed)           1.193     1.193    top_i/zynq_ps/inst/FCLK_CLK_unbuffered[0]
    BUFGCTRL_X0Y16       BUFG (Prop_bufg_I_O)         0.101     1.294 r  top_i/zynq_ps/inst/buffer_fclk_clk_0.FCLK_CLK_0_BUFG/O
                         net (fo=55826, routed)       1.695     2.989    top_i/smartconnect_0/inst/clk_map/psr_aclk/U0/aclk
    SLICE_X64Y74         FDRE                                         r  top_i/smartconnect_0/inst/clk_map/psr_aclk/U0/ACTIVE_LOW_BSR_OUT_DFF[0].FDRE_BSR_N/C
  -------------------------------------------------------------------    -------------------
    SLICE_X64Y74         FDRE (Prop_fdre_C_Q)         0.456     3.445 r  top_i/smartconnect_0/inst/clk_map/psr_aclk/U0/ACTIVE_LOW_BSR_OUT_DFF[0].FDRE_BSR_N/Q
                         net (fo=22, routed)          4.341     7.786    top_i/smartconnect_0/inst/s01_nodes/s01_r_node/inst/s_sc_xpm_cdc_async_rst_inst/src_arst
    SLICE_X7Y45          LUT1 (Prop_lut1_I0_O)        0.154     7.940 f  top_i/smartconnect_0/inst/s01_nodes/s01_r_node/inst/s_sc_xpm_cdc_async_rst_inst/arststages_ff[2]_i_1/O
                         net (fo=3, routed)           0.714     8.654    top_i/smartconnect_0/inst/s01_nodes/s01_r_node/inst/s_sc_xpm_cdc_async_rst_inst/reset_pol
    SLICE_X5Y44          FDCE                                         f  top_i/smartconnect_0/inst/s01_nodes/s01_r_node/inst/s_sc_xpm_cdc_async_rst_inst/arststages_ff_reg[2]/CLR
  -------------------------------------------------------------------    -------------------

                         (clock clk_fpga_0 rise edge)
                                                      0.000     0.000 r  
    PS7_X0Y0             PS7                          0.000     0.000 r  top_i/zynq_ps/inst/PS7_i/FCLKCLK[0]
                         net (fo=1, routed)           1.088     1.088    top_i/zynq_ps/inst/FCLK_CLK_unbuffered[0]
    BUFGCTRL_X0Y16       BUFG (Prop_bufg_I_O)         0.091     1.179 r  top_i/zynq_ps/inst/buffer_fclk_clk_0.FCLK_CLK_0_BUFG/O
                         net (fo=55826, routed)       1.658     2.837    top_i/smartconnect_0/inst/s01_nodes/s01_r_node/inst/s_sc_xpm_cdc_async_rst_inst/dest_clk
    SLICE_X5Y44          FDCE                                         r  top_i/smartconnect_0/inst/s01_nodes/s01_r_node/inst/s_sc_xpm_cdc_async_rst_inst/arststages_ff_reg[2]/C

Slack:                    inf
  Source:                 top_i/smartconnect_0/inst/clk_map/psr_aclk/U0/ACTIVE_LOW_BSR_OUT_DFF[0].FDRE_BSR_N/C
                            (rising edge-triggered cell FDRE clocked by clk_fpga_0  {rise@0.000ns fall@5.000ns period=10.000ns})
  Destination:            top_i/smartconnect_0/inst/s00_nodes/s00_r_node/inst/s_sc_xpm_cdc_async_rst_inst/arststages_ff_reg[0]/CLR
                            (recovery check against rising-edge clock clk_fpga_0  {rise@0.000ns fall@5.000ns period=10.000ns})
  Path Group:             (none)
  Path Type:              Recovery (Max at Slow Process Corner)
  Data Path Delay:        5.543ns  (logic 0.580ns (10.464%)  route 4.963ns (89.536%))
  Logic Levels:           1  (LUT1=1)
  Clock Path Skew:        -0.152ns (DCD - SCD + CPR)
    Destination Clock Delay (DCD):    2.837ns
    Source Clock Delay      (SCD):    2.989ns
    Clock Pessimism Removal (CPR):    0.000ns
  Clock Uncertainty:      0.154ns  ((TSJ^2 + TIJ^2)^1/2 + DJ) / 2 + PE
    Total System Jitter     (TSJ):    0.071ns
    Total Input Jitter      (TIJ):    0.300ns
    Discrete Jitter          (DJ):    0.000ns
    Phase Error              (PE):    0.000ns
  Timing Exception:       False Path

    Location             Delay type                Incr(ns)  Path(ns)    Netlist Resource(s)
  -------------------------------------------------------------------    -------------------
                         (clock clk_fpga_0 rise edge)
                                                      0.000     0.000 r  
    PS7_X0Y0             PS7                          0.000     0.000 r  top_i/zynq_ps/inst/PS7_i/FCLKCLK[0]
                         net (fo=1, routed)           1.193     1.193    top_i/zynq_ps/inst/FCLK_CLK_unbuffered[0]
    BUFGCTRL_X0Y16       BUFG (Prop_bufg_I_O)         0.101     1.294 r  top_i/zynq_ps/inst/buffer_fclk_clk_0.FCLK_CLK_0_BUFG/O
                         net (fo=55826, routed)       1.695     2.989    top_i/smartconnect_0/inst/clk_map/psr_aclk/U0/aclk
    SLICE_X64Y74         FDRE                                         r  top_i/smartconnect_0/inst/clk_map/psr_aclk/U0/ACTIVE_LOW_BSR_OUT_DFF[0].FDRE_BSR_N/C
  -------------------------------------------------------------------    -------------------
    SLICE_X64Y74         FDRE (Prop_fdre_C_Q)         0.456     3.445 r  top_i/smartconnect_0/inst/clk_map/psr_aclk/U0/ACTIVE_LOW_BSR_OUT_DFF[0].FDRE_BSR_N/Q
                         net (fo=22, routed)          4.341     7.786    top_i/smartconnect_0/inst/s00_nodes/s00_r_node/inst/s_sc_xpm_cdc_async_rst_inst/src_arst
    SLICE_X7Y45          LUT1 (Prop_lut1_I0_O)        0.124     7.910 f  top_i/smartconnect_0/inst/s00_nodes/s00_r_node/inst/s_sc_xpm_cdc_async_rst_inst/arststages_ff[2]_i_1/O
                         net (fo=3, routed)           0.622     8.532    top_i/smartconnect_0/inst/s00_nodes/s00_r_node/inst/s_sc_xpm_cdc_async_rst_inst/reset_pol
    SLICE_X7Y45          FDCE                                         f  top_i/smartconnect_0/inst/s00_nodes/s00_r_node/inst/s_sc_xpm_cdc_async_rst_inst/arststages_ff_reg[0]/CLR
  -------------------------------------------------------------------    -------------------

                         (clock clk_fpga_0 rise edge)
                                                      0.000     0.000 r  
    PS7_X0Y0             PS7                          0.000     0.000 r  top_i/zynq_ps/inst/PS7_i/FCLKCLK[0]
                         net (fo=1, routed)           1.088     1.088    top_i/zynq_ps/inst/FCLK_CLK_unbuffered[0]
    BUFGCTRL_X0Y16       BUFG (Prop_bufg_I_O)         0.091     1.179 r  top_i/zynq_ps/inst/buffer_fclk_clk_0.FCLK_CLK_0_BUFG/O
                         net (fo=55826, routed)       1.658     2.837    top_i/smartconnect_0/inst/s00_nodes/s00_r_node/inst/s_sc_xpm_cdc_async_rst_inst/dest_clk
    SLICE_X7Y45          FDCE                                         r  top_i/smartconnect_0/inst/s00_nodes/s00_r_node/inst/s_sc_xpm_cdc_async_rst_inst/arststages_ff_reg[0]/C





Min Delay Paths
--------------------------------------------------------------------------------------
Slack:                    inf
  Source:                 top_i/smartconnect_0/inst/clk_map/psr_aclk/U0/ACTIVE_LOW_BSR_OUT_DFF[0].FDRE_BSR_N/C
                            (rising edge-triggered cell FDRE clocked by clk_fpga_0  {rise@0.000ns fall@5.000ns period=10.000ns})
  Destination:            top_i/smartconnect_0/inst/m00_nodes/m00_b_node/inst/s_sc_xpm_cdc_async_rst_inst/arststages_ff_reg[0]/CLR
                            (removal check against rising-edge clock clk_fpga_0  {rise@0.000ns fall@5.000ns period=10.000ns})
  Path Group:             (none)
  Path Type:              Removal (Min at Fast Process Corner)
  Data Path Delay:        0.638ns  (logic 0.186ns (29.156%)  route 0.452ns (70.844%))
  Logic Levels:           1  (LUT1=1)
  Clock Path Skew:        0.303ns (DCD - SCD - CPR)
    Destination Clock Delay (DCD):    1.205ns
    Source Clock Delay      (SCD):    0.902ns
    Clock Pessimism Removal (CPR):    -0.000ns
  Clock Uncertainty:      0.154ns  ((TSJ^2 + TIJ^2)^1/2 + DJ) / 2 + PE
    Total System Jitter     (TSJ):    0.071ns
    Total Input Jitter      (TIJ):    0.300ns
    Discrete Jitter          (DJ):    0.000ns
    Phase Error              (PE):    0.000ns
  Timing Exception:       False Path

    Location             Delay type                Incr(ns)  Path(ns)    Netlist Resource(s)
  -------------------------------------------------------------------    -------------------
                         (clock clk_fpga_0 rise edge)
                                                      0.000     0.000 r  
    PS7_X0Y0             PS7                          0.000     0.000 r  top_i/zynq_ps/inst/PS7_i/FCLKCLK[0]
                         net (fo=1, routed)           0.310     0.310    top_i/zynq_ps/inst/FCLK_CLK_unbuffered[0]
    BUFGCTRL_X0Y16       BUFG (Prop_bufg_I_O)         0.026     0.336 r  top_i/zynq_ps/inst/buffer_fclk_clk_0.FCLK_CLK_0_BUFG/O
                         net (fo=55826, routed)       0.566     0.902    top_i/smartconnect_0/inst/clk_map/psr_aclk/U0/aclk
    SLICE_X64Y74         FDRE                                         r  top_i/smartconnect_0/inst/clk_map/psr_aclk/U0/ACTIVE_LOW_BSR_OUT_DFF[0].FDRE_BSR_N/C
  -------------------------------------------------------------------    -------------------
    SLICE_X64Y74         FDRE (Prop_fdre_C_Q)         0.141     1.043 r  top_i/smartconnect_0/inst/clk_map/psr_aclk/U0/ACTIVE_LOW_BSR_OUT_DFF[0].FDRE_BSR_N/Q
                         net (fo=22, routed)          0.276     1.319    top_i/smartconnect_0/inst/m00_nodes/m00_b_node/inst/s_sc_xpm_cdc_async_rst_inst/src_arst
    SLICE_X62Y67         LUT1 (Prop_lut1_I0_O)        0.045     1.364 f  top_i/smartconnect_0/inst/m00_nodes/m00_b_node/inst/s_sc_xpm_cdc_async_rst_inst/arststages_ff[2]_i_1/O
                         net (fo=3, routed)           0.175     1.540    top_i/smartconnect_0/inst/m00_nodes/m00_b_node/inst/s_sc_xpm_cdc_async_rst_inst/reset_pol
    SLICE_X67Y68         FDCE                                         f  top_i/smartconnect_0/inst/m00_nodes/m00_b_node/inst/s_sc_xpm_cdc_async_rst_inst/arststages_ff_reg[0]/CLR
  -------------------------------------------------------------------    -------------------

                         (clock clk_fpga_0 rise edge)
                                                      0.000     0.000 r  
    PS7_X0Y0             PS7                          0.000     0.000 r  top_i/zynq_ps/inst/PS7_i/FCLKCLK[0]
                         net (fo=1, routed)           0.337     0.337    top_i/zynq_ps/inst/FCLK_CLK_unbuffered[0]
    BUFGCTRL_X0Y16       BUFG (Prop_bufg_I_O)         0.029     0.366 r  top_i/zynq_ps/inst/buffer_fclk_clk_0.FCLK_CLK_0_BUFG/O
                         net (fo=55826, routed)       0.839     1.205    top_i/smartconnect_0/inst/m00_nodes/m00_b_node/inst/s_sc_xpm_cdc_async_rst_inst/dest_clk
    SLICE_X67Y68         FDCE                                         r  top_i/smartconnect_0/inst/m00_nodes/m00_b_node/inst/s_sc_xpm_cdc_async_rst_inst/arststages_ff_reg[0]/C

Slack:                    inf
  Source:                 top_i/smartconnect_0/inst/clk_map/psr_aclk/U0/ACTIVE_LOW_BSR_OUT_DFF[0].FDRE_BSR_N/C
                            (rising edge-triggered cell FDRE clocked by clk_fpga_0  {rise@0.000ns fall@5.000ns period=10.000ns})
  Destination:            top_i/smartconnect_0/inst/m00_nodes/m00_b_node/inst/s_sc_xpm_cdc_async_rst_inst/arststages_ff_reg[1]/CLR
                            (removal check against rising-edge clock clk_fpga_0  {rise@0.000ns fall@5.000ns period=10.000ns})
  Path Group:             (none)
  Path Type:              Removal (Min at Fast Process Corner)
  Data Path Delay:        0.638ns  (logic 0.186ns (29.156%)  route 0.452ns (70.844%))
  Logic Levels:           1  (LUT1=1)
  Clock Path Skew:        0.303ns (DCD - SCD - CPR)
    Destination Clock Delay (DCD):    1.205ns
    Source Clock Delay      (SCD):    0.902ns
    Clock Pessimism Removal (CPR):    -0.000ns
  Clock Uncertainty:      0.154ns  ((TSJ^2 + TIJ^2)^1/2 + DJ) / 2 + PE
    Total System Jitter     (TSJ):    0.071ns
    Total Input Jitter      (TIJ):    0.300ns
    Discrete Jitter          (DJ):    0.000ns
    Phase Error              (PE):    0.000ns
  Timing Exception:       False Path

    Location             Delay type                Incr(ns)  Path(ns)    Netlist Resource(s)
  -------------------------------------------------------------------    -------------------
                         (clock clk_fpga_0 rise edge)
                                                      0.000     0.000 r  
    PS7_X0Y0             PS7                          0.000     0.000 r  top_i/zynq_ps/inst/PS7_i/FCLKCLK[0]
                         net (fo=1, routed)           0.310     0.310    top_i/zynq_ps/inst/FCLK_CLK_unbuffered[0]
    BUFGCTRL_X0Y16       BUFG (Prop_bufg_I_O)         0.026     0.336 r  top_i/zynq_ps/inst/buffer_fclk_clk_0.FCLK_CLK_0_BUFG/O
                         net (fo=55826, routed)       0.566     0.902    top_i/smartconnect_0/inst/clk_map/psr_aclk/U0/aclk
    SLICE_X64Y74         FDRE                                         r  top_i/smartconnect_0/inst/clk_map/psr_aclk/U0/ACTIVE_LOW_BSR_OUT_DFF[0].FDRE_BSR_N/C
  -------------------------------------------------------------------    -------------------
    SLICE_X64Y74         FDRE (Prop_fdre_C_Q)         0.141     1.043 r  top_i/smartconnect_0/inst/clk_map/psr_aclk/U0/ACTIVE_LOW_BSR_OUT_DFF[0].FDRE_BSR_N/Q
                         net (fo=22, routed)          0.276     1.319    top_i/smartconnect_0/inst/m00_nodes/m00_b_node/inst/s_sc_xpm_cdc_async_rst_inst/src_arst
    SLICE_X62Y67         LUT1 (Prop_lut1_I0_O)        0.045     1.364 f  top_i/smartconnect_0/inst/m00_nodes/m00_b_node/inst/s_sc_xpm_cdc_async_rst_inst/arststages_ff[2]_i_1/O
                         net (fo=3, routed)           0.175     1.540    top_i/smartconnect_0/inst/m00_nodes/m00_b_node/inst/s_sc_xpm_cdc_async_rst_inst/reset_pol
    SLICE_X67Y68         FDCE                                         f  top_i/smartconnect_0/inst/m00_nodes/m00_b_node/inst/s_sc_xpm_cdc_async_rst_inst/arststages_ff_reg[1]/CLR
  -------------------------------------------------------------------    -------------------

                         (clock clk_fpga_0 rise edge)
                                                      0.000     0.000 r  
    PS7_X0Y0             PS7                          0.000     0.000 r  top_i/zynq_ps/inst/PS7_i/FCLKCLK[0]
                         net (fo=1, routed)           0.337     0.337    top_i/zynq_ps/inst/FCLK_CLK_unbuffered[0]
    BUFGCTRL_X0Y16       BUFG (Prop_bufg_I_O)         0.029     0.366 r  top_i/zynq_ps/inst/buffer_fclk_clk_0.FCLK_CLK_0_BUFG/O
                         net (fo=55826, routed)       0.839     1.205    top_i/smartconnect_0/inst/m00_nodes/m00_b_node/inst/s_sc_xpm_cdc_async_rst_inst/dest_clk
    SLICE_X67Y68         FDCE                                         r  top_i/smartconnect_0/inst/m00_nodes/m00_b_node/inst/s_sc_xpm_cdc_async_rst_inst/arststages_ff_reg[1]/C

Slack:                    inf
  Source:                 top_i/smartconnect_0/inst/clk_map/psr_aclk/U0/ACTIVE_LOW_BSR_OUT_DFF[0].FDRE_BSR_N/C
                            (rising edge-triggered cell FDRE clocked by clk_fpga_0  {rise@0.000ns fall@5.000ns period=10.000ns})
  Destination:            top_i/smartconnect_0/inst/m00_nodes/m00_b_node/inst/s_sc_xpm_cdc_async_rst_inst/arststages_ff_reg[2]/CLR
                            (removal check against rising-edge clock clk_fpga_0  {rise@0.000ns fall@5.000ns period=10.000ns})
  Path Group:             (none)
  Path Type:              Removal (Min at Fast Process Corner)
  Data Path Delay:        0.638ns  (logic 0.186ns (29.156%)  route 0.452ns (70.844%))
  Logic Levels:           1  (LUT1=1)
  Clock Path Skew:        0.303ns (DCD - SCD - CPR)
    Destination Clock Delay (DCD):    1.205ns
    Source Clock Delay      (SCD):    0.902ns
    Clock Pessimism Removal (CPR):    -0.000ns
  Clock Uncertainty:      0.154ns  ((TSJ^2 + TIJ^2)^1/2 + DJ) / 2 + PE
    Total System Jitter     (TSJ):    0.071ns
    Total Input Jitter      (TIJ):    0.300ns
    Discrete Jitter          (DJ):    0.000ns
    Phase Error              (PE):    0.000ns
  Timing Exception:       False Path

    Location             Delay type                Incr(ns)  Path(ns)    Netlist Resource(s)
  -------------------------------------------------------------------    -------------------
                         (clock clk_fpga_0 rise edge)
                                                      0.000     0.000 r  
    PS7_X0Y0             PS7                          0.000     0.000 r  top_i/zynq_ps/inst/PS7_i/FCLKCLK[0]
                         net (fo=1, routed)           0.310     0.310    top_i/zynq_ps/inst/FCLK_CLK_unbuffered[0]
    BUFGCTRL_X0Y16       BUFG (Prop_bufg_I_O)         0.026     0.336 r  top_i/zynq_ps/inst/buffer_fclk_clk_0.FCLK_CLK_0_BUFG/O
                         net (fo=55826, routed)       0.566     0.902    top_i/smartconnect_0/inst/clk_map/psr_aclk/U0/aclk
    SLICE_X64Y74         FDRE                                         r  top_i/smartconnect_0/inst/clk_map/psr_aclk/U0/ACTIVE_LOW_BSR_OUT_DFF[0].FDRE_BSR_N/C
  -------------------------------------------------------------------    -------------------
    SLICE_X64Y74         FDRE (Prop_fdre_C_Q)         0.141     1.043 r  top_i/smartconnect_0/inst/clk_map/psr_aclk/U0/ACTIVE_LOW_BSR_OUT_DFF[0].FDRE_BSR_N/Q
                         net (fo=22, routed)          0.276     1.319    top_i/smartconnect_0/inst/m00_nodes/m00_b_node/inst/s_sc_xpm_cdc_async_rst_inst/src_arst
    SLICE_X62Y67         LUT1 (Prop_lut1_I0_O)        0.045     1.364 f  top_i/smartconnect_0/inst/m00_nodes/m00_b_node/inst/s_sc_xpm_cdc_async_rst_inst/arststages_ff[2]_i_1/O
                         net (fo=3, routed)           0.175     1.540    top_i/smartconnect_0/inst/m00_nodes/m00_b_node/inst/s_sc_xpm_cdc_async_rst_inst/reset_pol
    SLICE_X67Y68         FDCE                                         f  top_i/smartconnect_0/inst/m00_nodes/m00_b_node/inst/s_sc_xpm_cdc_async_rst_inst/arststages_ff_reg[2]/CLR
  -------------------------------------------------------------------    -------------------

                         (clock clk_fpga_0 rise edge)
                                                      0.000     0.000 r  
    PS7_X0Y0             PS7                          0.000     0.000 r  top_i/zynq_ps/inst/PS7_i/FCLKCLK[0]
                         net (fo=1, routed)           0.337     0.337    top_i/zynq_ps/inst/FCLK_CLK_unbuffered[0]
    BUFGCTRL_X0Y16       BUFG (Prop_bufg_I_O)         0.029     0.366 r  top_i/zynq_ps/inst/buffer_fclk_clk_0.FCLK_CLK_0_BUFG/O
                         net (fo=55826, routed)       0.839     1.205    top_i/smartconnect_0/inst/m00_nodes/m00_b_node/inst/s_sc_xpm_cdc_async_rst_inst/dest_clk
    SLICE_X67Y68         FDCE                                         r  top_i/smartconnect_0/inst/m00_nodes/m00_b_node/inst/s_sc_xpm_cdc_async_rst_inst/arststages_ff_reg[2]/C

Slack:                    inf
  Source:                 top_i/smartconnect_0/inst/clk_map/psr_aclk/U0/ACTIVE_LOW_BSR_OUT_DFF[0].FDRE_BSR_N/C
                            (rising edge-triggered cell FDRE clocked by clk_fpga_0  {rise@0.000ns fall@5.000ns period=10.000ns})
  Destination:            top_i/smartconnect_0/inst/s00_entry_pipeline/s00_si_converter/inst/xpm_cdc_async_rst_inst/arststages_ff_reg[0]/CLR
                            (removal check against rising-edge clock clk_fpga_0  {rise@0.000ns fall@5.000ns period=10.000ns})
  Path Group:             (none)
  Path Type:              Removal (Min at Fast Process Corner)
  Data Path Delay:        0.698ns  (logic 0.190ns (27.207%)  route 0.508ns (72.793%))
  Logic Levels:           1  (LUT1=1)
  Clock Path Skew:        0.304ns (DCD - SCD - CPR)
    Destination Clock Delay (DCD):    1.206ns
    Source Clock Delay      (SCD):    0.902ns
    Clock Pessimism Removal (CPR):    -0.000ns
  Clock Uncertainty:      0.154ns  ((TSJ^2 + TIJ^2)^1/2 + DJ) / 2 + PE
    Total System Jitter     (TSJ):    0.071ns
    Total Input Jitter      (TIJ):    0.300ns
    Discrete Jitter          (DJ):    0.000ns
    Phase Error              (PE):    0.000ns
  Timing Exception:       False Path

    Location             Delay type                Incr(ns)  Path(ns)    Netlist Resource(s)
  -------------------------------------------------------------------    -------------------
                         (clock clk_fpga_0 rise edge)
                                                      0.000     0.000 r  
    PS7_X0Y0             PS7                          0.000     0.000 r  top_i/zynq_ps/inst/PS7_i/FCLKCLK[0]
                         net (fo=1, routed)           0.310     0.310    top_i/zynq_ps/inst/FCLK_CLK_unbuffered[0]
    BUFGCTRL_X0Y16       BUFG (Prop_bufg_I_O)         0.026     0.336 r  top_i/zynq_ps/inst/buffer_fclk_clk_0.FCLK_CLK_0_BUFG/O
                         net (fo=55826, routed)       0.566     0.902    top_i/smartconnect_0/inst/clk_map/psr_aclk/U0/aclk
    SLICE_X64Y74         FDRE                                         r  top_i/smartconnect_0/inst/clk_map/psr_aclk/U0/ACTIVE_LOW_BSR_OUT_DFF[0].FDRE_BSR_N/C
  -------------------------------------------------------------------    -------------------
    SLICE_X64Y74         FDRE (Prop_fdre_C_Q)         0.141     1.043 r  top_i/smartconnect_0/inst/clk_map/psr_aclk/U0/ACTIVE_LOW_BSR_OUT_DFF[0].FDRE_BSR_N/Q
                         net (fo=22, routed)          0.276     1.319    top_i/smartconnect_0/inst/s00_entry_pipeline/s00_si_converter/inst/xpm_cdc_async_rst_inst/src_arst
    SLICE_X62Y67         LUT1 (Prop_lut1_I0_O)        0.049     1.368 f  top_i/smartconnect_0/inst/s00_entry_pipeline/s00_si_converter/inst/xpm_cdc_async_rst_inst/arststages_ff[2]_i_1/O
                         net (fo=3, routed)           0.232     1.600    top_i/smartconnect_0/inst/s00_entry_pipeline/s00_si_converter/inst/xpm_cdc_async_rst_inst/reset_pol
    SLICE_X62Y67         FDCE                                         f  top_i/smartconnect_0/inst/s00_entry_pipeline/s00_si_converter/inst/xpm_cdc_async_rst_inst/arststages_ff_reg[0]/CLR
  -------------------------------------------------------------------    -------------------

                         (clock clk_fpga_0 rise edge)
                                                      0.000     0.000 r  
    PS7_X0Y0             PS7                          0.000     0.000 r  top_i/zynq_ps/inst/PS7_i/FCLKCLK[0]
                         net (fo=1, routed)           0.337     0.337    top_i/zynq_ps/inst/FCLK_CLK_unbuffered[0]
    BUFGCTRL_X0Y16       BUFG (Prop_bufg_I_O)         0.029     0.366 r  top_i/zynq_ps/inst/buffer_fclk_clk_0.FCLK_CLK_0_BUFG/O
                         net (fo=55826, routed)       0.840     1.206    top_i/smartconnect_0/inst/s00_entry_pipeline/s00_si_converter/inst/xpm_cdc_async_rst_inst/dest_clk
    SLICE_X62Y67         FDCE                                         r  top_i/smartconnect_0/inst/s00_entry_pipeline/s00_si_converter/inst/xpm_cdc_async_rst_inst/arststages_ff_reg[0]/C

Slack:                    inf
  Source:                 top_i/smartconnect_0/inst/clk_map/psr_aclk/U0/ACTIVE_LOW_BSR_OUT_DFF[0].FDRE_BSR_N/C
                            (rising edge-triggered cell FDRE clocked by clk_fpga_0  {rise@0.000ns fall@5.000ns period=10.000ns})
  Destination:            top_i/smartconnect_0/inst/s00_entry_pipeline/s00_si_converter/inst/xpm_cdc_async_rst_inst/arststages_ff_reg[1]/CLR
                            (removal check against rising-edge clock clk_fpga_0  {rise@0.000ns fall@5.000ns period=10.000ns})
  Path Group:             (none)
  Path Type:              Removal (Min at Fast Process Corner)
  Data Path Delay:        0.698ns  (logic 0.190ns (27.207%)  route 0.508ns (72.793%))
  Logic Levels:           1  (LUT1=1)
  Clock Path Skew:        0.304ns (DCD - SCD - CPR)
    Destination Clock Delay (DCD):    1.206ns
    Source Clock Delay      (SCD):    0.902ns
    Clock Pessimism Removal (CPR):    -0.000ns
  Clock Uncertainty:      0.154ns  ((TSJ^2 + TIJ^2)^1/2 + DJ) / 2 + PE
    Total System Jitter     (TSJ):    0.071ns
    Total Input Jitter      (TIJ):    0.300ns
    Discrete Jitter          (DJ):    0.000ns
    Phase Error              (PE):    0.000ns
  Timing Exception:       False Path

    Location             Delay type                Incr(ns)  Path(ns)    Netlist Resource(s)
  -------------------------------------------------------------------    -------------------
                         (clock clk_fpga_0 rise edge)
                                                      0.000     0.000 r  
    PS7_X0Y0             PS7                          0.000     0.000 r  top_i/zynq_ps/inst/PS7_i/FCLKCLK[0]
                         net (fo=1, routed)           0.310     0.310    top_i/zynq_ps/inst/FCLK_CLK_unbuffered[0]
    BUFGCTRL_X0Y16       BUFG (Prop_bufg_I_O)         0.026     0.336 r  top_i/zynq_ps/inst/buffer_fclk_clk_0.FCLK_CLK_0_BUFG/O
                         net (fo=55826, routed)       0.566     0.902    top_i/smartconnect_0/inst/clk_map/psr_aclk/U0/aclk
    SLICE_X64Y74         FDRE                                         r  top_i/smartconnect_0/inst/clk_map/psr_aclk/U0/ACTIVE_LOW_BSR_OUT_DFF[0].FDRE_BSR_N/C
  -------------------------------------------------------------------    -------------------
    SLICE_X64Y74         FDRE (Prop_fdre_C_Q)         0.141     1.043 r  top_i/smartconnect_0/inst/clk_map/psr_aclk/U0/ACTIVE_LOW_BSR_OUT_DFF[0].FDRE_BSR_N/Q
                         net (fo=22, routed)          0.276     1.319    top_i/smartconnect_0/inst/s00_entry_pipeline/s00_si_converter/inst/xpm_cdc_async_rst_inst/src_arst
    SLICE_X62Y67         LUT1 (Prop_lut1_I0_O)        0.049     1.368 f  top_i/smartconnect_0/inst/s00_entry_pipeline/s00_si_converter/inst/xpm_cdc_async_rst_inst/arststages_ff[2]_i_1/O
                         net (fo=3, routed)           0.232     1.600    top_i/smartconnect_0/inst/s00_entry_pipeline/s00_si_converter/inst/xpm_cdc_async_rst_inst/reset_pol
    SLICE_X62Y67         FDCE                                         f  top_i/smartconnect_0/inst/s00_entry_pipeline/s00_si_converter/inst/xpm_cdc_async_rst_inst/arststages_ff_reg[1]/CLR
  -------------------------------------------------------------------    -------------------

                         (clock clk_fpga_0 rise edge)
                                                      0.000     0.000 r  
    PS7_X0Y0             PS7                          0.000     0.000 r  top_i/zynq_ps/inst/PS7_i/FCLKCLK[0]
                         net (fo=1, routed)           0.337     0.337    top_i/zynq_ps/inst/FCLK_CLK_unbuffered[0]
    BUFGCTRL_X0Y16       BUFG (Prop_bufg_I_O)         0.029     0.366 r  top_i/zynq_ps/inst/buffer_fclk_clk_0.FCLK_CLK_0_BUFG/O
                         net (fo=55826, routed)       0.840     1.206    top_i/smartconnect_0/inst/s00_entry_pipeline/s00_si_converter/inst/xpm_cdc_async_rst_inst/dest_clk
    SLICE_X62Y67         FDCE                                         r  top_i/smartconnect_0/inst/s00_entry_pipeline/s00_si_converter/inst/xpm_cdc_async_rst_inst/arststages_ff_reg[1]/C

Slack:                    inf
  Source:                 top_i/smartconnect_0/inst/clk_map/psr_aclk/U0/ACTIVE_LOW_BSR_OUT_DFF[0].FDRE_BSR_N/C
                            (rising edge-triggered cell FDRE clocked by clk_fpga_0  {rise@0.000ns fall@5.000ns period=10.000ns})
  Destination:            top_i/smartconnect_0/inst/s00_entry_pipeline/s00_si_converter/inst/xpm_cdc_async_rst_inst/arststages_ff_reg[2]/CLR
                            (removal check against rising-edge clock clk_fpga_0  {rise@0.000ns fall@5.000ns period=10.000ns})
  Path Group:             (none)
  Path Type:              Removal (Min at Fast Process Corner)
  Data Path Delay:        0.698ns  (logic 0.190ns (27.207%)  route 0.508ns (72.793%))
  Logic Levels:           1  (LUT1=1)
  Clock Path Skew:        0.304ns (DCD - SCD - CPR)
    Destination Clock Delay (DCD):    1.206ns
    Source Clock Delay      (SCD):    0.902ns
    Clock Pessimism Removal (CPR):    -0.000ns
  Clock Uncertainty:      0.154ns  ((TSJ^2 + TIJ^2)^1/2 + DJ) / 2 + PE
    Total System Jitter     (TSJ):    0.071ns
    Total Input Jitter      (TIJ):    0.300ns
    Discrete Jitter          (DJ):    0.000ns
    Phase Error              (PE):    0.000ns
  Timing Exception:       False Path

    Location             Delay type                Incr(ns)  Path(ns)    Netlist Resource(s)
  -------------------------------------------------------------------    -------------------
                         (clock clk_fpga_0 rise edge)
                                                      0.000     0.000 r  
    PS7_X0Y0             PS7                          0.000     0.000 r  top_i/zynq_ps/inst/PS7_i/FCLKCLK[0]
                         net (fo=1, routed)           0.310     0.310    top_i/zynq_ps/inst/FCLK_CLK_unbuffered[0]
    BUFGCTRL_X0Y16       BUFG (Prop_bufg_I_O)         0.026     0.336 r  top_i/zynq_ps/inst/buffer_fclk_clk_0.FCLK_CLK_0_BUFG/O
                         net (fo=55826, routed)       0.566     0.902    top_i/smartconnect_0/inst/clk_map/psr_aclk/U0/aclk
    SLICE_X64Y74         FDRE                                         r  top_i/smartconnect_0/inst/clk_map/psr_aclk/U0/ACTIVE_LOW_BSR_OUT_DFF[0].FDRE_BSR_N/C
  -------------------------------------------------------------------    -------------------
    SLICE_X64Y74         FDRE (Prop_fdre_C_Q)         0.141     1.043 r  top_i/smartconnect_0/inst/clk_map/psr_aclk/U0/ACTIVE_LOW_BSR_OUT_DFF[0].FDRE_BSR_N/Q
                         net (fo=22, routed)          0.276     1.319    top_i/smartconnect_0/inst/s00_entry_pipeline/s00_si_converter/inst/xpm_cdc_async_rst_inst/src_arst
    SLICE_X62Y67         LUT1 (Prop_lut1_I0_O)        0.049     1.368 f  top_i/smartconnect_0/inst/s00_entry_pipeline/s00_si_converter/inst/xpm_cdc_async_rst_inst/arststages_ff[2]_i_1/O
                         net (fo=3, routed)           0.232     1.600    top_i/smartconnect_0/inst/s00_entry_pipeline/s00_si_converter/inst/xpm_cdc_async_rst_inst/reset_pol
    SLICE_X62Y67         FDCE                                         f  top_i/smartconnect_0/inst/s00_entry_pipeline/s00_si_converter/inst/xpm_cdc_async_rst_inst/arststages_ff_reg[2]/CLR
  -------------------------------------------------------------------    -------------------

                         (clock clk_fpga_0 rise edge)
                                                      0.000     0.000 r  
    PS7_X0Y0             PS7                          0.000     0.000 r  top_i/zynq_ps/inst/PS7_i/FCLKCLK[0]
                         net (fo=1, routed)           0.337     0.337    top_i/zynq_ps/inst/FCLK_CLK_unbuffered[0]
    BUFGCTRL_X0Y16       BUFG (Prop_bufg_I_O)         0.029     0.366 r  top_i/zynq_ps/inst/buffer_fclk_clk_0.FCLK_CLK_0_BUFG/O
                         net (fo=55826, routed)       0.840     1.206    top_i/smartconnect_0/inst/s00_entry_pipeline/s00_si_converter/inst/xpm_cdc_async_rst_inst/dest_clk
    SLICE_X62Y67         FDCE                                         r  top_i/smartconnect_0/inst/s00_entry_pipeline/s00_si_converter/inst/xpm_cdc_async_rst_inst/arststages_ff_reg[2]/C

Slack:                    inf
  Source:                 top_i/smartconnect_0/inst/clk_map/psr_aclk/U0/ACTIVE_LOW_BSR_OUT_DFF[0].FDRE_BSR_N/C
                            (rising edge-triggered cell FDRE clocked by clk_fpga_0  {rise@0.000ns fall@5.000ns period=10.000ns})
  Destination:            top_i/smartconnect_0/inst/s00_entry_pipeline/s00_transaction_regulator/inst/xpm_cdc_async_rst_inst/arststages_ff_reg[0]/CLR
                            (removal check against rising-edge clock clk_fpga_0  {rise@0.000ns fall@5.000ns period=10.000ns})
  Path Group:             (none)
  Path Type:              Removal (Min at Fast Process Corner)
  Data Path Delay:        0.756ns  (logic 0.183ns (24.221%)  route 0.573ns (75.779%))
  Logic Levels:           1  (LUT1=1)
  Clock Path Skew:        0.304ns (DCD - SCD - CPR)
    Destination Clock Delay (DCD):    1.206ns
    Source Clock Delay      (SCD):    0.902ns
    Clock Pessimism Removal (CPR):    -0.000ns
  Clock Uncertainty:      0.154ns  ((TSJ^2 + TIJ^2)^1/2 + DJ) / 2 + PE
    Total System Jitter     (TSJ):    0.071ns
    Total Input Jitter      (TIJ):    0.300ns
    Discrete Jitter          (DJ):    0.000ns
    Phase Error              (PE):    0.000ns
  Timing Exception:       False Path

    Location             Delay type                Incr(ns)  Path(ns)    Netlist Resource(s)
  -------------------------------------------------------------------    -------------------
                         (clock clk_fpga_0 rise edge)
                                                      0.000     0.000 r  
    PS7_X0Y0             PS7                          0.000     0.000 r  top_i/zynq_ps/inst/PS7_i/FCLKCLK[0]
                         net (fo=1, routed)           0.310     0.310    top_i/zynq_ps/inst/FCLK_CLK_unbuffered[0]
    BUFGCTRL_X0Y16       BUFG (Prop_bufg_I_O)         0.026     0.336 r  top_i/zynq_ps/inst/buffer_fclk_clk_0.FCLK_CLK_0_BUFG/O
                         net (fo=55826, routed)       0.566     0.902    top_i/smartconnect_0/inst/clk_map/psr_aclk/U0/aclk
    SLICE_X64Y74         FDRE                                         r  top_i/smartconnect_0/inst/clk_map/psr_aclk/U0/ACTIVE_LOW_BSR_OUT_DFF[0].FDRE_BSR_N/C
  -------------------------------------------------------------------    -------------------
    SLICE_X64Y74         FDRE (Prop_fdre_C_Q)         0.141     1.043 r  top_i/smartconnect_0/inst/clk_map/psr_aclk/U0/ACTIVE_LOW_BSR_OUT_DFF[0].FDRE_BSR_N/Q
                         net (fo=22, routed)          0.391     1.434    top_i/smartconnect_0/inst/s00_entry_pipeline/s00_transaction_regulator/inst/xpm_cdc_async_rst_inst/src_arst
    SLICE_X60Y67         LUT1 (Prop_lut1_I0_O)        0.042     1.476 f  top_i/smartconnect_0/inst/s00_entry_pipeline/s00_transaction_regulator/inst/xpm_cdc_async_rst_inst/arststages_ff[2]_i_1/O
                         net (fo=3, routed)           0.181     1.657    top_i/smartconnect_0/inst/s00_entry_pipeline/s00_transaction_regulator/inst/xpm_cdc_async_rst_inst/reset_pol
    SLICE_X60Y67         FDCE                                         f  top_i/smartconnect_0/inst/s00_entry_pipeline/s00_transaction_regulator/inst/xpm_cdc_async_rst_inst/arststages_ff_reg[0]/CLR
  -------------------------------------------------------------------    -------------------

                         (clock clk_fpga_0 rise edge)
                                                      0.000     0.000 r  
    PS7_X0Y0             PS7                          0.000     0.000 r  top_i/zynq_ps/inst/PS7_i/FCLKCLK[0]
                         net (fo=1, routed)           0.337     0.337    top_i/zynq_ps/inst/FCLK_CLK_unbuffered[0]
    BUFGCTRL_X0Y16       BUFG (Prop_bufg_I_O)         0.029     0.366 r  top_i/zynq_ps/inst/buffer_fclk_clk_0.FCLK_CLK_0_BUFG/O
                         net (fo=55826, routed)       0.840     1.206    top_i/smartconnect_0/inst/s00_entry_pipeline/s00_transaction_regulator/inst/xpm_cdc_async_rst_inst/dest_clk
    SLICE_X60Y67         FDCE                                         r  top_i/smartconnect_0/inst/s00_entry_pipeline/s00_transaction_regulator/inst/xpm_cdc_async_rst_inst/arststages_ff_reg[0]/C

Slack:                    inf
  Source:                 top_i/smartconnect_0/inst/clk_map/psr_aclk/U0/ACTIVE_LOW_BSR_OUT_DFF[0].FDRE_BSR_N/C
                            (rising edge-triggered cell FDRE clocked by clk_fpga_0  {rise@0.000ns fall@5.000ns period=10.000ns})
  Destination:            top_i/smartconnect_0/inst/s00_entry_pipeline/s00_transaction_regulator/inst/xpm_cdc_async_rst_inst/arststages_ff_reg[1]/CLR
                            (removal check against rising-edge clock clk_fpga_0  {rise@0.000ns fall@5.000ns period=10.000ns})
  Path Group:             (none)
  Path Type:              Removal (Min at Fast Process Corner)
  Data Path Delay:        0.756ns  (logic 0.183ns (24.221%)  route 0.573ns (75.779%))
  Logic Levels:           1  (LUT1=1)
  Clock Path Skew:        0.304ns (DCD - SCD - CPR)
    Destination Clock Delay (DCD):    1.206ns
    Source Clock Delay      (SCD):    0.902ns
    Clock Pessimism Removal (CPR):    -0.000ns
  Clock Uncertainty:      0.154ns  ((TSJ^2 + TIJ^2)^1/2 + DJ) / 2 + PE
    Total System Jitter     (TSJ):    0.071ns
    Total Input Jitter      (TIJ):    0.300ns
    Discrete Jitter          (DJ):    0.000ns
    Phase Error              (PE):    0.000ns
  Timing Exception:       False Path

    Location             Delay type                Incr(ns)  Path(ns)    Netlist Resource(s)
  -------------------------------------------------------------------    -------------------
                         (clock clk_fpga_0 rise edge)
                                                      0.000     0.000 r  
    PS7_X0Y0             PS7                          0.000     0.000 r  top_i/zynq_ps/inst/PS7_i/FCLKCLK[0]
                         net (fo=1, routed)           0.310     0.310    top_i/zynq_ps/inst/FCLK_CLK_unbuffered[0]
    BUFGCTRL_X0Y16       BUFG (Prop_bufg_I_O)         0.026     0.336 r  top_i/zynq_ps/inst/buffer_fclk_clk_0.FCLK_CLK_0_BUFG/O
                         net (fo=55826, routed)       0.566     0.902    top_i/smartconnect_0/inst/clk_map/psr_aclk/U0/aclk
    SLICE_X64Y74         FDRE                                         r  top_i/smartconnect_0/inst/clk_map/psr_aclk/U0/ACTIVE_LOW_BSR_OUT_DFF[0].FDRE_BSR_N/C
  -------------------------------------------------------------------    -------------------
    SLICE_X64Y74         FDRE (Prop_fdre_C_Q)         0.141     1.043 r  top_i/smartconnect_0/inst/clk_map/psr_aclk/U0/ACTIVE_LOW_BSR_OUT_DFF[0].FDRE_BSR_N/Q
                         net (fo=22, routed)          0.391     1.434    top_i/smartconnect_0/inst/s00_entry_pipeline/s00_transaction_regulator/inst/xpm_cdc_async_rst_inst/src_arst
    SLICE_X60Y67         LUT1 (Prop_lut1_I0_O)        0.042     1.476 f  top_i/smartconnect_0/inst/s00_entry_pipeline/s00_transaction_regulator/inst/xpm_cdc_async_rst_inst/arststages_ff[2]_i_1/O
                         net (fo=3, routed)           0.181     1.657    top_i/smartconnect_0/inst/s00_entry_pipeline/s00_transaction_regulator/inst/xpm_cdc_async_rst_inst/reset_pol
    SLICE_X60Y67         FDCE                                         f  top_i/smartconnect_0/inst/s00_entry_pipeline/s00_transaction_regulator/inst/xpm_cdc_async_rst_inst/arststages_ff_reg[1]/CLR
  -------------------------------------------------------------------    -------------------

                         (clock clk_fpga_0 rise edge)
                                                      0.000     0.000 r  
    PS7_X0Y0             PS7                          0.000     0.000 r  top_i/zynq_ps/inst/PS7_i/FCLKCLK[0]
                         net (fo=1, routed)           0.337     0.337    top_i/zynq_ps/inst/FCLK_CLK_unbuffered[0]
    BUFGCTRL_X0Y16       BUFG (Prop_bufg_I_O)         0.029     0.366 r  top_i/zynq_ps/inst/buffer_fclk_clk_0.FCLK_CLK_0_BUFG/O
                         net (fo=55826, routed)       0.840     1.206    top_i/smartconnect_0/inst/s00_entry_pipeline/s00_transaction_regulator/inst/xpm_cdc_async_rst_inst/dest_clk
    SLICE_X60Y67         FDCE                                         r  top_i/smartconnect_0/inst/s00_entry_pipeline/s00_transaction_regulator/inst/xpm_cdc_async_rst_inst/arststages_ff_reg[1]/C

Slack:                    inf
  Source:                 top_i/smartconnect_0/inst/clk_map/psr_aclk/U0/ACTIVE_LOW_BSR_OUT_DFF[0].FDRE_BSR_N/C
                            (rising edge-triggered cell FDRE clocked by clk_fpga_0  {rise@0.000ns fall@5.000ns period=10.000ns})
  Destination:            top_i/smartconnect_0/inst/s00_entry_pipeline/s00_transaction_regulator/inst/xpm_cdc_async_rst_inst/arststages_ff_reg[2]/CLR
                            (removal check against rising-edge clock clk_fpga_0  {rise@0.000ns fall@5.000ns period=10.000ns})
  Path Group:             (none)
  Path Type:              Removal (Min at Fast Process Corner)
  Data Path Delay:        0.756ns  (logic 0.183ns (24.221%)  route 0.573ns (75.779%))
  Logic Levels:           1  (LUT1=1)
  Clock Path Skew:        0.304ns (DCD - SCD - CPR)
    Destination Clock Delay (DCD):    1.206ns
    Source Clock Delay      (SCD):    0.902ns
    Clock Pessimism Removal (CPR):    -0.000ns
  Clock Uncertainty:      0.154ns  ((TSJ^2 + TIJ^2)^1/2 + DJ) / 2 + PE
    Total System Jitter     (TSJ):    0.071ns
    Total Input Jitter      (TIJ):    0.300ns
    Discrete Jitter          (DJ):    0.000ns
    Phase Error              (PE):    0.000ns
  Timing Exception:       False Path

    Location             Delay type                Incr(ns)  Path(ns)    Netlist Resource(s)
  -------------------------------------------------------------------    -------------------
                         (clock clk_fpga_0 rise edge)
                                                      0.000     0.000 r  
    PS7_X0Y0             PS7                          0.000     0.000 r  top_i/zynq_ps/inst/PS7_i/FCLKCLK[0]
                         net (fo=1, routed)           0.310     0.310    top_i/zynq_ps/inst/FCLK_CLK_unbuffered[0]
    BUFGCTRL_X0Y16       BUFG (Prop_bufg_I_O)         0.026     0.336 r  top_i/zynq_ps/inst/buffer_fclk_clk_0.FCLK_CLK_0_BUFG/O
                         net (fo=55826, routed)       0.566     0.902    top_i/smartconnect_0/inst/clk_map/psr_aclk/U0/aclk
    SLICE_X64Y74         FDRE                                         r  top_i/smartconnect_0/inst/clk_map/psr_aclk/U0/ACTIVE_LOW_BSR_OUT_DFF[0].FDRE_BSR_N/C
  -------------------------------------------------------------------    -------------------
    SLICE_X64Y74         FDRE (Prop_fdre_C_Q)         0.141     1.043 r  top_i/smartconnect_0/inst/clk_map/psr_aclk/U0/ACTIVE_LOW_BSR_OUT_DFF[0].FDRE_BSR_N/Q
                         net (fo=22, routed)          0.391     1.434    top_i/smartconnect_0/inst/s00_entry_pipeline/s00_transaction_regulator/inst/xpm_cdc_async_rst_inst/src_arst
    SLICE_X60Y67         LUT1 (Prop_lut1_I0_O)        0.042     1.476 f  top_i/smartconnect_0/inst/s00_entry_pipeline/s00_transaction_regulator/inst/xpm_cdc_async_rst_inst/arststages_ff[2]_i_1/O
                         net (fo=3, routed)           0.181     1.657    top_i/smartconnect_0/inst/s00_entry_pipeline/s00_transaction_regulator/inst/xpm_cdc_async_rst_inst/reset_pol
    SLICE_X60Y67         FDCE                                         f  top_i/smartconnect_0/inst/s00_entry_pipeline/s00_transaction_regulator/inst/xpm_cdc_async_rst_inst/arststages_ff_reg[2]/CLR
  -------------------------------------------------------------------    -------------------

                         (clock clk_fpga_0 rise edge)
                                                      0.000     0.000 r  
    PS7_X0Y0             PS7                          0.000     0.000 r  top_i/zynq_ps/inst/PS7_i/FCLKCLK[0]
                         net (fo=1, routed)           0.337     0.337    top_i/zynq_ps/inst/FCLK_CLK_unbuffered[0]
    BUFGCTRL_X0Y16       BUFG (Prop_bufg_I_O)         0.029     0.366 r  top_i/zynq_ps/inst/buffer_fclk_clk_0.FCLK_CLK_0_BUFG/O
                         net (fo=55826, routed)       0.840     1.206    top_i/smartconnect_0/inst/s00_entry_pipeline/s00_transaction_regulator/inst/xpm_cdc_async_rst_inst/dest_clk
    SLICE_X60Y67         FDCE                                         r  top_i/smartconnect_0/inst/s00_entry_pipeline/s00_transaction_regulator/inst/xpm_cdc_async_rst_inst/arststages_ff_reg[2]/C

Slack:                    inf
  Source:                 top_i/smartconnect_0/inst/clk_map/psr_aclk/U0/ACTIVE_LOW_BSR_OUT_DFF[0].FDRE_BSR_N/C
                            (rising edge-triggered cell FDRE clocked by clk_fpga_0  {rise@0.000ns fall@5.000ns period=10.000ns})
  Destination:            top_i/smartconnect_0/inst/s01_nodes/s01_b_node/inst/s_sc_xpm_cdc_async_rst_inst/arststages_ff_reg[0]/CLR
                            (removal check against rising-edge clock clk_fpga_0  {rise@0.000ns fall@5.000ns period=10.000ns})
  Path Group:             (none)
  Path Type:              Removal (Min at Fast Process Corner)
  Data Path Delay:        0.758ns  (logic 0.185ns (24.392%)  route 0.573ns (75.608%))
  Logic Levels:           1  (LUT1=1)
  Clock Path Skew:        0.297ns (DCD - SCD - CPR)
    Destination Clock Delay (DCD):    1.199ns
    Source Clock Delay      (SCD):    0.902ns
    Clock Pessimism Removal (CPR):    -0.000ns
  Clock Uncertainty:      0.154ns  ((TSJ^2 + TIJ^2)^1/2 + DJ) / 2 + PE
    Total System Jitter     (TSJ):    0.071ns
    Total Input Jitter      (TIJ):    0.300ns
    Discrete Jitter          (DJ):    0.000ns
    Phase Error              (PE):    0.000ns
  Timing Exception:       False Path

    Location             Delay type                Incr(ns)  Path(ns)    Netlist Resource(s)
  -------------------------------------------------------------------    -------------------
                         (clock clk_fpga_0 rise edge)
                                                      0.000     0.000 r  
    PS7_X0Y0             PS7                          0.000     0.000 r  top_i/zynq_ps/inst/PS7_i/FCLKCLK[0]
                         net (fo=1, routed)           0.310     0.310    top_i/zynq_ps/inst/FCLK_CLK_unbuffered[0]
    BUFGCTRL_X0Y16       BUFG (Prop_bufg_I_O)         0.026     0.336 r  top_i/zynq_ps/inst/buffer_fclk_clk_0.FCLK_CLK_0_BUFG/O
                         net (fo=55826, routed)       0.566     0.902    top_i/smartconnect_0/inst/clk_map/psr_aclk/U0/aclk
    SLICE_X64Y74         FDRE                                         r  top_i/smartconnect_0/inst/clk_map/psr_aclk/U0/ACTIVE_LOW_BSR_OUT_DFF[0].FDRE_BSR_N/C
  -------------------------------------------------------------------    -------------------
    SLICE_X64Y74         FDRE (Prop_fdre_C_Q)         0.141     1.043 r  top_i/smartconnect_0/inst/clk_map/psr_aclk/U0/ACTIVE_LOW_BSR_OUT_DFF[0].FDRE_BSR_N/Q
                         net (fo=22, routed)          0.397     1.439    top_i/smartconnect_0/inst/s01_nodes/s01_b_node/inst/s_sc_xpm_cdc_async_rst_inst/src_arst
    SLICE_X62Y76         LUT1 (Prop_lut1_I0_O)        0.044     1.483 f  top_i/smartconnect_0/inst/s01_nodes/s01_b_node/inst/s_sc_xpm_cdc_async_rst_inst/arststages_ff[2]_i_1/O
                         net (fo=3, routed)           0.177     1.660    top_i/smartconnect_0/inst/s01_nodes/s01_b_node/inst/s_sc_xpm_cdc_async_rst_inst/reset_pol
    SLICE_X62Y76         FDCE                                         f  top_i/smartconnect_0/inst/s01_nodes/s01_b_node/inst/s_sc_xpm_cdc_async_rst_inst/arststages_ff_reg[0]/CLR
  -------------------------------------------------------------------    -------------------

                         (clock clk_fpga_0 rise edge)
                                                      0.000     0.000 r  
    PS7_X0Y0             PS7                          0.000     0.000 r  top_i/zynq_ps/inst/PS7_i/FCLKCLK[0]
                         net (fo=1, routed)           0.337     0.337    top_i/zynq_ps/inst/FCLK_CLK_unbuffered[0]
    BUFGCTRL_X0Y16       BUFG (Prop_bufg_I_O)         0.029     0.366 r  top_i/zynq_ps/inst/buffer_fclk_clk_0.FCLK_CLK_0_BUFG/O
                         net (fo=55826, routed)       0.833     1.199    top_i/smartconnect_0/inst/s01_nodes/s01_b_node/inst/s_sc_xpm_cdc_async_rst_inst/dest_clk
    SLICE_X62Y76         FDCE                                         r  top_i/smartconnect_0/inst/s01_nodes/s01_b_node/inst/s_sc_xpm_cdc_async_rst_inst/arststages_ff_reg[0]/C





