[2026-08-01 20:14:03,091]INFO:Intermediate outputs will be generated in /home/neuralnetwork01/Schreibtisch/s7s/nn/task3/Task-3-data/FINN_TMP
[2026-08-01 20:14:03,091]INFO:Final outputs will be generated in /home/neuralnetwork01/Schreibtisch/s7s/nn/task3/Task-3-data/output_auto
[2026-08-01 20:14:03,091]INFO:Build log is at /home/neuralnetwork01/Schreibtisch/s7s/nn/task3/Task-3-data/output_auto/build_dataflow.log
[2026-08-01 20:14:03,092]INFO:Building dataflow accelerator from /home/neuralnetwork01/Schreibtisch/s7s/nn/task3/Task-3-data/models/tfc-w1a1.onnx
[2026-08-01 20:14:03,163]WARNING:/home/neuralnetwork01/miniconda3/envs/nnlab/lib/python3.11/site-packages/qonnx/core/modelwrapper.py:120: UserWarning: Some old-style domain attributes were automatically converted to new-style,
                i.e. domain=finn to domain=qonnx.custom_op.<general|fpgadataflow|...>
  warnings.warn(

[2026-08-01 20:14:03,172]INFO:Running step: step_qonnx_to_finn [1/20]
[2026-08-01 20:14:03,182]INFO:Running step: step_tidy_up [2/20]
[2026-08-01 20:14:03,252]INFO:Running step: step_streamline [3/20]
[2026-08-01 20:14:04,824]INFO:Running step: step_convert_to_hw [4/20]
[2026-08-01 20:14:04,834]WARNING:MultiThreshold (MultiThreshold_0) layout () does not match input tensor layout (['N', 'C']).
[2026-08-01 20:14:04,834]WARNING:MultiThreshold (MultiThreshold_0) layout () does not match output tensor layout (['N', 'C']).
[2026-08-01 20:14:04,927]INFO:Running step: step_create_dataflow_partition [5/20]
[2026-08-01 20:14:04,954]INFO:Running step: step_specialize_layers [6/20]
[2026-08-01 20:14:04,973]INFO:Running step: step_target_fps_parallelization [7/20]
[2026-08-01 20:14:05,040]INFO:Running step: step_apply_folding_config [8/20]
[2026-08-01 20:14:05,048]INFO:Running step: step_minimize_bit_width [9/20]
[2026-08-01 20:14:05,077]WARNING:Clipping some thresholds in MVAU_hls_1
[2026-08-01 20:14:05,081]WARNING:Clipping some thresholds in MVAU_hls_2
[2026-08-01 20:14:05,097]INFO:Running step: step_transpose_decomposition [10/20]
[2026-08-01 20:14:05,102]INFO:Running step: step_generate_estimate_reports [11/20]
[2026-08-01 20:14:05,130]INFO:Running step: step_set_fifo_depths [12/20]
[2026-08-01 20:16:11,576]INFO:Vivado Simulator v2023.2
Copyright 1986-2022 Xilinx, Inc. All Rights Reserved.
Copyright 2022-2023 Advanced Micro Devices, Inc. All Rights Reserved.
Running: /Software/xilinx/Vivado/2023.2/bin/unwrapped/lnx64.o/xelab work.glbl work.finn_design_wrapper -relax -prj rtlsim.prj -dll -s finn_design_wrapper -define FINN_SIMULATION -L smartconnect_v1_0 -L axi_protocol_checker_v1_1_12 -L axi_protocol_checker_v1_1_13 -L axis_protocol_checker_v1_1_11 -L axis_protocol_checker_v1_1_12 -L xil_defaultlib -L unisims_ver -L xpm -L floating_point_v7_1_16 -L floating_point_v7_0_21 -L floating_point_v7_1_18 -L floating_point_v7_1_15 -L floating_point_v7_1_19 
Multi-threading is on. Using 10 slave threads.
INFO: [VRFC 10-2263] Analyzing Verilog file "/Software/xilinx/Vivado/2023.2/data/verilog/src/glbl.v" into library work
INFO: [VRFC 10-311] analyzing module glbl
INFO: [VRFC 10-2263] Analyzing Verilog file "/home/neuralnetwork01/Schreibtisch/s7s/nn/task3/Task-3-data/FINN_TMP/vivado_stitch_proj_zja1kfk9/finn_vivado_stitch_proj.gen/sources_1/bd/finn_design/ip/finn_design_StreamingFIFO_rtl_0_0/synth/finn_design_StreamingFIFO_rtl_0_0.v" into library work
INFO: [VRFC 10-311] analyzing module finn_design_StreamingFIFO_rtl_0_0
INFO: [VRFC 10-2263] Analyzing Verilog file "/home/neuralnetwork01/Schreibtisch/s7s/nn/task3/Task-3-data/FINN_TMP/vivado_stitch_proj_zja1kfk9/finn_vivado_stitch_proj.gen/sources_1/bd/finn_design/ip/finn_design_Reshape_rtl_0_0/synth/finn_design_Reshape_rtl_0_0.v" into library work
INFO: [VRFC 10-311] analyzing module finn_design_Reshape_rtl_0_0
INFO: [VRFC 10-2263] Analyzing Verilog file "/home/neuralnetwork01/Schreibtisch/s7s/nn/task3/Task-3-data/FINN_TMP/vivado_stitch_proj_zja1kfk9/finn_vivado_stitch_proj.gen/sources_1/bd/finn_design/ip/finn_design_StreamingFIFO_rtl_1_0/synth/finn_design_StreamingFIFO_rtl_1_0.v" into library work
INFO: [VRFC 10-311] analyzing module finn_design_StreamingFIFO_rtl_1_0
INFO: [VRFC 10-2263] Analyzing Verilog file "/home/neuralnetwork01/Schreibtisch/s7s/nn/task3/Task-3-data/FINN_TMP/vivado_stitch_proj_zja1kfk9/finn_vivado_stitch_proj.gen/sources_1/bd/finn_design/ip/finn_design_Thresholding_rtl_0_0/synth/finn_design_Thresholding_rtl_0_0.v" into library work
INFO: [VRFC 10-311] analyzing module finn_design_Thresholding_rtl_0_0
INFO: [VRFC 10-2263] Analyzing Verilog file "/home/neuralnetwork01/Schreibtisch/s7s/nn/task3/Task-3-data/FINN_TMP/vivado_stitch_proj_zja1kfk9/finn_vivado_stitch_proj.gen/sources_1/bd/finn_design/ip/finn_design_StreamingFIFO_rtl_2_0/synth/finn_design_StreamingFIFO_rtl_2_0.v" into library work
INFO: [VRFC 10-311] analyzing module finn_design_StreamingFIFO_rtl_2_0
INFO: [VRFC 10-2263] Analyzing Verilog file "/home/neuralnetwork01/Schreibtisch/s7s/nn/task3/Task-3-data/FINN_TMP/vivado_stitch_proj_zja1kfk9/finn_vivado_stitch_proj.gen/sources_1/bd/finn_design/ip/finn_design_StreamingDataWidthConverter_rtl_0_0/synth/finn_design_StreamingDataWidthConverter_rtl_0_0.v" into library work
INFO: [VRFC 10-311] analyzing module finn_design_StreamingDataWidthConverter_rtl_0_0
INFO: [VRFC 10-2263] Analyzing Verilog file "/home/neuralnetwork01/Schreibtisch/s7s/nn/task3/Task-3-data/FINN_TMP/vivado_stitch_proj_zja1kfk9/finn_vivado_stitch_proj.gen/sources_1/bd/finn_design/ip/finn_design_StreamingFIFO_rtl_3_0/synth/finn_design_StreamingFIFO_rtl_3_0.v" into library work
INFO: [VRFC 10-311] analyzing module finn_design_StreamingFIFO_rtl_3_0
INFO: [VRFC 10-2263] Analyzing Verilog file "/home/neuralnetwork01/Schreibtisch/s7s/nn/task3/Task-3-data/FINN_TMP/vivado_stitch_proj_zja1kfk9/finn_vivado_stitch_proj.gen/sources_1/bd/finn_design/ipshared/22e5/hdl/verilog/MVAU_hls_0_flow_control_loop_pipe_sequential_init.v" into library work
INFO: [VRFC 10-311] analyzing module MVAU_hls_0_flow_control_loop_pipe_sequential_init
INFO: [VRFC 10-2263] Analyzing Verilog file "/home/neuralnetwork01/Schreibtisch/s7s/nn/task3/Task-3-data/FINN_TMP/vivado_stitch_proj_zja1kfk9/finn_vivado_stitch_proj.gen/sources_1/bd/finn_design/ipshared/22e5/hdl/verilog/MVAU_hls_0_Matrix_Vector_Activate_Stream_Batch.v" into library work
INFO: [VRFC 10-311] analyzing module MVAU_hls_0_Matrix_Vector_Activate_Stream_Batch
INFO: [VRFC 10-2263] Analyzing Verilog file "/home/neuralnetwork01/Schreibtisch/s7s/nn/task3/Task-3-data/FINN_TMP/vivado_stitch_proj_zja1kfk9/finn_vivado_stitch_proj.gen/sources_1/bd/finn_design/ipshared/22e5/hdl/verilog/MVAU_hls_0_Matrix_Vector_Activate_Stream_Batch_p_ZL7threshs_0_ROM_AUTO_1R.v" into library work
INFO: [VRFC 10-311] analyzing module MVAU_hls_0_Matrix_Vector_Activate_Stream_Batch_p_ZL7threshs_0_ROM_AUTO_1R
INFO: [VRFC 10-2263] Analyzing Verilog file "/home/neuralnetwork01/Schreibtisch/s7s/nn/task3/Task-3-data/FINN_TMP/vivado_stitch_proj_zja1kfk9/finn_vivado_stitch_proj.gen/sources_1/bd/finn_design/ipshared/22e5/hdl/verilog/MVAU_hls_0_Matrix_Vector_Activate_Stream_Batch_p_ZL7threshs_1_ROM_AUTO_1R.v" into library work
INFO: [VRFC 10-311] analyzing module MVAU_hls_0_Matrix_Vector_Activate_Stream_Batch_p_ZL7threshs_1_ROM_AUTO_1R
INFO: [VRFC 10-2263] Analyzing Verilog file "/home/neuralnetwork01/Schreibtisch/s7s/nn/task3/Task-3-data/FINN_TMP/vivado_stitch_proj_zja1kfk9/finn_vivado_stitch_proj.gen/sources_1/bd/finn_design/ipshared/22e5/hdl/verilog/MVAU_hls_0_regslice_both.v" into library work
INFO: [VRFC 10-311] analyzing module MVAU_hls_0_regslice_both
INFO: [VRFC 10-311] analyzing module MVAU_hls_0_regslice_both_w1
INFO: [VRFC 10-2263] Analyzing Verilog file "/home/neuralnetwork01/Schreibtisch/s7s/nn/task3/Task-3-data/FINN_TMP/vivado_stitch_proj_zja1kfk9/finn_vivado_stitch_proj.gen/sources_1/bd/finn_design/ipshared/22e5/hdl/verilog/MVAU_hls_0_sparsemux_57_5_28_1_1.v" into library work
INFO: [VRFC 10-311] analyzing module MVAU_hls_0_sparsemux_57_5_28_1_1
INFO: [VRFC 10-2263] Analyzing Verilog file "/home/neuralnetwork01/Schreibtisch/s7s/nn/task3/Task-3-data/FINN_TMP/vivado_stitch_proj_zja1kfk9/finn_vivado_stitch_proj.gen/sources_1/bd/finn_design/ipshared/22e5/hdl/verilog/MVAU_hls_0.v" into library work
INFO: [VRFC 10-311] analyzing module MVAU_hls_0
INFO: [VRFC 10-2263] Analyzing Verilog file "/home/neuralnetwork01/Schreibtisch/s7s/nn/task3/Task-3-data/FINN_TMP/vivado_stitch_proj_zja1kfk9/finn_vivado_stitch_proj.gen/sources_1/bd/finn_design/ip/finn_design_MVAU_hls_0_0/synth/finn_design_MVAU_hls_0_0.v" into library work
INFO: [VRFC 10-311] analyzing module finn_design_MVAU_hls_0_0
INFO: [VRFC 10-2263] Analyzing Verilog file "/home/neuralnetwork01/Schreibtisch/s7s/nn/task3/Task-3-data/FINN_TMP/vivado_stitch_proj_zja1kfk9/finn_vivado_stitch_proj.gen/sources_1/bd/finn_design/ip/finn_design_MVAU_hls_0_wstrm_0/synth/finn_design_MVAU_hls_0_wstrm_0.v" into library work
INFO: [VRFC 10-311] analyzing module finn_design_MVAU_hls_0_wstrm_0
INFO: [VRFC 10-2263] Analyzing Verilog file "/home/neuralnetwork01/Schreibtisch/s7s/nn/task3/Task-3-data/FINN_TMP/vivado_stitch_proj_zja1kfk9/finn_vivado_stitch_proj.gen/sources_1/bd/finn_design/ip/finn_design_StreamingFIFO_rtl_4_0/synth/finn_design_StreamingFIFO_rtl_4_0.v" into library work
INFO: [VRFC 10-311] analyzing module finn_design_StreamingFIFO_rtl_4_0
INFO: [VRFC 10-2263] Analyzing Verilog file "/home/neuralnetwork01/Schreibtisch/s7s/nn/task3/Task-3-data/FINN_TMP/vivado_stitch_proj_zja1kfk9/finn_vivado_stitch_proj.gen/sources_1/bd/finn_design/ip/finn_design_StreamingDataWidthConverter_rtl_1_0/synth/finn_design_StreamingDataWidthConverter_rtl_1_0.v" into library work
INFO: [VRFC 10-311] analyzing module finn_design_StreamingDataWidthConverter_rtl_1_0
INFO: [VRFC 10-2263] Analyzing Verilog file "/home/neuralnetwork01/Schreibtisch/s7s/nn/task3/Task-3-data/FINN_TMP/vivado_stitch_proj_zja1kfk9/finn_vivado_stitch_proj.gen/sources_1/bd/finn_design/ip/finn_design_StreamingFIFO_rtl_5_0/synth/finn_design_StreamingFIFO_rtl_5_0.v" into library work
INFO: [VRFC 10-311] analyzing module finn_design_StreamingFIFO_rtl_5_0
INFO: [VRFC 10-2263] Analyzing Verilog file "/home/neuralnetwork01/Schreibtisch/s7s/nn/task3/Task-3-data/FINN_TMP/vivado_stitch_proj_zja1kfk9/finn_vivado_stitch_proj.gen/sources_1/bd/finn_design/ipshared/be86/hdl/verilog/MVAU_hls_1_flow_control_loop_pipe_sequential_init.v" into library work
INFO: [VRFC 10-311] analyzing module MVAU_hls_1_flow_control_loop_pipe_sequential_init
INFO: [VRFC 10-2263] Analyzing Verilog file "/home/neuralnetwork01/Schreibtisch/s7s/nn/task3/Task-3-data/FINN_TMP/vivado_stitch_proj_zja1kfk9/finn_vivado_stitch_proj.gen/sources_1/bd/finn_design/ipshared/be86/hdl/verilog/MVAU_hls_1_Matrix_Vector_Activate_Stream_Batch.v" into library work
INFO: [VRFC 10-311] analyzing module MVAU_hls_1_Matrix_Vector_Activate_Stream_Batch
INFO: [VRFC 10-2263] Analyzing Verilog file "/home/neuralnetwork01/Schreibtisch/s7s/nn/task3/Task-3-data/FINN_TMP/vivado_stitch_proj_zja1kfk9/finn_vivado_stitch_proj.gen/sources_1/bd/finn_design/ipshared/be86/hdl/verilog/MVAU_hls_1_Matrix_Vector_Activate_Stream_Batch_threshs_ROM_AUTO_1R.v" into library work
INFO: [VRFC 10-311] analyzing module MVAU_hls_1_Matrix_Vector_Activate_Stream_Batch_threshs_ROM_AUTO_1R
INFO: [VRFC 10-2263] Analyzing Verilog file "/home/neuralnetwork01/Schreibtisch/s7s/nn/task3/Task-3-data/FINN_TMP/vivado_stitch_proj_zja1kfk9/finn_vivado_stitch_proj.gen/sources_1/bd/finn_design/ipshared/be86/hdl/verilog/MVAU_hls_1_regslice_both.v" into library work
INFO: [VRFC 10-311] analyzing module MVAU_hls_1_regslice_both
INFO: [VRFC 10-311] analyzing module MVAU_hls_1_regslice_both_w1
INFO: [VRFC 10-2263] Analyzing Verilog file "/home/neuralnetwork01/Schreibtisch/s7s/nn/task3/Task-3-data/FINN_TMP/vivado_stitch_proj_zja1kfk9/finn_vivado_stitch_proj.gen/sources_1/bd/finn_design/ipshared/be86/hdl/verilog/MVAU_hls_1_sparsemux_17_3_8_1_1.v" into library work
INFO: [VRFC 10-311] analyzing module MVAU_hls_1_sparsemux_17_3_8_1_1
INFO: [VRFC 10-2263] Analyzing Verilog file "/home/neuralnetwork01/Schreibtisch/s7s/nn/task3/Task-3-data/FINN_TMP/vivado_stitch_proj_zja1kfk9/finn_vivado_stitch_proj.gen/sources_1/bd/finn_design/ipshared/be86/hdl/verilog/MVAU_hls_1.v" into library work
INFO: [VRFC 10-311] analyzing module MVAU_hls_1
INFO: [VRFC 10-2263] Analyzing Verilog file "/home/neuralnetwork01/Schreibtisch/s7s/nn/task3/Task-3-data/FINN_TMP/vivado_stitch_proj_zja1kfk9/finn_vivado_stitch_proj.gen/sources_1/bd/finn_design/ip/finn_design_MVAU_hls_1_0/synth/finn_design_MVAU_hls_1_0.v" into library work
INFO: [VRFC 10-311] analyzing module finn_design_MVAU_hls_1_0
INFO: [VRFC 10-2263] Analyzing Verilog file "/home/neuralnetwork01/Schreibtisch/s7s/nn/task3/Task-3-data/FINN_TMP/vivado_stitch_proj_zja1kfk9/finn_vivado_stitch_proj.gen/sources_1/bd/finn_design/ip/finn_design_MVAU_hls_1_wstrm_0/synth/finn_design_MVAU_hls_1_wstrm_0.v" into library work
INFO: [VRFC 10-311] analyzing module finn_design_MVAU_hls_1_wstrm_0
INFO: [VRFC 10-2263] Analyzing Verilog file "/home/neuralnetwork01/Schreibtisch/s7s/nn/task3/Task-3-data/FINN_TMP/vivado_stitch_proj_zja1kfk9/finn_vivado_stitch_proj.gen/sources_1/bd/finn_design/ip/finn_design_StreamingFIFO_rtl_6_0/synth/finn_design_StreamingFIFO_rtl_6_0.v" into library work
INFO: [VRFC 10-311] analyzing module finn_design_StreamingFIFO_rtl_6_0
INFO: [VRFC 10-2263] Analyzing Verilog file "/home/neuralnetwork01/Schreibtisch/s7s/nn/task3/Task-3-data/FINN_TMP/vivado_stitch_proj_zja1kfk9/finn_vivado_stitch_proj.gen/sources_1/bd/finn_design/ip/finn_design_StreamingDataWidthConverter_rtl_2_0/synth/finn_design_StreamingDataWidthConverter_rtl_2_0.v" into library work
INFO: [VRFC 10-311] analyzing module finn_design_StreamingDataWidthConverter_rtl_2_0
INFO: [VRFC 10-2263] Analyzing Verilog file "/home/neuralnetwork01/Schreibtisch/s7s/nn/task3/Task-3-data/FINN_TMP/vivado_stitch_proj_zja1kfk9/finn_vivado_stitch_proj.gen/sources_1/bd/finn_design/ip/finn_design_StreamingFIFO_rtl_7_0/synth/finn_design_StreamingFIFO_rtl_7_0.v" into library work
INFO: [VRFC 10-311] analyzing module finn_design_StreamingFIFO_rtl_7_0
INFO: [VRFC 10-2263] Analyzing Verilog file "/home/neuralnetwork01/Schreibtisch/s7s/nn/task3/Task-3-data/FINN_TMP/vivado_stitch_proj_zja1kfk9/finn_vivado_stitch_proj.gen/sources_1/bd/finn_design/ipshared/82fd/hdl/verilog/MVAU_hls_2_flow_control_loop_pipe_sequential_init.v" into library work
INFO: [VRFC 10-311] analyzing module MVAU_hls_2_flow_control_loop_pipe_sequential_init
INFO: [VRFC 10-2263] Analyzing Verilog file "/home/neuralnetwork01/Schreibtisch/s7s/nn/task3/Task-3-data/FINN_TMP/vivado_stitch_proj_zja1kfk9/finn_vivado_stitch_proj.gen/sources_1/bd/finn_design/ipshared/82fd/hdl/verilog/MVAU_hls_2_Matrix_Vector_Activate_Stream_Batch.v" into library work
INFO: [VRFC 10-311] analyzing module MVAU_hls_2_Matrix_Vector_Activate_Stream_Batch
INFO: [VRFC 10-2263] Analyzing Verilog file "/home/neuralnetwork01/Schreibtisch/s7s/nn/task3/Task-3-data/FINN_TMP/vivado_stitch_proj_zja1kfk9/finn_vivado_stitch_proj.gen/sources_1/bd/finn_design/ipshared/82fd/hdl/verilog/MVAU_hls_2_Matrix_Vector_Activate_Stream_Batch_threshs_ROM_AUTO_1R.v" into library work
INFO: [VRFC 10-311] analyzing module MVAU_hls_2_Matrix_Vector_Activate_Stream_Batch_threshs_ROM_AUTO_1R
INFO: [VRFC 10-2263] Analyzing Verilog file "/home/neuralnetwork01/Schreibtisch/s7s/nn/task3/Task-3-data/FINN_TMP/vivado_stitch_proj_zja1kfk9/finn_vivado_stitch_proj.gen/sources_1/bd/finn_design/ipshared/82fd/hdl/verilog/MVAU_hls_2_regslice_both.v" into library work
INFO: [VRFC 10-311] analyzing module MVAU_hls_2_regslice_both
INFO: [VRFC 10-311] analyzing module MVAU_hls_2_regslice_both_w1
INFO: [VRFC 10-2263] Analyzing Verilog file "/home/neuralnetwork01/Schreibtisch/s7s/nn/task3/Task-3-data/FINN_TMP/vivado_stitch_proj_zja1kfk9/finn_vivado_stitch_proj.gen/sources_1/bd/finn_design/ipshared/82fd/hdl/verilog/MVAU_hls_2_sparsemux_17_3_8_1_1.v" into library work
INFO: [VRFC 10-311] analyzing module MVAU_hls_2_sparsemux_17_3_8_1_1
INFO: [VRFC 10-2263] Analyzing Verilog file "/home/neuralnetwork01/Schreibtisch/s7s/nn/task3/Task-3-data/FINN_TMP/vivado_stitch_proj_zja1kfk9/finn_vivado_stitch_proj.gen/sources_1/bd/finn_design/ipshared/82fd/hdl/verilog/MVAU_hls_2.v" into library work
INFO: [VRFC 10-311] analyzing module MVAU_hls_2
INFO: [VRFC 10-2263] Analyzing Verilog file "/home/neuralnetwork01/Schreibtisch/s7s/nn/task3/Task-3-data/FINN_TMP/vivado_stitch_proj_zja1kfk9/finn_vivado_stitch_proj.gen/sources_1/bd/finn_design/ip/finn_design_MVAU_hls_2_0/synth/finn_design_MVAU_hls_2_0.v" into library work
INFO: [VRFC 10-311] analyzing module finn_design_MVAU_hls_2_0
INFO: [VRFC 10-2263] Analyzing Verilog file "/home/neuralnetwork01/Schreibtisch/s7s/nn/task3/Task-3-data/FINN_TMP/vivado_stitch_proj_zja1kfk9/finn_vivado_stitch_proj.gen/sources_1/bd/finn_design/ip/finn_design_MVAU_hls_2_wstrm_0/synth/finn_design_MVAU_hls_2_wstrm_0.v" into library work
INFO: [VRFC 10-311] analyzing module finn_design_MVAU_hls_2_wstrm_0
INFO: [VRFC 10-2263] Analyzing Verilog file "/home/neuralnetwork01/Schreibtisch/s7s/nn/task3/Task-3-data/FINN_TMP/vivado_stitch_proj_zja1kfk9/finn_vivado_stitch_proj.gen/sources_1/bd/finn_design/ip/finn_design_StreamingFIFO_rtl_8_0/synth/finn_design_StreamingFIFO_rtl_8_0.v" into library work
INFO: [VRFC 10-311] analyzing module finn_design_StreamingFIFO_rtl_8_0
INFO: [VRFC 10-2263] Analyzing Verilog file "/home/neuralnetwork01/Schreibtisch/s7s/nn/task3/Task-3-data/FINN_TMP/vivado_stitch_proj_zja1kfk9/finn_vivado_stitch_proj.gen/sources_1/bd/finn_design/ipshared/4056/hdl/verilog/MVAU_hls_3_flow_control_loop_pipe_no_ap_cont.v" into library work
INFO: [VRFC 10-311] analyzing module MVAU_hls_3_flow_control_loop_pipe_no_ap_cont
INFO: [VRFC 10-2263] Analyzing Verilog file "/home/neuralnetwork01/Schreibtisch/s7s/nn/task3/Task-3-data/FINN_TMP/vivado_stitch_proj_zja1kfk9/finn_vivado_stitch_proj.gen/sources_1/bd/finn_design/ipshared/4056/hdl/verilog/MVAU_hls_3_regslice_both.v" into library work
INFO: [VRFC 10-311] analyzing module MVAU_hls_3_regslice_both
INFO: [VRFC 10-311] analyzing module MVAU_hls_3_regslice_both_w1
INFO: [VRFC 10-2263] Analyzing Verilog file "/home/neuralnetwork01/Schreibtisch/s7s/nn/task3/Task-3-data/FINN_TMP/vivado_stitch_proj_zja1kfk9/finn_vivado_stitch_proj.gen/sources_1/bd/finn_design/ipshared/4056/hdl/verilog/MVAU_hls_3_sparsemux_129_6_1_1_1.v" into library work
INFO: [VRFC 10-311] analyzing module MVAU_hls_3_sparsemux_129_6_1_1_1
INFO: [VRFC 10-2263] Analyzing Verilog file "/home/neuralnetwork01/Schreibtisch/s7s/nn/task3/Task-3-data/FINN_TMP/vivado_stitch_proj_zja1kfk9/finn_vivado_stitch_proj.gen/sources_1/bd/finn_design/ipshared/4056/hdl/verilog/MVAU_hls_3.v" into library work
INFO: [VRFC 10-311] analyzing module MVAU_hls_3
INFO: [VRFC 10-2263] Analyzing Verilog file "/home/neuralnetwork01/Schreibtisch/s7s/nn/task3/Task-3-data/FINN_TMP/vivado_stitch_proj_zja1kfk9/finn_vivado_stitch_proj.gen/sources_1/bd/finn_design/ip/finn_design_MVAU_hls_3_0/synth/finn_design_MVAU_hls_3_0.v" into library work
INFO: [VRFC 10-311] analyzing module finn_design_MVAU_hls_3_0
INFO: [VRFC 10-2263] Analyzing Verilog file "/home/neuralnetwork01/Schreibtisch/s7s/nn/task3/Task-3-data/FINN_TMP/vivado_stitch_proj_zja1kfk9/finn_vivado_stitch_proj.gen/sources_1/bd/finn_design/ip/finn_design_MVAU_hls_3_wstrm_0/synth/finn_design_MVAU_hls_3_wstrm_0.v" into library work
INFO: [VRFC 10-311] analyzing module finn_design_MVAU_hls_3_wstrm_0
INFO: [VRFC 10-2263] Analyzing Verilog file "/home/neuralnetwork01/Schreibtisch/s7s/nn/task3/Task-3-data/FINN_TMP/vivado_stitch_proj_zja1kfk9/finn_vivado_stitch_proj.gen/sources_1/bd/finn_design/ip/finn_design_StreamingFIFO_rtl_9_0/synth/finn_design_StreamingFIFO_rtl_9_0.v" into library work
INFO: [VRFC 10-311] analyzing module finn_design_StreamingFIFO_rtl_9_0
INFO: [VRFC 10-2263] Analyzing Verilog file "/home/neuralnetwork01/Schreibtisch/s7s/nn/task3/Task-3-data/FINN_TMP/vivado_stitch_proj_zja1kfk9/finn_vivado_stitch_proj.gen/sources_1/bd/finn_design/ipshared/6575/hdl/verilog/LabelSelect_hls_0_flow_control_loop_pipe_sequential_init.v" into library work
INFO: [VRFC 10-311] analyzing module LabelSelect_hls_0_flow_control_loop_pipe_sequential_init
INFO: [VRFC 10-2263] Analyzing Verilog file "/home/neuralnetwork01/Schreibtisch/s7s/nn/task3/Task-3-data/FINN_TMP/vivado_stitch_proj_zja1kfk9/finn_vivado_stitch_proj.gen/sources_1/bd/finn_design/ipshared/6575/hdl/verilog/LabelSelect_hls_0_LabelSelect_hls_0_Pipeline_VITIS_LOOP_199_3.v" into library work
INFO: [VRFC 10-311] analyzing module LabelSelect_hls_0_LabelSelect_hls_0_Pipeline_VITIS_LOOP_199_3
INFO: [VRFC 10-2263] Analyzing Verilog file "/home/neuralnetwork01/Schreibtisch/s7s/nn/task3/Task-3-data/FINN_TMP/vivado_stitch_proj_zja1kfk9/finn_vivado_stitch_proj.gen/sources_1/bd/finn_design/ipshared/6575/hdl/verilog/LabelSelect_hls_0_regslice_both.v" into library work
INFO: [VRFC 10-311] analyzing module LabelSelect_hls_0_regslice_both
INFO: [VRFC 10-311] analyzing module LabelSelect_hls_0_regslice_both_w1
INFO: [VRFC 10-2263] Analyzing Verilog file "/home/neuralnetwork01/Schreibtisch/s7s/nn/task3/Task-3-data/FINN_TMP/vivado_stitch_proj_zja1kfk9/finn_vivado_stitch_proj.gen/sources_1/bd/finn_design/ipshared/6575/hdl/verilog/LabelSelect_hls_0.v" into library work
INFO: [VRFC 10-311] analyzing module LabelSelect_hls_0
INFO: [VRFC 10-2263] Analyzing Verilog file "/home/neuralnetwork01/Schreibtisch/s7s/nn/task3/Task-3-data/FINN_TMP/vivado_stitch_proj_zja1kfk9/finn_vivado_stitch_proj.gen/sources_1/bd/finn_design/ip/finn_design_LabelSelect_hls_0_0/synth/finn_design_LabelSelect_hls_0_0.v" into library work
INFO: [VRFC 10-311] analyzing module finn_design_LabelSelect_hls_0_0
INFO: [VRFC 10-2263] Analyzing Verilog file "/home/neuralnetwork01/Schreibtisch/s7s/nn/task3/Task-3-data/FINN_TMP/vivado_stitch_proj_zja1kfk9/finn_vivado_stitch_proj.gen/sources_1/bd/finn_design/ip/finn_design_StreamingFIFO_rtl_10_0/synth/finn_design_StreamingFIFO_rtl_10_0.v" into library work
INFO: [VRFC 10-311] analyzing module finn_design_StreamingFIFO_rtl_10_0
INFO: [VRFC 10-2263] Analyzing Verilog file "/home/neuralnetwork01/Schreibtisch/s7s/nn/task3/Task-3-data/FINN_TMP/vivado_stitch_proj_zja1kfk9/finn_vivado_stitch_proj.gen/sources_1/bd/finn_design/synth/finn_design.v" into library work
INFO: [VRFC 10-311] analyzing module MVAU_hls_0_imp_7OH4JA
INFO: [VRFC 10-311] analyzing module MVAU_hls_1_imp_ZIW0NT
INFO: [VRFC 10-311] analyzing module MVAU_hls_2_imp_1WP2WTL
INFO: [VRFC 10-311] analyzing module MVAU_hls_3_imp_U0RWZQ
INFO: [VRFC 10-311] analyzing module finn_design
INFO: [VRFC 10-2263] Analyzing SystemVerilog file "/home/neuralnetwork01/Schreibtisch/s7s/nn/task3/Task-3-data/FINN_TMP/code_gen_ipgen_StreamingFIFO_rtl_0_f5tr7irh/fifo_gauge.sv" into library work
INFO: [VRFC 10-311] analyzing module fifo_gauge
WARNING: [VRFC 10-3467] initial value of parameter 'WIDTH' is omitted [/home/neuralnetwork01/Schreibtisch/s7s/nn/task3/Task-3-data/FINN_TMP/code_gen_ipgen_StreamingFIFO_rtl_0_f5tr7irh/fifo_gauge.sv:36]
WARNING: [VRFC 10-587] dynamic variables shall not be written with non-blocking assignments [/home/neuralnetwork01/Schreibtisch/s7s/nn/task3/Task-3-data/FINN_TMP/code_gen_ipgen_StreamingFIFO_rtl_0_f5tr7irh/fifo_gauge.sv:64]
INFO: [VRFC 10-2263] Analyzing Verilog file "/home/neuralnetwork01/Schreibtisch/s7s/nn/task3/Task-3-data/FINN_TMP/code_gen_ipgen_StreamingFIFO_rtl_0_f5tr7irh/Q_srl.v" into library work
INFO: [VRFC 10-311] analyzing module Q_srl
INFO: [VRFC 10-2263] Analyzing Verilog file "/home/neuralnetwork01/Schreibtisch/s7s/nn/task3/Task-3-data/FINN_TMP/code_gen_ipgen_StreamingFIFO_rtl_0_f5tr7irh/StreamingFIFO_rtl_0.v" into library work
INFO: [VRFC 10-311] analyzing module StreamingFIFO_rtl_0
INFO: [VRFC 10-2263] Analyzing SystemVerilog file "/home/neuralnetwork01/Schreibtisch/s7s/nn/task3/Task-3-data/FINN_TMP/code_gen_ipgen_Reshape_rtl_0_5egyz7kg/dwc.sv" into library work
INFO: [VRFC 10-311] analyzing module dwc
WARNING: [VRFC 10-3467] initial value of parameter 'IBITS' is omitted [/home/neuralnetwork01/Schreibtisch/s7s/nn/task3/Task-3-data/FINN_TMP/code_gen_ipgen_Reshape_rtl_0_5egyz7kg/dwc.sv:35]
WARNING: [VRFC 10-3467] initial value of parameter 'OBITS' is omitted [/home/neuralnetwork01/Schreibtisch/s7s/nn/task3/Task-3-data/FINN_TMP/code_gen_ipgen_Reshape_rtl_0_5egyz7kg/dwc.sv:36]
INFO: [VRFC 10-2263] Analyzing SystemVerilog file "/home/neuralnetwork01/Schreibtisch/s7s/nn/task3/Task-3-data/FINN_TMP/code_gen_ipgen_Reshape_rtl_0_5egyz7kg/dwc_axi.sv" into library work
INFO: [VRFC 10-311] analyzing module dwc_axi
WARNING: [VRFC 10-3467] initial value of parameter 'IBITS' is omitted [/home/neuralnetwork01/Schreibtisch/s7s/nn/task3/Task-3-data/FINN_TMP/code_gen_ipgen_Reshape_rtl_0_5egyz7kg/dwc_axi.sv:35]
WARNING: [VRFC 10-3467] initial value of parameter 'OBITS' is omitted [/home/neuralnetwork01/Schreibtisch/s7s/nn/task3/Task-3-data/FINN_TMP/code_gen_ipgen_Reshape_rtl_0_5egyz7kg/dwc_axi.sv:36]
INFO: [VRFC 10-2263] Analyzing Verilog file "/home/neuralnetwork01/Schreibtisch/s7s/nn/task3/Task-3-data/FINN_TMP/code_gen_ipgen_Reshape_rtl_0_5egyz7kg/Reshape_rtl_0.v" into library work
INFO: [VRFC 10-311] analyzing module Reshape_rtl_0
INFO: [VRFC 10-2263] Analyzing SystemVerilog file "/home/neuralnetwork01/Schreibtisch/s7s/nn/task3/Task-3-data/FINN_TMP/code_gen_ipgen_StreamingFIFO_rtl_1_bcrbn9l_/fifo_gauge.sv" into library work
INFO: [VRFC 10-311] analyzing module fifo_gauge
WARNING: [VRFC 10-3467] initial value of parameter 'WIDTH' is omitted [/home/neuralnetwork01/Schreibtisch/s7s/nn/task3/Task-3-data/FINN_TMP/code_gen_ipgen_StreamingFIFO_rtl_1_bcrbn9l_/fifo_gauge.sv:36]
WARNING: [VRFC 10-587] dynamic variables shall not be written with non-blocking assignments [/home/neuralnetwork01/Schreibtisch/s7s/nn/task3/Task-3-data/FINN_TMP/code_gen_ipgen_StreamingFIFO_rtl_1_bcrbn9l_/fifo_gauge.sv:64]
WARNING: [VRFC 10-3609] overwriting previous definition of module 'fifo_gauge' [/home/neuralnetwork01/Schreibtisch/s7s/nn/task3/Task-3-data/FINN_TMP/code_gen_ipgen_StreamingFIFO_rtl_1_bcrbn9l_/fifo_gauge.sv:35]
INFO: [VRFC 10-2263] Analyzing Verilog file "/home/neuralnetwork01/Schreibtisch/s7s/nn/task3/Task-3-data/FINN_TMP/code_gen_ipgen_StreamingFIFO_rtl_1_bcrbn9l_/Q_srl.v" into library work
INFO: [VRFC 10-311] analyzing module Q_srl
WARNING: [VRFC 10-3609] overwriting previous definition of module 'Q_srl' [/home/neuralnetwork01/Schreibtisch/s7s/nn/task3/Task-3-data/FINN_TMP/code_gen_ipgen_StreamingFIFO_rtl_1_bcrbn9l_/Q_srl.v:72]
INFO: [VRFC 10-2263] Analyzing Verilog file "/home/neuralnetwork01/Schreibtisch/s7s/nn/task3/Task-3-data/FINN_TMP/code_gen_ipgen_StreamingFIFO_rtl_1_bcrbn9l_/StreamingFIFO_rtl_1.v" into library work
INFO: [VRFC 10-311] analyzing module StreamingFIFO_rtl_1
INFO: [VRFC 10-2263] Analyzing SystemVerilog file "/home/neuralnetwork01/Schreibtisch/s7s/nn/task3/Task-3-data/FINN_TMP/vivado_stitch_proj_zja1kfk9/ip/verilog/rtl_ops/Thresholding_rtl_0/axilite.sv" into library work
INFO: [VRFC 10-311] analyzing module axilite
WARNING: [VRFC 10-3467] initial value of parameter 'ADDR_WIDTH' is omitted [/home/neuralnetwork01/Schreibtisch/s7s/nn/task3/Task-3-data/FINN_TMP/vivado_stitch_proj_zja1kfk9/ip/verilog/rtl_ops/Thresholding_rtl_0/axilite.sv:33]
WARNING: [VRFC 10-3467] initial value of parameter 'DATA_WIDTH' is omitted [/home/neuralnetwork01/Schreibtisch/s7s/nn/task3/Task-3-data/FINN_TMP/vivado_stitch_proj_zja1kfk9/ip/verilog/rtl_ops/Thresholding_rtl_0/axilite.sv:34]
WARNING: [VRFC 10-3467] initial value of parameter 'IP_DATA_WIDTH' is omitted [/home/neuralnetwork01/Schreibtisch/s7s/nn/task3/Task-3-data/FINN_TMP/vivado_stitch_proj_zja1kfk9/ip/verilog/rtl_ops/Thresholding_rtl_0/axilite.sv:35]
WARNING: [VRFC 10-3380] identifier 'snk_re' is used before its declaration [/home/neuralnetwork01/Schreibtisch/s7s/nn/task3/Task-3-data/FINN_TMP/vivado_stitch_proj_zja1kfk9/ip/verilog/rtl_ops/Thresholding_rtl_0/axilite.sv:112]
INFO: [VRFC 10-2263] Analyzing SystemVerilog file "/home/neuralnetwork01/Schreibtisch/s7s/nn/task3/Task-3-data/FINN_TMP/vivado_stitch_proj_zja1kfk9/ip/verilog/rtl_ops/Thresholding_rtl_0/thresholding.sv" into library work
INFO: [VRFC 10-311] analyzing module thresholding
WARNING: [VRFC 10-3467] initial value of parameter 'K' is omitted [/home/neuralnetwork01/Schreibtisch/s7s/nn/task3/Task-3-data/FINN_TMP/vivado_stitch_proj_zja1kfk9/ip/verilog/rtl_ops/Thresholding_rtl_0/thresholding.sv:55]
WARNING: [VRFC 10-3467] initial value of parameter 'N' is omitted [/home/neuralnetwork01/Schreibtisch/s7s/nn/task3/Task-3-data/FINN_TMP/vivado_stitch_proj_zja1kfk9/ip/verilog/rtl_ops/Thresholding_rtl_0/thresholding.sv:56]
WARNING: [VRFC 10-3467] initial value of parameter 'C' is omitted [/home/neuralnetwork01/Schreibtisch/s7s/nn/task3/Task-3-data/FINN_TMP/vivado_stitch_proj_zja1kfk9/ip/verilog/rtl_ops/Thresholding_rtl_0/thresholding.sv:57]
WARNING: [VRFC 10-3467] initial value of parameter 'PE' is omitted [/home/neuralnetwork01/Schreibtisch/s7s/nn/task3/Task-3-data/FINN_TMP/vivado_stitch_proj_zja1kfk9/ip/verilog/rtl_ops/Thresholding_rtl_0/thresholding.sv:58]
INFO: [VRFC 10-2263] Analyzing SystemVerilog file "/home/neuralnetwork01/Schreibtisch/s7s/nn/task3/Task-3-data/FINN_TMP/vivado_stitch_proj_zja1kfk9/ip/verilog/rtl_ops/Thresholding_rtl_0/thresholding_axi.sv" into library work
INFO: [VRFC 10-311] analyzing module thresholding_axi
WARNING: [VRFC 10-3467] initial value of parameter 'WI' is omitted [/home/neuralnetwork01/Schreibtisch/s7s/nn/task3/Task-3-data/FINN_TMP/vivado_stitch_proj_zja1kfk9/ip/verilog/rtl_ops/Thresholding_rtl_0/thresholding_axi.sv:42]
WARNING: [VRFC 10-3467] initial value of parameter 'WT' is omitted [/home/neuralnetwork01/Schreibtisch/s7s/nn/task3/Task-3-data/FINN_TMP/vivado_stitch_proj_zja1kfk9/ip/verilog/rtl_ops/Thresholding_rtl_0/thresholding_axi.sv:43]
WARNING: [VRFC 10-3467] initial value of parameter 'N' is omitted [/home/neuralnetwork01/Schreibtisch/s7s/nn/task3/Task-3-data/FINN_TMP/vivado_stitch_proj_zja1kfk9/ip/verilog/rtl_ops/Thresholding_rtl_0/thresholding_axi.sv:44]
WARNING: [VRFC 10-3467] initial value of parameter 'USE_AXILITE' is omitted [/home/neuralnetwork01/Schreibtisch/s7s/nn/task3/Task-3-data/FINN_TMP/vivado_stitch_proj_zja1kfk9/ip/verilog/rtl_ops/Thresholding_rtl_0/thresholding_axi.sv:56]
INFO: [VRFC 10-2263] Analyzing Verilog file "/home/neuralnetwork01/Schreibtisch/s7s/nn/task3/Task-3-data/FINN_TMP/vivado_stitch_proj_zja1kfk9/ip/verilog/rtl_ops/Thresholding_rtl_0/Thresholding_rtl_0.v" into library work
INFO: [VRFC 10-311] analyzing module Thresholding_rtl_0
INFO: [VRFC 10-2263] Analyzing SystemVerilog file "/home/neuralnetwork01/Schreibtisch/s7s/nn/task3/Task-3-data/FINN_TMP/code_gen_ipgen_StreamingFIFO_rtl_2_x1l3sr0s/fifo_gauge.sv" into library work
INFO: [VRFC 10-311] analyzing module fifo_gauge
WARNING: [VRFC 10-3467] initial value of parameter 'WIDTH' is omitted [/home/neuralnetwork01/Schreibtisch/s7s/nn/task3/Task-3-data/FINN_TMP/code_gen_ipgen_StreamingFIFO_rtl_2_x1l3sr0s/fifo_gauge.sv:36]
WARNING: [VRFC 10-587] dynamic variables shall not be written with non-blocking assignments [/home/neuralnetwork01/Schreibtisch/s7s/nn/task3/Task-3-data/FINN_TMP/code_gen_ipgen_StreamingFIFO_rtl_2_x1l3sr0s/fifo_gauge.sv:64]
WARNING: [VRFC 10-3609] overwriting previous definition of module 'fifo_gauge' [/home/neuralnetwork01/Schreibtisch/s7s/nn/task3/Task-3-data/FINN_TMP/code_gen_ipgen_StreamingFIFO_rtl_2_x1l3sr0s/fifo_gauge.sv:35]
INFO: [VRFC 10-2263] Analyzing Verilog file "/home/neuralnetwork01/Schreibtisch/s7s/nn/task3/Task-3-data/FINN_TMP/code_gen_ipgen_StreamingFIFO_rtl_2_x1l3sr0s/Q_srl.v" into library work
INFO: [VRFC 10-311] analyzing module Q_srl
WARNING: [VRFC 10-3609] overwriting previous definition of module 'Q_srl' [/home/neuralnetwork01/Schreibtisch/s7s/nn/task3/Task-3-data/FINN_TMP/code_gen_ipgen_StreamingFIFO_rtl_2_x1l3sr0s/Q_srl.v:72]
INFO: [VRFC 10-2263] Analyzing Verilog file "/home/neuralnetwork01/Schreibtisch/s7s/nn/task3/Task-3-data/FINN_TMP/code_gen_ipgen_StreamingFIFO_rtl_2_x1l3sr0s/StreamingFIFO_rtl_2.v" into library work
INFO: [VRFC 10-311] analyzing module StreamingFIFO_rtl_2
INFO: [VRFC 10-2263] Analyzing SystemVerilog file "/home/neuralnetwork01/Schreibtisch/s7s/nn/task3/Task-3-data/FINN_TMP/code_gen_ipgen_StreamingDataWidthConverter_rtl_0_q_6l546o/dwc_axi.sv" into library work
INFO: [VRFC 10-311] analyzing module dwc_axi
WARNING: [VRFC 10-3467] initial value of parameter 'IBITS' is omitted [/home/neuralnetwork01/Schreibtisch/s7s/nn/task3/Task-3-data/FINN_TMP/code_gen_ipgen_StreamingDataWidthConverter_rtl_0_q_6l546o/dwc_axi.sv:35]
WARNING: [VRFC 10-3467] initial value of parameter 'OBITS' is omitted [/home/neuralnetwork01/Schreibtisch/s7s/nn/task3/Task-3-data/FINN_TMP/code_gen_ipgen_StreamingDataWidthConverter_rtl_0_q_6l546o/dwc_axi.sv:36]
WARNING: [VRFC 10-3609] overwriting previous definition of module 'dwc_axi' [/home/neuralnetwork01/Schreibtisch/s7s/nn/task3/Task-3-data/FINN_TMP/code_gen_ipgen_StreamingDataWidthConverter_rtl_0_q_6l546o/dwc_axi.sv:34]
INFO: [VRFC 10-2263] Analyzing SystemVerilog file "/home/neuralnetwork01/Schreibtisch/s7s/nn/task3/Task-3-data/FINN_TMP/code_gen_ipgen_StreamingDataWidthConverter_rtl_0_q_6l546o/dwc.sv" into library work
INFO: [VRFC 10-311] analyzing module dwc
WARNING: [VRFC 10-3467] initial value of parameter 'IBITS' is omitted [/home/neuralnetwork01/Schreibtisch/s7s/nn/task3/Task-3-data/FINN_TMP/code_gen_ipgen_StreamingDataWidthConverter_rtl_0_q_6l546o/dwc.sv:35]
WARNING: [VRFC 10-3467] initial value of parameter 'OBITS' is omitted [/home/neuralnetwork01/Schreibtisch/s7s/nn/task3/Task-3-data/FINN_TMP/code_gen_ipgen_StreamingDataWidthConverter_rtl_0_q_6l546o/dwc.sv:36]
WARNING: [VRFC 10-3609] overwriting previous definition of module 'dwc' [/home/neuralnetwork01/Schreibtisch/s7s/nn/task3/Task-3-data/FINN_TMP/code_gen_ipgen_StreamingDataWidthConverter_rtl_0_q_6l546o/dwc.sv:34]
INFO: [VRFC 10-2263] Analyzing Verilog file "/home/neuralnetwork01/Schreibtisch/s7s/nn/task3/Task-3-data/FINN_TMP/code_gen_ipgen_StreamingDataWidthConverter_rtl_0_q_6l546o/StreamingDataWidthConverter_rtl_0.v" into library work
INFO: [VRFC 10-311] analyzing module StreamingDataWidthConverter_rtl_0
INFO: [VRFC 10-2263] Analyzing SystemVerilog file "/home/neuralnetwork01/Schreibtisch/s7s/nn/task3/Task-3-data/FINN_TMP/code_gen_ipgen_StreamingFIFO_rtl_3_7wnfo9j6/fifo_gauge.sv" into library work
INFO: [VRFC 10-311] analyzing module fifo_gauge
WARNING: [VRFC 10-3467] initial value of parameter 'WIDTH' is omitted [/home/neuralnetwork01/Schreibtisch/s7s/nn/task3/Task-3-data/FINN_TMP/code_gen_ipgen_StreamingFIFO_rtl_3_7wnfo9j6/fifo_gauge.sv:36]
WARNING: [VRFC 10-587] dynamic variables shall not be written with non-blocking assignments [/home/neuralnetwork01/Schreibtisch/s7s/nn/task3/Task-3-data/FINN_TMP/code_gen_ipgen_StreamingFIFO_rtl_3_7wnfo9j6/fifo_gauge.sv:64]
WARNING: [VRFC 10-3609] overwriting previous definition of module 'fifo_gauge' [/home/neuralnetwork01/Schreibtisch/s7s/nn/task3/Task-3-data/FINN_TMP/code_gen_ipgen_StreamingFIFO_rtl_3_7wnfo9j6/fifo_gauge.sv:35]
INFO: [VRFC 10-2263] Analyzing Verilog file "/home/neuralnetwork01/Schreibtisch/s7s/nn/task3/Task-3-data/FINN_TMP/code_gen_ipgen_StreamingFIFO_rtl_3_7wnfo9j6/Q_srl.v" into library work
INFO: [VRFC 10-311] analyzing module Q_srl
WARNING: [VRFC 10-3609] overwriting previous definition of module 'Q_srl' [/home/neuralnetwork01/Schreibtisch/s7s/nn/task3/Task-3-data/FINN_TMP/code_gen_ipgen_StreamingFIFO_rtl_3_7wnfo9j6/Q_srl.v:72]
INFO: [VRFC 10-2263] Analyzing Verilog file "/home/neuralnetwork01/Schreibtisch/s7s/nn/task3/Task-3-data/FINN_TMP/code_gen_ipgen_StreamingFIFO_rtl_3_7wnfo9j6/StreamingFIFO_rtl_3.v" into library work
INFO: [VRFC 10-311] analyzing module StreamingFIFO_rtl_3
INFO: [VRFC 10-2263] Analyzing Verilog file "/home/neuralnetwork01/Schreibtisch/s7s/nn/task3/Task-3-data/FINN_TMP/vivado_stitch_proj_zja1kfk9/ip/verilog/rtl_ops/MVAU_hls_0/MVAU_hls_0_memstream_wrapper.v" into library work
INFO: [VRFC 10-311] analyzing module MVAU_hls_0_memstream_wrapper
INFO: [VRFC 10-2263] Analyzing SystemVerilog file "/home/neuralnetwork01/Schreibtisch/s7s/nn/task3/Task-3-data/FINN_TMP/vivado_stitch_proj_zja1kfk9/ip/verilog/rtl_ops/MVAU_hls_0/axilite.sv" into library work
INFO: [VRFC 10-311] analyzing module axilite
WARNING: [VRFC 10-3467] initial value of parameter 'ADDR_WIDTH' is omitted [/home/neuralnetwork01/Schreibtisch/s7s/nn/task3/Task-3-data/FINN_TMP/vivado_stitch_proj_zja1kfk9/ip/verilog/rtl_ops/MVAU_hls_0/axilite.sv:33]
WARNING: [VRFC 10-3467] initial value of parameter 'DATA_WIDTH' is omitted [/home/neuralnetwork01/Schreibtisch/s7s/nn/task3/Task-3-data/FINN_TMP/vivado_stitch_proj_zja1kfk9/ip/verilog/rtl_ops/MVAU_hls_0/axilite.sv:34]
WARNING: [VRFC 10-3467] initial value of parameter 'IP_DATA_WIDTH' is omitted [/home/neuralnetwork01/Schreibtisch/s7s/nn/task3/Task-3-data/FINN_TMP/vivado_stitch_proj_zja1kfk9/ip/verilog/rtl_ops/MVAU_hls_0/axilite.sv:35]
WARNING: [VRFC 10-3380] identifier 'snk_re' is used before its declaration [/home/neuralnetwork01/Schreibtisch/s7s/nn/task3/Task-3-data/FINN_TMP/vivado_stitch_proj_zja1kfk9/ip/verilog/rtl_ops/MVAU_hls_0/axilite.sv:112]
WARNING: [VRFC 10-3609] overwriting previous definition of module 'axilite' [/home/neuralnetwork01/Schreibtisch/s7s/nn/task3/Task-3-data/FINN_TMP/vivado_stitch_proj_zja1kfk9/ip/verilog/rtl_ops/MVAU_hls_0/axilite.sv:32]
INFO: [VRFC 10-2263] Analyzing SystemVerilog file "/home/neuralnetwork01/Schreibtisch/s7s/nn/task3/Task-3-data/FINN_TMP/vivado_stitch_proj_zja1kfk9/ip/verilog/rtl_ops/MVAU_hls_0/memstream_axi.sv" into library work
INFO: [VRFC 10-311] analyzing module memstream_axi
WARNING: [VRFC 10-3467] initial value of parameter 'SETS' is omitted [/home/neuralnetwork01/Schreibtisch/s7s/nn/task3/Task-3-data/FINN_TMP/vivado_stitch_proj_zja1kfk9/ip/verilog/rtl_ops/MVAU_hls_0/memstream_axi.sv:34]
WARNING: [VRFC 10-3467] initial value of parameter 'DEPTH' is omitted [/home/neuralnetwork01/Schreibtisch/s7s/nn/task3/Task-3-data/FINN_TMP/vivado_stitch_proj_zja1kfk9/ip/verilog/rtl_ops/MVAU_hls_0/memstream_axi.sv:35]
WARNING: [VRFC 10-3467] initial value of parameter 'WIDTH' is omitted [/home/neuralnetwork01/Schreibtisch/s7s/nn/task3/Task-3-data/FINN_TMP/vivado_stitch_proj_zja1kfk9/ip/verilog/rtl_ops/MVAU_hls_0/memstream_axi.sv:36]
INFO: [VRFC 10-2263] Analyzing SystemVerilog file "/home/neuralnetwork01/Schreibtisch/s7s/nn/task3/Task-3-data/FINN_TMP/vivado_stitch_proj_zja1kfk9/ip/verilog/rtl_ops/MVAU_hls_0/memstream.sv" into library work
INFO: [VRFC 10-311] analyzing module memstream
WARNING: [VRFC 10-3467] initial value of parameter 'SETS' is omitted [/home/neuralnetwork01/Schreibtisch/s7s/nn/task3/Task-3-data/FINN_TMP/vivado_stitch_proj_zja1kfk9/ip/verilog/rtl_ops/MVAU_hls_0/memstream.sv:34]
WARNING: [VRFC 10-3467] initial value of parameter 'DEPTH' is omitted [/home/neuralnetwork01/Schreibtisch/s7s/nn/task3/Task-3-data/FINN_TMP/vivado_stitch_proj_zja1kfk9/ip/verilog/rtl_ops/MVAU_hls_0/memstream.sv:35]
WARNING: [VRFC 10-3467] initial value of parameter 'WIDTH' is omitted [/home/neuralnetwork01/Schreibtisch/s7s/nn/task3/Task-3-data/FINN_TMP/vivado_stitch_proj_zja1kfk9/ip/verilog/rtl_ops/MVAU_hls_0/memstream.sv:36]
INFO: [VRFC 10-2263] Analyzing SystemVerilog file "/home/neuralnetwork01/Schreibtisch/s7s/nn/task3/Task-3-data/FINN_TMP/code_gen_ipgen_StreamingFIFO_rtl_4_ap5of9rb/fifo_gauge.sv" into library work
INFO: [VRFC 10-311] analyzing module fifo_gauge
WARNING: [VRFC 10-3467] initial value of parameter 'WIDTH' is omitted [/home/neuralnetwork01/Schreibtisch/s7s/nn/task3/Task-3-data/FINN_TMP/code_gen_ipgen_StreamingFIFO_rtl_4_ap5of9rb/fifo_gauge.sv:36]
WARNING: [VRFC 10-587] dynamic variables shall not be written with non-blocking assignments [/home/neuralnetwork01/Schreibtisch/s7s/nn/task3/Task-3-data/FINN_TMP/code_gen_ipgen_StreamingFIFO_rtl_4_ap5of9rb/fifo_gauge.sv:64]
WARNING: [VRFC 10-3609] overwriting previous definition of module 'fifo_gauge' [/home/neuralnetwork01/Schreibtisch/s7s/nn/task3/Task-3-data/FINN_TMP/code_gen_ipgen_StreamingFIFO_rtl_4_ap5of9rb/fifo_gauge.sv:35]
INFO: [VRFC 10-2263] Analyzing Verilog file "/home/neuralnetwork01/Schreibtisch/s7s/nn/task3/Task-3-data/FINN_TMP/code_gen_ipgen_StreamingFIFO_rtl_4_ap5of9rb/Q_srl.v" into library work
INFO: [VRFC 10-311] analyzing module Q_srl
WARNING: [VRFC 10-3609] overwriting previous definition of module 'Q_srl' [/home/neuralnetwork01/Schreibtisch/s7s/nn/task3/Task-3-data/FINN_TMP/code_gen_ipgen_StreamingFIFO_rtl_4_ap5of9rb/Q_srl.v:72]
INFO: [VRFC 10-2263] Analyzing Verilog file "/home/neuralnetwork01/Schreibtisch/s7s/nn/task3/Task-3-data/FINN_TMP/code_gen_ipgen_StreamingFIFO_rtl_4_ap5of9rb/StreamingFIFO_rtl_4.v" into library work
INFO: [VRFC 10-311] analyzing module StreamingFIFO_rtl_4
INFO: [VRFC 10-2263] Analyzing SystemVerilog file "/home/neuralnetwork01/Schreibtisch/s7s/nn/task3/Task-3-data/FINN_TMP/code_gen_ipgen_StreamingDataWidthConverter_rtl_1_6s9o487g/dwc_axi.sv" into library work
INFO: [VRFC 10-311] analyzing module dwc_axi
WARNING: [VRFC 10-3467] initial value of parameter 'IBITS' is omitted [/home/neuralnetwork01/Schreibtisch/s7s/nn/task3/Task-3-data/FINN_TMP/code_gen_ipgen_StreamingDataWidthConverter_rtl_1_6s9o487g/dwc_axi.sv:35]
WARNING: [VRFC 10-3467] initial value of parameter 'OBITS' is omitted [/home/neuralnetwork01/Schreibtisch/s7s/nn/task3/Task-3-data/FINN_TMP/code_gen_ipgen_StreamingDataWidthConverter_rtl_1_6s9o487g/dwc_axi.sv:36]
WARNING: [VRFC 10-3609] overwriting previous definition of module 'dwc_axi' [/home/neuralnetwork01/Schreibtisch/s7s/nn/task3/Task-3-data/FINN_TMP/code_gen_ipgen_StreamingDataWidthConverter_rtl_1_6s9o487g/dwc_axi.sv:34]
INFO: [VRFC 10-2263] Analyzing SystemVerilog file "/home/neuralnetwork01/Schreibtisch/s7s/nn/task3/Task-3-data/FINN_TMP/code_gen_ipgen_StreamingDataWidthConverter_rtl_1_6s9o487g/dwc.sv" into library work
INFO: [VRFC 10-311] analyzing module dwc
WARNING: [VRFC 10-3467] initial value of parameter 'IBITS' is omitted [/home/neuralnetwork01/Schreibtisch/s7s/nn/task3/Task-3-data/FINN_TMP/code_gen_ipgen_StreamingDataWidthConverter_rtl_1_6s9o487g/dwc.sv:35]
WARNING: [VRFC 10-3467] initial value of parameter 'OBITS' is omitted [/home/neuralnetwork01/Schreibtisch/s7s/nn/task3/Task-3-data/FINN_TMP/code_gen_ipgen_StreamingDataWidthConverter_rtl_1_6s9o487g/dwc.sv:36]
WARNING: [VRFC 10-3609] overwriting previous definition of module 'dwc' [/home/neuralnetwork01/Schreibtisch/s7s/nn/task3/Task-3-data/FINN_TMP/code_gen_ipgen_StreamingDataWidthConverter_rtl_1_6s9o487g/dwc.sv:34]
INFO: [VRFC 10-2263] Analyzing Verilog file "/home/neuralnetwork01/Schreibtisch/s7s/nn/task3/Task-3-data/FINN_TMP/code_gen_ipgen_StreamingDataWidthConverter_rtl_1_6s9o487g/StreamingDataWidthConverter_rtl_1.v" into library work
INFO: [VRFC 10-311] analyzing module StreamingDataWidthConverter_rtl_1
INFO: [VRFC 10-2263] Analyzing SystemVerilog file "/home/neuralnetwork01/Schreibtisch/s7s/nn/task3/Task-3-data/FINN_TMP/code_gen_ipgen_StreamingFIFO_rtl_5_6sj9slqd/fifo_gauge.sv" into library work
INFO: [VRFC 10-311] analyzing module fifo_gauge
WARNING: [VRFC 10-3467] initial value of parameter 'WIDTH' is omitted [/home/neuralnetwork01/Schreibtisch/s7s/nn/task3/Task-3-data/FINN_TMP/code_gen_ipgen_StreamingFIFO_rtl_5_6sj9slqd/fifo_gauge.sv:36]
WARNING: [VRFC 10-587] dynamic variables shall not be written with non-blocking assignments [/home/neuralnetwork01/Schreibtisch/s7s/nn/task3/Task-3-data/FINN_TMP/code_gen_ipgen_StreamingFIFO_rtl_5_6sj9slqd/fifo_gauge.sv:64]
WARNING: [VRFC 10-3609] overwriting previous definition of module 'fifo_gauge' [/home/neuralnetwork01/Schreibtisch/s7s/nn/task3/Task-3-data/FINN_TMP/code_gen_ipgen_StreamingFIFO_rtl_5_6sj9slqd/fifo_gauge.sv:35]
INFO: [VRFC 10-2263] Analyzing Verilog file "/home/neuralnetwork01/Schreibtisch/s7s/nn/task3/Task-3-data/FINN_TMP/code_gen_ipgen_StreamingFIFO_rtl_5_6sj9slqd/Q_srl.v" into library work
INFO: [VRFC 10-311] analyzing module Q_srl
WARNING: [VRFC 10-3609] overwriting previous definition of module 'Q_srl' [/home/neuralnetwork01/Schreibtisch/s7s/nn/task3/Task-3-data/FINN_TMP/code_gen_ipgen_StreamingFIFO_rtl_5_6sj9slqd/Q_srl.v:72]
INFO: [VRFC 10-2263] Analyzing Verilog file "/home/neuralnetwork01/Schreibtisch/s7s/nn/task3/Task-3-data/FINN_TMP/code_gen_ipgen_StreamingFIFO_rtl_5_6sj9slqd/StreamingFIFO_rtl_5.v" into library work
INFO: [VRFC 10-311] analyzing module StreamingFIFO_rtl_5
INFO: [VRFC 10-2263] Analyzing Verilog file "/home/neuralnetwork01/Schreibtisch/s7s/nn/task3/Task-3-data/FINN_TMP/vivado_stitch_proj_zja1kfk9/ip/verilog/rtl_ops/MVAU_hls_1/MVAU_hls_1_memstream_wrapper.v" into library work
INFO: [VRFC 10-311] analyzing module MVAU_hls_1_memstream_wrapper
INFO: [VRFC 10-2263] Analyzing SystemVerilog file "/home/neuralnetwork01/Schreibtisch/s7s/nn/task3/Task-3-data/FINN_TMP/vivado_stitch_proj_zja1kfk9/ip/verilog/rtl_ops/MVAU_hls_1/axilite.sv" into library work
INFO: [VRFC 10-311] analyzing module axilite
WARNING: [VRFC 10-3467] initial value of parameter 'ADDR_WIDTH' is omitted [/home/neuralnetwork01/Schreibtisch/s7s/nn/task3/Task-3-data/FINN_TMP/vivado_stitch_proj_zja1kfk9/ip/verilog/rtl_ops/MVAU_hls_1/axilite.sv:33]
WARNING: [VRFC 10-3467] initial value of parameter 'DATA_WIDTH' is omitted [/home/neuralnetwork01/Schreibtisch/s7s/nn/task3/Task-3-data/FINN_TMP/vivado_stitch_proj_zja1kfk9/ip/verilog/rtl_ops/MVAU_hls_1/axilite.sv:34]
WARNING: [VRFC 10-3467] initial value of parameter 'IP_DATA_WIDTH' is omitted [/home/neuralnetwork01/Schreibtisch/s7s/nn/task3/Task-3-data/FINN_TMP/vivado_stitch_proj_zja1kfk9/ip/verilog/rtl_ops/MVAU_hls_1/axilite.sv:35]
WARNING: [VRFC 10-3380] identifier 'snk_re' is used before its declaration [/home/neuralnetwork01/Schreibtisch/s7s/nn/task3/Task-3-data/FINN_TMP/vivado_stitch_proj_zja1kfk9/ip/verilog/rtl_ops/MVAU_hls_1/axilite.sv:112]
WARNING: [VRFC 10-3609] overwriting previous definition of module 'axilite' [/home/neuralnetwork01/Schreibtisch/s7s/nn/task3/Task-3-data/FINN_TMP/vivado_stitch_proj_zja1kfk9/ip/verilog/rtl_ops/MVAU_hls_1/axilite.sv:32]
INFO: [VRFC 10-2263] Analyzing SystemVerilog file "/home/neuralnetwork01/Schreibtisch/s7s/nn/task3/Task-3-data/FINN_TMP/vivado_stitch_proj_zja1kfk9/ip/verilog/rtl_ops/MVAU_hls_1/memstream_axi.sv" into library work
INFO: [VRFC 10-311] analyzing module memstream_axi
WARNING: [VRFC 10-3467] initial value of parameter 'SETS' is omitted [/home/neuralnetwork01/Schreibtisch/s7s/nn/task3/Task-3-data/FINN_TMP/vivado_stitch_proj_zja1kfk9/ip/verilog/rtl_ops/MVAU_hls_1/memstream_axi.sv:34]
WARNING: [VRFC 10-3467] initial value of parameter 'DEPTH' is omitted [/home/neuralnetwork01/Schreibtisch/s7s/nn/task3/Task-3-data/FINN_TMP/vivado_stitch_proj_zja1kfk9/ip/verilog/rtl_ops/MVAU_hls_1/memstream_axi.sv:35]
WARNING: [VRFC 10-3467] initial value of parameter 'WIDTH' is omitted [/home/neuralnetwork01/Schreibtisch/s7s/nn/task3/Task-3-data/FINN_TMP/vivado_stitch_proj_zja1kfk9/ip/verilog/rtl_ops/MVAU_hls_1/memstream_axi.sv:36]
WARNING: [VRFC 10-3609] overwriting previous definition of module 'memstream_axi' [/home/neuralnetwork01/Schreibtisch/s7s/nn/task3/Task-3-data/FINN_TMP/vivado_stitch_proj_zja1kfk9/ip/verilog/rtl_ops/MVAU_hls_1/memstream_axi.sv:33]
INFO: [VRFC 10-2263] Analyzing SystemVerilog file "/home/neuralnetwork01/Schreibtisch/s7s/nn/task3/Task-3-data/FINN_TMP/vivado_stitch_proj_zja1kfk9/ip/verilog/rtl_ops/MVAU_hls_1/memstream.sv" into library work
INFO: [VRFC 10-311] analyzing module memstream
WARNING: [VRFC 10-3467] initial value of parameter 'SETS' is omitted [/home/neuralnetwork01/Schreibtisch/s7s/nn/task3/Task-3-data/FINN_TMP/vivado_stitch_proj_zja1kfk9/ip/verilog/rtl_ops/MVAU_hls_1/memstream.sv:34]
WARNING: [VRFC 10-3467] initial value of parameter 'DEPTH' is omitted [/home/neuralnetwork01/Schreibtisch/s7s/nn/task3/Task-3-data/FINN_TMP/vivado_stitch_proj_zja1kfk9/ip/verilog/rtl_ops/MVAU_hls_1/memstream.sv:35]
WARNING: [VRFC 10-3467] initial value of parameter 'WIDTH' is omitted [/home/neuralnetwork01/Schreibtisch/s7s/nn/task3/Task-3-data/FINN_TMP/vivado_stitch_proj_zja1kfk9/ip/verilog/rtl_ops/MVAU_hls_1/memstream.sv:36]
WARNING: [VRFC 10-3609] overwriting previous definition of module 'memstream' [/home/neuralnetwork01/Schreibtisch/s7s/nn/task3/Task-3-data/FINN_TMP/vivado_stitch_proj_zja1kfk9/ip/verilog/rtl_ops/MVAU_hls_1/memstream.sv:33]
INFO: [VRFC 10-2263] Analyzing SystemVerilog file "/home/neuralnetwork01/Schreibtisch/s7s/nn/task3/Task-3-data/FINN_TMP/code_gen_ipgen_StreamingFIFO_rtl_6_26r0apcc/fifo_gauge.sv" into library work
INFO: [VRFC 10-311] analyzing module fifo_gauge
WARNING: [VRFC 10-3467] initial value of parameter 'WIDTH' is omitted [/home/neuralnetwork01/Schreibtisch/s7s/nn/task3/Task-3-data/FINN_TMP/code_gen_ipgen_StreamingFIFO_rtl_6_26r0apcc/fifo_gauge.sv:36]
WARNING: [VRFC 10-587] dynamic variables shall not be written with non-blocking assignments [/home/neuralnetwork01/Schreibtisch/s7s/nn/task3/Task-3-data/FINN_TMP/code_gen_ipgen_StreamingFIFO_rtl_6_26r0apcc/fifo_gauge.sv:64]
WARNING: [VRFC 10-3609] overwriting previous definition of module 'fifo_gauge' [/home/neuralnetwork01/Schreibtisch/s7s/nn/task3/Task-3-data/FINN_TMP/code_gen_ipgen_StreamingFIFO_rtl_6_26r0apcc/fifo_gauge.sv:35]
INFO: [VRFC 10-2263] Analyzing Verilog file "/home/neuralnetwork01/Schreibtisch/s7s/nn/task3/Task-3-data/FINN_TMP/code_gen_ipgen_StreamingFIFO_rtl_6_26r0apcc/Q_srl.v" into library work
INFO: [VRFC 10-311] analyzing module Q_srl
WARNING: [VRFC 10-3609] overwriting previous definition of module 'Q_srl' [/home/neuralnetwork01/Schreibtisch/s7s/nn/task3/Task-3-data/FINN_TMP/code_gen_ipgen_StreamingFIFO_rtl_6_26r0apcc/Q_srl.v:72]
INFO: [VRFC 10-2263] Analyzing Verilog file "/home/neuralnetwork01/Schreibtisch/s7s/nn/task3/Task-3-data/FINN_TMP/code_gen_ipgen_StreamingFIFO_rtl_6_26r0apcc/StreamingFIFO_rtl_6.v" into library work
INFO: [VRFC 10-311] analyzing module StreamingFIFO_rtl_6
INFO: [VRFC 10-2263] Analyzing SystemVerilog file "/home/neuralnetwork01/Schreibtisch/s7s/nn/task3/Task-3-data/FINN_TMP/code_gen_ipgen_StreamingDataWidthConverter_rtl_2_hwbswp6p/dwc_axi.sv" into library work
INFO: [VRFC 10-311] analyzing module dwc_axi
WARNING: [VRFC 10-3467] initial value of parameter 'IBITS' is omitted [/home/neuralnetwork01/Schreibtisch/s7s/nn/task3/Task-3-data/FINN_TMP/code_gen_ipgen_StreamingDataWidthConverter_rtl_2_hwbswp6p/dwc_axi.sv:35]
WARNING: [VRFC 10-3467] initial value of parameter 'OBITS' is omitted [/home/neuralnetwork01/Schreibtisch/s7s/nn/task3/Task-3-data/FINN_TMP/code_gen_ipgen_StreamingDataWidthConverter_rtl_2_hwbswp6p/dwc_axi.sv:36]
WARNING: [VRFC 10-3609] overwriting previous definition of module 'dwc_axi' [/home/neuralnetwork01/Schreibtisch/s7s/nn/task3/Task-3-data/FINN_TMP/code_gen_ipgen_StreamingDataWidthConverter_rtl_2_hwbswp6p/dwc_axi.sv:34]
INFO: [VRFC 10-2263] Analyzing SystemVerilog file "/home/neuralnetwork01/Schreibtisch/s7s/nn/task3/Task-3-data/FINN_TMP/code_gen_ipgen_StreamingDataWidthConverter_rtl_2_hwbswp6p/dwc.sv" into library work
INFO: [VRFC 10-311] analyzing module dwc
WARNING: [VRFC 10-3467] initial value of parameter 'IBITS' is omitted [/home/neuralnetwork01/Schreibtisch/s7s/nn/task3/Task-3-data/FINN_TMP/code_gen_ipgen_StreamingDataWidthConverter_rtl_2_hwbswp6p/dwc.sv:35]
WARNING: [VRFC 10-3467] initial value of parameter 'OBITS' is omitted [/home/neuralnetwork01/Schreibtisch/s7s/nn/task3/Task-3-data/FINN_TMP/code_gen_ipgen_StreamingDataWidthConverter_rtl_2_hwbswp6p/dwc.sv:36]
WARNING: [VRFC 10-3609] overwriting previous definition of module 'dwc' [/home/neuralnetwork01/Schreibtisch/s7s/nn/task3/Task-3-data/FINN_TMP/code_gen_ipgen_StreamingDataWidthConverter_rtl_2_hwbswp6p/dwc.sv:34]
INFO: [VRFC 10-2263] Analyzing Verilog file "/home/neuralnetwork01/Schreibtisch/s7s/nn/task3/Task-3-data/FINN_TMP/code_gen_ipgen_StreamingDataWidthConverter_rtl_2_hwbswp6p/StreamingDataWidthConverter_rtl_2.v" into library work
INFO: [VRFC 10-311] analyzing module StreamingDataWidthConverter_rtl_2
INFO: [VRFC 10-2263] Analyzing SystemVerilog file "/home/neuralnetwork01/Schreibtisch/s7s/nn/task3/Task-3-data/FINN_TMP/code_gen_ipgen_StreamingFIFO_rtl_7_3v8f_z8d/fifo_gauge.sv" into library work
INFO: [VRFC 10-311] analyzing module fifo_gauge
WARNING: [VRFC 10-3467] initial value of parameter 'WIDTH' is omitted [/home/neuralnetwork01/Schreibtisch/s7s/nn/task3/Task-3-data/FINN_TMP/code_gen_ipgen_StreamingFIFO_rtl_7_3v8f_z8d/fifo_gauge.sv:36]
WARNING: [VRFC 10-587] dynamic variables shall not be written with non-blocking assignments [/home/neuralnetwork01/Schreibtisch/s7s/nn/task3/Task-3-data/FINN_TMP/code_gen_ipgen_StreamingFIFO_rtl_7_3v8f_z8d/fifo_gauge.sv:64]
WARNING: [VRFC 10-3609] overwriting previous definition of module 'fifo_gauge' [/home/neuralnetwork01/Schreibtisch/s7s/nn/task3/Task-3-data/FINN_TMP/code_gen_ipgen_StreamingFIFO_rtl_7_3v8f_z8d/fifo_gauge.sv:35]
INFO: [VRFC 10-2263] Analyzing Verilog file "/home/neuralnetwork01/Schreibtisch/s7s/nn/task3/Task-3-data/FINN_TMP/code_gen_ipgen_StreamingFIFO_rtl_7_3v8f_z8d/Q_srl.v" into library work
INFO: [VRFC 10-311] analyzing module Q_srl
WARNING: [VRFC 10-3609] overwriting previous definition of module 'Q_srl' [/home/neuralnetwork01/Schreibtisch/s7s/nn/task3/Task-3-data/FINN_TMP/code_gen_ipgen_StreamingFIFO_rtl_7_3v8f_z8d/Q_srl.v:72]
INFO: [VRFC 10-2263] Analyzing Verilog file "/home/neuralnetwork01/Schreibtisch/s7s/nn/task3/Task-3-data/FINN_TMP/code_gen_ipgen_StreamingFIFO_rtl_7_3v8f_z8d/StreamingFIFO_rtl_7.v" into library work
INFO: [VRFC 10-311] analyzing module StreamingFIFO_rtl_7
INFO: [VRFC 10-2263] Analyzing Verilog file "/home/neuralnetwork01/Schreibtisch/s7s/nn/task3/Task-3-data/FINN_TMP/vivado_stitch_proj_zja1kfk9/ip/verilog/rtl_ops/MVAU_hls_2/MVAU_hls_2_memstream_wrapper.v" into library work
INFO: [VRFC 10-311] analyzing module MVAU_hls_2_memstream_wrapper
INFO: [VRFC 10-2263] Analyzing SystemVerilog file "/home/neuralnetwork01/Schreibtisch/s7s/nn/task3/Task-3-data/FINN_TMP/vivado_stitch_proj_zja1kfk9/ip/verilog/rtl_ops/MVAU_hls_2/axilite.sv" into library work
INFO: [VRFC 10-311] analyzing module axilite
WARNING: [VRFC 10-3467] initial value of parameter 'ADDR_WIDTH' is omitted [/home/neuralnetwork01/Schreibtisch/s7s/nn/task3/Task-3-data/FINN_TMP/vivado_stitch_proj_zja1kfk9/ip/verilog/rtl_ops/MVAU_hls_2/axilite.sv:33]
WARNING: [VRFC 10-3467] initial value of parameter 'DATA_WIDTH' is omitted [/home/neuralnetwork01/Schreibtisch/s7s/nn/task3/Task-3-data/FINN_TMP/vivado_stitch_proj_zja1kfk9/ip/verilog/rtl_ops/MVAU_hls_2/axilite.sv:34]
WARNING: [VRFC 10-3467] initial value of parameter 'IP_DATA_WIDTH' is omitted [/home/neuralnetwork01/Schreibtisch/s7s/nn/task3/Task-3-data/FINN_TMP/vivado_stitch_proj_zja1kfk9/ip/verilog/rtl_ops/MVAU_hls_2/axilite.sv:35]
WARNING: [VRFC 10-3380] identifier 'snk_re' is used before its declaration [/home/neuralnetwork01/Schreibtisch/s7s/nn/task3/Task-3-data/FINN_TMP/vivado_stitch_proj_zja1kfk9/ip/verilog/rtl_ops/MVAU_hls_2/axilite.sv:112]
WARNING: [VRFC 10-3609] overwriting previous definition of module 'axilite' [/home/neuralnetwork01/Schreibtisch/s7s/nn/task3/Task-3-data/FINN_TMP/vivado_stitch_proj_zja1kfk9/ip/verilog/rtl_ops/MVAU_hls_2/axilite.sv:32]
INFO: [VRFC 10-2263] Analyzing SystemVerilog file "/home/neuralnetwork01/Schreibtisch/s7s/nn/task3/Task-3-data/FINN_TMP/vivado_stitch_proj_zja1kfk9/ip/verilog/rtl_ops/MVAU_hls_2/memstream_axi.sv" into library work
INFO: [VRFC 10-311] analyzing module memstream_axi
WARNING: [VRFC 10-3467] initial value of parameter 'SETS' is omitted [/home/neuralnetwork01/Schreibtisch/s7s/nn/task3/Task-3-data/FINN_TMP/vivado_stitch_proj_zja1kfk9/ip/verilog/rtl_ops/MVAU_hls_2/memstream_axi.sv:34]
WARNING: [VRFC 10-3467] initial value of parameter 'DEPTH' is omitted [/home/neuralnetwork01/Schreibtisch/s7s/nn/task3/Task-3-data/FINN_TMP/vivado_stitch_proj_zja1kfk9/ip/verilog/rtl_ops/MVAU_hls_2/memstream_axi.sv:35]
WARNING: [VRFC 10-3467] initial value of parameter 'WIDTH' is omitted [/home/neuralnetwork01/Schreibtisch/s7s/nn/task3/Task-3-data/FINN_TMP/vivado_stitch_proj_zja1kfk9/ip/verilog/rtl_ops/MVAU_hls_2/memstream_axi.sv:36]
WARNING: [VRFC 10-3609] overwriting previous definition of module 'memstream_axi' [/home/neuralnetwork01/Schreibtisch/s7s/nn/task3/Task-3-data/FINN_TMP/vivado_stitch_proj_zja1kfk9/ip/verilog/rtl_ops/MVAU_hls_2/memstream_axi.sv:33]
INFO: [VRFC 10-2263] Analyzing SystemVerilog file "/home/neuralnetwork01/Schreibtisch/s7s/nn/task3/Task-3-data/FINN_TMP/vivado_stitch_proj_zja1kfk9/ip/verilog/rtl_ops/MVAU_hls_2/memstream.sv" into library work
INFO: [VRFC 10-311] analyzing module memstream
WARNING: [VRFC 10-3467] initial value of parameter 'SETS' is omitted [/home/neuralnetwork01/Schreibtisch/s7s/nn/task3/Task-3-data/FINN_TMP/vivado_stitch_proj_zja1kfk9/ip/verilog/rtl_ops/MVAU_hls_2/memstream.sv:34]
WARNING: [VRFC 10-3467] initial value of parameter 'DEPTH' is omitted [/home/neuralnetwork01/Schreibtisch/s7s/nn/task3/Task-3-data/FINN_TMP/vivado_stitch_proj_zja1kfk9/ip/verilog/rtl_ops/MVAU_hls_2/memstream.sv:35]
WARNING: [VRFC 10-3467] initial value of parameter 'WIDTH' is omitted [/home/neuralnetwork01/Schreibtisch/s7s/nn/task3/Task-3-data/FINN_TMP/vivado_stitch_proj_zja1kfk9/ip/verilog/rtl_ops/MVAU_hls_2/memstream.sv:36]
WARNING: [VRFC 10-3609] overwriting previous definition of module 'memstream' [/home/neuralnetwork01/Schreibtisch/s7s/nn/task3/Task-3-data/FINN_TMP/vivado_stitch_proj_zja1kfk9/ip/verilog/rtl_ops/MVAU_hls_2/memstream.sv:33]
INFO: [VRFC 10-2263] Analyzing SystemVerilog file "/home/neuralnetwork01/Schreibtisch/s7s/nn/task3/Task-3-data/FINN_TMP/code_gen_ipgen_StreamingFIFO_rtl_8_lwuoiev0/fifo_gauge.sv" into library work
INFO: [VRFC 10-311] analyzing module fifo_gauge
WARNING: [VRFC 10-3467] initial value of parameter 'WIDTH' is omitted [/home/neuralnetwork01/Schreibtisch/s7s/nn/task3/Task-3-data/FINN_TMP/code_gen_ipgen_StreamingFIFO_rtl_8_lwuoiev0/fifo_gauge.sv:36]
WARNING: [VRFC 10-587] dynamic variables shall not be written with non-blocking assignments [/home/neuralnetwork01/Schreibtisch/s7s/nn/task3/Task-3-data/FINN_TMP/code_gen_ipgen_StreamingFIFO_rtl_8_lwuoiev0/fifo_gauge.sv:64]
WARNING: [VRFC 10-3609] overwriting previous definition of module 'fifo_gauge' [/home/neuralnetwork01/Schreibtisch/s7s/nn/task3/Task-3-data/FINN_TMP/code_gen_ipgen_StreamingFIFO_rtl_8_lwuoiev0/fifo_gauge.sv:35]
INFO: [VRFC 10-2263] Analyzing Verilog file "/home/neuralnetwork01/Schreibtisch/s7s/nn/task3/Task-3-data/FINN_TMP/code_gen_ipgen_StreamingFIFO_rtl_8_lwuoiev0/Q_srl.v" into library work
INFO: [VRFC 10-311] analyzing module Q_srl
WARNING: [VRFC 10-3609] overwriting previous definition of module 'Q_srl' [/home/neuralnetwork01/Schreibtisch/s7s/nn/task3/Task-3-data/FINN_TMP/code_gen_ipgen_StreamingFIFO_rtl_8_lwuoiev0/Q_srl.v:72]
INFO: [VRFC 10-2263] Analyzing Verilog file "/home/neuralnetwork01/Schreibtisch/s7s/nn/task3/Task-3-data/FINN_TMP/code_gen_ipgen_StreamingFIFO_rtl_8_lwuoiev0/StreamingFIFO_rtl_8.v" into library work
INFO: [VRFC 10-311] analyzing module StreamingFIFO_rtl_8
INFO: [VRFC 10-2263] Analyzing Verilog file "/home/neuralnetwork01/Schreibtisch/s7s/nn/task3/Task-3-data/FINN_TMP/vivado_stitch_proj_zja1kfk9/ip/verilog/rtl_ops/MVAU_hls_3/MVAU_hls_3_memstream_wrapper.v" into library work
INFO: [VRFC 10-311] analyzing module MVAU_hls_3_memstream_wrapper
INFO: [VRFC 10-2263] Analyzing SystemVerilog file "/home/neuralnetwork01/Schreibtisch/s7s/nn/task3/Task-3-data/FINN_TMP/vivado_stitch_proj_zja1kfk9/ip/verilog/rtl_ops/MVAU_hls_3/axilite.sv" into library work
INFO: [VRFC 10-311] analyzing module axilite
WARNING: [VRFC 10-3467] initial value of parameter 'ADDR_WIDTH' is omitted [/home/neuralnetwork01/Schreibtisch/s7s/nn/task3/Task-3-data/FINN_TMP/vivado_stitch_proj_zja1kfk9/ip/verilog/rtl_ops/MVAU_hls_3/axilite.sv:33]
WARNING: [VRFC 10-3467] initial value of parameter 'DATA_WIDTH' is omitted [/home/neuralnetwork01/Schreibtisch/s7s/nn/task3/Task-3-data/FINN_TMP/vivado_stitch_proj_zja1kfk9/ip/verilog/rtl_ops/MVAU_hls_3/axilite.sv:34]
WARNING: [VRFC 10-3467] initial value of parameter 'IP_DATA_WIDTH' is omitted [/home/neuralnetwork01/Schreibtisch/s7s/nn/task3/Task-3-data/FINN_TMP/vivado_stitch_proj_zja1kfk9/ip/verilog/rtl_ops/MVAU_hls_3/axilite.sv:35]
WARNING: [VRFC 10-3380] identifier 'snk_re' is used before its declaration [/home/neuralnetwork01/Schreibtisch/s7s/nn/task3/Task-3-data/FINN_TMP/vivado_stitch_proj_zja1kfk9/ip/verilog/rtl_ops/MVAU_hls_3/axilite.sv:112]
WARNING: [VRFC 10-3609] overwriting previous definition of module 'axilite' [/home/neuralnetwork01/Schreibtisch/s7s/nn/task3/Task-3-data/FINN_TMP/vivado_stitch_proj_zja1kfk9/ip/verilog/rtl_ops/MVAU_hls_3/axilite.sv:32]
INFO: [VRFC 10-2263] Analyzing SystemVerilog file "/home/neuralnetwork01/Schreibtisch/s7s/nn/task3/Task-3-data/FINN_TMP/vivado_stitch_proj_zja1kfk9/ip/verilog/rtl_ops/MVAU_hls_3/memstream_axi.sv" into library work
INFO: [VRFC 10-311] analyzing module memstream_axi
WARNING: [VRFC 10-3467] initial value of parameter 'SETS' is omitted [/home/neuralnetwork01/Schreibtisch/s7s/nn/task3/Task-3-data/FINN_TMP/vivado_stitch_proj_zja1kfk9/ip/verilog/rtl_ops/MVAU_hls_3/memstream_axi.sv:34]
WARNING: [VRFC 10-3467] initial value of parameter 'DEPTH' is omitted [/home/neuralnetwork01/Schreibtisch/s7s/nn/task3/Task-3-data/FINN_TMP/vivado_stitch_proj_zja1kfk9/ip/verilog/rtl_ops/MVAU_hls_3/memstream_axi.sv:35]
WARNING: [VRFC 10-3467] initial value of parameter 'WIDTH' is omitted [/home/neuralnetwork01/Schreibtisch/s7s/nn/task3/Task-3-data/FINN_TMP/vivado_stitch_proj_zja1kfk9/ip/verilog/rtl_ops/MVAU_hls_3/memstream_axi.sv:36]
WARNING: [VRFC 10-3609] overwriting previous definition of module 'memstream_axi' [/home/neuralnetwork01/Schreibtisch/s7s/nn/task3/Task-3-data/FINN_TMP/vivado_stitch_proj_zja1kfk9/ip/verilog/rtl_ops/MVAU_hls_3/memstream_axi.sv:33]
INFO: [VRFC 10-2263] Analyzing SystemVerilog file "/home/neuralnetwork01/Schreibtisch/s7s/nn/task3/Task-3-data/FINN_TMP/vivado_stitch_proj_zja1kfk9/ip/verilog/rtl_ops/MVAU_hls_3/memstream.sv" into library work
INFO: [VRFC 10-311] analyzing module memstream
WARNING: [VRFC 10-3467] initial value of parameter 'SETS' is omitted [/home/neuralnetwork01/Schreibtisch/s7s/nn/task3/Task-3-data/FINN_TMP/vivado_stitch_proj_zja1kfk9/ip/verilog/rtl_ops/MVAU_hls_3/memstream.sv:34]
WARNING: [VRFC 10-3467] initial value of parameter 'DEPTH' is omitted [/home/neuralnetwork01/Schreibtisch/s7s/nn/task3/Task-3-data/FINN_TMP/vivado_stitch_proj_zja1kfk9/ip/verilog/rtl_ops/MVAU_hls_3/memstream.sv:35]
WARNING: [VRFC 10-3467] initial value of parameter 'WIDTH' is omitted [/home/neuralnetwork01/Schreibtisch/s7s/nn/task3/Task-3-data/FINN_TMP/vivado_stitch_proj_zja1kfk9/ip/verilog/rtl_ops/MVAU_hls_3/memstream.sv:36]
WARNING: [VRFC 10-3609] overwriting previous definition of module 'memstream' [/home/neuralnetwork01/Schreibtisch/s7s/nn/task3/Task-3-data/FINN_TMP/vivado_stitch_proj_zja1kfk9/ip/verilog/rtl_ops/MVAU_hls_3/memstream.sv:33]
INFO: [VRFC 10-2263] Analyzing SystemVerilog file "/home/neuralnetwork01/Schreibtisch/s7s/nn/task3/Task-3-data/FINN_TMP/code_gen_ipgen_StreamingFIFO_rtl_9_kusqm527/fifo_gauge.sv" into library work
INFO: [VRFC 10-311] analyzing module fifo_gauge
WARNING: [VRFC 10-3467] initial value of parameter 'WIDTH' is omitted [/home/neuralnetwork01/Schreibtisch/s7s/nn/task3/Task-3-data/FINN_TMP/code_gen_ipgen_StreamingFIFO_rtl_9_kusqm527/fifo_gauge.sv:36]
WARNING: [VRFC 10-587] dynamic variables shall not be written with non-blocking assignments [/home/neuralnetwork01/Schreibtisch/s7s/nn/task3/Task-3-data/FINN_TMP/code_gen_ipgen_StreamingFIFO_rtl_9_kusqm527/fifo_gauge.sv:64]
WARNING: [VRFC 10-3609] overwriting previous definition of module 'fifo_gauge' [/home/neuralnetwork01/Schreibtisch/s7s/nn/task3/Task-3-data/FINN_TMP/code_gen_ipgen_StreamingFIFO_rtl_9_kusqm527/fifo_gauge.sv:35]
INFO: [VRFC 10-2263] Analyzing Verilog file "/home/neuralnetwork01/Schreibtisch/s7s/nn/task3/Task-3-data/FINN_TMP/code_gen_ipgen_StreamingFIFO_rtl_9_kusqm527/Q_srl.v" into library work
INFO: [VRFC 10-311] analyzing module Q_srl
WARNING: [VRFC 10-3609] overwriting previous definition of module 'Q_srl' [/home/neuralnetwork01/Schreibtisch/s7s/nn/task3/Task-3-data/FINN_TMP/code_gen_ipgen_StreamingFIFO_rtl_9_kusqm527/Q_srl.v:72]
INFO: [VRFC 10-2263] Analyzing Verilog file "/home/neuralnetwork01/Schreibtisch/s7s/nn/task3/Task-3-data/FINN_TMP/code_gen_ipgen_StreamingFIFO_rtl_9_kusqm527/StreamingFIFO_rtl_9.v" into library work
INFO: [VRFC 10-311] analyzing module StreamingFIFO_rtl_9
INFO: [VRFC 10-2263] Analyzing SystemVerilog file "/home/neuralnetwork01/Schreibtisch/s7s/nn/task3/Task-3-data/FINN_TMP/code_gen_ipgen_StreamingFIFO_rtl_10_43q741jj/fifo_gauge.sv" into library work
INFO: [VRFC 10-311] analyzing module fifo_gauge
WARNING: [VRFC 10-3467] initial value of parameter 'WIDTH' is omitted [/home/neuralnetwork01/Schreibtisch/s7s/nn/task3/Task-3-data/FINN_TMP/code_gen_ipgen_StreamingFIFO_rtl_10_43q741jj/fifo_gauge.sv:36]
WARNING: [VRFC 10-587] dynamic variables shall not be written with non-blocking assignments [/home/neuralnetwork01/Schreibtisch/s7s/nn/task3/Task-3-data/FINN_TMP/code_gen_ipgen_StreamingFIFO_rtl_10_43q741jj/fifo_gauge.sv:64]
WARNING: [VRFC 10-3609] overwriting previous definition of module 'fifo_gauge' [/home/neuralnetwork01/Schreibtisch/s7s/nn/task3/Task-3-data/FINN_TMP/code_gen_ipgen_StreamingFIFO_rtl_10_43q741jj/fifo_gauge.sv:35]
INFO: [VRFC 10-2263] Analyzing Verilog file "/home/neuralnetwork01/Schreibtisch/s7s/nn/task3/Task-3-data/FINN_TMP/code_gen_ipgen_StreamingFIFO_rtl_10_43q741jj/Q_srl.v" into library work
INFO: [VRFC 10-311] analyzing module Q_srl
WARNING: [VRFC 10-3609] overwriting previous definition of module 'Q_srl' [/home/neuralnetwork01/Schreibtisch/s7s/nn/task3/Task-3-data/FINN_TMP/code_gen_ipgen_StreamingFIFO_rtl_10_43q741jj/Q_srl.v:72]
INFO: [VRFC 10-2263] Analyzing Verilog file "/home/neuralnetwork01/Schreibtisch/s7s/nn/task3/Task-3-data/FINN_TMP/code_gen_ipgen_StreamingFIFO_rtl_10_43q741jj/StreamingFIFO_rtl_10.v" into library work
INFO: [VRFC 10-311] analyzing module StreamingFIFO_rtl_10
INFO: [VRFC 10-2263] Analyzing Verilog file "/home/neuralnetwork01/Schreibtisch/s7s/nn/task3/Task-3-data/FINN_TMP/vivado_stitch_proj_zja1kfk9/finn_vivado_stitch_proj.gen/sources_1/bd/finn_design/hdl/finn_design_wrapper.v" into library work
INFO: [VRFC 10-311] analyzing module finn_design_wrapper
Starting static elaboration
Pass Through NonSizing Optimizer
WARNING: [VRFC 10-3091] actual bit length 32 differs from formal bit length 10 for port 'config_address' [/home/neuralnetwork01/Schreibtisch/s7s/nn/task3/Task-3-data/FINN_TMP/vivado_stitch_proj_zja1kfk9/ip/verilog/rtl_ops/MVAU_hls_3/memstream_axi.sv:164]
WARNING: [VRFC 10-3091] actual bit length 56 differs from formal bit length 1 for port 'sidx' [/home/neuralnetwork01/Schreibtisch/s7s/nn/task3/Task-3-data/FINN_TMP/vivado_stitch_proj_zja1kfk9/ip/verilog/rtl_ops/MVAU_hls_3/memstream_axi.sv:171]
Completed static elaboration
Starting simulation data flow analysis
WARNING: [XSIM 43-4099] "/home/neuralnetwork01/Schreibtisch/s7s/nn/task3/Task-3-data/FINN_TMP/vivado_stitch_proj_zja1kfk9/finn_vivado_stitch_proj.gen/sources_1/bd/finn_design/ip/finn_design_LabelSelect_hls_0_0/synth/finn_design_LabelSelect_hls_0_0.v" Line 53. Module finn_design_LabelSelect_hls_0_0 doesn't have a timescale but at least one module in design has a timescale.
WARNING: [XSIM 43-4099] "/home/neuralnetwork01/Schreibtisch/s7s/nn/task3/Task-3-data/FINN_TMP/vivado_stitch_proj_zja1kfk9/finn_vivado_stitch_proj.gen/sources_1/bd/finn_design/ip/finn_design_MVAU_hls_0_0/synth/finn_design_MVAU_hls_0_0.v" Line 53. Module finn_design_MVAU_hls_0_0 doesn't have a timescale but at least one module in design has a timescale.
WARNING: [XSIM 43-4099] "/home/neuralnetwork01/Schreibtisch/s7s/nn/task3/Task-3-data/FINN_TMP/vivado_stitch_proj_zja1kfk9/finn_vivado_stitch_proj.gen/sources_1/bd/finn_design/ip/finn_design_MVAU_hls_0_wstrm_0/synth/finn_design_MVAU_hls_0_wstrm_0.v" Line 53. Module finn_design_MVAU_hls_0_wstrm_0 doesn't have a timescale but at least one module in design has a timescale.
WARNING: [XSIM 43-4099] "/home/neuralnetwork01/Schreibtisch/s7s/nn/task3/Task-3-data/FINN_TMP/vivado_stitch_proj_zja1kfk9/ip/verilog/rtl_ops/MVAU_hls_0/MVAU_hls_0_memstream_wrapper.v" Line 32. Module MVAU_hls_0_memstream_wrapper(AXILITE_ADDR_WIDTH=13,SET_BITS=1) doesn't have a timescale but at least one module in design has a timescale.
WARNING: [XSIM 43-4099] "/home/neuralnetwork01/Schreibtisch/s7s/nn/task3/Task-3-data/FINN_TMP/vivado_stitch_proj_zja1kfk9/ip/verilog/rtl_ops/MVAU_hls_3/memstream_axi.sv" Line 33. Module memstream_axi(SETS=32'b01,DEPTH=32'b01110000000,WIDTH=32'b0111000,INIT_FILE="/home/neuralnetwork01/Schreibtisch/s7s/nn/task3/Task-3-data/FINN_TMP/code_gen_ipgen_MVAU_hls_0_hl4pdt59/memblock.dat",PUMPED_MEMORY=1'b0) doesn't have a timescale but at least one module in design has a timescale.
WARNING: [XSIM 43-4099] "/home/neuralnetwork01/Schreibtisch/s7s/nn/task3/Task-3-data/FINN_TMP/vivado_stitch_proj_zja1kfk9/ip/verilog/rtl_ops/MVAU_hls_3/axilite.sv" Line 32. Module axilite(ADDR_WIDTH=32'b01101,DATA_WIDTH=32'b0100000,IP_DATA_WIDTH=32'b0111000) doesn't have a timescale but at least one module in design has a timescale.
WARNING: [XSIM 43-4099] "/home/neuralnetwork01/Schreibtisch/s7s/nn/task3/Task-3-data/FINN_TMP/vivado_stitch_proj_zja1kfk9/ip/verilog/rtl_ops/MVAU_hls_3/memstream.sv" Line 33. Module memstream(SETS=32'b01,DEPTH=32'b01110000000,WIDTH=32'b0111000,INIT_FILE="/home/neuralnetwork01/Schreibtisch/s7s/nn/task3/Task-3-data/FINN_TMP/code_gen_ipgen_MVAU_hls_0_hl4pdt59/memblock.dat") doesn't have a timescale but at least one module in design has a timescale.
WARNING: [XSIM 43-4099] "/home/neuralnetwork01/Schreibtisch/s7s/nn/task3/Task-3-data/FINN_TMP/vivado_stitch_proj_zja1kfk9/finn_vivado_stitch_proj.gen/sources_1/bd/finn_design/ip/finn_design_MVAU_hls_1_0/synth/finn_design_MVAU_hls_1_0.v" Line 53. Module finn_design_MVAU_hls_1_0 doesn't have a timescale but at least one module in design has a timescale.
WARNING: [XSIM 43-4099] "/home/neuralnetwork01/Schreibtisch/s7s/nn/task3/Task-3-data/FINN_TMP/vivado_stitch_proj_zja1kfk9/finn_vivado_stitch_proj.gen/sources_1/bd/finn_design/ip/finn_design_MVAU_hls_1_wstrm_0/synth/finn_design_MVAU_hls_1_wstrm_0.v" Line 53. Module finn_design_MVAU_hls_1_wstrm_0 doesn't have a timescale but at least one module in design has a timescale.
WARNING: [XSIM 43-4099] "/home/neuralnetwork01/Schreibtisch/s7s/nn/task3/Task-3-data/FINN_TMP/vivado_stitch_proj_zja1kfk9/ip/verilog/rtl_ops/MVAU_hls_1/MVAU_hls_1_memstream_wrapper.v" Line 32. Module MVAU_hls_1_memstream_wrapper(AXILITE_ADDR_WIDTH=11,SET_BITS=1) doesn't have a timescale but at least one module in design has a timescale.
WARNING: [XSIM 43-4099] "/home/neuralnetwork01/Schreibtisch/s7s/nn/task3/Task-3-data/FINN_TMP/vivado_stitch_proj_zja1kfk9/ip/verilog/rtl_ops/MVAU_hls_3/memstream_axi.sv" Line 33. Module memstream_axi(SETS=32'b01,DEPTH=32'b01000000000,WIDTH=32'b01000,INIT_FILE="/home/neuralnetwork01/Schreibtisch/s7s/nn/task3/Task-3-data/FINN_TMP/code_gen_ipgen_MVAU_hls_1_jdrfapkn/memblock.dat",PUMPED_MEMORY=1'b0) doesn't have a timescale but at least one module in design has a timescale.
WARNING: [XSIM 43-4099] "/home/neuralnetwork01/Schreibtisch/s7s/nn/task3/Task-3-data/FINN_TMP/vivado_stitch_proj_zja1kfk9/ip/verilog/rtl_ops/MVAU_hls_3/axilite.sv" Line 32. Module axilite(ADDR_WIDTH=32'b01011,DATA_WIDTH=32'b0100000,IP_DATA_WIDTH=32'b01000) doesn't have a timescale but at least one module in design has a timescale.
WARNING: [XSIM 43-4099] "/home/neuralnetwork01/Schreibtisch/s7s/nn/task3/Task-3-data/FINN_TMP/vivado_stitch_proj_zja1kfk9/ip/verilog/rtl_ops/MVAU_hls_3/memstream.sv" Line 33. Module memstream(SETS=32'b01,DEPTH=32'b01000000000,WIDTH=32'b01000,INIT_FILE="/home/neuralnetwork01/Schreibtisch/s7s/nn/task3/Task-3-data/FINN_TMP/code_gen_ipgen_MVAU_hls_1_jdrfapkn/memblock.dat") doesn't have a timescale but at least one module in design has a timescale.
WARNING: [XSIM 43-4099] "/home/neuralnetwork01/Schreibtisch/s7s/nn/task3/Task-3-data/FINN_TMP/vivado_stitch_proj_zja1kfk9/finn_vivado_stitch_proj.gen/sources_1/bd/finn_design/ip/finn_design_MVAU_hls_2_0/synth/finn_design_MVAU_hls_2_0.v" Line 53. Module finn_design_MVAU_hls_2_0 doesn't have a timescale but at least one module in design has a timescale.
WARNING: [XSIM 43-4099] "/home/neuralnetwork01/Schreibtisch/s7s/nn/task3/Task-3-data/FINN_TMP/vivado_stitch_proj_zja1kfk9/finn_vivado_stitch_proj.gen/sources_1/bd/finn_design/ip/finn_design_MVAU_hls_2_wstrm_0/synth/finn_design_MVAU_hls_2_wstrm_0.v" Line 53. Module finn_design_MVAU_hls_2_wstrm_0 doesn't have a timescale but at least one module in design has a timescale.
WARNING: [XSIM 43-4099] "/home/neuralnetwork01/Schreibtisch/s7s/nn/task3/Task-3-data/FINN_TMP/vivado_stitch_proj_zja1kfk9/ip/verilog/rtl_ops/MVAU_hls_2/MVAU_hls_2_memstream_wrapper.v" Line 32. Module MVAU_hls_2_memstream_wrapper(AXILITE_ADDR_WIDTH=11,SET_BITS=1) doesn't have a timescale but at least one module in design has a timescale.
WARNING: [XSIM 43-4099] "/home/neuralnetwork01/Schreibtisch/s7s/nn/task3/Task-3-data/FINN_TMP/vivado_stitch_proj_zja1kfk9/ip/verilog/rtl_ops/MVAU_hls_3/memstream_axi.sv" Line 33. Module memstream_axi(SETS=32'b01,DEPTH=32'b01000000000,WIDTH=32'b01000,INIT_FILE="/home/neuralnetwork01/Schreibtisch/s7s/nn/task3/Task-3-data/FINN_TMP/code_gen_ipgen_MVAU_hls_2_sw2ndtiq/memblock.dat",PUMPED_MEMORY=1'b0) doesn't have a timescale but at least one module in design has a timescale.
WARNING: [XSIM 43-4099] "/home/neuralnetwork01/Schreibtisch/s7s/nn/task3/Task-3-data/FINN_TMP/vivado_stitch_proj_zja1kfk9/ip/verilog/rtl_ops/MVAU_hls_3/axilite.sv" Line 32. Module axilite(ADDR_WIDTH=32'b01011,DATA_WIDTH=32'b0100000,IP_DATA_WIDTH=32'b01000) doesn't have a timescale but at least one module in design has a timescale.
WARNING: [XSIM 43-4099] "/home/neuralnetwork01/Schreibtisch/s7s/nn/task3/Task-3-data/FINN_TMP/vivado_stitch_proj_zja1kfk9/ip/verilog/rtl_ops/MVAU_hls_3/memstream.sv" Line 33. Module memstream(SETS=32'b01,DEPTH=32'b01000000000,WIDTH=32'b01000,INIT_FILE="/home/neuralnetwork01/Schreibtisch/s7s/nn/task3/Task-3-data/FINN_TMP/code_gen_ipgen_MVAU_hls_2_sw2ndtiq/memblock.dat") doesn't have a timescale but at least one module in design has a timescale.
WARNING: [XSIM 43-4099] "/home/neuralnetwork01/Schreibtisch/s7s/nn/task3/Task-3-data/FINN_TMP/vivado_stitch_proj_zja1kfk9/finn_vivado_stitch_proj.gen/sources_1/bd/finn_design/ip/finn_design_MVAU_hls_3_0/synth/finn_design_MVAU_hls_3_0.v" Line 53. Module finn_design_MVAU_hls_3_0 doesn't have a timescale but at least one module in design has a timescale.
WARNING: [XSIM 43-4099] "/home/neuralnetwork01/Schreibtisch/s7s/nn/task3/Task-3-data/FINN_TMP/vivado_stitch_proj_zja1kfk9/finn_vivado_stitch_proj.gen/sources_1/bd/finn_design/ip/finn_design_MVAU_hls_3_wstrm_0/synth/finn_design_MVAU_hls_3_wstrm_0.v" Line 53. Module finn_design_MVAU_hls_3_wstrm_0 doesn't have a timescale but at least one module in design has a timescale.
WARNING: [XSIM 43-4099] "/home/neuralnetwork01/Schreibtisch/s7s/nn/task3/Task-3-data/FINN_TMP/vivado_stitch_proj_zja1kfk9/ip/verilog/rtl_ops/MVAU_hls_3/MVAU_hls_3_memstream_wrapper.v" Line 32. Module MVAU_hls_3_memstream_wrapper(AXILITE_ADDR_WIDTH=12,SET_BITS=1) doesn't have a timescale but at least one module in design has a timescale.
WARNING: [XSIM 43-4099] "/home/neuralnetwork01/Schreibtisch/s7s/nn/task3/Task-3-data/FINN_TMP/vivado_stitch_proj_zja1kfk9/ip/verilog/rtl_ops/MVAU_hls_3/memstream_axi.sv" Line 33. Module memstream_axi(SETS=32'b01,DEPTH=32'b01010000000,WIDTH=32'b01000,INIT_FILE="/home/neuralnetwork01/Schreibtisch/s7s/nn/task3/Task-3-data/FINN_TMP/code_gen_ipgen_MVAU_hls_3_lco0jixn/memblock.dat",PUMPED_MEMORY=1'b0) doesn't have a timescale but at least one module in design has a timescale.
WARNING: [XSIM 43-4099] "/home/neuralnetwork01/Schreibtisch/s7s/nn/task3/Task-3-data/FINN_TMP/vivado_stitch_proj_zja1kfk9/ip/verilog/rtl_ops/MVAU_hls_3/axilite.sv" Line 32. Module axilite(ADDR_WIDTH=32'b01100,DATA_WIDTH=32'b0100000,IP_DATA_WIDTH=32'b01000) doesn't have a timescale but at least one module in design has a timescale.
WARNING: [XSIM 43-4099] "/home/neuralnetwork01/Schreibtisch/s7s/nn/task3/Task-3-data/FINN_TMP/vivado_stitch_proj_zja1kfk9/ip/verilog/rtl_ops/MVAU_hls_3/memstream.sv" Line 33. Module memstream(SETS=32'b01,DEPTH=32'b01010000000,WIDTH=32'b01000,INIT_FILE="/home/neuralnetwork01/Schreibtisch/s7s/nn/task3/Task-3-data/FINN_TMP/code_gen_ipgen_MVAU_hls_3_lco0jixn/memblock.dat") doesn't have a timescale but at least one module in design has a timescale.
WARNING: [XSIM 43-4099] "/home/neuralnetwork01/Schreibtisch/s7s/nn/task3/Task-3-data/FINN_TMP/code_gen_ipgen_Reshape_rtl_0_5egyz7kg/Reshape_rtl_0.v" Line 32. Module Reshape_rtl_0(AXI_IBITS=8,AXI_OBITS=8) doesn't have a timescale but at least one module in design has a timescale.
WARNING: [XSIM 43-4099] "/home/neuralnetwork01/Schreibtisch/s7s/nn/task3/Task-3-data/FINN_TMP/code_gen_ipgen_StreamingDataWidthConverter_rtl_2_hwbswp6p/dwc_axi.sv" Line 34. Module dwc_axi(IBITS=32'b01000,OBITS=32'b01000) doesn't have a timescale but at least one module in design has a timescale.
WARNING: [XSIM 43-4099] "/home/neuralnetwork01/Schreibtisch/s7s/nn/task3/Task-3-data/FINN_TMP/code_gen_ipgen_StreamingDataWidthConverter_rtl_2_hwbswp6p/dwc.sv" Line 34. Module dwc(IBITS=32'b01000,OBITS=32'b01000) doesn't have a timescale but at least one module in design has a timescale.
WARNING: [XSIM 43-4099] "/home/neuralnetwork01/Schreibtisch/s7s/nn/task3/Task-3-data/FINN_TMP/code_gen_ipgen_StreamingDataWidthConverter_rtl_0_q_6l546o/StreamingDataWidthConverter_rtl_0.v" Line 32. Module StreamingDataWidthConverter_rtl_0(AXI_IBITS=8,AXI_OBITS=32) doesn't have a timescale but at least one module in design has a timescale.
WARNING: [XSIM 43-4099] "/home/neuralnetwork01/Schreibtisch/s7s/nn/task3/Task-3-data/FINN_TMP/code_gen_ipgen_StreamingDataWidthConverter_rtl_2_hwbswp6p/dwc_axi.sv" Line 34. Module dwc_axi(IBITS=32'b01,OBITS=32'b011100) doesn't have a timescale but at least one module in design has a timescale.
WARNING: [XSIM 43-4099] "/home/neuralnetwork01/Schreibtisch/s7s/nn/task3/Task-3-data/FINN_TMP/code_gen_ipgen_StreamingDataWidthConverter_rtl_2_hwbswp6p/dwc.sv" Line 34. Module dwc(IBITS=32'b01,OBITS=32'b011100) doesn't have a timescale but at least one module in design has a timescale.
WARNING: [XSIM 43-4099] "/home/neuralnetwork01/Schreibtisch/s7s/nn/task3/Task-3-data/FINN_TMP/code_gen_ipgen_StreamingDataWidthConverter_rtl_1_6s9o487g/StreamingDataWidthConverter_rtl_1.v" Line 32. Module StreamingDataWidthConverter_rtl_1(AXI_IBITS=8,AXI_OBITS=8) doesn't have a timescale but at least one module in design has a timescale.
WARNING: [XSIM 43-4099] "/home/neuralnetwork01/Schreibtisch/s7s/nn/task3/Task-3-data/FINN_TMP/code_gen_ipgen_StreamingDataWidthConverter_rtl_2_hwbswp6p/dwc_axi.sv" Line 34. Module dwc_axi(IBITS=32'b010,OBITS=32'b01000) doesn't have a timescale but at least one module in design has a timescale.
WARNING: [XSIM 43-4099] "/home/neuralnetwork01/Schreibtisch/s7s/nn/task3/Task-3-data/FINN_TMP/code_gen_ipgen_StreamingDataWidthConverter_rtl_2_hwbswp6p/dwc.sv" Line 34. Module dwc(IBITS=32'b010,OBITS=32'b01000) doesn't have a timescale but at least one module in design has a timescale.
WARNING: [XSIM 43-4099] "/home/neuralnetwork01/Schreibtisch/s7s/nn/task3/Task-3-data/FINN_TMP/code_gen_ipgen_StreamingDataWidthConverter_rtl_2_hwbswp6p/StreamingDataWidthConverter_rtl_2.v" Line 32. Module StreamingDataWidthConverter_rtl_2(AXI_IBITS=8,AXI_OBITS=8) doesn't have a timescale but at least one module in design has a timescale.
WARNING: [XSIM 43-4099] "/home/neuralnetwork01/Schreibtisch/s7s/nn/task3/Task-3-data/FINN_TMP/code_gen_ipgen_StreamingDataWidthConverter_rtl_2_hwbswp6p/dwc_axi.sv" Line 34. Module dwc_axi(IBITS=32'b01,OBITS=32'b01000) doesn't have a timescale but at least one module in design has a timescale.
WARNING: [XSIM 43-4099] "/home/neuralnetwork01/Schreibtisch/s7s/nn/task3/Task-3-data/FINN_TMP/code_gen_ipgen_StreamingDataWidthConverter_rtl_2_hwbswp6p/dwc.sv" Line 34. Module dwc(IBITS=32'b01,OBITS=32'b01000) doesn't have a timescale but at least one module in design has a timescale.
WARNING: [XSIM 43-4099] "/home/neuralnetwork01/Schreibtisch/s7s/nn/task3/Task-3-data/FINN_TMP/vivado_stitch_proj_zja1kfk9/finn_vivado_stitch_proj.gen/sources_1/bd/finn_design/ip/finn_design_StreamingFIFO_rtl_0_0/synth/finn_design_StreamingFIFO_rtl_0_0.v" Line 53. Module finn_design_StreamingFIFO_rtl_0_0 doesn't have a timescale but at least one module in design has a timescale.
WARNING: [XSIM 43-4099] "/home/neuralnetwork01/Schreibtisch/s7s/nn/task3/Task-3-data/FINN_TMP/code_gen_ipgen_StreamingFIFO_rtl_0_f5tr7irh/StreamingFIFO_rtl_0.v" Line 32. Module StreamingFIFO_rtl_0 doesn't have a timescale but at least one module in design has a timescale.
WARNING: [XSIM 43-4099] "/home/neuralnetwork01/Schreibtisch/s7s/nn/task3/Task-3-data/FINN_TMP/code_gen_ipgen_StreamingFIFO_rtl_10_43q741jj/fifo_gauge.sv" Line 35. Module fifo_gauge(WIDTH=32'b01000,COUNT_WIDTH=32'b01010) doesn't have a timescale but at least one module in design has a timescale.
WARNING: [XSIM 43-4099] "/home/neuralnetwork01/Schreibtisch/s7s/nn/task3/Task-3-data/FINN_TMP/vivado_stitch_proj_zja1kfk9/finn_vivado_stitch_proj.gen/sources_1/bd/finn_design/ip/finn_design_StreamingFIFO_rtl_1_0/synth/finn_design_StreamingFIFO_rtl_1_0.v" Line 53. Module finn_design_StreamingFIFO_rtl_1_0 doesn't have a timescale but at least one module in design has a timescale.
WARNING: [XSIM 43-4099] "/home/neuralnetwork01/Schreibtisch/s7s/nn/task3/Task-3-data/FINN_TMP/code_gen_ipgen_StreamingFIFO_rtl_1_bcrbn9l_/StreamingFIFO_rtl_1.v" Line 32. Module StreamingFIFO_rtl_1 doesn't have a timescale but at least one module in design has a timescale.
WARNING: [XSIM 43-4099] "/home/neuralnetwork01/Schreibtisch/s7s/nn/task3/Task-3-data/FINN_TMP/code_gen_ipgen_StreamingFIFO_rtl_10_43q741jj/fifo_gauge.sv" Line 35. Module fifo_gauge(WIDTH=32'b01000,COUNT_WIDTH=32'b01010) doesn't have a timescale but at least one module in design has a timescale.
WARNING: [XSIM 43-4099] "/home/neuralnetwork01/Schreibtisch/s7s/nn/task3/Task-3-data/FINN_TMP/vivado_stitch_proj_zja1kfk9/finn_vivado_stitch_proj.gen/sources_1/bd/finn_design/ip/finn_design_StreamingFIFO_rtl_10_0/synth/finn_design_StreamingFIFO_rtl_10_0.v" Line 53. Module finn_design_StreamingFIFO_rtl_10_0 doesn't have a timescale but at least one module in design has a timescale.
WARNING: [XSIM 43-4099] "/home/neuralnetwork01/Schreibtisch/s7s/nn/task3/Task-3-data/FINN_TMP/code_gen_ipgen_StreamingFIFO_rtl_10_43q741jj/StreamingFIFO_rtl_10.v" Line 32. Module StreamingFIFO_rtl_10 doesn't have a timescale but at least one module in design has a timescale.
WARNING: [XSIM 43-4099] "/home/neuralnetwork01/Schreibtisch/s7s/nn/task3/Task-3-data/FINN_TMP/code_gen_ipgen_StreamingFIFO_rtl_10_43q741jj/fifo_gauge.sv" Line 35. Module fifo_gauge(WIDTH=32'b01000,COUNT_WIDTH=32'b0100) doesn't have a timescale but at least one module in design has a timescale.
WARNING: [XSIM 43-4099] "/home/neuralnetwork01/Schreibtisch/s7s/nn/task3/Task-3-data/FINN_TMP/vivado_stitch_proj_zja1kfk9/finn_vivado_stitch_proj.gen/sources_1/bd/finn_design/ip/finn_design_StreamingFIFO_rtl_2_0/synth/finn_design_StreamingFIFO_rtl_2_0.v" Line 53. Module finn_design_StreamingFIFO_rtl_2_0 doesn't have a timescale but at least one module in design has a timescale.
WARNING: [XSIM 43-4099] "/home/neuralnetwork01/Schreibtisch/s7s/nn/task3/Task-3-data/FINN_TMP/code_gen_ipgen_StreamingFIFO_rtl_2_x1l3sr0s/StreamingFIFO_rtl_2.v" Line 32. Module StreamingFIFO_rtl_2 doesn't have a timescale but at least one module in design has a timescale.
WARNING: [XSIM 43-4099] "/home/neuralnetwork01/Schreibtisch/s7s/nn/task3/Task-3-data/FINN_TMP/code_gen_ipgen_StreamingFIFO_rtl_10_43q741jj/fifo_gauge.sv" Line 35. Module fifo_gauge(WIDTH=32'b01000,COUNT_WIDTH=32'b01010) doesn't have a timescale but at least one module in design has a timescale.
WARNING: [XSIM 43-4099] "/home/neuralnetwork01/Schreibtisch/s7s/nn/task3/Task-3-data/FINN_TMP/vivado_stitch_proj_zja1kfk9/finn_vivado_stitch_proj.gen/sources_1/bd/finn_design/ip/finn_design_StreamingFIFO_rtl_3_0/synth/finn_design_StreamingFIFO_rtl_3_0.v" Line 53. Module finn_design_StreamingFIFO_rtl_3_0 doesn't have a timescale but at least one module in design has a timescale.
WARNING: [XSIM 43-4099] "/home/neuralnetwork01/Schreibtisch/s7s/nn/task3/Task-3-data/FINN_TMP/code_gen_ipgen_StreamingFIFO_rtl_3_7wnfo9j6/StreamingFIFO_rtl_3.v" Line 32. Module StreamingFIFO_rtl_3 doesn't have a timescale but at least one module in design has a timescale.
WARNING: [XSIM 43-4099] "/home/neuralnetwork01/Schreibtisch/s7s/nn/task3/Task-3-data/FINN_TMP/code_gen_ipgen_StreamingFIFO_rtl_10_43q741jj/fifo_gauge.sv" Line 35. Module fifo_gauge(WIDTH=32'b0100000,COUNT_WIDTH=32'b0101) doesn't have a timescale but at least one module in design has a timescale.
WARNING: [XSIM 43-4099] "/home/neuralnetwork01/Schreibtisch/s7s/nn/task3/Task-3-data/FINN_TMP/vivado_stitch_proj_zja1kfk9/finn_vivado_stitch_proj.gen/sources_1/bd/finn_design/ip/finn_design_StreamingFIFO_rtl_4_0/synth/finn_design_StreamingFIFO_rtl_4_0.v" Line 53. Module finn_design_StreamingFIFO_rtl_4_0 doesn't have a timescale but at least one module in design has a timescale.
WARNING: [XSIM 43-4099] "/home/neuralnetwork01/Schreibtisch/s7s/nn/task3/Task-3-data/FINN_TMP/code_gen_ipgen_StreamingFIFO_rtl_4_ap5of9rb/StreamingFIFO_rtl_4.v" Line 32. Module StreamingFIFO_rtl_4 doesn't have a timescale but at least one module in design has a timescale.
WARNING: [XSIM 43-4099] "/home/neuralnetwork01/Schreibtisch/s7s/nn/task3/Task-3-data/FINN_TMP/code_gen_ipgen_StreamingFIFO_rtl_10_43q741jj/fifo_gauge.sv" Line 35. Module fifo_gauge(WIDTH=32'b01000,COUNT_WIDTH=32'b0101) doesn't have a timescale but at least one module in design has a timescale.
WARNING: [XSIM 43-4099] "/home/neuralnetwork01/Schreibtisch/s7s/nn/task3/Task-3-data/FINN_TMP/vivado_stitch_proj_zja1kfk9/finn_vivado_stitch_proj.gen/sources_1/bd/finn_design/ip/finn_design_StreamingFIFO_rtl_5_0/synth/finn_design_StreamingFIFO_rtl_5_0.v" Line 53. Module finn_design_StreamingFIFO_rtl_5_0 doesn't have a timescale but at least one module in design has a timescale.
WARNING: [XSIM 43-4099] "/home/neuralnetwork01/Schreibtisch/s7s/nn/task3/Task-3-data/FINN_TMP/code_gen_ipgen_StreamingFIFO_rtl_5_6sj9slqd/StreamingFIFO_rtl_5.v" Line 32. Module StreamingFIFO_rtl_5 doesn't have a timescale but at least one module in design has a timescale.
WARNING: [XSIM 43-4099] "/home/neuralnetwork01/Schreibtisch/s7s/nn/task3/Task-3-data/FINN_TMP/code_gen_ipgen_StreamingFIFO_rtl_10_43q741jj/fifo_gauge.sv" Line 35. Module fifo_gauge(WIDTH=32'b01000,COUNT_WIDTH=32'b0100) doesn't have a timescale but at least one module in design has a timescale.
WARNING: [XSIM 43-4099] "/home/neuralnetwork01/Schreibtisch/s7s/nn/task3/Task-3-data/FINN_TMP/vivado_stitch_proj_zja1kfk9/finn_vivado_stitch_proj.gen/sources_1/bd/finn_design/ip/finn_design_StreamingFIFO_rtl_6_0/synth/finn_design_StreamingFIFO_rtl_6_0.v" Line 53. Module finn_design_StreamingFIFO_rtl_6_0 doesn't have a timescale but at least one module in design has a timescale.
WARNING: [XSIM 43-4099] "/home/neuralnetwork01/Schreibtisch/s7s/nn/task3/Task-3-data/FINN_TMP/code_gen_ipgen_StreamingFIFO_rtl_6_26r0apcc/StreamingFIFO_rtl_6.v" Line 32. Module StreamingFIFO_rtl_6 doesn't have a timescale but at least one module in design has a timescale.
WARNING: [XSIM 43-4099] "/home/neuralnetwork01/Schreibtisch/s7s/nn/task3/Task-3-data/FINN_TMP/code_gen_ipgen_StreamingFIFO_rtl_10_43q741jj/fifo_gauge.sv" Line 35. Module fifo_gauge(WIDTH=32'b01000,COUNT_WIDTH=32'b0100) doesn't have a timescale but at least one module in design has a timescale.
WARNING: [XSIM 43-4099] "/home/neuralnetwork01/Schreibtisch/s7s/nn/task3/Task-3-data/FINN_TMP/vivado_stitch_proj_zja1kfk9/finn_vivado_stitch_proj.gen/sources_1/bd/finn_design/ip/finn_design_StreamingFIFO_rtl_7_0/synth/finn_design_StreamingFIFO_rtl_7_0.v" Line 53. Module finn_design_StreamingFIFO_rtl_7_0 doesn't have a timescale but at least one module in design has a timescale.
WARNING: [XSIM 43-4099] "/home/neuralnetwork01/Schreibtisch/s7s/nn/task3/Task-3-data/FINN_TMP/code_gen_ipgen_StreamingFIFO_rtl_7_3v8f_z8d/StreamingFIFO_rtl_7.v" Line 32. Module StreamingFIFO_rtl_7 doesn't have a timescale but at least one module in design has a timescale.
WARNING: [XSIM 43-4099] "/home/neuralnetwork01/Schreibtisch/s7s/nn/task3/Task-3-data/FINN_TMP/code_gen_ipgen_StreamingFIFO_rtl_10_43q741jj/fifo_gauge.sv" Line 35. Module fifo_gauge(WIDTH=32'b01000,COUNT_WIDTH=32'b0100) doesn't have a timescale but at least one module in design has a timescale.
WARNING: [XSIM 43-4099] "/home/neuralnetwork01/Schreibtisch/s7s/nn/task3/Task-3-data/FINN_TMP/vivado_stitch_proj_zja1kfk9/finn_vivado_stitch_proj.gen/sources_1/bd/finn_design/ip/finn_design_StreamingFIFO_rtl_8_0/synth/finn_design_StreamingFIFO_rtl_8_0.v" Line 53. Module finn_design_StreamingFIFO_rtl_8_0 doesn't have a timescale but at least one module in design has a timescale.
WARNING: [XSIM 43-4099] "/home/neuralnetwork01/Schreibtisch/s7s/nn/task3/Task-3-data/FINN_TMP/code_gen_ipgen_StreamingFIFO_rtl_8_lwuoiev0/StreamingFIFO_rtl_8.v" Line 32. Module StreamingFIFO_rtl_8 doesn't have a timescale but at least one module in design has a timescale.
WARNING: [XSIM 43-4099] "/home/neuralnetwork01/Schreibtisch/s7s/nn/task3/Task-3-data/FINN_TMP/code_gen_ipgen_StreamingFIFO_rtl_10_43q741jj/fifo_gauge.sv" Line 35. Module fifo_gauge(WIDTH=32'b01000,COUNT_WIDTH=32'b0111) doesn't have a timescale but at least one module in design has a timescale.
WARNING: [XSIM 43-4099] "/home/neuralnetwork01/Schreibtisch/s7s/nn/task3/Task-3-data/FINN_TMP/vivado_stitch_proj_zja1kfk9/finn_vivado_stitch_proj.gen/sources_1/bd/finn_design/ip/finn_design_StreamingFIFO_rtl_9_0/synth/finn_design_StreamingFIFO_rtl_9_0.v" Line 53. Module finn_design_StreamingFIFO_rtl_9_0 doesn't have a timescale but at least one module in design has a timescale.
WARNING: [XSIM 43-4099] "/home/neuralnetwork01/Schreibtisch/s7s/nn/task3/Task-3-data/FINN_TMP/code_gen_ipgen_StreamingFIFO_rtl_9_kusqm527/StreamingFIFO_rtl_9.v" Line 32. Module StreamingFIFO_rtl_9 doesn't have a timescale but at least one module in design has a timescale.
WARNING: [XSIM 43-4099] "/home/neuralnetwork01/Schreibtisch/s7s/nn/task3/Task-3-data/FINN_TMP/code_gen_ipgen_StreamingFIFO_rtl_10_43q741jj/fifo_gauge.sv" Line 35. Module fifo_gauge(WIDTH=32'b01000,COUNT_WIDTH=32'b0111) doesn't have a timescale but at least one module in design has a timescale.
WARNING: [XSIM 43-4099] "/home/neuralnetwork01/Schreibtisch/s7s/nn/task3/Task-3-data/FINN_TMP/vivado_stitch_proj_zja1kfk9/finn_vivado_stitch_proj.gen/sources_1/bd/finn_design/ip/finn_design_Thresholding_rtl_0_0/synth/finn_design_Thresholding_rtl_0_0.v" Line 53. Module finn_design_Thresholding_rtl_0_0 doesn't have a timescale but at least one module in design has a timescale.
WARNING: [XSIM 43-4099] "/home/neuralnetwork01/Schreibtisch/s7s/nn/task3/Task-3-data/FINN_TMP/vivado_stitch_proj_zja1kfk9/ip/verilog/rtl_ops/Thresholding_rtl_0/Thresholding_rtl_0.v" Line 35. Module Thresholding_rtl_0 doesn't have a timescale but at least one module in design has a timescale.
WARNING: [XSIM 43-4099] "/home/neuralnetwork01/Schreibtisch/s7s/nn/task3/Task-3-data/FINN_TMP/vivado_stitch_proj_zja1kfk9/ip/verilog/rtl_ops/Thresholding_rtl_0/thresholding_axi.sv" Line 41. Module thresholding_axi(WI=32'b01000,WT=32'b01001,N=32'b01,C=32'b01,PE=32'b01,SIGNED=1'b0,FPARG=1'b0,SETS=32'b01,THRESHOLDS_PATH="/home/neuralnetwork01/Schreibtisch/s7s/nn/task3/Task-3-data/FINN_TMP/code_gen_ipgen_Thresholding_rtl_0_iqmp43dz/Thresholding_rtl_0_",USE_AXILITE=1'b0,DEPTH_TRIGGER_URAM=32'b0,DEPTH_TRIGGER_BRAM=32'b0,DEEP_PIPELINE=1'b1) doesn't have a timescale but at least one module in design has a timescale.
WARNING: [XSIM 43-4099] "/home/neuralnetwork01/Schreibtisch/s7s/nn/task3/Task-3-data/FINN_TMP/vivado_stitch_proj_zja1kfk9/ip/verilog/rtl_ops/Thresholding_rtl_0/thresholding.sv" Line 54. Module thresholding(K=32'b01001,N=32'b01,C=32'b01,PE=32'b01,SIGNED=1'b0,FPARG=1'b0,THRESHOLDS_PATH="/home/neuralnetwork01/Schreibtisch/s7s/nn/task3/Task-3-data/FINN_TMP/code_gen_ipgen_Thresholding_rtl_0_iqmp43dz/Thresholding_rtl_0_",USE_CONFIG=1'b0,DEPTH_TRIGGER_URAM=32'b0,DEPTH_TRIGGER_BRAM=32'b0,DEEP_PIPELINE=1'b1) doesn't have a timescale but at least one module in design has a timescale.
WARNING: [XSIM 43-4099] "/home/neuralnetwork01/Schreibtisch/s7s/nn/task3/Task-3-data/FINN_TMP/vivado_stitch_proj_zja1kfk9/finn_vivado_stitch_proj.gen/sources_1/bd/finn_design/ip/finn_design_LabelSelect_hls_0_0/synth/finn_design_LabelSelect_hls_0_0.v" Line 53. Module finn_design_LabelSelect_hls_0_0 doesn't have a timescale but at least one module in design has a timescale.
WARNING: [XSIM 43-4099] "/home/neuralnetwork01/Schreibtisch/s7s/nn/task3/Task-3-data/FINN_TMP/vivado_stitch_proj_zja1kfk9/finn_vivado_stitch_proj.gen/sources_1/bd/finn_design/ip/finn_design_MVAU_hls_0_0/synth/finn_design_MVAU_hls_0_0.v" Line 53. Module finn_design_MVAU_hls_0_0 doesn't have a timescale but at least one module in design has a timescale.
WARNING: [XSIM 43-4099] "/home/neuralnetwork01/Schreibtisch/s7s/nn/task3/Task-3-data/FINN_TMP/vivado_stitch_proj_zja1kfk9/finn_vivado_stitch_proj.gen/sources_1/bd/finn_design/ip/finn_design_MVAU_hls_0_wstrm_0/synth/finn_design_MVAU_hls_0_wstrm_0.v" Line 53. Module finn_design_MVAU_hls_0_wstrm_0 doesn't have a timescale but at least one module in design has a timescale.
WARNING: [XSIM 43-4099] "/home/neuralnetwork01/Schreibtisch/s7s/nn/task3/Task-3-data/FINN_TMP/vivado_stitch_proj_zja1kfk9/ip/verilog/rtl_ops/MVAU_hls_0/MVAU_hls_0_memstream_wrapper.v" Line 32. Module MVAU_hls_0_memstream_wrapper(AXILITE_ADDR_WIDTH=13,SET_BITS=1) doesn't have a timescale but at least one module in design has a timescale.
WARNING: [XSIM 43-4099] "/home/neuralnetwork01/Schreibtisch/s7s/nn/task3/Task-3-data/FINN_TMP/vivado_stitch_proj_zja1kfk9/ip/verilog/rtl_ops/MVAU_hls_3/memstream_axi.sv" Line 33. Module memstream_axi(SETS=32'b01,DEPTH=32'b01110000000,WIDTH=32'b0111000,INIT_FILE="/home/neuralnetwork01/Schreibtisch/s7s/nn/task3/Task-3-data/FINN_TMP/code_gen_ipgen_MVAU_hls_0_hl4pdt59/memblock.dat",PUMPED_MEMORY=1'b0) doesn't have a timescale but at least one module in design has a timescale.
WARNING: [XSIM 43-4099] "/home/neuralnetwork01/Schreibtisch/s7s/nn/task3/Task-3-data/FINN_TMP/vivado_stitch_proj_zja1kfk9/ip/verilog/rtl_ops/MVAU_hls_3/axilite.sv" Line 32. Module axilite(ADDR_WIDTH=32'b01101,DATA_WIDTH=32'b0100000,IP_DATA_WIDTH=32'b0111000) doesn't have a timescale but at least one module in design has a timescale.
WARNING: [XSIM 43-4099] "/home/neuralnetwork01/Schreibtisch/s7s/nn/task3/Task-3-data/FINN_TMP/vivado_stitch_proj_zja1kfk9/ip/verilog/rtl_ops/MVAU_hls_3/memstream.sv" Line 33. Module memstream(SETS=32'b01,DEPTH=32'b01110000000,WIDTH=32'b0111000,INIT_FILE="/home/neuralnetwork01/Schreibtisch/s7s/nn/task3/Task-3-data/FINN_TMP/code_gen_ipgen_MVAU_hls_0_hl4pdt59/memblock.dat") doesn't have a timescale but at least one module in design has a timescale.
WARNING: [XSIM 43-4099] "/home/neuralnetwork01/Schreibtisch/s7s/nn/task3/Task-3-data/FINN_TMP/vivado_stitch_proj_zja1kfk9/finn_vivado_stitch_proj.gen/sources_1/bd/finn_design/ip/finn_design_MVAU_hls_1_0/synth/finn_design_MVAU_hls_1_0.v" Line 53. Module finn_design_MVAU_hls_1_0 doesn't have a timescale but at least one module in design has a timescale.
WARNING: [XSIM 43-4099] "/home/neuralnetwork01/Schreibtisch/s7s/nn/task3/Task-3-data/FINN_TMP/vivado_stitch_proj_zja1kfk9/finn_vivado_stitch_proj.gen/sources_1/bd/finn_design/ip/finn_design_MVAU_hls_1_wstrm_0/synth/finn_design_MVAU_hls_1_wstrm_0.v" Line 53. Module finn_design_MVAU_hls_1_wstrm_0 doesn't have a timescale but at least one module in design has a timescale.
WARNING: [XSIM 43-4099] "/home/neuralnetwork01/Schreibtisch/s7s/nn/task3/Task-3-data/FINN_TMP/vivado_stitch_proj_zja1kfk9/ip/verilog/rtl_ops/MVAU_hls_1/MVAU_hls_1_memstream_wrapper.v" Line 32. Module MVAU_hls_1_memstream_wrapper(AXILITE_ADDR_WIDTH=11,SET_BITS=1) doesn't have a timescale but at least one module in design has a timescale.
WARNING: [XSIM 43-4099] "/home/neuralnetwork01/Schreibtisch/s7s/nn/task3/Task-3-data/FINN_TMP/vivado_stitch_proj_zja1kfk9/ip/verilog/rtl_ops/MVAU_hls_3/memstream_axi.sv" Line 33. Module memstream_axi(SETS=32'b01,DEPTH=32'b01000000000,WIDTH=32'b01000,INIT_FILE="/home/neuralnetwork01/Schreibtisch/s7s/nn/task3/Task-3-data/FINN_TMP/code_gen_ipgen_MVAU_hls_1_jdrfapkn/memblock.dat",PUMPED_MEMORY=1'b0) doesn't have a timescale but at least one module in design has a timescale.
WARNING: [XSIM 43-4099] "/home/neuralnetwork01/Schreibtisch/s7s/nn/task3/Task-3-data/FINN_TMP/vivado_stitch_proj_zja1kfk9/ip/verilog/rtl_ops/MVAU_hls_3/axilite.sv" Line 32. Module axilite(ADDR_WIDTH=32'b01011,DATA_WIDTH=32'b0100000,IP_DATA_WIDTH=32'b01000) doesn't have a timescale but at least one module in design has a timescale.
WARNING: [XSIM 43-4099] "/home/neuralnetwork01/Schreibtisch/s7s/nn/task3/Task-3-data/FINN_TMP/vivado_stitch_proj_zja1kfk9/ip/verilog/rtl_ops/MVAU_hls_3/memstream.sv" Line 33. Module memstream(SETS=32'b01,DEPTH=32'b01000000000,WIDTH=32'b01000,INIT_FILE="/home/neuralnetwork01/Schreibtisch/s7s/nn/task3/Task-3-data/FINN_TMP/code_gen_ipgen_MVAU_hls_1_jdrfapkn/memblock.dat") doesn't have a timescale but at least one module in design has a timescale.
WARNING: [XSIM 43-4099] "/home/neuralnetwork01/Schreibtisch/s7s/nn/task3/Task-3-data/FINN_TMP/vivado_stitch_proj_zja1kfk9/finn_vivado_stitch_proj.gen/sources_1/bd/finn_design/ip/finn_design_MVAU_hls_2_0/synth/finn_design_MVAU_hls_2_0.v" Line 53. Module finn_design_MVAU_hls_2_0 doesn't have a timescale but at least one module in design has a timescale.
WARNING: [XSIM 43-4099] "/home/neuralnetwork01/Schreibtisch/s7s/nn/task3/Task-3-data/FINN_TMP/vivado_stitch_proj_zja1kfk9/finn_vivado_stitch_proj.gen/sources_1/bd/finn_design/ip/finn_design_MVAU_hls_2_wstrm_0/synth/finn_design_MVAU_hls_2_wstrm_0.v" Line 53. Module finn_design_MVAU_hls_2_wstrm_0 doesn't have a timescale but at least one module in design has a timescale.
WARNING: [XSIM 43-4099] "/home/neuralnetwork01/Schreibtisch/s7s/nn/task3/Task-3-data/FINN_TMP/vivado_stitch_proj_zja1kfk9/ip/verilog/rtl_ops/MVAU_hls_2/MVAU_hls_2_memstream_wrapper.v" Line 32. Module MVAU_hls_2_memstream_wrapper(AXILITE_ADDR_WIDTH=11,SET_BITS=1) doesn't have a timescale but at least one module in design has a timescale.
WARNING: [XSIM 43-4099] "/home/neuralnetwork01/Schreibtisch/s7s/nn/task3/Task-3-data/FINN_TMP/vivado_stitch_proj_zja1kfk9/ip/verilog/rtl_ops/MVAU_hls_3/memstream_axi.sv" Line 33. Module memstream_axi(SETS=32'b01,DEPTH=32'b01000000000,WIDTH=32'b01000,INIT_FILE="/home/neuralnetwork01/Schreibtisch/s7s/nn/task3/Task-3-data/FINN_TMP/code_gen_ipgen_MVAU_hls_2_sw2ndtiq/memblock.dat",PUMPED_MEMORY=1'b0) doesn't have a timescale but at least one module in design has a timescale.
WARNING: [XSIM 43-4099] "/home/neuralnetwork01/Schreibtisch/s7s/nn/task3/Task-3-data/FINN_TMP/vivado_stitch_proj_zja1kfk9/ip/verilog/rtl_ops/MVAU_hls_3/axilite.sv" Line 32. Module axilite(ADDR_WIDTH=32'b01011,DATA_WIDTH=32'b0100000,IP_DATA_WIDTH=32'b01000) doesn't have a timescale but at least one module in design has a timescale.
WARNING: [XSIM 43-4099] "/home/neuralnetwork01/Schreibtisch/s7s/nn/task3/Task-3-data/FINN_TMP/vivado_stitch_proj_zja1kfk9/ip/verilog/rtl_ops/MVAU_hls_3/memstream.sv" Line 33. Module memstream(SETS=32'b01,DEPTH=32'b01000000000,WIDTH=32'b01000,INIT_FILE="/home/neuralnetwork01/Schreibtisch/s7s/nn/task3/Task-3-data/FINN_TMP/code_gen_ipgen_MVAU_hls_2_sw2ndtiq/memblock.dat") doesn't have a timescale but at least one module in design has a timescale.
WARNING: [XSIM 43-4099] "/home/neuralnetwork01/Schreibtisch/s7s/nn/task3/Task-3-data/FINN_TMP/vivado_stitch_proj_zja1kfk9/finn_vivado_stitch_proj.gen/sources_1/bd/finn_design/ip/finn_design_MVAU_hls_3_0/synth/finn_design_MVAU_hls_3_0.v" Line 53. Module finn_design_MVAU_hls_3_0 doesn't have a timescale but at least one module in design has a timescale.
WARNING: [XSIM 43-4099] "/home/neuralnetwork01/Schreibtisch/s7s/nn/task3/Task-3-data/FINN_TMP/vivado_stitch_proj_zja1kfk9/finn_vivado_stitch_proj.gen/sources_1/bd/finn_design/ip/finn_design_MVAU_hls_3_wstrm_0/synth/finn_design_MVAU_hls_3_wstrm_0.v" Line 53. Module finn_design_MVAU_hls_3_wstrm_0 doesn't have a timescale but at least one module in design has a timescale.
WARNING: [XSIM 43-4099] "/home/neuralnetwork01/Schreibtisch/s7s/nn/task3/Task-3-data/FINN_TMP/vivado_stitch_proj_zja1kfk9/ip/verilog/rtl_ops/MVAU_hls_3/MVAU_hls_3_memstream_wrapper.v" Line 32. Module MVAU_hls_3_memstream_wrapper(AXILITE_ADDR_WIDTH=12,SET_BITS=1) doesn't have a timescale but at least one module in design has a timescale.
WARNING: [XSIM 43-4099] "/home/neuralnetwork01/Schreibtisch/s7s/nn/task3/Task-3-data/FINN_TMP/vivado_stitch_proj_zja1kfk9/ip/verilog/rtl_ops/MVAU_hls_3/memstream_axi.sv" Line 33. Module memstream_axi(SETS=32'b01,DEPTH=32'b01010000000,WIDTH=32'b01000,INIT_FILE="/home/neuralnetwork01/Schreibtisch/s7s/nn/task3/Task-3-data/FINN_TMP/code_gen_ipgen_MVAU_hls_3_lco0jixn/memblock.dat",PUMPED_MEMORY=1'b0) doesn't have a timescale but at least one module in design has a timescale.
WARNING: [XSIM 43-4099] "/home/neuralnetwork01/Schreibtisch/s7s/nn/task3/Task-3-data/FINN_TMP/vivado_stitch_proj_zja1kfk9/ip/verilog/rtl_ops/MVAU_hls_3/axilite.sv" Line 32. Module axilite(ADDR_WIDTH=32'b01100,DATA_WIDTH=32'b0100000,IP_DATA_WIDTH=32'b01000) doesn't have a timescale but at least one module in design has a timescale.
WARNING: [XSIM 43-4099] "/home/neuralnetwork01/Schreibtisch/s7s/nn/task3/Task-3-data/FINN_TMP/vivado_stitch_proj_zja1kfk9/ip/verilog/rtl_ops/MVAU_hls_3/memstream.sv" Line 33. Module memstream(SETS=32'b01,DEPTH=32'b01010000000,WIDTH=32'b01000,INIT_FILE="/home/neuralnetwork01/Schreibtisch/s7s/nn/task3/Task-3-data/FINN_TMP/code_gen_ipgen_MVAU_hls_3_lco0jixn/memblock.dat") doesn't have a timescale but at least one module in design has a timescale.
WARNING: [XSIM 43-4099] "/home/neuralnetwork01/Schreibtisch/s7s/nn/task3/Task-3-data/FINN_TMP/code_gen_ipgen_Reshape_rtl_0_5egyz7kg/Reshape_rtl_0.v" Line 32. Module Reshape_rtl_0(AXI_IBITS=8,AXI_OBITS=8) doesn't have a timescale but at least one module in design has a timescale.
INFO: [Common 17-14] Message 'XSIM 43-4099' appears 100 times and further instances of the messages will be disabled. Use the Tcl command set_msg_config to change the current settings.
Completed simulation data flow analysis
Time Resolution for simulation is 1ps
Compiling module work.glbl
Compiling module work.LabelSelect_hls_0_flow_control_l...
Compiling module work.LabelSelect_hls_0_LabelSelect_hl...
Compiling module work.LabelSelect_hls_0_regslice_both(...
Compiling module work.LabelSelect_hls_0
Compiling module work.finn_design_LabelSelect_hls_0_0
Compiling module work.MVAU_hls_0_Matrix_Vector_Activat...
Compiling module work.MVAU_hls_0_Matrix_Vector_Activat...
Compiling module work.MVAU_hls_0_sparsemux_57_5_28_1_1...
Compiling module work.MVAU_hls_0_flow_control_loop_pip...
Compiling module work.MVAU_hls_0_Matrix_Vector_Activat...
Compiling module work.MVAU_hls_0_regslice_both
Compiling module work.MVAU_hls_0_regslice_both(DataWid...
Compiling module work.MVAU_hls_0_regslice_both(DataWid...
Compiling module work.MVAU_hls_0
Compiling module work.finn_design_MVAU_hls_0_0
Compiling module work.axilite(ADDR_WIDTH=32'b01101,DAT...
Compiling module work.memstream(SETS=32'b01,DEPTH=32'b...
Compiling module work.memstream_axi(SETS=32'b01,DEPTH=...
Compiling module work.MVAU_hls_0_memstream_wrapper(AXI...
Compiling module work.finn_design_MVAU_hls_0_wstrm_0
Compiling module work.MVAU_hls_0_imp_7OH4JA
Compiling module work.MVAU_hls_1_Matrix_Vector_Activat...
Compiling module work.MVAU_hls_1_sparsemux_17_3_8_1_1(...
Compiling module work.MVAU_hls_1_flow_control_loop_pip...
Compiling module work.MVAU_hls_1_Matrix_Vector_Activat...
Compiling module work.MVAU_hls_1_regslice_both(DataWid...
Compiling module work.MVAU_hls_1
Compiling module work.finn_design_MVAU_hls_1_0
Compiling module work.axilite(ADDR_WIDTH=32'b01011,DAT...
Compiling module work.memstream(SETS=32'b01,DEPTH=32'b...
Compiling module work.memstream_axi(SETS=32'b01,DEPTH=...
Compiling module work.MVAU_hls_1_memstream_wrapper(AXI...
Compiling module work.finn_design_MVAU_hls_1_wstrm_0
Compiling module work.MVAU_hls_1_imp_ZIW0NT
Compiling module work.MVAU_hls_2_Matrix_Vector_Activat...
Compiling module work.MVAU_hls_2_sparsemux_17_3_8_1_1(...
Compiling module work.MVAU_hls_2_flow_control_loop_pip...
Compiling module work.MVAU_hls_2_Matrix_Vector_Activat...
Compiling module work.MVAU_hls_2_regslice_both(DataWid...
Compiling module work.MVAU_hls_2
Compiling module work.finn_design_MVAU_hls_2_0
Compiling module work.memstream(SETS=32'b01,DEPTH=32'b...
Compiling module work.memstream_axi(SETS=32'b01,DEPTH=...
Compiling module work.MVAU_hls_2_memstream_wrapper(AXI...
Compiling module work.finn_design_MVAU_hls_2_wstrm_0
Compiling module work.MVAU_hls_2_imp_1WP2WTL
Compiling module work.MVAU_hls_3_sparsemux_129_6_1_1_1...
Compiling module work.MVAU_hls_3_flow_control_loop_pip...
Compiling module work.MVAU_hls_3_regslice_both(DataWid...
Compiling module work.MVAU_hls_3
Compiling module work.finn_design_MVAU_hls_3_0
Compiling module work.axilite(ADDR_WIDTH=32'b01100,DAT...
Compiling module work.memstream(SETS=32'b01,DEPTH=32'b...
Compiling module work.memstream_axi(SETS=32'b01,DEPTH=...
Compiling module work.MVAU_hls_3_memstream_wrapper(AXI...
Compiling module work.finn_design_MVAU_hls_3_wstrm_0
Compiling module work.MVAU_hls_3_imp_U0RWZQ
Compiling module work.dwc(IBITS=32'b01000,OBITS=32'b01...
Compiling module work.dwc_axi(IBITS=32'b01000,OBITS=32...
Compiling module work.Reshape_rtl_0(AXI_IBITS=8,AXI_OB...
Compiling module work.dwc(IBITS=32'b01,OBITS=32'b01110...
Compiling module work.dwc_axi(IBITS=32'b01,OBITS=32'b0...
Compiling module work.StreamingDataWidthConverter_rtl_...
Compiling module work.dwc(IBITS=32'b010,OBITS=32'b0100...
Compiling module work.dwc_axi(IBITS=32'b010,OBITS=32'b...
Compiling module work.StreamingDataWidthConverter_rtl_...
Compiling module work.dwc(IBITS=32'b01,OBITS=32'b01000...
Compiling module work.dwc_axi(IBITS=32'b01,OBITS=32'b0...
Compiling module work.StreamingDataWidthConverter_rtl_...
Compiling module work.fifo_gauge(WIDTH=32'b01000,COUNT...
Compiling module work.StreamingFIFO_rtl_0
Compiling module work.finn_design_StreamingFIFO_rtl_0_...
Compiling module work.StreamingFIFO_rtl_1
Compiling module work.finn_design_StreamingFIFO_rtl_1_...
Compiling module work.fifo_gauge(WIDTH=32'b01000,COUNT...
Compiling module work.StreamingFIFO_rtl_10
Compiling module work.finn_design_StreamingFIFO_rtl_10...
Compiling module work.StreamingFIFO_rtl_2
Compiling module work.finn_design_StreamingFIFO_rtl_2_...
Compiling module work.fifo_gauge(WIDTH=32'b0100000,COU...
Compiling module work.StreamingFIFO_rtl_3
Compiling module work.finn_design_StreamingFIFO_rtl_3_...
Compiling module work.fifo_gauge(WIDTH=32'b01000,COUNT...
Compiling module work.StreamingFIFO_rtl_4
Compiling module work.finn_design_StreamingFIFO_rtl_4_...
Compiling module work.StreamingFIFO_rtl_5
Compiling module work.finn_design_StreamingFIFO_rtl_5_...
Compiling module work.StreamingFIFO_rtl_6
Compiling module work.finn_design_StreamingFIFO_rtl_6_...
Compiling module work.StreamingFIFO_rtl_7
Compiling module work.finn_design_StreamingFIFO_rtl_7_...
Compiling module work.fifo_gauge(WIDTH=32'b01000,COUNT...
Compiling module work.StreamingFIFO_rtl_8
Compiling module work.finn_design_StreamingFIFO_rtl_8_...
Compiling module work.StreamingFIFO_rtl_9
Compiling module work.finn_design_StreamingFIFO_rtl_9_...
Compiling module work.thresholding(K=32'b01001,N=32'b0...
Compiling module work.thresholding_axi(WI=32'b01000,WT...
Compiling module work.Thresholding_rtl_0
Compiling module work.finn_design_Thresholding_rtl_0_0
Compiling module work.finn_design
Compiling module work.finn_design_wrapper
Built XSI simulation shared library xsim.dir/finn_design_wrapper/xsimk.so
[2026-08-01 20:16:13,471]INFO:Using pre-existing code for Reshape_rtl_0
[2026-08-01 20:16:13,482]INFO:Using pre-existing code for Thresholding_rtl_0
[2026-08-01 20:16:13,490]INFO:Using pre-existing code for StreamingDataWidthConverter_rtl_0
[2026-08-01 20:16:13,497]INFO:Using pre-existing code for MVAU_hls_0
[2026-08-01 20:16:13,503]INFO:Using pre-existing code for StreamingDataWidthConverter_rtl_1
[2026-08-01 20:16:13,510]INFO:Using pre-existing code for MVAU_hls_1
[2026-08-01 20:16:13,516]INFO:Using pre-existing code for StreamingDataWidthConverter_rtl_2
[2026-08-01 20:16:13,523]INFO:Using pre-existing code for MVAU_hls_2
[2026-08-01 20:16:13,529]INFO:Using pre-existing code for MVAU_hls_3
[2026-08-01 20:16:13,535]INFO:Using pre-existing code for LabelSelect_hls_0
[2026-08-01 20:16:13,582]INFO:Using pre-existing IP for LabelSelect_hls_0
[2026-08-01 20:16:13,583]INFO:Using pre-existing IP for MVAU_hls_3
[2026-08-01 20:16:13,584]INFO:Using pre-existing IP for MVAU_hls_2
[2026-08-01 20:16:13,585]INFO:Using pre-existing IP for MVAU_hls_1
[2026-08-01 20:16:13,586]INFO:Using pre-existing IP for MVAU_hls_0
[2026-08-01 20:16:13,603]INFO:Running step: step_hw_codegen [13/20]
[2026-08-01 20:16:13,603]INFO:Using pre-existing code for StreamingFIFO_rtl_0
[2026-08-01 20:16:13,603]INFO:Using pre-existing code for Reshape_rtl_0
[2026-08-01 20:16:13,603]INFO:Using pre-existing code for StreamingFIFO_rtl_1
[2026-08-01 20:16:13,603]INFO:Using pre-existing code for Thresholding_rtl_0
[2026-08-01 20:16:13,603]INFO:Using pre-existing code for StreamingFIFO_rtl_2
[2026-08-01 20:16:13,603]INFO:Using pre-existing code for StreamingDataWidthConverter_rtl_0
[2026-08-01 20:16:13,603]INFO:Using pre-existing code for StreamingFIFO_rtl_3
[2026-08-01 20:16:13,603]INFO:Using pre-existing code for MVAU_hls_0
[2026-08-01 20:16:13,603]INFO:Using pre-existing code for StreamingFIFO_rtl_4
[2026-08-01 20:16:13,604]INFO:Using pre-existing code for StreamingDataWidthConverter_rtl_1
[2026-08-01 20:16:13,604]INFO:Using pre-existing code for StreamingFIFO_rtl_5
[2026-08-01 20:16:13,604]INFO:Using pre-existing code for MVAU_hls_1
[2026-08-01 20:16:13,604]INFO:Using pre-existing code for StreamingFIFO_rtl_6
[2026-08-01 20:16:13,604]INFO:Using pre-existing code for StreamingDataWidthConverter_rtl_2
[2026-08-01 20:16:13,604]INFO:Using pre-existing code for StreamingFIFO_rtl_7
[2026-08-01 20:16:13,604]INFO:Using pre-existing code for MVAU_hls_2
[2026-08-01 20:16:13,604]INFO:Using pre-existing code for StreamingFIFO_rtl_8
[2026-08-01 20:16:13,604]INFO:Using pre-existing code for MVAU_hls_3
[2026-08-01 20:16:13,604]INFO:Using pre-existing code for StreamingFIFO_rtl_9
[2026-08-01 20:16:13,604]INFO:Using pre-existing code for LabelSelect_hls_0
[2026-08-01 20:16:13,604]INFO:Using pre-existing code for StreamingFIFO_rtl_10
[2026-08-01 20:16:13,610]INFO:Running step: step_hw_ipgen [14/20]
[2026-08-01 20:16:13,650]INFO:Using pre-existing IP for LabelSelect_hls_0
[2026-08-01 20:16:13,652]INFO:Using pre-existing IP for MVAU_hls_3
[2026-08-01 20:16:13,652]INFO:Using pre-existing IP for MVAU_hls_2
[2026-08-01 20:16:13,654]INFO:Using pre-existing IP for MVAU_hls_1
[2026-08-01 20:16:13,655]INFO:Using pre-existing IP for MVAU_hls_0
[2026-08-01 20:16:14,112]INFO:Running step: step_create_stitched_ip [15/20]
[2026-08-01 20:17:11,650]INFO:Vivado stitched IP written into /home/neuralnetwork01/Schreibtisch/s7s/nn/task3/Task-3-data/output_auto/stitched_ip
[2026-08-01 20:17:11,655]INFO:Running step: step_measure_rtlsim_performance [16/20]
[2026-08-01 20:17:16,988]INFO:Vivado Simulator v2023.2
Copyright 1986-2022 Xilinx, Inc. All Rights Reserved.
Copyright 2022-2023 Advanced Micro Devices, Inc. All Rights Reserved.
Running: /Software/xilinx/Vivado/2023.2/bin/unwrapped/lnx64.o/xelab work.glbl work.finn_design_wrapper -relax -prj rtlsim.prj -dll -s finn_design_wrapper -define FINN_SIMULATION -L smartconnect_v1_0 -L axi_protocol_checker_v1_1_12 -L axi_protocol_checker_v1_1_13 -L axis_protocol_checker_v1_1_11 -L axis_protocol_checker_v1_1_12 -L xil_defaultlib -L unisims_ver -L xpm -L floating_point_v7_1_16 -L floating_point_v7_0_21 -L floating_point_v7_1_18 -L floating_point_v7_1_15 -L floating_point_v7_1_19 
Multi-threading is on. Using 10 slave threads.
INFO: [VRFC 10-2263] Analyzing Verilog file "/Software/xilinx/Vivado/2023.2/data/verilog/src/glbl.v" into library work
INFO: [VRFC 10-311] analyzing module glbl
INFO: [VRFC 10-2263] Analyzing Verilog file "/home/neuralnetwork01/Schreibtisch/s7s/nn/task3/Task-3-data/FINN_TMP/vivado_stitch_proj_inb3tsok/finn_vivado_stitch_proj.gen/sources_1/bd/finn_design/ip/finn_design_StreamingFIFO_rtl_0_0/synth/finn_design_StreamingFIFO_rtl_0_0.v" into library work
INFO: [VRFC 10-311] analyzing module finn_design_StreamingFIFO_rtl_0_0
INFO: [VRFC 10-2263] Analyzing Verilog file "/home/neuralnetwork01/Schreibtisch/s7s/nn/task3/Task-3-data/FINN_TMP/vivado_stitch_proj_inb3tsok/finn_vivado_stitch_proj.gen/sources_1/bd/finn_design/ip/finn_design_Reshape_rtl_0_0/synth/finn_design_Reshape_rtl_0_0.v" into library work
INFO: [VRFC 10-311] analyzing module finn_design_Reshape_rtl_0_0
INFO: [VRFC 10-2263] Analyzing Verilog file "/home/neuralnetwork01/Schreibtisch/s7s/nn/task3/Task-3-data/FINN_TMP/vivado_stitch_proj_inb3tsok/finn_vivado_stitch_proj.gen/sources_1/bd/finn_design/ip/finn_design_StreamingFIFO_rtl_1_0/synth/finn_design_StreamingFIFO_rtl_1_0.v" into library work
INFO: [VRFC 10-311] analyzing module finn_design_StreamingFIFO_rtl_1_0
INFO: [VRFC 10-2263] Analyzing Verilog file "/home/neuralnetwork01/Schreibtisch/s7s/nn/task3/Task-3-data/FINN_TMP/vivado_stitch_proj_inb3tsok/finn_vivado_stitch_proj.gen/sources_1/bd/finn_design/ip/finn_design_Thresholding_rtl_0_0/synth/finn_design_Thresholding_rtl_0_0.v" into library work
INFO: [VRFC 10-311] analyzing module finn_design_Thresholding_rtl_0_0
INFO: [VRFC 10-2263] Analyzing Verilog file "/home/neuralnetwork01/Schreibtisch/s7s/nn/task3/Task-3-data/FINN_TMP/vivado_stitch_proj_inb3tsok/finn_vivado_stitch_proj.gen/sources_1/bd/finn_design/ip/finn_design_StreamingFIFO_rtl_2_0/synth/finn_design_StreamingFIFO_rtl_2_0.v" into library work
INFO: [VRFC 10-311] analyzing module finn_design_StreamingFIFO_rtl_2_0
INFO: [VRFC 10-2263] Analyzing Verilog file "/home/neuralnetwork01/Schreibtisch/s7s/nn/task3/Task-3-data/FINN_TMP/vivado_stitch_proj_inb3tsok/finn_vivado_stitch_proj.gen/sources_1/bd/finn_design/ip/finn_design_StreamingDataWidthConverter_rtl_0_0/synth/finn_design_StreamingDataWidthConverter_rtl_0_0.v" into library work
INFO: [VRFC 10-311] analyzing module finn_design_StreamingDataWidthConverter_rtl_0_0
INFO: [VRFC 10-2263] Analyzing Verilog file "/home/neuralnetwork01/Schreibtisch/s7s/nn/task3/Task-3-data/FINN_TMP/vivado_stitch_proj_inb3tsok/finn_vivado_stitch_proj.gen/sources_1/bd/finn_design/ip/finn_design_StreamingFIFO_rtl_3_0/synth/finn_design_StreamingFIFO_rtl_3_0.v" into library work
INFO: [VRFC 10-311] analyzing module finn_design_StreamingFIFO_rtl_3_0
INFO: [VRFC 10-2263] Analyzing Verilog file "/home/neuralnetwork01/Schreibtisch/s7s/nn/task3/Task-3-data/FINN_TMP/vivado_stitch_proj_inb3tsok/finn_vivado_stitch_proj.gen/sources_1/bd/finn_design/ipshared/22e5/hdl/verilog/MVAU_hls_0_flow_control_loop_pipe_sequential_init.v" into library work
INFO: [VRFC 10-311] analyzing module MVAU_hls_0_flow_control_loop_pipe_sequential_init
INFO: [VRFC 10-2263] Analyzing Verilog file "/home/neuralnetwork01/Schreibtisch/s7s/nn/task3/Task-3-data/FINN_TMP/vivado_stitch_proj_inb3tsok/finn_vivado_stitch_proj.gen/sources_1/bd/finn_design/ipshared/22e5/hdl/verilog/MVAU_hls_0_Matrix_Vector_Activate_Stream_Batch.v" into library work
INFO: [VRFC 10-311] analyzing module MVAU_hls_0_Matrix_Vector_Activate_Stream_Batch
INFO: [VRFC 10-2263] Analyzing Verilog file "/home/neuralnetwork01/Schreibtisch/s7s/nn/task3/Task-3-data/FINN_TMP/vivado_stitch_proj_inb3tsok/finn_vivado_stitch_proj.gen/sources_1/bd/finn_design/ipshared/22e5/hdl/verilog/MVAU_hls_0_Matrix_Vector_Activate_Stream_Batch_p_ZL7threshs_0_ROM_AUTO_1R.v" into library work
INFO: [VRFC 10-311] analyzing module MVAU_hls_0_Matrix_Vector_Activate_Stream_Batch_p_ZL7threshs_0_ROM_AUTO_1R
INFO: [VRFC 10-2263] Analyzing Verilog file "/home/neuralnetwork01/Schreibtisch/s7s/nn/task3/Task-3-data/FINN_TMP/vivado_stitch_proj_inb3tsok/finn_vivado_stitch_proj.gen/sources_1/bd/finn_design/ipshared/22e5/hdl/verilog/MVAU_hls_0_Matrix_Vector_Activate_Stream_Batch_p_ZL7threshs_1_ROM_AUTO_1R.v" into library work
INFO: [VRFC 10-311] analyzing module MVAU_hls_0_Matrix_Vector_Activate_Stream_Batch_p_ZL7threshs_1_ROM_AUTO_1R
INFO: [VRFC 10-2263] Analyzing Verilog file "/home/neuralnetwork01/Schreibtisch/s7s/nn/task3/Task-3-data/FINN_TMP/vivado_stitch_proj_inb3tsok/finn_vivado_stitch_proj.gen/sources_1/bd/finn_design/ipshared/22e5/hdl/verilog/MVAU_hls_0_regslice_both.v" into library work
INFO: [VRFC 10-311] analyzing module MVAU_hls_0_regslice_both
INFO: [VRFC 10-311] analyzing module MVAU_hls_0_regslice_both_w1
INFO: [VRFC 10-2263] Analyzing Verilog file "/home/neuralnetwork01/Schreibtisch/s7s/nn/task3/Task-3-data/FINN_TMP/vivado_stitch_proj_inb3tsok/finn_vivado_stitch_proj.gen/sources_1/bd/finn_design/ipshared/22e5/hdl/verilog/MVAU_hls_0_sparsemux_57_5_28_1_1.v" into library work
INFO: [VRFC 10-311] analyzing module MVAU_hls_0_sparsemux_57_5_28_1_1
INFO: [VRFC 10-2263] Analyzing Verilog file "/home/neuralnetwork01/Schreibtisch/s7s/nn/task3/Task-3-data/FINN_TMP/vivado_stitch_proj_inb3tsok/finn_vivado_stitch_proj.gen/sources_1/bd/finn_design/ipshared/22e5/hdl/verilog/MVAU_hls_0.v" into library work
INFO: [VRFC 10-311] analyzing module MVAU_hls_0
INFO: [VRFC 10-2263] Analyzing Verilog file "/home/neuralnetwork01/Schreibtisch/s7s/nn/task3/Task-3-data/FINN_TMP/vivado_stitch_proj_inb3tsok/finn_vivado_stitch_proj.gen/sources_1/bd/finn_design/ip/finn_design_MVAU_hls_0_0/synth/finn_design_MVAU_hls_0_0.v" into library work
INFO: [VRFC 10-311] analyzing module finn_design_MVAU_hls_0_0
INFO: [VRFC 10-2263] Analyzing Verilog file "/home/neuralnetwork01/Schreibtisch/s7s/nn/task3/Task-3-data/FINN_TMP/vivado_stitch_proj_inb3tsok/finn_vivado_stitch_proj.gen/sources_1/bd/finn_design/ip/finn_design_MVAU_hls_0_wstrm_0/synth/finn_design_MVAU_hls_0_wstrm_0.v" into library work
INFO: [VRFC 10-311] analyzing module finn_design_MVAU_hls_0_wstrm_0
INFO: [VRFC 10-2263] Analyzing Verilog file "/home/neuralnetwork01/Schreibtisch/s7s/nn/task3/Task-3-data/FINN_TMP/vivado_stitch_proj_inb3tsok/finn_vivado_stitch_proj.gen/sources_1/bd/finn_design/ip/finn_design_StreamingFIFO_rtl_4_0/synth/finn_design_StreamingFIFO_rtl_4_0.v" into library work
INFO: [VRFC 10-311] analyzing module finn_design_StreamingFIFO_rtl_4_0
INFO: [VRFC 10-2263] Analyzing Verilog file "/home/neuralnetwork01/Schreibtisch/s7s/nn/task3/Task-3-data/FINN_TMP/vivado_stitch_proj_inb3tsok/finn_vivado_stitch_proj.gen/sources_1/bd/finn_design/ip/finn_design_StreamingDataWidthConverter_rtl_1_0/synth/finn_design_StreamingDataWidthConverter_rtl_1_0.v" into library work
INFO: [VRFC 10-311] analyzing module finn_design_StreamingDataWidthConverter_rtl_1_0
INFO: [VRFC 10-2263] Analyzing Verilog file "/home/neuralnetwork01/Schreibtisch/s7s/nn/task3/Task-3-data/FINN_TMP/vivado_stitch_proj_inb3tsok/finn_vivado_stitch_proj.gen/sources_1/bd/finn_design/ip/finn_design_StreamingFIFO_rtl_5_0/synth/finn_design_StreamingFIFO_rtl_5_0.v" into library work
INFO: [VRFC 10-311] analyzing module finn_design_StreamingFIFO_rtl_5_0
INFO: [VRFC 10-2263] Analyzing Verilog file "/home/neuralnetwork01/Schreibtisch/s7s/nn/task3/Task-3-data/FINN_TMP/vivado_stitch_proj_inb3tsok/finn_vivado_stitch_proj.gen/sources_1/bd/finn_design/ipshared/be86/hdl/verilog/MVAU_hls_1_flow_control_loop_pipe_sequential_init.v" into library work
INFO: [VRFC 10-311] analyzing module MVAU_hls_1_flow_control_loop_pipe_sequential_init
INFO: [VRFC 10-2263] Analyzing Verilog file "/home/neuralnetwork01/Schreibtisch/s7s/nn/task3/Task-3-data/FINN_TMP/vivado_stitch_proj_inb3tsok/finn_vivado_stitch_proj.gen/sources_1/bd/finn_design/ipshared/be86/hdl/verilog/MVAU_hls_1_Matrix_Vector_Activate_Stream_Batch.v" into library work
INFO: [VRFC 10-311] analyzing module MVAU_hls_1_Matrix_Vector_Activate_Stream_Batch
INFO: [VRFC 10-2263] Analyzing Verilog file "/home/neuralnetwork01/Schreibtisch/s7s/nn/task3/Task-3-data/FINN_TMP/vivado_stitch_proj_inb3tsok/finn_vivado_stitch_proj.gen/sources_1/bd/finn_design/ipshared/be86/hdl/verilog/MVAU_hls_1_Matrix_Vector_Activate_Stream_Batch_threshs_ROM_AUTO_1R.v" into library work
INFO: [VRFC 10-311] analyzing module MVAU_hls_1_Matrix_Vector_Activate_Stream_Batch_threshs_ROM_AUTO_1R
INFO: [VRFC 10-2263] Analyzing Verilog file "/home/neuralnetwork01/Schreibtisch/s7s/nn/task3/Task-3-data/FINN_TMP/vivado_stitch_proj_inb3tsok/finn_vivado_stitch_proj.gen/sources_1/bd/finn_design/ipshared/be86/hdl/verilog/MVAU_hls_1_regslice_both.v" into library work
INFO: [VRFC 10-311] analyzing module MVAU_hls_1_regslice_both
INFO: [VRFC 10-311] analyzing module MVAU_hls_1_regslice_both_w1
INFO: [VRFC 10-2263] Analyzing Verilog file "/home/neuralnetwork01/Schreibtisch/s7s/nn/task3/Task-3-data/FINN_TMP/vivado_stitch_proj_inb3tsok/finn_vivado_stitch_proj.gen/sources_1/bd/finn_design/ipshared/be86/hdl/verilog/MVAU_hls_1_sparsemux_17_3_8_1_1.v" into library work
INFO: [VRFC 10-311] analyzing module MVAU_hls_1_sparsemux_17_3_8_1_1
INFO: [VRFC 10-2263] Analyzing Verilog file "/home/neuralnetwork01/Schreibtisch/s7s/nn/task3/Task-3-data/FINN_TMP/vivado_stitch_proj_inb3tsok/finn_vivado_stitch_proj.gen/sources_1/bd/finn_design/ipshared/be86/hdl/verilog/MVAU_hls_1.v" into library work
INFO: [VRFC 10-311] analyzing module MVAU_hls_1
INFO: [VRFC 10-2263] Analyzing Verilog file "/home/neuralnetwork01/Schreibtisch/s7s/nn/task3/Task-3-data/FINN_TMP/vivado_stitch_proj_inb3tsok/finn_vivado_stitch_proj.gen/sources_1/bd/finn_design/ip/finn_design_MVAU_hls_1_0/synth/finn_design_MVAU_hls_1_0.v" into library work
INFO: [VRFC 10-311] analyzing module finn_design_MVAU_hls_1_0
INFO: [VRFC 10-2263] Analyzing Verilog file "/home/neuralnetwork01/Schreibtisch/s7s/nn/task3/Task-3-data/FINN_TMP/vivado_stitch_proj_inb3tsok/finn_vivado_stitch_proj.gen/sources_1/bd/finn_design/ip/finn_design_MVAU_hls_1_wstrm_0/synth/finn_design_MVAU_hls_1_wstrm_0.v" into library work
INFO: [VRFC 10-311] analyzing module finn_design_MVAU_hls_1_wstrm_0
INFO: [VRFC 10-2263] Analyzing Verilog file "/home/neuralnetwork01/Schreibtisch/s7s/nn/task3/Task-3-data/FINN_TMP/vivado_stitch_proj_inb3tsok/finn_vivado_stitch_proj.gen/sources_1/bd/finn_design/ip/finn_design_StreamingFIFO_rtl_6_0/synth/finn_design_StreamingFIFO_rtl_6_0.v" into library work
INFO: [VRFC 10-311] analyzing module finn_design_StreamingFIFO_rtl_6_0
INFO: [VRFC 10-2263] Analyzing Verilog file "/home/neuralnetwork01/Schreibtisch/s7s/nn/task3/Task-3-data/FINN_TMP/vivado_stitch_proj_inb3tsok/finn_vivado_stitch_proj.gen/sources_1/bd/finn_design/ip/finn_design_StreamingDataWidthConverter_rtl_2_0/synth/finn_design_StreamingDataWidthConverter_rtl_2_0.v" into library work
INFO: [VRFC 10-311] analyzing module finn_design_StreamingDataWidthConverter_rtl_2_0
INFO: [VRFC 10-2263] Analyzing Verilog file "/home/neuralnetwork01/Schreibtisch/s7s/nn/task3/Task-3-data/FINN_TMP/vivado_stitch_proj_inb3tsok/finn_vivado_stitch_proj.gen/sources_1/bd/finn_design/ip/finn_design_StreamingFIFO_rtl_7_0/synth/finn_design_StreamingFIFO_rtl_7_0.v" into library work
INFO: [VRFC 10-311] analyzing module finn_design_StreamingFIFO_rtl_7_0
INFO: [VRFC 10-2263] Analyzing Verilog file "/home/neuralnetwork01/Schreibtisch/s7s/nn/task3/Task-3-data/FINN_TMP/vivado_stitch_proj_inb3tsok/finn_vivado_stitch_proj.gen/sources_1/bd/finn_design/ipshared/82fd/hdl/verilog/MVAU_hls_2_flow_control_loop_pipe_sequential_init.v" into library work
INFO: [VRFC 10-311] analyzing module MVAU_hls_2_flow_control_loop_pipe_sequential_init
INFO: [VRFC 10-2263] Analyzing Verilog file "/home/neuralnetwork01/Schreibtisch/s7s/nn/task3/Task-3-data/FINN_TMP/vivado_stitch_proj_inb3tsok/finn_vivado_stitch_proj.gen/sources_1/bd/finn_design/ipshared/82fd/hdl/verilog/MVAU_hls_2_Matrix_Vector_Activate_Stream_Batch.v" into library work
INFO: [VRFC 10-311] analyzing module MVAU_hls_2_Matrix_Vector_Activate_Stream_Batch
INFO: [VRFC 10-2263] Analyzing Verilog file "/home/neuralnetwork01/Schreibtisch/s7s/nn/task3/Task-3-data/FINN_TMP/vivado_stitch_proj_inb3tsok/finn_vivado_stitch_proj.gen/sources_1/bd/finn_design/ipshared/82fd/hdl/verilog/MVAU_hls_2_Matrix_Vector_Activate_Stream_Batch_threshs_ROM_AUTO_1R.v" into library work
INFO: [VRFC 10-311] analyzing module MVAU_hls_2_Matrix_Vector_Activate_Stream_Batch_threshs_ROM_AUTO_1R
INFO: [VRFC 10-2263] Analyzing Verilog file "/home/neuralnetwork01/Schreibtisch/s7s/nn/task3/Task-3-data/FINN_TMP/vivado_stitch_proj_inb3tsok/finn_vivado_stitch_proj.gen/sources_1/bd/finn_design/ipshared/82fd/hdl/verilog/MVAU_hls_2_regslice_both.v" into library work
INFO: [VRFC 10-311] analyzing module MVAU_hls_2_regslice_both
INFO: [VRFC 10-311] analyzing module MVAU_hls_2_regslice_both_w1
INFO: [VRFC 10-2263] Analyzing Verilog file "/home/neuralnetwork01/Schreibtisch/s7s/nn/task3/Task-3-data/FINN_TMP/vivado_stitch_proj_inb3tsok/finn_vivado_stitch_proj.gen/sources_1/bd/finn_design/ipshared/82fd/hdl/verilog/MVAU_hls_2_sparsemux_17_3_8_1_1.v" into library work
INFO: [VRFC 10-311] analyzing module MVAU_hls_2_sparsemux_17_3_8_1_1
INFO: [VRFC 10-2263] Analyzing Verilog file "/home/neuralnetwork01/Schreibtisch/s7s/nn/task3/Task-3-data/FINN_TMP/vivado_stitch_proj_inb3tsok/finn_vivado_stitch_proj.gen/sources_1/bd/finn_design/ipshared/82fd/hdl/verilog/MVAU_hls_2.v" into library work
INFO: [VRFC 10-311] analyzing module MVAU_hls_2
INFO: [VRFC 10-2263] Analyzing Verilog file "/home/neuralnetwork01/Schreibtisch/s7s/nn/task3/Task-3-data/FINN_TMP/vivado_stitch_proj_inb3tsok/finn_vivado_stitch_proj.gen/sources_1/bd/finn_design/ip/finn_design_MVAU_hls_2_0/synth/finn_design_MVAU_hls_2_0.v" into library work
INFO: [VRFC 10-311] analyzing module finn_design_MVAU_hls_2_0
INFO: [VRFC 10-2263] Analyzing Verilog file "/home/neuralnetwork01/Schreibtisch/s7s/nn/task3/Task-3-data/FINN_TMP/vivado_stitch_proj_inb3tsok/finn_vivado_stitch_proj.gen/sources_1/bd/finn_design/ip/finn_design_MVAU_hls_2_wstrm_0/synth/finn_design_MVAU_hls_2_wstrm_0.v" into library work
INFO: [VRFC 10-311] analyzing module finn_design_MVAU_hls_2_wstrm_0
INFO: [VRFC 10-2263] Analyzing Verilog file "/home/neuralnetwork01/Schreibtisch/s7s/nn/task3/Task-3-data/FINN_TMP/vivado_stitch_proj_inb3tsok/finn_vivado_stitch_proj.gen/sources_1/bd/finn_design/ip/finn_design_StreamingFIFO_rtl_8_0/synth/finn_design_StreamingFIFO_rtl_8_0.v" into library work
INFO: [VRFC 10-311] analyzing module finn_design_StreamingFIFO_rtl_8_0
INFO: [VRFC 10-2263] Analyzing Verilog file "/home/neuralnetwork01/Schreibtisch/s7s/nn/task3/Task-3-data/FINN_TMP/vivado_stitch_proj_inb3tsok/finn_vivado_stitch_proj.gen/sources_1/bd/finn_design/ipshared/4056/hdl/verilog/MVAU_hls_3_flow_control_loop_pipe_no_ap_cont.v" into library work
INFO: [VRFC 10-311] analyzing module MVAU_hls_3_flow_control_loop_pipe_no_ap_cont
INFO: [VRFC 10-2263] Analyzing Verilog file "/home/neuralnetwork01/Schreibtisch/s7s/nn/task3/Task-3-data/FINN_TMP/vivado_stitch_proj_inb3tsok/finn_vivado_stitch_proj.gen/sources_1/bd/finn_design/ipshared/4056/hdl/verilog/MVAU_hls_3_regslice_both.v" into library work
INFO: [VRFC 10-311] analyzing module MVAU_hls_3_regslice_both
INFO: [VRFC 10-311] analyzing module MVAU_hls_3_regslice_both_w1
INFO: [VRFC 10-2263] Analyzing Verilog file "/home/neuralnetwork01/Schreibtisch/s7s/nn/task3/Task-3-data/FINN_TMP/vivado_stitch_proj_inb3tsok/finn_vivado_stitch_proj.gen/sources_1/bd/finn_design/ipshared/4056/hdl/verilog/MVAU_hls_3_sparsemux_129_6_1_1_1.v" into library work
INFO: [VRFC 10-311] analyzing module MVAU_hls_3_sparsemux_129_6_1_1_1
INFO: [VRFC 10-2263] Analyzing Verilog file "/home/neuralnetwork01/Schreibtisch/s7s/nn/task3/Task-3-data/FINN_TMP/vivado_stitch_proj_inb3tsok/finn_vivado_stitch_proj.gen/sources_1/bd/finn_design/ipshared/4056/hdl/verilog/MVAU_hls_3.v" into library work
INFO: [VRFC 10-311] analyzing module MVAU_hls_3
INFO: [VRFC 10-2263] Analyzing Verilog file "/home/neuralnetwork01/Schreibtisch/s7s/nn/task3/Task-3-data/FINN_TMP/vivado_stitch_proj_inb3tsok/finn_vivado_stitch_proj.gen/sources_1/bd/finn_design/ip/finn_design_MVAU_hls_3_0/synth/finn_design_MVAU_hls_3_0.v" into library work
INFO: [VRFC 10-311] analyzing module finn_design_MVAU_hls_3_0
INFO: [VRFC 10-2263] Analyzing Verilog file "/home/neuralnetwork01/Schreibtisch/s7s/nn/task3/Task-3-data/FINN_TMP/vivado_stitch_proj_inb3tsok/finn_vivado_stitch_proj.gen/sources_1/bd/finn_design/ip/finn_design_MVAU_hls_3_wstrm_0/synth/finn_design_MVAU_hls_3_wstrm_0.v" into library work
INFO: [VRFC 10-311] analyzing module finn_design_MVAU_hls_3_wstrm_0
INFO: [VRFC 10-2263] Analyzing Verilog file "/home/neuralnetwork01/Schreibtisch/s7s/nn/task3/Task-3-data/FINN_TMP/vivado_stitch_proj_inb3tsok/finn_vivado_stitch_proj.gen/sources_1/bd/finn_design/ip/finn_design_StreamingFIFO_rtl_9_0/synth/finn_design_StreamingFIFO_rtl_9_0.v" into library work
INFO: [VRFC 10-311] analyzing module finn_design_StreamingFIFO_rtl_9_0
INFO: [VRFC 10-2263] Analyzing Verilog file "/home/neuralnetwork01/Schreibtisch/s7s/nn/task3/Task-3-data/FINN_TMP/vivado_stitch_proj_inb3tsok/finn_vivado_stitch_proj.gen/sources_1/bd/finn_design/ipshared/6575/hdl/verilog/LabelSelect_hls_0_flow_control_loop_pipe_sequential_init.v" into library work
INFO: [VRFC 10-311] analyzing module LabelSelect_hls_0_flow_control_loop_pipe_sequential_init
INFO: [VRFC 10-2263] Analyzing Verilog file "/home/neuralnetwork01/Schreibtisch/s7s/nn/task3/Task-3-data/FINN_TMP/vivado_stitch_proj_inb3tsok/finn_vivado_stitch_proj.gen/sources_1/bd/finn_design/ipshared/6575/hdl/verilog/LabelSelect_hls_0_LabelSelect_hls_0_Pipeline_VITIS_LOOP_199_3.v" into library work
INFO: [VRFC 10-311] analyzing module LabelSelect_hls_0_LabelSelect_hls_0_Pipeline_VITIS_LOOP_199_3
INFO: [VRFC 10-2263] Analyzing Verilog file "/home/neuralnetwork01/Schreibtisch/s7s/nn/task3/Task-3-data/FINN_TMP/vivado_stitch_proj_inb3tsok/finn_vivado_stitch_proj.gen/sources_1/bd/finn_design/ipshared/6575/hdl/verilog/LabelSelect_hls_0_regslice_both.v" into library work
INFO: [VRFC 10-311] analyzing module LabelSelect_hls_0_regslice_both
INFO: [VRFC 10-311] analyzing module LabelSelect_hls_0_regslice_both_w1
INFO: [VRFC 10-2263] Analyzing Verilog file "/home/neuralnetwork01/Schreibtisch/s7s/nn/task3/Task-3-data/FINN_TMP/vivado_stitch_proj_inb3tsok/finn_vivado_stitch_proj.gen/sources_1/bd/finn_design/ipshared/6575/hdl/verilog/LabelSelect_hls_0.v" into library work
INFO: [VRFC 10-311] analyzing module LabelSelect_hls_0
INFO: [VRFC 10-2263] Analyzing Verilog file "/home/neuralnetwork01/Schreibtisch/s7s/nn/task3/Task-3-data/FINN_TMP/vivado_stitch_proj_inb3tsok/finn_vivado_stitch_proj.gen/sources_1/bd/finn_design/ip/finn_design_LabelSelect_hls_0_0/synth/finn_design_LabelSelect_hls_0_0.v" into library work
INFO: [VRFC 10-311] analyzing module finn_design_LabelSelect_hls_0_0
INFO: [VRFC 10-2263] Analyzing Verilog file "/home/neuralnetwork01/Schreibtisch/s7s/nn/task3/Task-3-data/FINN_TMP/vivado_stitch_proj_inb3tsok/finn_vivado_stitch_proj.gen/sources_1/bd/finn_design/ip/finn_design_StreamingFIFO_rtl_10_0/synth/finn_design_StreamingFIFO_rtl_10_0.v" into library work
INFO: [VRFC 10-311] analyzing module finn_design_StreamingFIFO_rtl_10_0
INFO: [VRFC 10-2263] Analyzing Verilog file "/home/neuralnetwork01/Schreibtisch/s7s/nn/task3/Task-3-data/FINN_TMP/vivado_stitch_proj_inb3tsok/finn_vivado_stitch_proj.gen/sources_1/bd/finn_design/synth/finn_design.v" into library work
INFO: [VRFC 10-311] analyzing module MVAU_hls_0_imp_7OH4JA
INFO: [VRFC 10-311] analyzing module MVAU_hls_1_imp_ZIW0NT
INFO: [VRFC 10-311] analyzing module MVAU_hls_2_imp_1WP2WTL
INFO: [VRFC 10-311] analyzing module MVAU_hls_3_imp_U0RWZQ
INFO: [VRFC 10-311] analyzing module finn_design
INFO: [VRFC 10-2263] Analyzing SystemVerilog file "/home/neuralnetwork01/Schreibtisch/s7s/nn/task3/Task-3-data/FINN_TMP/code_gen_ipgen_StreamingFIFO_rtl_0_xu5lzugg/fifo_gauge.sv" into library work
INFO: [VRFC 10-311] analyzing module fifo_gauge
WARNING: [VRFC 10-3467] initial value of parameter 'WIDTH' is omitted [/home/neuralnetwork01/Schreibtisch/s7s/nn/task3/Task-3-data/FINN_TMP/code_gen_ipgen_StreamingFIFO_rtl_0_xu5lzugg/fifo_gauge.sv:36]
WARNING: [VRFC 10-587] dynamic variables shall not be written with non-blocking assignments [/home/neuralnetwork01/Schreibtisch/s7s/nn/task3/Task-3-data/FINN_TMP/code_gen_ipgen_StreamingFIFO_rtl_0_xu5lzugg/fifo_gauge.sv:64]
INFO: [VRFC 10-2263] Analyzing Verilog file "/home/neuralnetwork01/Schreibtisch/s7s/nn/task3/Task-3-data/FINN_TMP/code_gen_ipgen_StreamingFIFO_rtl_0_xu5lzugg/Q_srl.v" into library work
INFO: [VRFC 10-311] analyzing module Q_srl
INFO: [VRFC 10-2263] Analyzing Verilog file "/home/neuralnetwork01/Schreibtisch/s7s/nn/task3/Task-3-data/FINN_TMP/code_gen_ipgen_StreamingFIFO_rtl_0_xu5lzugg/StreamingFIFO_rtl_0.v" into library work
INFO: [VRFC 10-311] analyzing module StreamingFIFO_rtl_0
INFO: [VRFC 10-2263] Analyzing SystemVerilog file "/home/neuralnetwork01/Schreibtisch/s7s/nn/task3/Task-3-data/FINN_TMP/code_gen_ipgen_Reshape_rtl_0_5egyz7kg/dwc.sv" into library work
INFO: [VRFC 10-311] analyzing module dwc
WARNING: [VRFC 10-3467] initial value of parameter 'IBITS' is omitted [/home/neuralnetwork01/Schreibtisch/s7s/nn/task3/Task-3-data/FINN_TMP/code_gen_ipgen_Reshape_rtl_0_5egyz7kg/dwc.sv:35]
WARNING: [VRFC 10-3467] initial value of parameter 'OBITS' is omitted [/home/neuralnetwork01/Schreibtisch/s7s/nn/task3/Task-3-data/FINN_TMP/code_gen_ipgen_Reshape_rtl_0_5egyz7kg/dwc.sv:36]
INFO: [VRFC 10-2263] Analyzing SystemVerilog file "/home/neuralnetwork01/Schreibtisch/s7s/nn/task3/Task-3-data/FINN_TMP/code_gen_ipgen_Reshape_rtl_0_5egyz7kg/dwc_axi.sv" into library work
INFO: [VRFC 10-311] analyzing module dwc_axi
WARNING: [VRFC 10-3467] initial value of parameter 'IBITS' is omitted [/home/neuralnetwork01/Schreibtisch/s7s/nn/task3/Task-3-data/FINN_TMP/code_gen_ipgen_Reshape_rtl_0_5egyz7kg/dwc_axi.sv:35]
WARNING: [VRFC 10-3467] initial value of parameter 'OBITS' is omitted [/home/neuralnetwork01/Schreibtisch/s7s/nn/task3/Task-3-data/FINN_TMP/code_gen_ipgen_Reshape_rtl_0_5egyz7kg/dwc_axi.sv:36]
INFO: [VRFC 10-2263] Analyzing Verilog file "/home/neuralnetwork01/Schreibtisch/s7s/nn/task3/Task-3-data/FINN_TMP/code_gen_ipgen_Reshape_rtl_0_5egyz7kg/Reshape_rtl_0.v" into library work
INFO: [VRFC 10-311] analyzing module Reshape_rtl_0
INFO: [VRFC 10-2263] Analyzing SystemVerilog file "/home/neuralnetwork01/Schreibtisch/s7s/nn/task3/Task-3-data/FINN_TMP/code_gen_ipgen_StreamingFIFO_rtl_1_fmzwkcgc/fifo_gauge.sv" into library work
INFO: [VRFC 10-311] analyzing module fifo_gauge
WARNING: [VRFC 10-3467] initial value of parameter 'WIDTH' is omitted [/home/neuralnetwork01/Schreibtisch/s7s/nn/task3/Task-3-data/FINN_TMP/code_gen_ipgen_StreamingFIFO_rtl_1_fmzwkcgc/fifo_gauge.sv:36]
WARNING: [VRFC 10-587] dynamic variables shall not be written with non-blocking assignments [/home/neuralnetwork01/Schreibtisch/s7s/nn/task3/Task-3-data/FINN_TMP/code_gen_ipgen_StreamingFIFO_rtl_1_fmzwkcgc/fifo_gauge.sv:64]
WARNING: [VRFC 10-3609] overwriting previous definition of module 'fifo_gauge' [/home/neuralnetwork01/Schreibtisch/s7s/nn/task3/Task-3-data/FINN_TMP/code_gen_ipgen_StreamingFIFO_rtl_1_fmzwkcgc/fifo_gauge.sv:35]
INFO: [VRFC 10-2263] Analyzing Verilog file "/home/neuralnetwork01/Schreibtisch/s7s/nn/task3/Task-3-data/FINN_TMP/code_gen_ipgen_StreamingFIFO_rtl_1_fmzwkcgc/Q_srl.v" into library work
INFO: [VRFC 10-311] analyzing module Q_srl
WARNING: [VRFC 10-3609] overwriting previous definition of module 'Q_srl' [/home/neuralnetwork01/Schreibtisch/s7s/nn/task3/Task-3-data/FINN_TMP/code_gen_ipgen_StreamingFIFO_rtl_1_fmzwkcgc/Q_srl.v:72]
INFO: [VRFC 10-2263] Analyzing Verilog file "/home/neuralnetwork01/Schreibtisch/s7s/nn/task3/Task-3-data/FINN_TMP/code_gen_ipgen_StreamingFIFO_rtl_1_fmzwkcgc/StreamingFIFO_rtl_1.v" into library work
INFO: [VRFC 10-311] analyzing module StreamingFIFO_rtl_1
INFO: [VRFC 10-2263] Analyzing SystemVerilog file "/home/neuralnetwork01/Schreibtisch/s7s/nn/task3/Task-3-data/FINN_TMP/vivado_stitch_proj_inb3tsok/ip/verilog/rtl_ops/Thresholding_rtl_0/axilite.sv" into library work
INFO: [VRFC 10-311] analyzing module axilite
WARNING: [VRFC 10-3467] initial value of parameter 'ADDR_WIDTH' is omitted [/home/neuralnetwork01/Schreibtisch/s7s/nn/task3/Task-3-data/FINN_TMP/vivado_stitch_proj_inb3tsok/ip/verilog/rtl_ops/Thresholding_rtl_0/axilite.sv:33]
WARNING: [VRFC 10-3467] initial value of parameter 'DATA_WIDTH' is omitted [/home/neuralnetwork01/Schreibtisch/s7s/nn/task3/Task-3-data/FINN_TMP/vivado_stitch_proj_inb3tsok/ip/verilog/rtl_ops/Thresholding_rtl_0/axilite.sv:34]
WARNING: [VRFC 10-3467] initial value of parameter 'IP_DATA_WIDTH' is omitted [/home/neuralnetwork01/Schreibtisch/s7s/nn/task3/Task-3-data/FINN_TMP/vivado_stitch_proj_inb3tsok/ip/verilog/rtl_ops/Thresholding_rtl_0/axilite.sv:35]
WARNING: [VRFC 10-3380] identifier 'snk_re' is used before its declaration [/home/neuralnetwork01/Schreibtisch/s7s/nn/task3/Task-3-data/FINN_TMP/vivado_stitch_proj_inb3tsok/ip/verilog/rtl_ops/Thresholding_rtl_0/axilite.sv:112]
INFO: [VRFC 10-2263] Analyzing SystemVerilog file "/home/neuralnetwork01/Schreibtisch/s7s/nn/task3/Task-3-data/FINN_TMP/vivado_stitch_proj_inb3tsok/ip/verilog/rtl_ops/Thresholding_rtl_0/thresholding.sv" into library work
INFO: [VRFC 10-311] analyzing module thresholding
WARNING: [VRFC 10-3467] initial value of parameter 'K' is omitted [/home/neuralnetwork01/Schreibtisch/s7s/nn/task3/Task-3-data/FINN_TMP/vivado_stitch_proj_inb3tsok/ip/verilog/rtl_ops/Thresholding_rtl_0/thresholding.sv:55]
WARNING: [VRFC 10-3467] initial value of parameter 'N' is omitted [/home/neuralnetwork01/Schreibtisch/s7s/nn/task3/Task-3-data/FINN_TMP/vivado_stitch_proj_inb3tsok/ip/verilog/rtl_ops/Thresholding_rtl_0/thresholding.sv:56]
WARNING: [VRFC 10-3467] initial value of parameter 'C' is omitted [/home/neuralnetwork01/Schreibtisch/s7s/nn/task3/Task-3-data/FINN_TMP/vivado_stitch_proj_inb3tsok/ip/verilog/rtl_ops/Thresholding_rtl_0/thresholding.sv:57]
WARNING: [VRFC 10-3467] initial value of parameter 'PE' is omitted [/home/neuralnetwork01/Schreibtisch/s7s/nn/task3/Task-3-data/FINN_TMP/vivado_stitch_proj_inb3tsok/ip/verilog/rtl_ops/Thresholding_rtl_0/thresholding.sv:58]
INFO: [VRFC 10-2263] Analyzing SystemVerilog file "/home/neuralnetwork01/Schreibtisch/s7s/nn/task3/Task-3-data/FINN_TMP/vivado_stitch_proj_inb3tsok/ip/verilog/rtl_ops/Thresholding_rtl_0/thresholding_axi.sv" into library work
INFO: [VRFC 10-311] analyzing module thresholding_axi
WARNING: [VRFC 10-3467] initial value of parameter 'WI' is omitted [/home/neuralnetwork01/Schreibtisch/s7s/nn/task3/Task-3-data/FINN_TMP/vivado_stitch_proj_inb3tsok/ip/verilog/rtl_ops/Thresholding_rtl_0/thresholding_axi.sv:42]
WARNING: [VRFC 10-3467] initial value of parameter 'WT' is omitted [/home/neuralnetwork01/Schreibtisch/s7s/nn/task3/Task-3-data/FINN_TMP/vivado_stitch_proj_inb3tsok/ip/verilog/rtl_ops/Thresholding_rtl_0/thresholding_axi.sv:43]
WARNING: [VRFC 10-3467] initial value of parameter 'N' is omitted [/home/neuralnetwork01/Schreibtisch/s7s/nn/task3/Task-3-data/FINN_TMP/vivado_stitch_proj_inb3tsok/ip/verilog/rtl_ops/Thresholding_rtl_0/thresholding_axi.sv:44]
WARNING: [VRFC 10-3467] initial value of parameter 'USE_AXILITE' is omitted [/home/neuralnetwork01/Schreibtisch/s7s/nn/task3/Task-3-data/FINN_TMP/vivado_stitch_proj_inb3tsok/ip/verilog/rtl_ops/Thresholding_rtl_0/thresholding_axi.sv:56]
INFO: [VRFC 10-2263] Analyzing Verilog file "/home/neuralnetwork01/Schreibtisch/s7s/nn/task3/Task-3-data/FINN_TMP/vivado_stitch_proj_inb3tsok/ip/verilog/rtl_ops/Thresholding_rtl_0/Thresholding_rtl_0.v" into library work
INFO: [VRFC 10-311] analyzing module Thresholding_rtl_0
INFO: [VRFC 10-2263] Analyzing SystemVerilog file "/home/neuralnetwork01/Schreibtisch/s7s/nn/task3/Task-3-data/FINN_TMP/code_gen_ipgen_StreamingFIFO_rtl_2_g9vwlzpd/fifo_gauge.sv" into library work
INFO: [VRFC 10-311] analyzing module fifo_gauge
WARNING: [VRFC 10-3467] initial value of parameter 'WIDTH' is omitted [/home/neuralnetwork01/Schreibtisch/s7s/nn/task3/Task-3-data/FINN_TMP/code_gen_ipgen_StreamingFIFO_rtl_2_g9vwlzpd/fifo_gauge.sv:36]
WARNING: [VRFC 10-587] dynamic variables shall not be written with non-blocking assignments [/home/neuralnetwork01/Schreibtisch/s7s/nn/task3/Task-3-data/FINN_TMP/code_gen_ipgen_StreamingFIFO_rtl_2_g9vwlzpd/fifo_gauge.sv:64]
WARNING: [VRFC 10-3609] overwriting previous definition of module 'fifo_gauge' [/home/neuralnetwork01/Schreibtisch/s7s/nn/task3/Task-3-data/FINN_TMP/code_gen_ipgen_StreamingFIFO_rtl_2_g9vwlzpd/fifo_gauge.sv:35]
INFO: [VRFC 10-2263] Analyzing Verilog file "/home/neuralnetwork01/Schreibtisch/s7s/nn/task3/Task-3-data/FINN_TMP/code_gen_ipgen_StreamingFIFO_rtl_2_g9vwlzpd/Q_srl.v" into library work
INFO: [VRFC 10-311] analyzing module Q_srl
WARNING: [VRFC 10-3609] overwriting previous definition of module 'Q_srl' [/home/neuralnetwork01/Schreibtisch/s7s/nn/task3/Task-3-data/FINN_TMP/code_gen_ipgen_StreamingFIFO_rtl_2_g9vwlzpd/Q_srl.v:72]
INFO: [VRFC 10-2263] Analyzing Verilog file "/home/neuralnetwork01/Schreibtisch/s7s/nn/task3/Task-3-data/FINN_TMP/code_gen_ipgen_StreamingFIFO_rtl_2_g9vwlzpd/StreamingFIFO_rtl_2.v" into library work
INFO: [VRFC 10-311] analyzing module StreamingFIFO_rtl_2
INFO: [VRFC 10-2263] Analyzing SystemVerilog file "/home/neuralnetwork01/Schreibtisch/s7s/nn/task3/Task-3-data/FINN_TMP/code_gen_ipgen_StreamingDataWidthConverter_rtl_0_q_6l546o/dwc_axi.sv" into library work
INFO: [VRFC 10-311] analyzing module dwc_axi
WARNING: [VRFC 10-3467] initial value of parameter 'IBITS' is omitted [/home/neuralnetwork01/Schreibtisch/s7s/nn/task3/Task-3-data/FINN_TMP/code_gen_ipgen_StreamingDataWidthConverter_rtl_0_q_6l546o/dwc_axi.sv:35]
WARNING: [VRFC 10-3467] initial value of parameter 'OBITS' is omitted [/home/neuralnetwork01/Schreibtisch/s7s/nn/task3/Task-3-data/FINN_TMP/code_gen_ipgen_StreamingDataWidthConverter_rtl_0_q_6l546o/dwc_axi.sv:36]
WARNING: [VRFC 10-3609] overwriting previous definition of module 'dwc_axi' [/home/neuralnetwork01/Schreibtisch/s7s/nn/task3/Task-3-data/FINN_TMP/code_gen_ipgen_StreamingDataWidthConverter_rtl_0_q_6l546o/dwc_axi.sv:34]
INFO: [VRFC 10-2263] Analyzing SystemVerilog file "/home/neuralnetwork01/Schreibtisch/s7s/nn/task3/Task-3-data/FINN_TMP/code_gen_ipgen_StreamingDataWidthConverter_rtl_0_q_6l546o/dwc.sv" into library work
INFO: [VRFC 10-311] analyzing module dwc
WARNING: [VRFC 10-3467] initial value of parameter 'IBITS' is omitted [/home/neuralnetwork01/Schreibtisch/s7s/nn/task3/Task-3-data/FINN_TMP/code_gen_ipgen_StreamingDataWidthConverter_rtl_0_q_6l546o/dwc.sv:35]
WARNING: [VRFC 10-3467] initial value of parameter 'OBITS' is omitted [/home/neuralnetwork01/Schreibtisch/s7s/nn/task3/Task-3-data/FINN_TMP/code_gen_ipgen_StreamingDataWidthConverter_rtl_0_q_6l546o/dwc.sv:36]
WARNING: [VRFC 10-3609] overwriting previous definition of module 'dwc' [/home/neuralnetwork01/Schreibtisch/s7s/nn/task3/Task-3-data/FINN_TMP/code_gen_ipgen_StreamingDataWidthConverter_rtl_0_q_6l546o/dwc.sv:34]
INFO: [VRFC 10-2263] Analyzing Verilog file "/home/neuralnetwork01/Schreibtisch/s7s/nn/task3/Task-3-data/FINN_TMP/code_gen_ipgen_StreamingDataWidthConverter_rtl_0_q_6l546o/StreamingDataWidthConverter_rtl_0.v" into library work
INFO: [VRFC 10-311] analyzing module StreamingDataWidthConverter_rtl_0
INFO: [VRFC 10-2263] Analyzing SystemVerilog file "/home/neuralnetwork01/Schreibtisch/s7s/nn/task3/Task-3-data/FINN_TMP/code_gen_ipgen_StreamingFIFO_rtl_3_yc4i16vy/fifo_gauge.sv" into library work
INFO: [VRFC 10-311] analyzing module fifo_gauge
WARNING: [VRFC 10-3467] initial value of parameter 'WIDTH' is omitted [/home/neuralnetwork01/Schreibtisch/s7s/nn/task3/Task-3-data/FINN_TMP/code_gen_ipgen_StreamingFIFO_rtl_3_yc4i16vy/fifo_gauge.sv:36]
WARNING: [VRFC 10-587] dynamic variables shall not be written with non-blocking assignments [/home/neuralnetwork01/Schreibtisch/s7s/nn/task3/Task-3-data/FINN_TMP/code_gen_ipgen_StreamingFIFO_rtl_3_yc4i16vy/fifo_gauge.sv:64]
WARNING: [VRFC 10-3609] overwriting previous definition of module 'fifo_gauge' [/home/neuralnetwork01/Schreibtisch/s7s/nn/task3/Task-3-data/FINN_TMP/code_gen_ipgen_StreamingFIFO_rtl_3_yc4i16vy/fifo_gauge.sv:35]
INFO: [VRFC 10-2263] Analyzing Verilog file "/home/neuralnetwork01/Schreibtisch/s7s/nn/task3/Task-3-data/FINN_TMP/code_gen_ipgen_StreamingFIFO_rtl_3_yc4i16vy/Q_srl.v" into library work
INFO: [VRFC 10-311] analyzing module Q_srl
WARNING: [VRFC 10-3609] overwriting previous definition of module 'Q_srl' [/home/neuralnetwork01/Schreibtisch/s7s/nn/task3/Task-3-data/FINN_TMP/code_gen_ipgen_StreamingFIFO_rtl_3_yc4i16vy/Q_srl.v:72]
INFO: [VRFC 10-2263] Analyzing Verilog file "/home/neuralnetwork01/Schreibtisch/s7s/nn/task3/Task-3-data/FINN_TMP/code_gen_ipgen_StreamingFIFO_rtl_3_yc4i16vy/StreamingFIFO_rtl_3.v" into library work
INFO: [VRFC 10-311] analyzing module StreamingFIFO_rtl_3
INFO: [VRFC 10-2263] Analyzing Verilog file "/home/neuralnetwork01/Schreibtisch/s7s/nn/task3/Task-3-data/FINN_TMP/vivado_stitch_proj_inb3tsok/ip/verilog/rtl_ops/MVAU_hls_0/MVAU_hls_0_memstream_wrapper.v" into library work
INFO: [VRFC 10-311] analyzing module MVAU_hls_0_memstream_wrapper
INFO: [VRFC 10-2263] Analyzing SystemVerilog file "/home/neuralnetwork01/Schreibtisch/s7s/nn/task3/Task-3-data/FINN_TMP/vivado_stitch_proj_inb3tsok/ip/verilog/rtl_ops/MVAU_hls_0/axilite.sv" into library work
INFO: [VRFC 10-311] analyzing module axilite
WARNING: [VRFC 10-3467] initial value of parameter 'ADDR_WIDTH' is omitted [/home/neuralnetwork01/Schreibtisch/s7s/nn/task3/Task-3-data/FINN_TMP/vivado_stitch_proj_inb3tsok/ip/verilog/rtl_ops/MVAU_hls_0/axilite.sv:33]
WARNING: [VRFC 10-3467] initial value of parameter 'DATA_WIDTH' is omitted [/home/neuralnetwork01/Schreibtisch/s7s/nn/task3/Task-3-data/FINN_TMP/vivado_stitch_proj_inb3tsok/ip/verilog/rtl_ops/MVAU_hls_0/axilite.sv:34]
WARNING: [VRFC 10-3467] initial value of parameter 'IP_DATA_WIDTH' is omitted [/home/neuralnetwork01/Schreibtisch/s7s/nn/task3/Task-3-data/FINN_TMP/vivado_stitch_proj_inb3tsok/ip/verilog/rtl_ops/MVAU_hls_0/axilite.sv:35]
WARNING: [VRFC 10-3380] identifier 'snk_re' is used before its declaration [/home/neuralnetwork01/Schreibtisch/s7s/nn/task3/Task-3-data/FINN_TMP/vivado_stitch_proj_inb3tsok/ip/verilog/rtl_ops/MVAU_hls_0/axilite.sv:112]
WARNING: [VRFC 10-3609] overwriting previous definition of module 'axilite' [/home/neuralnetwork01/Schreibtisch/s7s/nn/task3/Task-3-data/FINN_TMP/vivado_stitch_proj_inb3tsok/ip/verilog/rtl_ops/MVAU_hls_0/axilite.sv:32]
INFO: [VRFC 10-2263] Analyzing SystemVerilog file "/home/neuralnetwork01/Schreibtisch/s7s/nn/task3/Task-3-data/FINN_TMP/vivado_stitch_proj_inb3tsok/ip/verilog/rtl_ops/MVAU_hls_0/memstream_axi.sv" into library work
INFO: [VRFC 10-311] analyzing module memstream_axi
WARNING: [VRFC 10-3467] initial value of parameter 'SETS' is omitted [/home/neuralnetwork01/Schreibtisch/s7s/nn/task3/Task-3-data/FINN_TMP/vivado_stitch_proj_inb3tsok/ip/verilog/rtl_ops/MVAU_hls_0/memstream_axi.sv:34]
WARNING: [VRFC 10-3467] initial value of parameter 'DEPTH' is omitted [/home/neuralnetwork01/Schreibtisch/s7s/nn/task3/Task-3-data/FINN_TMP/vivado_stitch_proj_inb3tsok/ip/verilog/rtl_ops/MVAU_hls_0/memstream_axi.sv:35]
WARNING: [VRFC 10-3467] initial value of parameter 'WIDTH' is omitted [/home/neuralnetwork01/Schreibtisch/s7s/nn/task3/Task-3-data/FINN_TMP/vivado_stitch_proj_inb3tsok/ip/verilog/rtl_ops/MVAU_hls_0/memstream_axi.sv:36]
INFO: [VRFC 10-2263] Analyzing SystemVerilog file "/home/neuralnetwork01/Schreibtisch/s7s/nn/task3/Task-3-data/FINN_TMP/vivado_stitch_proj_inb3tsok/ip/verilog/rtl_ops/MVAU_hls_0/memstream.sv" into library work
INFO: [VRFC 10-311] analyzing module memstream
WARNING: [VRFC 10-3467] initial value of parameter 'SETS' is omitted [/home/neuralnetwork01/Schreibtisch/s7s/nn/task3/Task-3-data/FINN_TMP/vivado_stitch_proj_inb3tsok/ip/verilog/rtl_ops/MVAU_hls_0/memstream.sv:34]
WARNING: [VRFC 10-3467] initial value of parameter 'DEPTH' is omitted [/home/neuralnetwork01/Schreibtisch/s7s/nn/task3/Task-3-data/FINN_TMP/vivado_stitch_proj_inb3tsok/ip/verilog/rtl_ops/MVAU_hls_0/memstream.sv:35]
WARNING: [VRFC 10-3467] initial value of parameter 'WIDTH' is omitted [/home/neuralnetwork01/Schreibtisch/s7s/nn/task3/Task-3-data/FINN_TMP/vivado_stitch_proj_inb3tsok/ip/verilog/rtl_ops/MVAU_hls_0/memstream.sv:36]
INFO: [VRFC 10-2263] Analyzing SystemVerilog file "/home/neuralnetwork01/Schreibtisch/s7s/nn/task3/Task-3-data/FINN_TMP/code_gen_ipgen_StreamingFIFO_rtl_4_p45ngsdh/fifo_gauge.sv" into library work
INFO: [VRFC 10-311] analyzing module fifo_gauge
WARNING: [VRFC 10-3467] initial value of parameter 'WIDTH' is omitted [/home/neuralnetwork01/Schreibtisch/s7s/nn/task3/Task-3-data/FINN_TMP/code_gen_ipgen_StreamingFIFO_rtl_4_p45ngsdh/fifo_gauge.sv:36]
WARNING: [VRFC 10-587] dynamic variables shall not be written with non-blocking assignments [/home/neuralnetwork01/Schreibtisch/s7s/nn/task3/Task-3-data/FINN_TMP/code_gen_ipgen_StreamingFIFO_rtl_4_p45ngsdh/fifo_gauge.sv:64]
WARNING: [VRFC 10-3609] overwriting previous definition of module 'fifo_gauge' [/home/neuralnetwork01/Schreibtisch/s7s/nn/task3/Task-3-data/FINN_TMP/code_gen_ipgen_StreamingFIFO_rtl_4_p45ngsdh/fifo_gauge.sv:35]
INFO: [VRFC 10-2263] Analyzing Verilog file "/home/neuralnetwork01/Schreibtisch/s7s/nn/task3/Task-3-data/FINN_TMP/code_gen_ipgen_StreamingFIFO_rtl_4_p45ngsdh/Q_srl.v" into library work
INFO: [VRFC 10-311] analyzing module Q_srl
WARNING: [VRFC 10-3609] overwriting previous definition of module 'Q_srl' [/home/neuralnetwork01/Schreibtisch/s7s/nn/task3/Task-3-data/FINN_TMP/code_gen_ipgen_StreamingFIFO_rtl_4_p45ngsdh/Q_srl.v:72]
INFO: [VRFC 10-2263] Analyzing Verilog file "/home/neuralnetwork01/Schreibtisch/s7s/nn/task3/Task-3-data/FINN_TMP/code_gen_ipgen_StreamingFIFO_rtl_4_p45ngsdh/StreamingFIFO_rtl_4.v" into library work
INFO: [VRFC 10-311] analyzing module StreamingFIFO_rtl_4
INFO: [VRFC 10-2263] Analyzing SystemVerilog file "/home/neuralnetwork01/Schreibtisch/s7s/nn/task3/Task-3-data/FINN_TMP/code_gen_ipgen_StreamingDataWidthConverter_rtl_1_6s9o487g/dwc_axi.sv" into library work
INFO: [VRFC 10-311] analyzing module dwc_axi
WARNING: [VRFC 10-3467] initial value of parameter 'IBITS' is omitted [/home/neuralnetwork01/Schreibtisch/s7s/nn/task3/Task-3-data/FINN_TMP/code_gen_ipgen_StreamingDataWidthConverter_rtl_1_6s9o487g/dwc_axi.sv:35]
WARNING: [VRFC 10-3467] initial value of parameter 'OBITS' is omitted [/home/neuralnetwork01/Schreibtisch/s7s/nn/task3/Task-3-data/FINN_TMP/code_gen_ipgen_StreamingDataWidthConverter_rtl_1_6s9o487g/dwc_axi.sv:36]
WARNING: [VRFC 10-3609] overwriting previous definition of module 'dwc_axi' [/home/neuralnetwork01/Schreibtisch/s7s/nn/task3/Task-3-data/FINN_TMP/code_gen_ipgen_StreamingDataWidthConverter_rtl_1_6s9o487g/dwc_axi.sv:34]
INFO: [VRFC 10-2263] Analyzing SystemVerilog file "/home/neuralnetwork01/Schreibtisch/s7s/nn/task3/Task-3-data/FINN_TMP/code_gen_ipgen_StreamingDataWidthConverter_rtl_1_6s9o487g/dwc.sv" into library work
INFO: [VRFC 10-311] analyzing module dwc
WARNING: [VRFC 10-3467] initial value of parameter 'IBITS' is omitted [/home/neuralnetwork01/Schreibtisch/s7s/nn/task3/Task-3-data/FINN_TMP/code_gen_ipgen_StreamingDataWidthConverter_rtl_1_6s9o487g/dwc.sv:35]
WARNING: [VRFC 10-3467] initial value of parameter 'OBITS' is omitted [/home/neuralnetwork01/Schreibtisch/s7s/nn/task3/Task-3-data/FINN_TMP/code_gen_ipgen_StreamingDataWidthConverter_rtl_1_6s9o487g/dwc.sv:36]
WARNING: [VRFC 10-3609] overwriting previous definition of module 'dwc' [/home/neuralnetwork01/Schreibtisch/s7s/nn/task3/Task-3-data/FINN_TMP/code_gen_ipgen_StreamingDataWidthConverter_rtl_1_6s9o487g/dwc.sv:34]
INFO: [VRFC 10-2263] Analyzing Verilog file "/home/neuralnetwork01/Schreibtisch/s7s/nn/task3/Task-3-data/FINN_TMP/code_gen_ipgen_StreamingDataWidthConverter_rtl_1_6s9o487g/StreamingDataWidthConverter_rtl_1.v" into library work
INFO: [VRFC 10-311] analyzing module StreamingDataWidthConverter_rtl_1
INFO: [VRFC 10-2263] Analyzing SystemVerilog file "/home/neuralnetwork01/Schreibtisch/s7s/nn/task3/Task-3-data/FINN_TMP/code_gen_ipgen_StreamingFIFO_rtl_5_qlm6utxd/fifo_gauge.sv" into library work
INFO: [VRFC 10-311] analyzing module fifo_gauge
WARNING: [VRFC 10-3467] initial value of parameter 'WIDTH' is omitted [/home/neuralnetwork01/Schreibtisch/s7s/nn/task3/Task-3-data/FINN_TMP/code_gen_ipgen_StreamingFIFO_rtl_5_qlm6utxd/fifo_gauge.sv:36]
WARNING: [VRFC 10-587] dynamic variables shall not be written with non-blocking assignments [/home/neuralnetwork01/Schreibtisch/s7s/nn/task3/Task-3-data/FINN_TMP/code_gen_ipgen_StreamingFIFO_rtl_5_qlm6utxd/fifo_gauge.sv:64]
WARNING: [VRFC 10-3609] overwriting previous definition of module 'fifo_gauge' [/home/neuralnetwork01/Schreibtisch/s7s/nn/task3/Task-3-data/FINN_TMP/code_gen_ipgen_StreamingFIFO_rtl_5_qlm6utxd/fifo_gauge.sv:35]
INFO: [VRFC 10-2263] Analyzing Verilog file "/home/neuralnetwork01/Schreibtisch/s7s/nn/task3/Task-3-data/FINN_TMP/code_gen_ipgen_StreamingFIFO_rtl_5_qlm6utxd/Q_srl.v" into library work
INFO: [VRFC 10-311] analyzing module Q_srl
WARNING: [VRFC 10-3609] overwriting previous definition of module 'Q_srl' [/home/neuralnetwork01/Schreibtisch/s7s/nn/task3/Task-3-data/FINN_TMP/code_gen_ipgen_StreamingFIFO_rtl_5_qlm6utxd/Q_srl.v:72]
INFO: [VRFC 10-2263] Analyzing Verilog file "/home/neuralnetwork01/Schreibtisch/s7s/nn/task3/Task-3-data/FINN_TMP/code_gen_ipgen_StreamingFIFO_rtl_5_qlm6utxd/StreamingFIFO_rtl_5.v" into library work
INFO: [VRFC 10-311] analyzing module StreamingFIFO_rtl_5
INFO: [VRFC 10-2263] Analyzing Verilog file "/home/neuralnetwork01/Schreibtisch/s7s/nn/task3/Task-3-data/FINN_TMP/vivado_stitch_proj_inb3tsok/ip/verilog/rtl_ops/MVAU_hls_1/MVAU_hls_1_memstream_wrapper.v" into library work
INFO: [VRFC 10-311] analyzing module MVAU_hls_1_memstream_wrapper
INFO: [VRFC 10-2263] Analyzing SystemVerilog file "/home/neuralnetwork01/Schreibtisch/s7s/nn/task3/Task-3-data/FINN_TMP/vivado_stitch_proj_inb3tsok/ip/verilog/rtl_ops/MVAU_hls_1/axilite.sv" into library work
INFO: [VRFC 10-311] analyzing module axilite
WARNING: [VRFC 10-3467] initial value of parameter 'ADDR_WIDTH' is omitted [/home/neuralnetwork01/Schreibtisch/s7s/nn/task3/Task-3-data/FINN_TMP/vivado_stitch_proj_inb3tsok/ip/verilog/rtl_ops/MVAU_hls_1/axilite.sv:33]
WARNING: [VRFC 10-3467] initial value of parameter 'DATA_WIDTH' is omitted [/home/neuralnetwork01/Schreibtisch/s7s/nn/task3/Task-3-data/FINN_TMP/vivado_stitch_proj_inb3tsok/ip/verilog/rtl_ops/MVAU_hls_1/axilite.sv:34]
WARNING: [VRFC 10-3467] initial value of parameter 'IP_DATA_WIDTH' is omitted [/home/neuralnetwork01/Schreibtisch/s7s/nn/task3/Task-3-data/FINN_TMP/vivado_stitch_proj_inb3tsok/ip/verilog/rtl_ops/MVAU_hls_1/axilite.sv:35]
WARNING: [VRFC 10-3380] identifier 'snk_re' is used before its declaration [/home/neuralnetwork01/Schreibtisch/s7s/nn/task3/Task-3-data/FINN_TMP/vivado_stitch_proj_inb3tsok/ip/verilog/rtl_ops/MVAU_hls_1/axilite.sv:112]
WARNING: [VRFC 10-3609] overwriting previous definition of module 'axilite' [/home/neuralnetwork01/Schreibtisch/s7s/nn/task3/Task-3-data/FINN_TMP/vivado_stitch_proj_inb3tsok/ip/verilog/rtl_ops/MVAU_hls_1/axilite.sv:32]
INFO: [VRFC 10-2263] Analyzing SystemVerilog file "/home/neuralnetwork01/Schreibtisch/s7s/nn/task3/Task-3-data/FINN_TMP/vivado_stitch_proj_inb3tsok/ip/verilog/rtl_ops/MVAU_hls_1/memstream_axi.sv" into library work
INFO: [VRFC 10-311] analyzing module memstream_axi
WARNING: [VRFC 10-3467] initial value of parameter 'SETS' is omitted [/home/neuralnetwork01/Schreibtisch/s7s/nn/task3/Task-3-data/FINN_TMP/vivado_stitch_proj_inb3tsok/ip/verilog/rtl_ops/MVAU_hls_1/memstream_axi.sv:34]
WARNING: [VRFC 10-3467] initial value of parameter 'DEPTH' is omitted [/home/neuralnetwork01/Schreibtisch/s7s/nn/task3/Task-3-data/FINN_TMP/vivado_stitch_proj_inb3tsok/ip/verilog/rtl_ops/MVAU_hls_1/memstream_axi.sv:35]
WARNING: [VRFC 10-3467] initial value of parameter 'WIDTH' is omitted [/home/neuralnetwork01/Schreibtisch/s7s/nn/task3/Task-3-data/FINN_TMP/vivado_stitch_proj_inb3tsok/ip/verilog/rtl_ops/MVAU_hls_1/memstream_axi.sv:36]
WARNING: [VRFC 10-3609] overwriting previous definition of module 'memstream_axi' [/home/neuralnetwork01/Schreibtisch/s7s/nn/task3/Task-3-data/FINN_TMP/vivado_stitch_proj_inb3tsok/ip/verilog/rtl_ops/MVAU_hls_1/memstream_axi.sv:33]
INFO: [VRFC 10-2263] Analyzing SystemVerilog file "/home/neuralnetwork01/Schreibtisch/s7s/nn/task3/Task-3-data/FINN_TMP/vivado_stitch_proj_inb3tsok/ip/verilog/rtl_ops/MVAU_hls_1/memstream.sv" into library work
INFO: [VRFC 10-311] analyzing module memstream
WARNING: [VRFC 10-3467] initial value of parameter 'SETS' is omitted [/home/neuralnetwork01/Schreibtisch/s7s/nn/task3/Task-3-data/FINN_TMP/vivado_stitch_proj_inb3tsok/ip/verilog/rtl_ops/MVAU_hls_1/memstream.sv:34]
WARNING: [VRFC 10-3467] initial value of parameter 'DEPTH' is omitted [/home/neuralnetwork01/Schreibtisch/s7s/nn/task3/Task-3-data/FINN_TMP/vivado_stitch_proj_inb3tsok/ip/verilog/rtl_ops/MVAU_hls_1/memstream.sv:35]
WARNING: [VRFC 10-3467] initial value of parameter 'WIDTH' is omitted [/home/neuralnetwork01/Schreibtisch/s7s/nn/task3/Task-3-data/FINN_TMP/vivado_stitch_proj_inb3tsok/ip/verilog/rtl_ops/MVAU_hls_1/memstream.sv:36]
WARNING: [VRFC 10-3609] overwriting previous definition of module 'memstream' [/home/neuralnetwork01/Schreibtisch/s7s/nn/task3/Task-3-data/FINN_TMP/vivado_stitch_proj_inb3tsok/ip/verilog/rtl_ops/MVAU_hls_1/memstream.sv:33]
INFO: [VRFC 10-2263] Analyzing SystemVerilog file "/home/neuralnetwork01/Schreibtisch/s7s/nn/task3/Task-3-data/FINN_TMP/code_gen_ipgen_StreamingFIFO_rtl_6_xp6iub4c/fifo_gauge.sv" into library work
INFO: [VRFC 10-311] analyzing module fifo_gauge
WARNING: [VRFC 10-3467] initial value of parameter 'WIDTH' is omitted [/home/neuralnetwork01/Schreibtisch/s7s/nn/task3/Task-3-data/FINN_TMP/code_gen_ipgen_StreamingFIFO_rtl_6_xp6iub4c/fifo_gauge.sv:36]
WARNING: [VRFC 10-587] dynamic variables shall not be written with non-blocking assignments [/home/neuralnetwork01/Schreibtisch/s7s/nn/task3/Task-3-data/FINN_TMP/code_gen_ipgen_StreamingFIFO_rtl_6_xp6iub4c/fifo_gauge.sv:64]
WARNING: [VRFC 10-3609] overwriting previous definition of module 'fifo_gauge' [/home/neuralnetwork01/Schreibtisch/s7s/nn/task3/Task-3-data/FINN_TMP/code_gen_ipgen_StreamingFIFO_rtl_6_xp6iub4c/fifo_gauge.sv:35]
INFO: [VRFC 10-2263] Analyzing Verilog file "/home/neuralnetwork01/Schreibtisch/s7s/nn/task3/Task-3-data/FINN_TMP/code_gen_ipgen_StreamingFIFO_rtl_6_xp6iub4c/Q_srl.v" into library work
INFO: [VRFC 10-311] analyzing module Q_srl
WARNING: [VRFC 10-3609] overwriting previous definition of module 'Q_srl' [/home/neuralnetwork01/Schreibtisch/s7s/nn/task3/Task-3-data/FINN_TMP/code_gen_ipgen_StreamingFIFO_rtl_6_xp6iub4c/Q_srl.v:72]
INFO: [VRFC 10-2263] Analyzing Verilog file "/home/neuralnetwork01/Schreibtisch/s7s/nn/task3/Task-3-data/FINN_TMP/code_gen_ipgen_StreamingFIFO_rtl_6_xp6iub4c/StreamingFIFO_rtl_6.v" into library work
INFO: [VRFC 10-311] analyzing module StreamingFIFO_rtl_6
INFO: [VRFC 10-2263] Analyzing SystemVerilog file "/home/neuralnetwork01/Schreibtisch/s7s/nn/task3/Task-3-data/FINN_TMP/code_gen_ipgen_StreamingDataWidthConverter_rtl_2_hwbswp6p/dwc_axi.sv" into library work
INFO: [VRFC 10-311] analyzing module dwc_axi
WARNING: [VRFC 10-3467] initial value of parameter 'IBITS' is omitted [/home/neuralnetwork01/Schreibtisch/s7s/nn/task3/Task-3-data/FINN_TMP/code_gen_ipgen_StreamingDataWidthConverter_rtl_2_hwbswp6p/dwc_axi.sv:35]
WARNING: [VRFC 10-3467] initial value of parameter 'OBITS' is omitted [/home/neuralnetwork01/Schreibtisch/s7s/nn/task3/Task-3-data/FINN_TMP/code_gen_ipgen_StreamingDataWidthConverter_rtl_2_hwbswp6p/dwc_axi.sv:36]
WARNING: [VRFC 10-3609] overwriting previous definition of module 'dwc_axi' [/home/neuralnetwork01/Schreibtisch/s7s/nn/task3/Task-3-data/FINN_TMP/code_gen_ipgen_StreamingDataWidthConverter_rtl_2_hwbswp6p/dwc_axi.sv:34]
INFO: [VRFC 10-2263] Analyzing SystemVerilog file "/home/neuralnetwork01/Schreibtisch/s7s/nn/task3/Task-3-data/FINN_TMP/code_gen_ipgen_StreamingDataWidthConverter_rtl_2_hwbswp6p/dwc.sv" into library work
INFO: [VRFC 10-311] analyzing module dwc
WARNING: [VRFC 10-3467] initial value of parameter 'IBITS' is omitted [/home/neuralnetwork01/Schreibtisch/s7s/nn/task3/Task-3-data/FINN_TMP/code_gen_ipgen_StreamingDataWidthConverter_rtl_2_hwbswp6p/dwc.sv:35]
WARNING: [VRFC 10-3467] initial value of parameter 'OBITS' is omitted [/home/neuralnetwork01/Schreibtisch/s7s/nn/task3/Task-3-data/FINN_TMP/code_gen_ipgen_StreamingDataWidthConverter_rtl_2_hwbswp6p/dwc.sv:36]
WARNING: [VRFC 10-3609] overwriting previous definition of module 'dwc' [/home/neuralnetwork01/Schreibtisch/s7s/nn/task3/Task-3-data/FINN_TMP/code_gen_ipgen_StreamingDataWidthConverter_rtl_2_hwbswp6p/dwc.sv:34]
INFO: [VRFC 10-2263] Analyzing Verilog file "/home/neuralnetwork01/Schreibtisch/s7s/nn/task3/Task-3-data/FINN_TMP/code_gen_ipgen_StreamingDataWidthConverter_rtl_2_hwbswp6p/StreamingDataWidthConverter_rtl_2.v" into library work
INFO: [VRFC 10-311] analyzing module StreamingDataWidthConverter_rtl_2
INFO: [VRFC 10-2263] Analyzing SystemVerilog file "/home/neuralnetwork01/Schreibtisch/s7s/nn/task3/Task-3-data/FINN_TMP/code_gen_ipgen_StreamingFIFO_rtl_7_8fzyxa0s/fifo_gauge.sv" into library work
INFO: [VRFC 10-311] analyzing module fifo_gauge
WARNING: [VRFC 10-3467] initial value of parameter 'WIDTH' is omitted [/home/neuralnetwork01/Schreibtisch/s7s/nn/task3/Task-3-data/FINN_TMP/code_gen_ipgen_StreamingFIFO_rtl_7_8fzyxa0s/fifo_gauge.sv:36]
WARNING: [VRFC 10-587] dynamic variables shall not be written with non-blocking assignments [/home/neuralnetwork01/Schreibtisch/s7s/nn/task3/Task-3-data/FINN_TMP/code_gen_ipgen_StreamingFIFO_rtl_7_8fzyxa0s/fifo_gauge.sv:64]
WARNING: [VRFC 10-3609] overwriting previous definition of module 'fifo_gauge' [/home/neuralnetwork01/Schreibtisch/s7s/nn/task3/Task-3-data/FINN_TMP/code_gen_ipgen_StreamingFIFO_rtl_7_8fzyxa0s/fifo_gauge.sv:35]
INFO: [VRFC 10-2263] Analyzing Verilog file "/home/neuralnetwork01/Schreibtisch/s7s/nn/task3/Task-3-data/FINN_TMP/code_gen_ipgen_StreamingFIFO_rtl_7_8fzyxa0s/Q_srl.v" into library work
INFO: [VRFC 10-311] analyzing module Q_srl
WARNING: [VRFC 10-3609] overwriting previous definition of module 'Q_srl' [/home/neuralnetwork01/Schreibtisch/s7s/nn/task3/Task-3-data/FINN_TMP/code_gen_ipgen_StreamingFIFO_rtl_7_8fzyxa0s/Q_srl.v:72]
INFO: [VRFC 10-2263] Analyzing Verilog file "/home/neuralnetwork01/Schreibtisch/s7s/nn/task3/Task-3-data/FINN_TMP/code_gen_ipgen_StreamingFIFO_rtl_7_8fzyxa0s/StreamingFIFO_rtl_7.v" into library work
INFO: [VRFC 10-311] analyzing module StreamingFIFO_rtl_7
INFO: [VRFC 10-2263] Analyzing Verilog file "/home/neuralnetwork01/Schreibtisch/s7s/nn/task3/Task-3-data/FINN_TMP/vivado_stitch_proj_inb3tsok/ip/verilog/rtl_ops/MVAU_hls_2/MVAU_hls_2_memstream_wrapper.v" into library work
INFO: [VRFC 10-311] analyzing module MVAU_hls_2_memstream_wrapper
INFO: [VRFC 10-2263] Analyzing SystemVerilog file "/home/neuralnetwork01/Schreibtisch/s7s/nn/task3/Task-3-data/FINN_TMP/vivado_stitch_proj_inb3tsok/ip/verilog/rtl_ops/MVAU_hls_2/axilite.sv" into library work
INFO: [VRFC 10-311] analyzing module axilite
WARNING: [VRFC 10-3467] initial value of parameter 'ADDR_WIDTH' is omitted [/home/neuralnetwork01/Schreibtisch/s7s/nn/task3/Task-3-data/FINN_TMP/vivado_stitch_proj_inb3tsok/ip/verilog/rtl_ops/MVAU_hls_2/axilite.sv:33]
WARNING: [VRFC 10-3467] initial value of parameter 'DATA_WIDTH' is omitted [/home/neuralnetwork01/Schreibtisch/s7s/nn/task3/Task-3-data/FINN_TMP/vivado_stitch_proj_inb3tsok/ip/verilog/rtl_ops/MVAU_hls_2/axilite.sv:34]
WARNING: [VRFC 10-3467] initial value of parameter 'IP_DATA_WIDTH' is omitted [/home/neuralnetwork01/Schreibtisch/s7s/nn/task3/Task-3-data/FINN_TMP/vivado_stitch_proj_inb3tsok/ip/verilog/rtl_ops/MVAU_hls_2/axilite.sv:35]
WARNING: [VRFC 10-3380] identifier 'snk_re' is used before its declaration [/home/neuralnetwork01/Schreibtisch/s7s/nn/task3/Task-3-data/FINN_TMP/vivado_stitch_proj_inb3tsok/ip/verilog/rtl_ops/MVAU_hls_2/axilite.sv:112]
WARNING: [VRFC 10-3609] overwriting previous definition of module 'axilite' [/home/neuralnetwork01/Schreibtisch/s7s/nn/task3/Task-3-data/FINN_TMP/vivado_stitch_proj_inb3tsok/ip/verilog/rtl_ops/MVAU_hls_2/axilite.sv:32]
INFO: [VRFC 10-2263] Analyzing SystemVerilog file "/home/neuralnetwork01/Schreibtisch/s7s/nn/task3/Task-3-data/FINN_TMP/vivado_stitch_proj_inb3tsok/ip/verilog/rtl_ops/MVAU_hls_2/memstream_axi.sv" into library work
INFO: [VRFC 10-311] analyzing module memstream_axi
WARNING: [VRFC 10-3467] initial value of parameter 'SETS' is omitted [/home/neuralnetwork01/Schreibtisch/s7s/nn/task3/Task-3-data/FINN_TMP/vivado_stitch_proj_inb3tsok/ip/verilog/rtl_ops/MVAU_hls_2/memstream_axi.sv:34]
WARNING: [VRFC 10-3467] initial value of parameter 'DEPTH' is omitted [/home/neuralnetwork01/Schreibtisch/s7s/nn/task3/Task-3-data/FINN_TMP/vivado_stitch_proj_inb3tsok/ip/verilog/rtl_ops/MVAU_hls_2/memstream_axi.sv:35]
WARNING: [VRFC 10-3467] initial value of parameter 'WIDTH' is omitted [/home/neuralnetwork01/Schreibtisch/s7s/nn/task3/Task-3-data/FINN_TMP/vivado_stitch_proj_inb3tsok/ip/verilog/rtl_ops/MVAU_hls_2/memstream_axi.sv:36]
WARNING: [VRFC 10-3609] overwriting previous definition of module 'memstream_axi' [/home/neuralnetwork01/Schreibtisch/s7s/nn/task3/Task-3-data/FINN_TMP/vivado_stitch_proj_inb3tsok/ip/verilog/rtl_ops/MVAU_hls_2/memstream_axi.sv:33]
INFO: [VRFC 10-2263] Analyzing SystemVerilog file "/home/neuralnetwork01/Schreibtisch/s7s/nn/task3/Task-3-data/FINN_TMP/vivado_stitch_proj_inb3tsok/ip/verilog/rtl_ops/MVAU_hls_2/memstream.sv" into library work
INFO: [VRFC 10-311] analyzing module memstream
WARNING: [VRFC 10-3467] initial value of parameter 'SETS' is omitted [/home/neuralnetwork01/Schreibtisch/s7s/nn/task3/Task-3-data/FINN_TMP/vivado_stitch_proj_inb3tsok/ip/verilog/rtl_ops/MVAU_hls_2/memstream.sv:34]
WARNING: [VRFC 10-3467] initial value of parameter 'DEPTH' is omitted [/home/neuralnetwork01/Schreibtisch/s7s/nn/task3/Task-3-data/FINN_TMP/vivado_stitch_proj_inb3tsok/ip/verilog/rtl_ops/MVAU_hls_2/memstream.sv:35]
WARNING: [VRFC 10-3467] initial value of parameter 'WIDTH' is omitted [/home/neuralnetwork01/Schreibtisch/s7s/nn/task3/Task-3-data/FINN_TMP/vivado_stitch_proj_inb3tsok/ip/verilog/rtl_ops/MVAU_hls_2/memstream.sv:36]
WARNING: [VRFC 10-3609] overwriting previous definition of module 'memstream' [/home/neuralnetwork01/Schreibtisch/s7s/nn/task3/Task-3-data/FINN_TMP/vivado_stitch_proj_inb3tsok/ip/verilog/rtl_ops/MVAU_hls_2/memstream.sv:33]
INFO: [VRFC 10-2263] Analyzing SystemVerilog file "/home/neuralnetwork01/Schreibtisch/s7s/nn/task3/Task-3-data/FINN_TMP/code_gen_ipgen_StreamingFIFO_rtl_8_wrt63jrx/fifo_gauge.sv" into library work
INFO: [VRFC 10-311] analyzing module fifo_gauge
WARNING: [VRFC 10-3467] initial value of parameter 'WIDTH' is omitted [/home/neuralnetwork01/Schreibtisch/s7s/nn/task3/Task-3-data/FINN_TMP/code_gen_ipgen_StreamingFIFO_rtl_8_wrt63jrx/fifo_gauge.sv:36]
WARNING: [VRFC 10-587] dynamic variables shall not be written with non-blocking assignments [/home/neuralnetwork01/Schreibtisch/s7s/nn/task3/Task-3-data/FINN_TMP/code_gen_ipgen_StreamingFIFO_rtl_8_wrt63jrx/fifo_gauge.sv:64]
WARNING: [VRFC 10-3609] overwriting previous definition of module 'fifo_gauge' [/home/neuralnetwork01/Schreibtisch/s7s/nn/task3/Task-3-data/FINN_TMP/code_gen_ipgen_StreamingFIFO_rtl_8_wrt63jrx/fifo_gauge.sv:35]
INFO: [VRFC 10-2263] Analyzing Verilog file "/home/neuralnetwork01/Schreibtisch/s7s/nn/task3/Task-3-data/FINN_TMP/code_gen_ipgen_StreamingFIFO_rtl_8_wrt63jrx/Q_srl.v" into library work
INFO: [VRFC 10-311] analyzing module Q_srl
WARNING: [VRFC 10-3609] overwriting previous definition of module 'Q_srl' [/home/neuralnetwork01/Schreibtisch/s7s/nn/task3/Task-3-data/FINN_TMP/code_gen_ipgen_StreamingFIFO_rtl_8_wrt63jrx/Q_srl.v:72]
INFO: [VRFC 10-2263] Analyzing Verilog file "/home/neuralnetwork01/Schreibtisch/s7s/nn/task3/Task-3-data/FINN_TMP/code_gen_ipgen_StreamingFIFO_rtl_8_wrt63jrx/StreamingFIFO_rtl_8.v" into library work
INFO: [VRFC 10-311] analyzing module StreamingFIFO_rtl_8
INFO: [VRFC 10-2263] Analyzing Verilog file "/home/neuralnetwork01/Schreibtisch/s7s/nn/task3/Task-3-data/FINN_TMP/vivado_stitch_proj_inb3tsok/ip/verilog/rtl_ops/MVAU_hls_3/MVAU_hls_3_memstream_wrapper.v" into library work
INFO: [VRFC 10-311] analyzing module MVAU_hls_3_memstream_wrapper
INFO: [VRFC 10-2263] Analyzing SystemVerilog file "/home/neuralnetwork01/Schreibtisch/s7s/nn/task3/Task-3-data/FINN_TMP/vivado_stitch_proj_inb3tsok/ip/verilog/rtl_ops/MVAU_hls_3/axilite.sv" into library work
INFO: [VRFC 10-311] analyzing module axilite
WARNING: [VRFC 10-3467] initial value of parameter 'ADDR_WIDTH' is omitted [/home/neuralnetwork01/Schreibtisch/s7s/nn/task3/Task-3-data/FINN_TMP/vivado_stitch_proj_inb3tsok/ip/verilog/rtl_ops/MVAU_hls_3/axilite.sv:33]
WARNING: [VRFC 10-3467] initial value of parameter 'DATA_WIDTH' is omitted [/home/neuralnetwork01/Schreibtisch/s7s/nn/task3/Task-3-data/FINN_TMP/vivado_stitch_proj_inb3tsok/ip/verilog/rtl_ops/MVAU_hls_3/axilite.sv:34]
WARNING: [VRFC 10-3467] initial value of parameter 'IP_DATA_WIDTH' is omitted [/home/neuralnetwork01/Schreibtisch/s7s/nn/task3/Task-3-data/FINN_TMP/vivado_stitch_proj_inb3tsok/ip/verilog/rtl_ops/MVAU_hls_3/axilite.sv:35]
WARNING: [VRFC 10-3380] identifier 'snk_re' is used before its declaration [/home/neuralnetwork01/Schreibtisch/s7s/nn/task3/Task-3-data/FINN_TMP/vivado_stitch_proj_inb3tsok/ip/verilog/rtl_ops/MVAU_hls_3/axilite.sv:112]
WARNING: [VRFC 10-3609] overwriting previous definition of module 'axilite' [/home/neuralnetwork01/Schreibtisch/s7s/nn/task3/Task-3-data/FINN_TMP/vivado_stitch_proj_inb3tsok/ip/verilog/rtl_ops/MVAU_hls_3/axilite.sv:32]
INFO: [VRFC 10-2263] Analyzing SystemVerilog file "/home/neuralnetwork01/Schreibtisch/s7s/nn/task3/Task-3-data/FINN_TMP/vivado_stitch_proj_inb3tsok/ip/verilog/rtl_ops/MVAU_hls_3/memstream_axi.sv" into library work
INFO: [VRFC 10-311] analyzing module memstream_axi
WARNING: [VRFC 10-3467] initial value of parameter 'SETS' is omitted [/home/neuralnetwork01/Schreibtisch/s7s/nn/task3/Task-3-data/FINN_TMP/vivado_stitch_proj_inb3tsok/ip/verilog/rtl_ops/MVAU_hls_3/memstream_axi.sv:34]
WARNING: [VRFC 10-3467] initial value of parameter 'DEPTH' is omitted [/home/neuralnetwork01/Schreibtisch/s7s/nn/task3/Task-3-data/FINN_TMP/vivado_stitch_proj_inb3tsok/ip/verilog/rtl_ops/MVAU_hls_3/memstream_axi.sv:35]
WARNING: [VRFC 10-3467] initial value of parameter 'WIDTH' is omitted [/home/neuralnetwork01/Schreibtisch/s7s/nn/task3/Task-3-data/FINN_TMP/vivado_stitch_proj_inb3tsok/ip/verilog/rtl_ops/MVAU_hls_3/memstream_axi.sv:36]
WARNING: [VRFC 10-3609] overwriting previous definition of module 'memstream_axi' [/home/neuralnetwork01/Schreibtisch/s7s/nn/task3/Task-3-data/FINN_TMP/vivado_stitch_proj_inb3tsok/ip/verilog/rtl_ops/MVAU_hls_3/memstream_axi.sv:33]
INFO: [VRFC 10-2263] Analyzing SystemVerilog file "/home/neuralnetwork01/Schreibtisch/s7s/nn/task3/Task-3-data/FINN_TMP/vivado_stitch_proj_inb3tsok/ip/verilog/rtl_ops/MVAU_hls_3/memstream.sv" into library work
INFO: [VRFC 10-311] analyzing module memstream
WARNING: [VRFC 10-3467] initial value of parameter 'SETS' is omitted [/home/neuralnetwork01/Schreibtisch/s7s/nn/task3/Task-3-data/FINN_TMP/vivado_stitch_proj_inb3tsok/ip/verilog/rtl_ops/MVAU_hls_3/memstream.sv:34]
WARNING: [VRFC 10-3467] initial value of parameter 'DEPTH' is omitted [/home/neuralnetwork01/Schreibtisch/s7s/nn/task3/Task-3-data/FINN_TMP/vivado_stitch_proj_inb3tsok/ip/verilog/rtl_ops/MVAU_hls_3/memstream.sv:35]
WARNING: [VRFC 10-3467] initial value of parameter 'WIDTH' is omitted [/home/neuralnetwork01/Schreibtisch/s7s/nn/task3/Task-3-data/FINN_TMP/vivado_stitch_proj_inb3tsok/ip/verilog/rtl_ops/MVAU_hls_3/memstream.sv:36]
WARNING: [VRFC 10-3609] overwriting previous definition of module 'memstream' [/home/neuralnetwork01/Schreibtisch/s7s/nn/task3/Task-3-data/FINN_TMP/vivado_stitch_proj_inb3tsok/ip/verilog/rtl_ops/MVAU_hls_3/memstream.sv:33]
INFO: [VRFC 10-2263] Analyzing SystemVerilog file "/home/neuralnetwork01/Schreibtisch/s7s/nn/task3/Task-3-data/FINN_TMP/code_gen_ipgen_StreamingFIFO_rtl_9_dtyabe8g/fifo_gauge.sv" into library work
INFO: [VRFC 10-311] analyzing module fifo_gauge
WARNING: [VRFC 10-3467] initial value of parameter 'WIDTH' is omitted [/home/neuralnetwork01/Schreibtisch/s7s/nn/task3/Task-3-data/FINN_TMP/code_gen_ipgen_StreamingFIFO_rtl_9_dtyabe8g/fifo_gauge.sv:36]
WARNING: [VRFC 10-587] dynamic variables shall not be written with non-blocking assignments [/home/neuralnetwork01/Schreibtisch/s7s/nn/task3/Task-3-data/FINN_TMP/code_gen_ipgen_StreamingFIFO_rtl_9_dtyabe8g/fifo_gauge.sv:64]
WARNING: [VRFC 10-3609] overwriting previous definition of module 'fifo_gauge' [/home/neuralnetwork01/Schreibtisch/s7s/nn/task3/Task-3-data/FINN_TMP/code_gen_ipgen_StreamingFIFO_rtl_9_dtyabe8g/fifo_gauge.sv:35]
INFO: [VRFC 10-2263] Analyzing Verilog file "/home/neuralnetwork01/Schreibtisch/s7s/nn/task3/Task-3-data/FINN_TMP/code_gen_ipgen_StreamingFIFO_rtl_9_dtyabe8g/Q_srl.v" into library work
INFO: [VRFC 10-311] analyzing module Q_srl
WARNING: [VRFC 10-3609] overwriting previous definition of module 'Q_srl' [/home/neuralnetwork01/Schreibtisch/s7s/nn/task3/Task-3-data/FINN_TMP/code_gen_ipgen_StreamingFIFO_rtl_9_dtyabe8g/Q_srl.v:72]
INFO: [VRFC 10-2263] Analyzing Verilog file "/home/neuralnetwork01/Schreibtisch/s7s/nn/task3/Task-3-data/FINN_TMP/code_gen_ipgen_StreamingFIFO_rtl_9_dtyabe8g/StreamingFIFO_rtl_9.v" into library work
INFO: [VRFC 10-311] analyzing module StreamingFIFO_rtl_9
INFO: [VRFC 10-2263] Analyzing SystemVerilog file "/home/neuralnetwork01/Schreibtisch/s7s/nn/task3/Task-3-data/FINN_TMP/code_gen_ipgen_StreamingFIFO_rtl_10_l69hvipt/fifo_gauge.sv" into library work
INFO: [VRFC 10-311] analyzing module fifo_gauge
WARNING: [VRFC 10-3467] initial value of parameter 'WIDTH' is omitted [/home/neuralnetwork01/Schreibtisch/s7s/nn/task3/Task-3-data/FINN_TMP/code_gen_ipgen_StreamingFIFO_rtl_10_l69hvipt/fifo_gauge.sv:36]
WARNING: [VRFC 10-587] dynamic variables shall not be written with non-blocking assignments [/home/neuralnetwork01/Schreibtisch/s7s/nn/task3/Task-3-data/FINN_TMP/code_gen_ipgen_StreamingFIFO_rtl_10_l69hvipt/fifo_gauge.sv:64]
WARNING: [VRFC 10-3609] overwriting previous definition of module 'fifo_gauge' [/home/neuralnetwork01/Schreibtisch/s7s/nn/task3/Task-3-data/FINN_TMP/code_gen_ipgen_StreamingFIFO_rtl_10_l69hvipt/fifo_gauge.sv:35]
INFO: [VRFC 10-2263] Analyzing Verilog file "/home/neuralnetwork01/Schreibtisch/s7s/nn/task3/Task-3-data/FINN_TMP/code_gen_ipgen_StreamingFIFO_rtl_10_l69hvipt/Q_srl.v" into library work
INFO: [VRFC 10-311] analyzing module Q_srl
WARNING: [VRFC 10-3609] overwriting previous definition of module 'Q_srl' [/home/neuralnetwork01/Schreibtisch/s7s/nn/task3/Task-3-data/FINN_TMP/code_gen_ipgen_StreamingFIFO_rtl_10_l69hvipt/Q_srl.v:72]
INFO: [VRFC 10-2263] Analyzing Verilog file "/home/neuralnetwork01/Schreibtisch/s7s/nn/task3/Task-3-data/FINN_TMP/code_gen_ipgen_StreamingFIFO_rtl_10_l69hvipt/StreamingFIFO_rtl_10.v" into library work
INFO: [VRFC 10-311] analyzing module StreamingFIFO_rtl_10
INFO: [VRFC 10-2263] Analyzing Verilog file "/home/neuralnetwork01/Schreibtisch/s7s/nn/task3/Task-3-data/FINN_TMP/vivado_stitch_proj_inb3tsok/finn_vivado_stitch_proj.gen/sources_1/bd/finn_design/hdl/finn_design_wrapper.v" into library work
INFO: [VRFC 10-311] analyzing module finn_design_wrapper
Starting static elaboration
Pass Through NonSizing Optimizer
WARNING: [VRFC 10-3091] actual bit length 32 differs from formal bit length 10 for port 'config_address' [/home/neuralnetwork01/Schreibtisch/s7s/nn/task3/Task-3-data/FINN_TMP/vivado_stitch_proj_inb3tsok/ip/verilog/rtl_ops/MVAU_hls_3/memstream_axi.sv:164]
WARNING: [VRFC 10-3091] actual bit length 56 differs from formal bit length 1 for port 'sidx' [/home/neuralnetwork01/Schreibtisch/s7s/nn/task3/Task-3-data/FINN_TMP/vivado_stitch_proj_inb3tsok/ip/verilog/rtl_ops/MVAU_hls_3/memstream_axi.sv:171]
Completed static elaboration
Starting simulation data flow analysis
WARNING: [XSIM 43-4099] "/home/neuralnetwork01/Schreibtisch/s7s/nn/task3/Task-3-data/FINN_TMP/vivado_stitch_proj_inb3tsok/finn_vivado_stitch_proj.gen/sources_1/bd/finn_design/ip/finn_design_LabelSelect_hls_0_0/synth/finn_design_LabelSelect_hls_0_0.v" Line 53. Module finn_design_LabelSelect_hls_0_0 doesn't have a timescale but at least one module in design has a timescale.
WARNING: [XSIM 43-4099] "/home/neuralnetwork01/Schreibtisch/s7s/nn/task3/Task-3-data/FINN_TMP/vivado_stitch_proj_inb3tsok/finn_vivado_stitch_proj.gen/sources_1/bd/finn_design/ip/finn_design_MVAU_hls_0_0/synth/finn_design_MVAU_hls_0_0.v" Line 53. Module finn_design_MVAU_hls_0_0 doesn't have a timescale but at least one module in design has a timescale.
WARNING: [XSIM 43-4099] "/home/neuralnetwork01/Schreibtisch/s7s/nn/task3/Task-3-data/FINN_TMP/vivado_stitch_proj_inb3tsok/finn_vivado_stitch_proj.gen/sources_1/bd/finn_design/ip/finn_design_MVAU_hls_0_wstrm_0/synth/finn_design_MVAU_hls_0_wstrm_0.v" Line 53. Module finn_design_MVAU_hls_0_wstrm_0 doesn't have a timescale but at least one module in design has a timescale.
WARNING: [XSIM 43-4099] "/home/neuralnetwork01/Schreibtisch/s7s/nn/task3/Task-3-data/FINN_TMP/vivado_stitch_proj_inb3tsok/ip/verilog/rtl_ops/MVAU_hls_0/MVAU_hls_0_memstream_wrapper.v" Line 32. Module MVAU_hls_0_memstream_wrapper(AXILITE_ADDR_WIDTH=13,SET_BITS=1) doesn't have a timescale but at least one module in design has a timescale.
WARNING: [XSIM 43-4099] "/home/neuralnetwork01/Schreibtisch/s7s/nn/task3/Task-3-data/FINN_TMP/vivado_stitch_proj_inb3tsok/ip/verilog/rtl_ops/MVAU_hls_3/memstream_axi.sv" Line 33. Module memstream_axi(SETS=32'b01,DEPTH=32'b01110000000,WIDTH=32'b0111000,INIT_FILE="/home/neuralnetwork01/Schreibtisch/s7s/nn/task3/Task-3-data/FINN_TMP/code_gen_ipgen_MVAU_hls_0_hl4pdt59/memblock.dat",PUMPED_MEMORY=1'b0) doesn't have a timescale but at least one module in design has a timescale.
WARNING: [XSIM 43-4099] "/home/neuralnetwork01/Schreibtisch/s7s/nn/task3/Task-3-data/FINN_TMP/vivado_stitch_proj_inb3tsok/ip/verilog/rtl_ops/MVAU_hls_3/axilite.sv" Line 32. Module axilite(ADDR_WIDTH=32'b01101,DATA_WIDTH=32'b0100000,IP_DATA_WIDTH=32'b0111000) doesn't have a timescale but at least one module in design has a timescale.
WARNING: [XSIM 43-4099] "/home/neuralnetwork01/Schreibtisch/s7s/nn/task3/Task-3-data/FINN_TMP/vivado_stitch_proj_inb3tsok/ip/verilog/rtl_ops/MVAU_hls_3/memstream.sv" Line 33. Module memstream(SETS=32'b01,DEPTH=32'b01110000000,WIDTH=32'b0111000,INIT_FILE="/home/neuralnetwork01/Schreibtisch/s7s/nn/task3/Task-3-data/FINN_TMP/code_gen_ipgen_MVAU_hls_0_hl4pdt59/memblock.dat") doesn't have a timescale but at least one module in design has a timescale.
WARNING: [XSIM 43-4099] "/home/neuralnetwork01/Schreibtisch/s7s/nn/task3/Task-3-data/FINN_TMP/vivado_stitch_proj_inb3tsok/finn_vivado_stitch_proj.gen/sources_1/bd/finn_design/ip/finn_design_MVAU_hls_1_0/synth/finn_design_MVAU_hls_1_0.v" Line 53. Module finn_design_MVAU_hls_1_0 doesn't have a timescale but at least one module in design has a timescale.
WARNING: [XSIM 43-4099] "/home/neuralnetwork01/Schreibtisch/s7s/nn/task3/Task-3-data/FINN_TMP/vivado_stitch_proj_inb3tsok/finn_vivado_stitch_proj.gen/sources_1/bd/finn_design/ip/finn_design_MVAU_hls_1_wstrm_0/synth/finn_design_MVAU_hls_1_wstrm_0.v" Line 53. Module finn_design_MVAU_hls_1_wstrm_0 doesn't have a timescale but at least one module in design has a timescale.
WARNING: [XSIM 43-4099] "/home/neuralnetwork01/Schreibtisch/s7s/nn/task3/Task-3-data/FINN_TMP/vivado_stitch_proj_inb3tsok/ip/verilog/rtl_ops/MVAU_hls_1/MVAU_hls_1_memstream_wrapper.v" Line 32. Module MVAU_hls_1_memstream_wrapper(AXILITE_ADDR_WIDTH=11,SET_BITS=1) doesn't have a timescale but at least one module in design has a timescale.
WARNING: [XSIM 43-4099] "/home/neuralnetwork01/Schreibtisch/s7s/nn/task3/Task-3-data/FINN_TMP/vivado_stitch_proj_inb3tsok/ip/verilog/rtl_ops/MVAU_hls_3/memstream_axi.sv" Line 33. Module memstream_axi(SETS=32'b01,DEPTH=32'b01000000000,WIDTH=32'b01000,INIT_FILE="/home/neuralnetwork01/Schreibtisch/s7s/nn/task3/Task-3-data/FINN_TMP/code_gen_ipgen_MVAU_hls_1_jdrfapkn/memblock.dat",PUMPED_MEMORY=1'b0) doesn't have a timescale but at least one module in design has a timescale.
WARNING: [XSIM 43-4099] "/home/neuralnetwork01/Schreibtisch/s7s/nn/task3/Task-3-data/FINN_TMP/vivado_stitch_proj_inb3tsok/ip/verilog/rtl_ops/MVAU_hls_3/axilite.sv" Line 32. Module axilite(ADDR_WIDTH=32'b01011,DATA_WIDTH=32'b0100000,IP_DATA_WIDTH=32'b01000) doesn't have a timescale but at least one module in design has a timescale.
WARNING: [XSIM 43-4099] "/home/neuralnetwork01/Schreibtisch/s7s/nn/task3/Task-3-data/FINN_TMP/vivado_stitch_proj_inb3tsok/ip/verilog/rtl_ops/MVAU_hls_3/memstream.sv" Line 33. Module memstream(SETS=32'b01,DEPTH=32'b01000000000,WIDTH=32'b01000,INIT_FILE="/home/neuralnetwork01/Schreibtisch/s7s/nn/task3/Task-3-data/FINN_TMP/code_gen_ipgen_MVAU_hls_1_jdrfapkn/memblock.dat") doesn't have a timescale but at least one module in design has a timescale.
WARNING: [XSIM 43-4099] "/home/neuralnetwork01/Schreibtisch/s7s/nn/task3/Task-3-data/FINN_TMP/vivado_stitch_proj_inb3tsok/finn_vivado_stitch_proj.gen/sources_1/bd/finn_design/ip/finn_design_MVAU_hls_2_0/synth/finn_design_MVAU_hls_2_0.v" Line 53. Module finn_design_MVAU_hls_2_0 doesn't have a timescale but at least one module in design has a timescale.
WARNING: [XSIM 43-4099] "/home/neuralnetwork01/Schreibtisch/s7s/nn/task3/Task-3-data/FINN_TMP/vivado_stitch_proj_inb3tsok/finn_vivado_stitch_proj.gen/sources_1/bd/finn_design/ip/finn_design_MVAU_hls_2_wstrm_0/synth/finn_design_MVAU_hls_2_wstrm_0.v" Line 53. Module finn_design_MVAU_hls_2_wstrm_0 doesn't have a timescale but at least one module in design has a timescale.
WARNING: [XSIM 43-4099] "/home/neuralnetwork01/Schreibtisch/s7s/nn/task3/Task-3-data/FINN_TMP/vivado_stitch_proj_inb3tsok/ip/verilog/rtl_ops/MVAU_hls_2/MVAU_hls_2_memstream_wrapper.v" Line 32. Module MVAU_hls_2_memstream_wrapper(AXILITE_ADDR_WIDTH=11,SET_BITS=1) doesn't have a timescale but at least one module in design has a timescale.
WARNING: [XSIM 43-4099] "/home/neuralnetwork01/Schreibtisch/s7s/nn/task3/Task-3-data/FINN_TMP/vivado_stitch_proj_inb3tsok/ip/verilog/rtl_ops/MVAU_hls_3/memstream_axi.sv" Line 33. Module memstream_axi(SETS=32'b01,DEPTH=32'b01000000000,WIDTH=32'b01000,INIT_FILE="/home/neuralnetwork01/Schreibtisch/s7s/nn/task3/Task-3-data/FINN_TMP/code_gen_ipgen_MVAU_hls_2_sw2ndtiq/memblock.dat",PUMPED_MEMORY=1'b0) doesn't have a timescale but at least one module in design has a timescale.
WARNING: [XSIM 43-4099] "/home/neuralnetwork01/Schreibtisch/s7s/nn/task3/Task-3-data/FINN_TMP/vivado_stitch_proj_inb3tsok/ip/verilog/rtl_ops/MVAU_hls_3/axilite.sv" Line 32. Module axilite(ADDR_WIDTH=32'b01011,DATA_WIDTH=32'b0100000,IP_DATA_WIDTH=32'b01000) doesn't have a timescale but at least one module in design has a timescale.
WARNING: [XSIM 43-4099] "/home/neuralnetwork01/Schreibtisch/s7s/nn/task3/Task-3-data/FINN_TMP/vivado_stitch_proj_inb3tsok/ip/verilog/rtl_ops/MVAU_hls_3/memstream.sv" Line 33. Module memstream(SETS=32'b01,DEPTH=32'b01000000000,WIDTH=32'b01000,INIT_FILE="/home/neuralnetwork01/Schreibtisch/s7s/nn/task3/Task-3-data/FINN_TMP/code_gen_ipgen_MVAU_hls_2_sw2ndtiq/memblock.dat") doesn't have a timescale but at least one module in design has a timescale.
WARNING: [XSIM 43-4099] "/home/neuralnetwork01/Schreibtisch/s7s/nn/task3/Task-3-data/FINN_TMP/vivado_stitch_proj_inb3tsok/finn_vivado_stitch_proj.gen/sources_1/bd/finn_design/ip/finn_design_MVAU_hls_3_0/synth/finn_design_MVAU_hls_3_0.v" Line 53. Module finn_design_MVAU_hls_3_0 doesn't have a timescale but at least one module in design has a timescale.
WARNING: [XSIM 43-4099] "/home/neuralnetwork01/Schreibtisch/s7s/nn/task3/Task-3-data/FINN_TMP/vivado_stitch_proj_inb3tsok/finn_vivado_stitch_proj.gen/sources_1/bd/finn_design/ip/finn_design_MVAU_hls_3_wstrm_0/synth/finn_design_MVAU_hls_3_wstrm_0.v" Line 53. Module finn_design_MVAU_hls_3_wstrm_0 doesn't have a timescale but at least one module in design has a timescale.
WARNING: [XSIM 43-4099] "/home/neuralnetwork01/Schreibtisch/s7s/nn/task3/Task-3-data/FINN_TMP/vivado_stitch_proj_inb3tsok/ip/verilog/rtl_ops/MVAU_hls_3/MVAU_hls_3_memstream_wrapper.v" Line 32. Module MVAU_hls_3_memstream_wrapper(AXILITE_ADDR_WIDTH=12,SET_BITS=1) doesn't have a timescale but at least one module in design has a timescale.
WARNING: [XSIM 43-4099] "/home/neuralnetwork01/Schreibtisch/s7s/nn/task3/Task-3-data/FINN_TMP/vivado_stitch_proj_inb3tsok/ip/verilog/rtl_ops/MVAU_hls_3/memstream_axi.sv" Line 33. Module memstream_axi(SETS=32'b01,DEPTH=32'b01010000000,WIDTH=32'b01000,INIT_FILE="/home/neuralnetwork01/Schreibtisch/s7s/nn/task3/Task-3-data/FINN_TMP/code_gen_ipgen_MVAU_hls_3_lco0jixn/memblock.dat",PUMPED_MEMORY=1'b0) doesn't have a timescale but at least one module in design has a timescale.
WARNING: [XSIM 43-4099] "/home/neuralnetwork01/Schreibtisch/s7s/nn/task3/Task-3-data/FINN_TMP/vivado_stitch_proj_inb3tsok/ip/verilog/rtl_ops/MVAU_hls_3/axilite.sv" Line 32. Module axilite(ADDR_WIDTH=32'b01100,DATA_WIDTH=32'b0100000,IP_DATA_WIDTH=32'b01000) doesn't have a timescale but at least one module in design has a timescale.
WARNING: [XSIM 43-4099] "/home/neuralnetwork01/Schreibtisch/s7s/nn/task3/Task-3-data/FINN_TMP/vivado_stitch_proj_inb3tsok/ip/verilog/rtl_ops/MVAU_hls_3/memstream.sv" Line 33. Module memstream(SETS=32'b01,DEPTH=32'b01010000000,WIDTH=32'b01000,INIT_FILE="/home/neuralnetwork01/Schreibtisch/s7s/nn/task3/Task-3-data/FINN_TMP/code_gen_ipgen_MVAU_hls_3_lco0jixn/memblock.dat") doesn't have a timescale but at least one module in design has a timescale.
WARNING: [XSIM 43-4099] "/home/neuralnetwork01/Schreibtisch/s7s/nn/task3/Task-3-data/FINN_TMP/code_gen_ipgen_Reshape_rtl_0_5egyz7kg/Reshape_rtl_0.v" Line 32. Module Reshape_rtl_0(AXI_IBITS=8,AXI_OBITS=8) doesn't have a timescale but at least one module in design has a timescale.
WARNING: [XSIM 43-4099] "/home/neuralnetwork01/Schreibtisch/s7s/nn/task3/Task-3-data/FINN_TMP/code_gen_ipgen_StreamingDataWidthConverter_rtl_2_hwbswp6p/dwc_axi.sv" Line 34. Module dwc_axi(IBITS=32'b01000,OBITS=32'b01000) doesn't have a timescale but at least one module in design has a timescale.
WARNING: [XSIM 43-4099] "/home/neuralnetwork01/Schreibtisch/s7s/nn/task3/Task-3-data/FINN_TMP/code_gen_ipgen_StreamingDataWidthConverter_rtl_2_hwbswp6p/dwc.sv" Line 34. Module dwc(IBITS=32'b01000,OBITS=32'b01000) doesn't have a timescale but at least one module in design has a timescale.
WARNING: [XSIM 43-4099] "/home/neuralnetwork01/Schreibtisch/s7s/nn/task3/Task-3-data/FINN_TMP/code_gen_ipgen_StreamingDataWidthConverter_rtl_0_q_6l546o/StreamingDataWidthConverter_rtl_0.v" Line 32. Module StreamingDataWidthConverter_rtl_0(AXI_IBITS=8,AXI_OBITS=32) doesn't have a timescale but at least one module in design has a timescale.
WARNING: [XSIM 43-4099] "/home/neuralnetwork01/Schreibtisch/s7s/nn/task3/Task-3-data/FINN_TMP/code_gen_ipgen_StreamingDataWidthConverter_rtl_2_hwbswp6p/dwc_axi.sv" Line 34. Module dwc_axi(IBITS=32'b01,OBITS=32'b011100) doesn't have a timescale but at least one module in design has a timescale.
WARNING: [XSIM 43-4099] "/home/neuralnetwork01/Schreibtisch/s7s/nn/task3/Task-3-data/FINN_TMP/code_gen_ipgen_StreamingDataWidthConverter_rtl_2_hwbswp6p/dwc.sv" Line 34. Module dwc(IBITS=32'b01,OBITS=32'b011100) doesn't have a timescale but at least one module in design has a timescale.
WARNING: [XSIM 43-4099] "/home/neuralnetwork01/Schreibtisch/s7s/nn/task3/Task-3-data/FINN_TMP/code_gen_ipgen_StreamingDataWidthConverter_rtl_1_6s9o487g/StreamingDataWidthConverter_rtl_1.v" Line 32. Module StreamingDataWidthConverter_rtl_1(AXI_IBITS=8,AXI_OBITS=8) doesn't have a timescale but at least one module in design has a timescale.
WARNING: [XSIM 43-4099] "/home/neuralnetwork01/Schreibtisch/s7s/nn/task3/Task-3-data/FINN_TMP/code_gen_ipgen_StreamingDataWidthConverter_rtl_2_hwbswp6p/dwc_axi.sv" Line 34. Module dwc_axi(IBITS=32'b010,OBITS=32'b01000) doesn't have a timescale but at least one module in design has a timescale.
WARNING: [XSIM 43-4099] "/home/neuralnetwork01/Schreibtisch/s7s/nn/task3/Task-3-data/FINN_TMP/code_gen_ipgen_StreamingDataWidthConverter_rtl_2_hwbswp6p/dwc.sv" Line 34. Module dwc(IBITS=32'b010,OBITS=32'b01000) doesn't have a timescale but at least one module in design has a timescale.
WARNING: [XSIM 43-4099] "/home/neuralnetwork01/Schreibtisch/s7s/nn/task3/Task-3-data/FINN_TMP/code_gen_ipgen_StreamingDataWidthConverter_rtl_2_hwbswp6p/StreamingDataWidthConverter_rtl_2.v" Line 32. Module StreamingDataWidthConverter_rtl_2(AXI_IBITS=8,AXI_OBITS=8) doesn't have a timescale but at least one module in design has a timescale.
WARNING: [XSIM 43-4099] "/home/neuralnetwork01/Schreibtisch/s7s/nn/task3/Task-3-data/FINN_TMP/code_gen_ipgen_StreamingDataWidthConverter_rtl_2_hwbswp6p/dwc_axi.sv" Line 34. Module dwc_axi(IBITS=32'b01,OBITS=32'b01000) doesn't have a timescale but at least one module in design has a timescale.
WARNING: [XSIM 43-4099] "/home/neuralnetwork01/Schreibtisch/s7s/nn/task3/Task-3-data/FINN_TMP/code_gen_ipgen_StreamingDataWidthConverter_rtl_2_hwbswp6p/dwc.sv" Line 34. Module dwc(IBITS=32'b01,OBITS=32'b01000) doesn't have a timescale but at least one module in design has a timescale.
WARNING: [XSIM 43-4099] "/home/neuralnetwork01/Schreibtisch/s7s/nn/task3/Task-3-data/FINN_TMP/vivado_stitch_proj_inb3tsok/finn_vivado_stitch_proj.gen/sources_1/bd/finn_design/ip/finn_design_StreamingFIFO_rtl_0_0/synth/finn_design_StreamingFIFO_rtl_0_0.v" Line 53. Module finn_design_StreamingFIFO_rtl_0_0 doesn't have a timescale but at least one module in design has a timescale.
WARNING: [XSIM 43-4099] "/home/neuralnetwork01/Schreibtisch/s7s/nn/task3/Task-3-data/FINN_TMP/code_gen_ipgen_StreamingFIFO_rtl_0_xu5lzugg/StreamingFIFO_rtl_0.v" Line 32. Module StreamingFIFO_rtl_0 doesn't have a timescale but at least one module in design has a timescale.
WARNING: [XSIM 43-4099] "/home/neuralnetwork01/Schreibtisch/s7s/nn/task3/Task-3-data/FINN_TMP/code_gen_ipgen_StreamingFIFO_rtl_10_l69hvipt/fifo_gauge.sv" Line 35. Module fifo_gauge(WIDTH=32'b01000,COUNT_WIDTH=32'b010) doesn't have a timescale but at least one module in design has a timescale.
WARNING: [XSIM 43-4099] "/home/neuralnetwork01/Schreibtisch/s7s/nn/task3/Task-3-data/FINN_TMP/vivado_stitch_proj_inb3tsok/finn_vivado_stitch_proj.gen/sources_1/bd/finn_design/ip/finn_design_StreamingFIFO_rtl_1_0/synth/finn_design_StreamingFIFO_rtl_1_0.v" Line 53. Module finn_design_StreamingFIFO_rtl_1_0 doesn't have a timescale but at least one module in design has a timescale.
WARNING: [XSIM 43-4099] "/home/neuralnetwork01/Schreibtisch/s7s/nn/task3/Task-3-data/FINN_TMP/code_gen_ipgen_StreamingFIFO_rtl_1_fmzwkcgc/StreamingFIFO_rtl_1.v" Line 32. Module StreamingFIFO_rtl_1 doesn't have a timescale but at least one module in design has a timescale.
WARNING: [XSIM 43-4099] "/home/neuralnetwork01/Schreibtisch/s7s/nn/task3/Task-3-data/FINN_TMP/code_gen_ipgen_StreamingFIFO_rtl_10_l69hvipt/fifo_gauge.sv" Line 35. Module fifo_gauge(WIDTH=32'b01000,COUNT_WIDTH=32'b010) doesn't have a timescale but at least one module in design has a timescale.
WARNING: [XSIM 43-4099] "/home/neuralnetwork01/Schreibtisch/s7s/nn/task3/Task-3-data/FINN_TMP/vivado_stitch_proj_inb3tsok/finn_vivado_stitch_proj.gen/sources_1/bd/finn_design/ip/finn_design_StreamingFIFO_rtl_10_0/synth/finn_design_StreamingFIFO_rtl_10_0.v" Line 53. Module finn_design_StreamingFIFO_rtl_10_0 doesn't have a timescale but at least one module in design has a timescale.
WARNING: [XSIM 43-4099] "/home/neuralnetwork01/Schreibtisch/s7s/nn/task3/Task-3-data/FINN_TMP/code_gen_ipgen_StreamingFIFO_rtl_10_l69hvipt/StreamingFIFO_rtl_10.v" Line 32. Module StreamingFIFO_rtl_10 doesn't have a timescale but at least one module in design has a timescale.
WARNING: [XSIM 43-4099] "/home/neuralnetwork01/Schreibtisch/s7s/nn/task3/Task-3-data/FINN_TMP/code_gen_ipgen_StreamingFIFO_rtl_10_l69hvipt/fifo_gauge.sv" Line 35. Module fifo_gauge(WIDTH=32'b01000,COUNT_WIDTH=32'b010) doesn't have a timescale but at least one module in design has a timescale.
WARNING: [XSIM 43-4099] "/home/neuralnetwork01/Schreibtisch/s7s/nn/task3/Task-3-data/FINN_TMP/vivado_stitch_proj_inb3tsok/finn_vivado_stitch_proj.gen/sources_1/bd/finn_design/ip/finn_design_StreamingFIFO_rtl_2_0/synth/finn_design_StreamingFIFO_rtl_2_0.v" Line 53. Module finn_design_StreamingFIFO_rtl_2_0 doesn't have a timescale but at least one module in design has a timescale.
WARNING: [XSIM 43-4099] "/home/neuralnetwork01/Schreibtisch/s7s/nn/task3/Task-3-data/FINN_TMP/code_gen_ipgen_StreamingFIFO_rtl_2_g9vwlzpd/StreamingFIFO_rtl_2.v" Line 32. Module StreamingFIFO_rtl_2 doesn't have a timescale but at least one module in design has a timescale.
WARNING: [XSIM 43-4099] "/home/neuralnetwork01/Schreibtisch/s7s/nn/task3/Task-3-data/FINN_TMP/code_gen_ipgen_StreamingFIFO_rtl_10_l69hvipt/fifo_gauge.sv" Line 35. Module fifo_gauge(WIDTH=32'b01000,COUNT_WIDTH=32'b010) doesn't have a timescale but at least one module in design has a timescale.
WARNING: [XSIM 43-4099] "/home/neuralnetwork01/Schreibtisch/s7s/nn/task3/Task-3-data/FINN_TMP/vivado_stitch_proj_inb3tsok/finn_vivado_stitch_proj.gen/sources_1/bd/finn_design/ip/finn_design_StreamingFIFO_rtl_3_0/synth/finn_design_StreamingFIFO_rtl_3_0.v" Line 53. Module finn_design_StreamingFIFO_rtl_3_0 doesn't have a timescale but at least one module in design has a timescale.
WARNING: [XSIM 43-4099] "/home/neuralnetwork01/Schreibtisch/s7s/nn/task3/Task-3-data/FINN_TMP/code_gen_ipgen_StreamingFIFO_rtl_3_yc4i16vy/StreamingFIFO_rtl_3.v" Line 32. Module StreamingFIFO_rtl_3 doesn't have a timescale but at least one module in design has a timescale.
WARNING: [XSIM 43-4099] "/home/neuralnetwork01/Schreibtisch/s7s/nn/task3/Task-3-data/FINN_TMP/code_gen_ipgen_StreamingFIFO_rtl_10_l69hvipt/fifo_gauge.sv" Line 35. Module fifo_gauge(WIDTH=32'b0100000,COUNT_WIDTH=32'b0110) doesn't have a timescale but at least one module in design has a timescale.
WARNING: [XSIM 43-4099] "/home/neuralnetwork01/Schreibtisch/s7s/nn/task3/Task-3-data/FINN_TMP/vivado_stitch_proj_inb3tsok/finn_vivado_stitch_proj.gen/sources_1/bd/finn_design/ip/finn_design_StreamingFIFO_rtl_4_0/synth/finn_design_StreamingFIFO_rtl_4_0.v" Line 53. Module finn_design_StreamingFIFO_rtl_4_0 doesn't have a timescale but at least one module in design has a timescale.
WARNING: [XSIM 43-4099] "/home/neuralnetwork01/Schreibtisch/s7s/nn/task3/Task-3-data/FINN_TMP/code_gen_ipgen_StreamingFIFO_rtl_4_p45ngsdh/StreamingFIFO_rtl_4.v" Line 32. Module StreamingFIFO_rtl_4 doesn't have a timescale but at least one module in design has a timescale.
WARNING: [XSIM 43-4099] "/home/neuralnetwork01/Schreibtisch/s7s/nn/task3/Task-3-data/FINN_TMP/code_gen_ipgen_StreamingFIFO_rtl_10_l69hvipt/fifo_gauge.sv" Line 35. Module fifo_gauge(WIDTH=32'b01000,COUNT_WIDTH=32'b010) doesn't have a timescale but at least one module in design has a timescale.
WARNING: [XSIM 43-4099] "/home/neuralnetwork01/Schreibtisch/s7s/nn/task3/Task-3-data/FINN_TMP/vivado_stitch_proj_inb3tsok/finn_vivado_stitch_proj.gen/sources_1/bd/finn_design/ip/finn_design_StreamingFIFO_rtl_5_0/synth/finn_design_StreamingFIFO_rtl_5_0.v" Line 53. Module finn_design_StreamingFIFO_rtl_5_0 doesn't have a timescale but at least one module in design has a timescale.
WARNING: [XSIM 43-4099] "/home/neuralnetwork01/Schreibtisch/s7s/nn/task3/Task-3-data/FINN_TMP/code_gen_ipgen_StreamingFIFO_rtl_5_qlm6utxd/StreamingFIFO_rtl_5.v" Line 32. Module StreamingFIFO_rtl_5 doesn't have a timescale but at least one module in design has a timescale.
WARNING: [XSIM 43-4099] "/home/neuralnetwork01/Schreibtisch/s7s/nn/task3/Task-3-data/FINN_TMP/code_gen_ipgen_StreamingFIFO_rtl_10_l69hvipt/fifo_gauge.sv" Line 35. Module fifo_gauge(WIDTH=32'b01000,COUNT_WIDTH=32'b010) doesn't have a timescale but at least one module in design has a timescale.
WARNING: [XSIM 43-4099] "/home/neuralnetwork01/Schreibtisch/s7s/nn/task3/Task-3-data/FINN_TMP/vivado_stitch_proj_inb3tsok/finn_vivado_stitch_proj.gen/sources_1/bd/finn_design/ip/finn_design_StreamingFIFO_rtl_6_0/synth/finn_design_StreamingFIFO_rtl_6_0.v" Line 53. Module finn_design_StreamingFIFO_rtl_6_0 doesn't have a timescale but at least one module in design has a timescale.
WARNING: [XSIM 43-4099] "/home/neuralnetwork01/Schreibtisch/s7s/nn/task3/Task-3-data/FINN_TMP/code_gen_ipgen_StreamingFIFO_rtl_6_xp6iub4c/StreamingFIFO_rtl_6.v" Line 32. Module StreamingFIFO_rtl_6 doesn't have a timescale but at least one module in design has a timescale.
WARNING: [XSIM 43-4099] "/home/neuralnetwork01/Schreibtisch/s7s/nn/task3/Task-3-data/FINN_TMP/code_gen_ipgen_StreamingFIFO_rtl_10_l69hvipt/fifo_gauge.sv" Line 35. Module fifo_gauge(WIDTH=32'b01000,COUNT_WIDTH=32'b010) doesn't have a timescale but at least one module in design has a timescale.
WARNING: [XSIM 43-4099] "/home/neuralnetwork01/Schreibtisch/s7s/nn/task3/Task-3-data/FINN_TMP/vivado_stitch_proj_inb3tsok/finn_vivado_stitch_proj.gen/sources_1/bd/finn_design/ip/finn_design_StreamingFIFO_rtl_7_0/synth/finn_design_StreamingFIFO_rtl_7_0.v" Line 53. Module finn_design_StreamingFIFO_rtl_7_0 doesn't have a timescale but at least one module in design has a timescale.
WARNING: [XSIM 43-4099] "/home/neuralnetwork01/Schreibtisch/s7s/nn/task3/Task-3-data/FINN_TMP/code_gen_ipgen_StreamingFIFO_rtl_7_8fzyxa0s/StreamingFIFO_rtl_7.v" Line 32. Module StreamingFIFO_rtl_7 doesn't have a timescale but at least one module in design has a timescale.
WARNING: [XSIM 43-4099] "/home/neuralnetwork01/Schreibtisch/s7s/nn/task3/Task-3-data/FINN_TMP/code_gen_ipgen_StreamingFIFO_rtl_10_l69hvipt/fifo_gauge.sv" Line 35. Module fifo_gauge(WIDTH=32'b01000,COUNT_WIDTH=32'b010) doesn't have a timescale but at least one module in design has a timescale.
WARNING: [XSIM 43-4099] "/home/neuralnetwork01/Schreibtisch/s7s/nn/task3/Task-3-data/FINN_TMP/vivado_stitch_proj_inb3tsok/finn_vivado_stitch_proj.gen/sources_1/bd/finn_design/ip/finn_design_StreamingFIFO_rtl_8_0/synth/finn_design_StreamingFIFO_rtl_8_0.v" Line 53. Module finn_design_StreamingFIFO_rtl_8_0 doesn't have a timescale but at least one module in design has a timescale.
WARNING: [XSIM 43-4099] "/home/neuralnetwork01/Schreibtisch/s7s/nn/task3/Task-3-data/FINN_TMP/code_gen_ipgen_StreamingFIFO_rtl_8_wrt63jrx/StreamingFIFO_rtl_8.v" Line 32. Module StreamingFIFO_rtl_8 doesn't have a timescale but at least one module in design has a timescale.
WARNING: [XSIM 43-4099] "/home/neuralnetwork01/Schreibtisch/s7s/nn/task3/Task-3-data/FINN_TMP/code_gen_ipgen_StreamingFIFO_rtl_10_l69hvipt/fifo_gauge.sv" Line 35. Module fifo_gauge(WIDTH=32'b01000,COUNT_WIDTH=32'b0110) doesn't have a timescale but at least one module in design has a timescale.
WARNING: [XSIM 43-4099] "/home/neuralnetwork01/Schreibtisch/s7s/nn/task3/Task-3-data/FINN_TMP/vivado_stitch_proj_inb3tsok/finn_vivado_stitch_proj.gen/sources_1/bd/finn_design/ip/finn_design_StreamingFIFO_rtl_9_0/synth/finn_design_StreamingFIFO_rtl_9_0.v" Line 53. Module finn_design_StreamingFIFO_rtl_9_0 doesn't have a timescale but at least one module in design has a timescale.
WARNING: [XSIM 43-4099] "/home/neuralnetwork01/Schreibtisch/s7s/nn/task3/Task-3-data/FINN_TMP/code_gen_ipgen_StreamingFIFO_rtl_9_dtyabe8g/StreamingFIFO_rtl_9.v" Line 32. Module StreamingFIFO_rtl_9 doesn't have a timescale but at least one module in design has a timescale.
WARNING: [XSIM 43-4099] "/home/neuralnetwork01/Schreibtisch/s7s/nn/task3/Task-3-data/FINN_TMP/code_gen_ipgen_StreamingFIFO_rtl_10_l69hvipt/fifo_gauge.sv" Line 35. Module fifo_gauge(WIDTH=32'b01000,COUNT_WIDTH=32'b010) doesn't have a timescale but at least one module in design has a timescale.
WARNING: [XSIM 43-4099] "/home/neuralnetwork01/Schreibtisch/s7s/nn/task3/Task-3-data/FINN_TMP/vivado_stitch_proj_inb3tsok/finn_vivado_stitch_proj.gen/sources_1/bd/finn_design/ip/finn_design_Thresholding_rtl_0_0/synth/finn_design_Thresholding_rtl_0_0.v" Line 53. Module finn_design_Thresholding_rtl_0_0 doesn't have a timescale but at least one module in design has a timescale.
WARNING: [XSIM 43-4099] "/home/neuralnetwork01/Schreibtisch/s7s/nn/task3/Task-3-data/FINN_TMP/vivado_stitch_proj_inb3tsok/ip/verilog/rtl_ops/Thresholding_rtl_0/Thresholding_rtl_0.v" Line 35. Module Thresholding_rtl_0 doesn't have a timescale but at least one module in design has a timescale.
WARNING: [XSIM 43-4099] "/home/neuralnetwork01/Schreibtisch/s7s/nn/task3/Task-3-data/FINN_TMP/vivado_stitch_proj_inb3tsok/ip/verilog/rtl_ops/Thresholding_rtl_0/thresholding_axi.sv" Line 41. Module thresholding_axi(WI=32'b01000,WT=32'b01001,N=32'b01,C=32'b01,PE=32'b01,SIGNED=1'b0,FPARG=1'b0,SETS=32'b01,THRESHOLDS_PATH="/home/neuralnetwork01/Schreibtisch/s7s/nn/task3/Task-3-data/FINN_TMP/code_gen_ipgen_Thresholding_rtl_0_iqmp43dz/Thresholding_rtl_0_",USE_AXILITE=1'b0,DEPTH_TRIGGER_URAM=32'b0,DEPTH_TRIGGER_BRAM=32'b0,DEEP_PIPELINE=1'b1) doesn't have a timescale but at least one module in design has a timescale.
WARNING: [XSIM 43-4099] "/home/neuralnetwork01/Schreibtisch/s7s/nn/task3/Task-3-data/FINN_TMP/vivado_stitch_proj_inb3tsok/ip/verilog/rtl_ops/Thresholding_rtl_0/thresholding.sv" Line 54. Module thresholding(K=32'b01001,N=32'b01,C=32'b01,PE=32'b01,SIGNED=1'b0,FPARG=1'b0,THRESHOLDS_PATH="/home/neuralnetwork01/Schreibtisch/s7s/nn/task3/Task-3-data/FINN_TMP/code_gen_ipgen_Thresholding_rtl_0_iqmp43dz/Thresholding_rtl_0_",USE_CONFIG=1'b0,DEPTH_TRIGGER_URAM=32'b0,DEPTH_TRIGGER_BRAM=32'b0,DEEP_PIPELINE=1'b1) doesn't have a timescale but at least one module in design has a timescale.
WARNING: [XSIM 43-4099] "/home/neuralnetwork01/Schreibtisch/s7s/nn/task3/Task-3-data/FINN_TMP/vivado_stitch_proj_inb3tsok/finn_vivado_stitch_proj.gen/sources_1/bd/finn_design/ip/finn_design_LabelSelect_hls_0_0/synth/finn_design_LabelSelect_hls_0_0.v" Line 53. Module finn_design_LabelSelect_hls_0_0 doesn't have a timescale but at least one module in design has a timescale.
WARNING: [XSIM 43-4099] "/home/neuralnetwork01/Schreibtisch/s7s/nn/task3/Task-3-data/FINN_TMP/vivado_stitch_proj_inb3tsok/finn_vivado_stitch_proj.gen/sources_1/bd/finn_design/ip/finn_design_MVAU_hls_0_0/synth/finn_design_MVAU_hls_0_0.v" Line 53. Module finn_design_MVAU_hls_0_0 doesn't have a timescale but at least one module in design has a timescale.
WARNING: [XSIM 43-4099] "/home/neuralnetwork01/Schreibtisch/s7s/nn/task3/Task-3-data/FINN_TMP/vivado_stitch_proj_inb3tsok/finn_vivado_stitch_proj.gen/sources_1/bd/finn_design/ip/finn_design_MVAU_hls_0_wstrm_0/synth/finn_design_MVAU_hls_0_wstrm_0.v" Line 53. Module finn_design_MVAU_hls_0_wstrm_0 doesn't have a timescale but at least one module in design has a timescale.
WARNING: [XSIM 43-4099] "/home/neuralnetwork01/Schreibtisch/s7s/nn/task3/Task-3-data/FINN_TMP/vivado_stitch_proj_inb3tsok/ip/verilog/rtl_ops/MVAU_hls_0/MVAU_hls_0_memstream_wrapper.v" Line 32. Module MVAU_hls_0_memstream_wrapper(AXILITE_ADDR_WIDTH=13,SET_BITS=1) doesn't have a timescale but at least one module in design has a timescale.
WARNING: [XSIM 43-4099] "/home/neuralnetwork01/Schreibtisch/s7s/nn/task3/Task-3-data/FINN_TMP/vivado_stitch_proj_inb3tsok/ip/verilog/rtl_ops/MVAU_hls_3/memstream_axi.sv" Line 33. Module memstream_axi(SETS=32'b01,DEPTH=32'b01110000000,WIDTH=32'b0111000,INIT_FILE="/home/neuralnetwork01/Schreibtisch/s7s/nn/task3/Task-3-data/FINN_TMP/code_gen_ipgen_MVAU_hls_0_hl4pdt59/memblock.dat",PUMPED_MEMORY=1'b0) doesn't have a timescale but at least one module in design has a timescale.
WARNING: [XSIM 43-4099] "/home/neuralnetwork01/Schreibtisch/s7s/nn/task3/Task-3-data/FINN_TMP/vivado_stitch_proj_inb3tsok/ip/verilog/rtl_ops/MVAU_hls_3/axilite.sv" Line 32. Module axilite(ADDR_WIDTH=32'b01101,DATA_WIDTH=32'b0100000,IP_DATA_WIDTH=32'b0111000) doesn't have a timescale but at least one module in design has a timescale.
WARNING: [XSIM 43-4099] "/home/neuralnetwork01/Schreibtisch/s7s/nn/task3/Task-3-data/FINN_TMP/vivado_stitch_proj_inb3tsok/ip/verilog/rtl_ops/MVAU_hls_3/memstream.sv" Line 33. Module memstream(SETS=32'b01,DEPTH=32'b01110000000,WIDTH=32'b0111000,INIT_FILE="/home/neuralnetwork01/Schreibtisch/s7s/nn/task3/Task-3-data/FINN_TMP/code_gen_ipgen_MVAU_hls_0_hl4pdt59/memblock.dat") doesn't have a timescale but at least one module in design has a timescale.
WARNING: [XSIM 43-4099] "/home/neuralnetwork01/Schreibtisch/s7s/nn/task3/Task-3-data/FINN_TMP/vivado_stitch_proj_inb3tsok/finn_vivado_stitch_proj.gen/sources_1/bd/finn_design/ip/finn_design_MVAU_hls_1_0/synth/finn_design_MVAU_hls_1_0.v" Line 53. Module finn_design_MVAU_hls_1_0 doesn't have a timescale but at least one module in design has a timescale.
WARNING: [XSIM 43-4099] "/home/neuralnetwork01/Schreibtisch/s7s/nn/task3/Task-3-data/FINN_TMP/vivado_stitch_proj_inb3tsok/finn_vivado_stitch_proj.gen/sources_1/bd/finn_design/ip/finn_design_MVAU_hls_1_wstrm_0/synth/finn_design_MVAU_hls_1_wstrm_0.v" Line 53. Module finn_design_MVAU_hls_1_wstrm_0 doesn't have a timescale but at least one module in design has a timescale.
WARNING: [XSIM 43-4099] "/home/neuralnetwork01/Schreibtisch/s7s/nn/task3/Task-3-data/FINN_TMP/vivado_stitch_proj_inb3tsok/ip/verilog/rtl_ops/MVAU_hls_1/MVAU_hls_1_memstream_wrapper.v" Line 32. Module MVAU_hls_1_memstream_wrapper(AXILITE_ADDR_WIDTH=11,SET_BITS=1) doesn't have a timescale but at least one module in design has a timescale.
WARNING: [XSIM 43-4099] "/home/neuralnetwork01/Schreibtisch/s7s/nn/task3/Task-3-data/FINN_TMP/vivado_stitch_proj_inb3tsok/ip/verilog/rtl_ops/MVAU_hls_3/memstream_axi.sv" Line 33. Module memstream_axi(SETS=32'b01,DEPTH=32'b01000000000,WIDTH=32'b01000,INIT_FILE="/home/neuralnetwork01/Schreibtisch/s7s/nn/task3/Task-3-data/FINN_TMP/code_gen_ipgen_MVAU_hls_1_jdrfapkn/memblock.dat",PUMPED_MEMORY=1'b0) doesn't have a timescale but at least one module in design has a timescale.
WARNING: [XSIM 43-4099] "/home/neuralnetwork01/Schreibtisch/s7s/nn/task3/Task-3-data/FINN_TMP/vivado_stitch_proj_inb3tsok/ip/verilog/rtl_ops/MVAU_hls_3/axilite.sv" Line 32. Module axilite(ADDR_WIDTH=32'b01011,DATA_WIDTH=32'b0100000,IP_DATA_WIDTH=32'b01000) doesn't have a timescale but at least one module in design has a timescale.
WARNING: [XSIM 43-4099] "/home/neuralnetwork01/Schreibtisch/s7s/nn/task3/Task-3-data/FINN_TMP/vivado_stitch_proj_inb3tsok/ip/verilog/rtl_ops/MVAU_hls_3/memstream.sv" Line 33. Module memstream(SETS=32'b01,DEPTH=32'b01000000000,WIDTH=32'b01000,INIT_FILE="/home/neuralnetwork01/Schreibtisch/s7s/nn/task3/Task-3-data/FINN_TMP/code_gen_ipgen_MVAU_hls_1_jdrfapkn/memblock.dat") doesn't have a timescale but at least one module in design has a timescale.
WARNING: [XSIM 43-4099] "/home/neuralnetwork01/Schreibtisch/s7s/nn/task3/Task-3-data/FINN_TMP/vivado_stitch_proj_inb3tsok/finn_vivado_stitch_proj.gen/sources_1/bd/finn_design/ip/finn_design_MVAU_hls_2_0/synth/finn_design_MVAU_hls_2_0.v" Line 53. Module finn_design_MVAU_hls_2_0 doesn't have a timescale but at least one module in design has a timescale.
WARNING: [XSIM 43-4099] "/home/neuralnetwork01/Schreibtisch/s7s/nn/task3/Task-3-data/FINN_TMP/vivado_stitch_proj_inb3tsok/finn_vivado_stitch_proj.gen/sources_1/bd/finn_design/ip/finn_design_MVAU_hls_2_wstrm_0/synth/finn_design_MVAU_hls_2_wstrm_0.v" Line 53. Module finn_design_MVAU_hls_2_wstrm_0 doesn't have a timescale but at least one module in design has a timescale.
WARNING: [XSIM 43-4099] "/home/neuralnetwork01/Schreibtisch/s7s/nn/task3/Task-3-data/FINN_TMP/vivado_stitch_proj_inb3tsok/ip/verilog/rtl_ops/MVAU_hls_2/MVAU_hls_2_memstream_wrapper.v" Line 32. Module MVAU_hls_2_memstream_wrapper(AXILITE_ADDR_WIDTH=11,SET_BITS=1) doesn't have a timescale but at least one module in design has a timescale.
WARNING: [XSIM 43-4099] "/home/neuralnetwork01/Schreibtisch/s7s/nn/task3/Task-3-data/FINN_TMP/vivado_stitch_proj_inb3tsok/ip/verilog/rtl_ops/MVAU_hls_3/memstream_axi.sv" Line 33. Module memstream_axi(SETS=32'b01,DEPTH=32'b01000000000,WIDTH=32'b01000,INIT_FILE="/home/neuralnetwork01/Schreibtisch/s7s/nn/task3/Task-3-data/FINN_TMP/code_gen_ipgen_MVAU_hls_2_sw2ndtiq/memblock.dat",PUMPED_MEMORY=1'b0) doesn't have a timescale but at least one module in design has a timescale.
WARNING: [XSIM 43-4099] "/home/neuralnetwork01/Schreibtisch/s7s/nn/task3/Task-3-data/FINN_TMP/vivado_stitch_proj_inb3tsok/ip/verilog/rtl_ops/MVAU_hls_3/axilite.sv" Line 32. Module axilite(ADDR_WIDTH=32'b01011,DATA_WIDTH=32'b0100000,IP_DATA_WIDTH=32'b01000) doesn't have a timescale but at least one module in design has a timescale.
WARNING: [XSIM 43-4099] "/home/neuralnetwork01/Schreibtisch/s7s/nn/task3/Task-3-data/FINN_TMP/vivado_stitch_proj_inb3tsok/ip/verilog/rtl_ops/MVAU_hls_3/memstream.sv" Line 33. Module memstream(SETS=32'b01,DEPTH=32'b01000000000,WIDTH=32'b01000,INIT_FILE="/home/neuralnetwork01/Schreibtisch/s7s/nn/task3/Task-3-data/FINN_TMP/code_gen_ipgen_MVAU_hls_2_sw2ndtiq/memblock.dat") doesn't have a timescale but at least one module in design has a timescale.
WARNING: [XSIM 43-4099] "/home/neuralnetwork01/Schreibtisch/s7s/nn/task3/Task-3-data/FINN_TMP/vivado_stitch_proj_inb3tsok/finn_vivado_stitch_proj.gen/sources_1/bd/finn_design/ip/finn_design_MVAU_hls_3_0/synth/finn_design_MVAU_hls_3_0.v" Line 53. Module finn_design_MVAU_hls_3_0 doesn't have a timescale but at least one module in design has a timescale.
WARNING: [XSIM 43-4099] "/home/neuralnetwork01/Schreibtisch/s7s/nn/task3/Task-3-data/FINN_TMP/vivado_stitch_proj_inb3tsok/finn_vivado_stitch_proj.gen/sources_1/bd/finn_design/ip/finn_design_MVAU_hls_3_wstrm_0/synth/finn_design_MVAU_hls_3_wstrm_0.v" Line 53. Module finn_design_MVAU_hls_3_wstrm_0 doesn't have a timescale but at least one module in design has a timescale.
WARNING: [XSIM 43-4099] "/home/neuralnetwork01/Schreibtisch/s7s/nn/task3/Task-3-data/FINN_TMP/vivado_stitch_proj_inb3tsok/ip/verilog/rtl_ops/MVAU_hls_3/MVAU_hls_3_memstream_wrapper.v" Line 32. Module MVAU_hls_3_memstream_wrapper(AXILITE_ADDR_WIDTH=12,SET_BITS=1) doesn't have a timescale but at least one module in design has a timescale.
WARNING: [XSIM 43-4099] "/home/neuralnetwork01/Schreibtisch/s7s/nn/task3/Task-3-data/FINN_TMP/vivado_stitch_proj_inb3tsok/ip/verilog/rtl_ops/MVAU_hls_3/memstream_axi.sv" Line 33. Module memstream_axi(SETS=32'b01,DEPTH=32'b01010000000,WIDTH=32'b01000,INIT_FILE="/home/neuralnetwork01/Schreibtisch/s7s/nn/task3/Task-3-data/FINN_TMP/code_gen_ipgen_MVAU_hls_3_lco0jixn/memblock.dat",PUMPED_MEMORY=1'b0) doesn't have a timescale but at least one module in design has a timescale.
WARNING: [XSIM 43-4099] "/home/neuralnetwork01/Schreibtisch/s7s/nn/task3/Task-3-data/FINN_TMP/vivado_stitch_proj_inb3tsok/ip/verilog/rtl_ops/MVAU_hls_3/axilite.sv" Line 32. Module axilite(ADDR_WIDTH=32'b01100,DATA_WIDTH=32'b0100000,IP_DATA_WIDTH=32'b01000) doesn't have a timescale but at least one module in design has a timescale.
WARNING: [XSIM 43-4099] "/home/neuralnetwork01/Schreibtisch/s7s/nn/task3/Task-3-data/FINN_TMP/vivado_stitch_proj_inb3tsok/ip/verilog/rtl_ops/MVAU_hls_3/memstream.sv" Line 33. Module memstream(SETS=32'b01,DEPTH=32'b01010000000,WIDTH=32'b01000,INIT_FILE="/home/neuralnetwork01/Schreibtisch/s7s/nn/task3/Task-3-data/FINN_TMP/code_gen_ipgen_MVAU_hls_3_lco0jixn/memblock.dat") doesn't have a timescale but at least one module in design has a timescale.
WARNING: [XSIM 43-4099] "/home/neuralnetwork01/Schreibtisch/s7s/nn/task3/Task-3-data/FINN_TMP/code_gen_ipgen_Reshape_rtl_0_5egyz7kg/Reshape_rtl_0.v" Line 32. Module Reshape_rtl_0(AXI_IBITS=8,AXI_OBITS=8) doesn't have a timescale but at least one module in design has a timescale.
INFO: [Common 17-14] Message 'XSIM 43-4099' appears 100 times and further instances of the messages will be disabled. Use the Tcl command set_msg_config to change the current settings.
Completed simulation data flow analysis
Time Resolution for simulation is 1ps
Compiling module work.glbl
Compiling module work.LabelSelect_hls_0_flow_control_l...
Compiling module work.LabelSelect_hls_0_LabelSelect_hl...
Compiling module work.LabelSelect_hls_0_regslice_both(...
Compiling module work.LabelSelect_hls_0
Compiling module work.finn_design_LabelSelect_hls_0_0
Compiling module work.MVAU_hls_0_Matrix_Vector_Activat...
Compiling module work.MVAU_hls_0_Matrix_Vector_Activat...
Compiling module work.MVAU_hls_0_sparsemux_57_5_28_1_1...
Compiling module work.MVAU_hls_0_flow_control_loop_pip...
Compiling module work.MVAU_hls_0_Matrix_Vector_Activat...
Compiling module work.MVAU_hls_0_regslice_both
Compiling module work.MVAU_hls_0_regslice_both(DataWid...
Compiling module work.MVAU_hls_0_regslice_both(DataWid...
Compiling module work.MVAU_hls_0
Compiling module work.finn_design_MVAU_hls_0_0
Compiling module work.axilite(ADDR_WIDTH=32'b01101,DAT...
Compiling module work.memstream(SETS=32'b01,DEPTH=32'b...
Compiling module work.memstream_axi(SETS=32'b01,DEPTH=...
Compiling module work.MVAU_hls_0_memstream_wrapper(AXI...
Compiling module work.finn_design_MVAU_hls_0_wstrm_0
Compiling module work.MVAU_hls_0_imp_7OH4JA
Compiling module work.MVAU_hls_1_Matrix_Vector_Activat...
Compiling module work.MVAU_hls_1_sparsemux_17_3_8_1_1(...
Compiling module work.MVAU_hls_1_flow_control_loop_pip...
Compiling module work.MVAU_hls_1_Matrix_Vector_Activat...
Compiling module work.MVAU_hls_1_regslice_both(DataWid...
Compiling module work.MVAU_hls_1
Compiling module work.finn_design_MVAU_hls_1_0
Compiling module work.axilite(ADDR_WIDTH=32'b01011,DAT...
Compiling module work.memstream(SETS=32'b01,DEPTH=32'b...
Compiling module work.memstream_axi(SETS=32'b01,DEPTH=...
Compiling module work.MVAU_hls_1_memstream_wrapper(AXI...
Compiling module work.finn_design_MVAU_hls_1_wstrm_0
Compiling module work.MVAU_hls_1_imp_ZIW0NT
Compiling module work.MVAU_hls_2_Matrix_Vector_Activat...
Compiling module work.MVAU_hls_2_sparsemux_17_3_8_1_1(...
Compiling module work.MVAU_hls_2_flow_control_loop_pip...
Compiling module work.MVAU_hls_2_Matrix_Vector_Activat...
Compiling module work.MVAU_hls_2_regslice_both(DataWid...
Compiling module work.MVAU_hls_2
Compiling module work.finn_design_MVAU_hls_2_0
Compiling module work.memstream(SETS=32'b01,DEPTH=32'b...
Compiling module work.memstream_axi(SETS=32'b01,DEPTH=...
Compiling module work.MVAU_hls_2_memstream_wrapper(AXI...
Compiling module work.finn_design_MVAU_hls_2_wstrm_0
Compiling module work.MVAU_hls_2_imp_1WP2WTL
Compiling module work.MVAU_hls_3_sparsemux_129_6_1_1_1...
Compiling module work.MVAU_hls_3_flow_control_loop_pip...
Compiling module work.MVAU_hls_3_regslice_both(DataWid...
Compiling module work.MVAU_hls_3
Compiling module work.finn_design_MVAU_hls_3_0
Compiling module work.axilite(ADDR_WIDTH=32'b01100,DAT...
Compiling module work.memstream(SETS=32'b01,DEPTH=32'b...
Compiling module work.memstream_axi(SETS=32'b01,DEPTH=...
Compiling module work.MVAU_hls_3_memstream_wrapper(AXI...
Compiling module work.finn_design_MVAU_hls_3_wstrm_0
Compiling module work.MVAU_hls_3_imp_U0RWZQ
Compiling module work.dwc(IBITS=32'b01000,OBITS=32'b01...
Compiling module work.dwc_axi(IBITS=32'b01000,OBITS=32...
Compiling module work.Reshape_rtl_0(AXI_IBITS=8,AXI_OB...
Compiling module work.dwc(IBITS=32'b01,OBITS=32'b01110...
Compiling module work.dwc_axi(IBITS=32'b01,OBITS=32'b0...
Compiling module work.StreamingDataWidthConverter_rtl_...
Compiling module work.dwc(IBITS=32'b010,OBITS=32'b0100...
Compiling module work.dwc_axi(IBITS=32'b010,OBITS=32'b...
Compiling module work.StreamingDataWidthConverter_rtl_...
Compiling module work.dwc(IBITS=32'b01,OBITS=32'b01000...
Compiling module work.dwc_axi(IBITS=32'b01,OBITS=32'b0...
Compiling module work.StreamingDataWidthConverter_rtl_...
Compiling module work.fifo_gauge(WIDTH=32'b01000,COUNT...
Compiling module work.StreamingFIFO_rtl_0
Compiling module work.finn_design_StreamingFIFO_rtl_0_...
Compiling module work.StreamingFIFO_rtl_1
Compiling module work.finn_design_StreamingFIFO_rtl_1_...
Compiling module work.StreamingFIFO_rtl_10
Compiling module work.finn_design_StreamingFIFO_rtl_10...
Compiling module work.StreamingFIFO_rtl_2
Compiling module work.finn_design_StreamingFIFO_rtl_2_...
Compiling module work.fifo_gauge(WIDTH=32'b0100000,COU...
Compiling module work.StreamingFIFO_rtl_3
Compiling module work.finn_design_StreamingFIFO_rtl_3_...
Compiling module work.StreamingFIFO_rtl_4
Compiling module work.finn_design_StreamingFIFO_rtl_4_...
Compiling module work.StreamingFIFO_rtl_5
Compiling module work.finn_design_StreamingFIFO_rtl_5_...
Compiling module work.StreamingFIFO_rtl_6
Compiling module work.finn_design_StreamingFIFO_rtl_6_...
Compiling module work.StreamingFIFO_rtl_7
Compiling module work.finn_design_StreamingFIFO_rtl_7_...
Compiling module work.fifo_gauge(WIDTH=32'b01000,COUNT...
Compiling module work.StreamingFIFO_rtl_8
Compiling module work.finn_design_StreamingFIFO_rtl_8_...
Compiling module work.StreamingFIFO_rtl_9
Compiling module work.finn_design_StreamingFIFO_rtl_9_...
Compiling module work.thresholding(K=32'b01001,N=32'b0...
Compiling module work.thresholding_axi(WI=32'b01000,WT...
Compiling module work.Thresholding_rtl_0
Compiling module work.finn_design_Thresholding_rtl_0_0
Compiling module work.finn_design
Compiling module work.finn_design_wrapper
Built XSI simulation shared library xsim.dir/finn_design_wrapper/xsimk.so
[2026-08-01 20:17:18,300]INFO:Running step: step_out_of_context_synthesis [17/20]
[2026-08-01 20:17:18,305]INFO:Running step: step_synthesize_bitfile [18/20]
[2026-08-01 20:17:18,339]WARNING:23 nodes have no entry in                the provided floorplan, SLR was set to -1
[2026-08-01 20:18:13,507]INFO:Using pre-existing code for StreamingDataflowPartition_1_StreamingFIFO_rtl_0
[2026-08-01 20:18:13,507]INFO:Using pre-existing code for StreamingDataflowPartition_1_Reshape_rtl_0
[2026-08-01 20:18:13,508]INFO:Using pre-existing code for StreamingDataflowPartition_1_StreamingFIFO_rtl_1
[2026-08-01 20:18:13,508]INFO:Using pre-existing code for StreamingDataflowPartition_1_Thresholding_rtl_0
[2026-08-01 20:18:13,509]INFO:Using pre-existing code for StreamingDataflowPartition_1_StreamingFIFO_rtl_2
[2026-08-01 20:18:13,509]INFO:Using pre-existing code for StreamingDataflowPartition_1_StreamingDataWidthConverter_rtl_0
[2026-08-01 20:18:13,510]INFO:Using pre-existing code for StreamingDataflowPartition_1_StreamingFIFO_rtl_3
[2026-08-01 20:18:13,510]INFO:Using pre-existing code for StreamingDataflowPartition_1_MVAU_hls_0
[2026-08-01 20:18:13,510]INFO:Using pre-existing code for StreamingDataflowPartition_1_StreamingFIFO_rtl_4
[2026-08-01 20:18:13,511]INFO:Using pre-existing code for StreamingDataflowPartition_1_StreamingDataWidthConverter_rtl_1
[2026-08-01 20:18:13,512]INFO:Using pre-existing code for StreamingDataflowPartition_1_StreamingFIFO_rtl_5
[2026-08-01 20:18:13,512]INFO:Using pre-existing code for StreamingDataflowPartition_1_MVAU_hls_1
[2026-08-01 20:18:13,512]INFO:Using pre-existing code for StreamingDataflowPartition_1_StreamingFIFO_rtl_6
[2026-08-01 20:18:13,513]INFO:Using pre-existing code for StreamingDataflowPartition_1_StreamingDataWidthConverter_rtl_2
[2026-08-01 20:18:13,513]INFO:Using pre-existing code for StreamingDataflowPartition_1_StreamingFIFO_rtl_7
[2026-08-01 20:18:13,513]INFO:Using pre-existing code for StreamingDataflowPartition_1_MVAU_hls_2
[2026-08-01 20:18:13,513]INFO:Using pre-existing code for StreamingDataflowPartition_1_StreamingFIFO_rtl_8
[2026-08-01 20:18:13,513]INFO:Using pre-existing code for StreamingDataflowPartition_1_MVAU_hls_3
[2026-08-01 20:18:13,514]INFO:Using pre-existing code for StreamingDataflowPartition_1_StreamingFIFO_rtl_9
[2026-08-01 20:18:13,514]INFO:Using pre-existing code for StreamingDataflowPartition_1_LabelSelect_hls_0
[2026-08-01 20:18:13,515]INFO:Using pre-existing code for StreamingDataflowPartition_1_StreamingFIFO_rtl_10
[2026-08-01 20:18:13,557]INFO:Using pre-existing IP for StreamingDataflowPartition_1_LabelSelect_hls_0
[2026-08-01 20:18:13,558]INFO:Using pre-existing IP for StreamingDataflowPartition_1_MVAU_hls_3
[2026-08-01 20:18:13,559]INFO:Using pre-existing IP for StreamingDataflowPartition_1_MVAU_hls_2
[2026-08-01 20:18:13,560]INFO:Using pre-existing IP for StreamingDataflowPartition_1_MVAU_hls_1
[2026-08-01 20:18:13,560]INFO:Using pre-existing IP for StreamingDataflowPartition_1_MVAU_hls_0
[2026-08-01 20:26:15,596]INFO:Bitfile written into /home/neuralnetwork01/Schreibtisch/s7s/nn/task3/Task-3-data/output_auto/bitfile
[2026-08-01 20:26:15,599]INFO:Running step: step_make_driver [19/20]
[2026-08-01 20:26:15,772]INFO:PYNQ Python driver written into /home/neuralnetwork01/Schreibtisch/s7s/nn/task3/Task-3-data/output_auto/driver
[2026-08-01 20:26:15,776]INFO:Running step: step_deployment_package [20/20]
