Copyright 1986-2022 Xilinx, Inc. All Rights Reserved. Copyright 2022-2023 Advanced Micro Devices, Inc. All Rights Reserved.
------------------------------------------------------------------------------------------------------------------------------------------------------------------------------------------------------------------------------
| Tool Version : Vivado v.2023.2 (lin64) Build 4029153 Fri Oct 13 20:13:54 MDT 2023
| Date         : Sun Aug  2 15:09:09 2026
| Host         : i83labpc01 running 64-bit Ubuntu 24.04.4 LTS
| Command      : report_timing_summary -max_paths 10 -report_unconstrained -file top_wrapper_timing_summary_routed.rpt -pb top_wrapper_timing_summary_routed.pb -rpx top_wrapper_timing_summary_routed.rpx -warn_on_violation
| Design       : top_wrapper
| Device       : 7z020-clg400
| Speed File   : -1  PRODUCTION 1.12 2019-11-22
| Design State : Routed
------------------------------------------------------------------------------------------------------------------------------------------------------------------------------------------------------------------------------

Timing Summary Report

------------------------------------------------------------------------------------------------
| Timer Settings
| --------------
------------------------------------------------------------------------------------------------

  Enable Multi Corner Analysis               :  Yes
  Enable Pessimism Removal                   :  Yes
  Pessimism Removal Resolution               :  Nearest Common Node
  Enable Input Delay Default Clock           :  No
  Enable Preset / Clear Arcs                 :  No
  Disable Flight Delays                      :  No
  Ignore I/O Paths                           :  No
  Timing Early Launch at Borrowing Latches   :  No
  Borrow Time for Max Delay Exceptions       :  Yes
  Merge Timing Exceptions                    :  Yes
  Inter-SLR Compensation                     :  Conservative

  Corner  Analyze    Analyze    
  Name    Max Paths  Min Paths  
  ------  ---------  ---------  
  Slow    Yes        Yes        
  Fast    Yes        Yes        


------------------------------------------------------------------------------------------------
| Report Methodology
| ------------------
------------------------------------------------------------------------------------------------

No report available as report_methodology has not been run prior. Run report_methodology on the current design for the summary of methodology violations.



check_timing report

Table of Contents
-----------------
1. checking no_clock (0)
2. checking constant_clock (0)
3. checking pulse_width_clock (0)
4. checking unconstrained_internal_endpoints (0)
5. checking no_input_delay (0)
6. checking no_output_delay (0)
7. checking multiple_clock (0)
8. checking generated_clocks (0)
9. checking loops (0)
10. checking partial_input_delay (0)
11. checking partial_output_delay (0)
12. checking latch_loops (0)

1. checking no_clock (0)
------------------------
 There are 0 register/latch pins with no clock.


2. checking constant_clock (0)
------------------------------
 There are 0 register/latch pins with constant_clock.


3. checking pulse_width_clock (0)
---------------------------------
 There are 0 register/latch pins which need pulse_width check


4. checking unconstrained_internal_endpoints (0)
------------------------------------------------
 There are 0 pins that are not constrained for maximum delay.

 There are 0 pins that are not constrained for maximum delay due to constant clock.


5. checking no_input_delay (0)
------------------------------
 There are 0 input ports with no input delay specified.

 There are 0 input ports with no input delay but user has a false path constraint.


6. checking no_output_delay (0)
-------------------------------
 There are 0 ports with no output delay specified.

 There are 0 ports with no output delay but user has a false path constraint

 There are 0 ports with no output delay but with a timing clock defined on it or propagating through it


7. checking multiple_clock (0)
------------------------------
 There are 0 register/latch pins with multiple clocks.


8. checking generated_clocks (0)
--------------------------------
 There are 0 generated clocks that are not connected to a clock source.


9. checking loops (0)
---------------------
 There are 0 combinational loops in the design.


10. checking partial_input_delay (0)
------------------------------------
 There are 0 input ports with partial input delay specified.


11. checking partial_output_delay (0)
-------------------------------------
 There are 0 ports with partial output delay specified.


12. checking latch_loops (0)
----------------------------
 There are 0 combinational latch loops in the design through latch input



------------------------------------------------------------------------------------------------
| Design Timing Summary
| ---------------------
------------------------------------------------------------------------------------------------

    WNS(ns)      TNS(ns)  TNS Failing Endpoints  TNS Total Endpoints      WHS(ns)      THS(ns)  THS Failing Endpoints  THS Total Endpoints     WPWS(ns)     TPWS(ns)  TPWS Failing Endpoints  TPWS Total Endpoints  
    -------      -------  ---------------------  -------------------      -------      -------  ---------------------  -------------------     --------     --------  ----------------------  --------------------  
      0.241        0.000                      0               115040        0.014        0.000                      0               115040        3.750        0.000                       0                 55621  


All user specified timing constraints are met.


------------------------------------------------------------------------------------------------
| Clock Summary
| -------------
------------------------------------------------------------------------------------------------

Clock       Waveform(ns)       Period(ns)      Frequency(MHz)
-----       ------------       ----------      --------------
clk_fpga_0  {0.000 5.000}      10.000          100.000         


------------------------------------------------------------------------------------------------
| Intra Clock Table
| -----------------
------------------------------------------------------------------------------------------------

Clock             WNS(ns)      TNS(ns)  TNS Failing Endpoints  TNS Total Endpoints      WHS(ns)      THS(ns)  THS Failing Endpoints  THS Total Endpoints     WPWS(ns)     TPWS(ns)  TPWS Failing Endpoints  TPWS Total Endpoints  
-----             -------      -------  ---------------------  -------------------      -------      -------  ---------------------  -------------------     --------     --------  ----------------------  --------------------  
clk_fpga_0          0.241        0.000                      0               115040        0.014        0.000                      0               115040        3.750        0.000                       0                 55621  


------------------------------------------------------------------------------------------------
| Inter Clock Table
| -----------------
------------------------------------------------------------------------------------------------

From Clock    To Clock          WNS(ns)      TNS(ns)  TNS Failing Endpoints  TNS Total Endpoints      WHS(ns)      THS(ns)  THS Failing Endpoints  THS Total Endpoints  
----------    --------          -------      -------  ---------------------  -------------------      -------      -------  ---------------------  -------------------  


------------------------------------------------------------------------------------------------
| Other Path Groups Table
| -----------------------
------------------------------------------------------------------------------------------------

Path Group    From Clock    To Clock          WNS(ns)      TNS(ns)  TNS Failing Endpoints  TNS Total Endpoints      WHS(ns)      THS(ns)  THS Failing Endpoints  THS Total Endpoints  
----------    ----------    --------          -------      -------  ---------------------  -------------------      -------      -------  ---------------------  -------------------  


------------------------------------------------------------------------------------------------
| User Ignored Path Table
| -----------------------
------------------------------------------------------------------------------------------------

Path Group    From Clock    To Clock    
----------    ----------    --------    
(none)                      clk_fpga_0    
(none)        clk_fpga_0    clk_fpga_0    


------------------------------------------------------------------------------------------------
| Unconstrained Path Table
| ------------------------
------------------------------------------------------------------------------------------------

Path Group    From Clock    To Clock    
----------    ----------    --------    


------------------------------------------------------------------------------------------------
| Timing Details
| --------------
------------------------------------------------------------------------------------------------


---------------------------------------------------------------------------------------------------
From Clock:  clk_fpga_0
  To Clock:  clk_fpga_0

Setup :            0  Failing Endpoints,  Worst Slack        0.241ns,  Total Violation        0.000ns
Hold  :            0  Failing Endpoints,  Worst Slack        0.014ns,  Total Violation        0.000ns
PW    :            0  Failing Endpoints,  Worst Slack        3.750ns,  Total Violation        0.000ns
---------------------------------------------------------------------------------------------------


Max Delay Paths
--------------------------------------------------------------------------------------
Slack (MET) :             0.241ns  (required time - arrival time)
  Source:                 top_i/StreamingDataflowPartition_1/inst/StreamingDataflowPartition_1_MVAU_hls_0/StreamingDataflowPartition_1_MVAU_hls_0/inst/grp_Matrix_Vector_Activate_Stream_Batch_fu_30/add_ln169_1338_reg_128668_reg[1]/C
                            (rising edge-triggered cell FDRE clocked by clk_fpga_0  {rise@0.000ns fall@5.000ns period=10.000ns})
  Destination:            top_i/StreamingDataflowPartition_1/inst/StreamingDataflowPartition_1_MVAU_hls_0/StreamingDataflowPartition_1_MVAU_hls_0/inst/grp_Matrix_Vector_Activate_Stream_Batch_fu_30/accu_75_reg_133168_reg[9]/D
                            (rising edge-triggered cell FDRE clocked by clk_fpga_0  {rise@0.000ns fall@5.000ns period=10.000ns})
  Path Group:             clk_fpga_0
  Path Type:              Setup (Max at Slow Process Corner)
  Requirement:            10.000ns  (clk_fpga_0 rise@10.000ns - clk_fpga_0 rise@0.000ns)
  Data Path Delay:        9.225ns  (logic 2.575ns (27.912%)  route 6.650ns (72.088%))
  Logic Levels:           8  (CARRY4=2 LUT3=2 LUT5=1 LUT6=3)
  Clock Path Skew:        -0.138ns (DCD - SCD + CPR)
    Destination Clock Delay (DCD):    2.730ns = ( 12.730 - 10.000 ) 
    Source Clock Delay      (SCD):    3.098ns
    Clock Pessimism Removal (CPR):    0.230ns
  Clock Uncertainty:      0.154ns  ((TSJ^2 + TIJ^2)^1/2 + DJ) / 2 + PE
    Total System Jitter     (TSJ):    0.071ns
    Total Input Jitter      (TIJ):    0.300ns
    Discrete Jitter          (DJ):    0.000ns
    Phase Error              (PE):    0.000ns

    Location             Delay type                Incr(ns)  Path(ns)    Netlist Resource(s)
  -------------------------------------------------------------------    -------------------
                         (clock clk_fpga_0 rise edge)
                                                      0.000     0.000 r  
    PS7_X0Y0             PS7                          0.000     0.000 r  top_i/zynq_ps/inst/PS7_i/FCLKCLK[0]
                         net (fo=1, routed)           1.193     1.193    top_i/zynq_ps/inst/FCLK_CLK_unbuffered[0]
    BUFGCTRL_X0Y16       BUFG (Prop_bufg_I_O)         0.101     1.294 r  top_i/zynq_ps/inst/buffer_fclk_clk_0.FCLK_CLK_0_BUFG/O
                         net (fo=55622, routed)       1.804     3.098    top_i/StreamingDataflowPartition_1/inst/StreamingDataflowPartition_1_MVAU_hls_0/StreamingDataflowPartition_1_MVAU_hls_0/inst/grp_Matrix_Vector_Activate_Stream_Batch_fu_30/ap_clk
    SLICE_X102Y1         FDRE                                         r  top_i/StreamingDataflowPartition_1/inst/StreamingDataflowPartition_1_MVAU_hls_0/StreamingDataflowPartition_1_MVAU_hls_0/inst/grp_Matrix_Vector_Activate_Stream_Batch_fu_30/add_ln169_1338_reg_128668_reg[1]/C
  -------------------------------------------------------------------    -------------------
    SLICE_X102Y1         FDRE (Prop_fdre_C_Q)         0.518     3.616 r  top_i/StreamingDataflowPartition_1/inst/StreamingDataflowPartition_1_MVAU_hls_0/StreamingDataflowPartition_1_MVAU_hls_0/inst/grp_Matrix_Vector_Activate_Stream_Batch_fu_30/add_ln169_1338_reg_128668_reg[1]/Q
                         net (fo=4, routed)           1.039     4.655    top_i/StreamingDataflowPartition_1/inst/StreamingDataflowPartition_1_MVAU_hls_0/StreamingDataflowPartition_1_MVAU_hls_0/inst/grp_Matrix_Vector_Activate_Stream_Batch_fu_30/add_ln169_1338_reg_128668[1]
    SLICE_X102Y2         LUT6 (Prop_lut6_I5_O)        0.124     4.779 r  top_i/StreamingDataflowPartition_1/inst/StreamingDataflowPartition_1_MVAU_hls_0/StreamingDataflowPartition_1_MVAU_hls_0/inst/grp_Matrix_Vector_Activate_Stream_Batch_fu_30/accu_11_fu_7384[7]_i_84/O
                         net (fo=2, routed)           0.823     5.602    top_i/StreamingDataflowPartition_1/inst/StreamingDataflowPartition_1_MVAU_hls_0/StreamingDataflowPartition_1_MVAU_hls_0/inst/grp_Matrix_Vector_Activate_Stream_Batch_fu_30/zext_ln169_933_fu_115054_p1[1]
    SLICE_X102Y4         LUT3 (Prop_lut3_I0_O)        0.150     5.752 r  top_i/StreamingDataflowPartition_1/inst/StreamingDataflowPartition_1_MVAU_hls_0/StreamingDataflowPartition_1_MVAU_hls_0/inst/grp_Matrix_Vector_Activate_Stream_Batch_fu_30/accu_11_fu_7384[7]_i_79/O
                         net (fo=2, routed)           0.593     6.345    top_i/StreamingDataflowPartition_1/inst/StreamingDataflowPartition_1_MVAU_hls_0/StreamingDataflowPartition_1_MVAU_hls_0/inst/grp_Matrix_Vector_Activate_Stream_Batch_fu_30/accu_11_fu_7384[7]_i_79_n_3
    SLICE_X103Y4         LUT6 (Prop_lut6_I0_O)        0.328     6.673 r  top_i/StreamingDataflowPartition_1/inst/StreamingDataflowPartition_1_MVAU_hls_0/StreamingDataflowPartition_1_MVAU_hls_0/inst/grp_Matrix_Vector_Activate_Stream_Batch_fu_30/accu_11_fu_7384[7]_i_50/O
                         net (fo=5, routed)           0.797     7.470    top_i/StreamingDataflowPartition_1/inst/StreamingDataflowPartition_1_MVAU_hls_0/StreamingDataflowPartition_1_MVAU_hls_0/inst/grp_Matrix_Vector_Activate_Stream_Batch_fu_30/accu_11_fu_7384[7]_i_50_n_3
    SLICE_X103Y5         LUT5 (Prop_lut5_I2_O)        0.150     7.620 r  top_i/StreamingDataflowPartition_1/inst/StreamingDataflowPartition_1_MVAU_hls_0/StreamingDataflowPartition_1_MVAU_hls_0/inst/grp_Matrix_Vector_Activate_Stream_Batch_fu_30/accu_11_fu_7384[7]_i_36/O
                         net (fo=2, routed)           1.191     8.811    top_i/StreamingDataflowPartition_1/inst/StreamingDataflowPartition_1_MVAU_hls_0/StreamingDataflowPartition_1_MVAU_hls_0/inst/grp_Matrix_Vector_Activate_Stream_Batch_fu_30/accu_11_fu_7384[7]_i_36_n_3
    SLICE_X93Y6          LUT6 (Prop_lut6_I3_O)        0.326     9.137 r  top_i/StreamingDataflowPartition_1/inst/StreamingDataflowPartition_1_MVAU_hls_0/StreamingDataflowPartition_1_MVAU_hls_0/inst/grp_Matrix_Vector_Activate_Stream_Batch_fu_30/accu_11_fu_7384[7]_i_13/O
                         net (fo=2, routed)           1.399    10.536    top_i/StreamingDataflowPartition_1/inst/StreamingDataflowPartition_1_MVAU_hls_0/StreamingDataflowPartition_1_MVAU_hls_0/inst/grp_Matrix_Vector_Activate_Stream_Batch_fu_30/accu_11_fu_7384[7]_i_13_n_3
    SLICE_X59Y7          LUT3 (Prop_lut3_I1_O)        0.124    10.660 r  top_i/StreamingDataflowPartition_1/inst/StreamingDataflowPartition_1_MVAU_hls_0/StreamingDataflowPartition_1_MVAU_hls_0/inst/grp_Matrix_Vector_Activate_Stream_Batch_fu_30/accu_11_fu_7384[7]_i_3/O
                         net (fo=1, routed)           0.474    11.134    top_i/StreamingDataflowPartition_1/inst/StreamingDataflowPartition_1_MVAU_hls_0/StreamingDataflowPartition_1_MVAU_hls_0/inst/grp_Matrix_Vector_Activate_Stream_Batch_fu_30/accu_11_fu_7384[7]_i_3_n_3
    SLICE_X59Y9          CARRY4 (Prop_carry4_DI[1]_CO[3])
                                                      0.507    11.641 r  top_i/StreamingDataflowPartition_1/inst/StreamingDataflowPartition_1_MVAU_hls_0/StreamingDataflowPartition_1_MVAU_hls_0/inst/grp_Matrix_Vector_Activate_Stream_Batch_fu_30/accu_11_fu_7384_reg[7]_i_1/CO[3]
                         net (fo=1, routed)           0.000    11.641    top_i/StreamingDataflowPartition_1/inst/StreamingDataflowPartition_1_MVAU_hls_0/StreamingDataflowPartition_1_MVAU_hls_0/inst/grp_Matrix_Vector_Activate_Stream_Batch_fu_30/accu_11_fu_7384_reg[7]_i_1_n_3
    SLICE_X59Y10         CARRY4 (Prop_carry4_CI_O[1])
                                                      0.348    11.989 r  top_i/StreamingDataflowPartition_1/inst/StreamingDataflowPartition_1_MVAU_hls_0/StreamingDataflowPartition_1_MVAU_hls_0/inst/grp_Matrix_Vector_Activate_Stream_Batch_fu_30/accu_11_fu_7384_reg[9]_i_1/O[1]
                         net (fo=2, routed)           0.335    12.323    top_i/StreamingDataflowPartition_1/inst/StreamingDataflowPartition_1_MVAU_hls_0/StreamingDataflowPartition_1_MVAU_hls_0/inst/grp_Matrix_Vector_Activate_Stream_Batch_fu_30/accu_75_fu_115078_p2[9]
    SLICE_X59Y11         FDRE                                         r  top_i/StreamingDataflowPartition_1/inst/StreamingDataflowPartition_1_MVAU_hls_0/StreamingDataflowPartition_1_MVAU_hls_0/inst/grp_Matrix_Vector_Activate_Stream_Batch_fu_30/accu_75_reg_133168_reg[9]/D
  -------------------------------------------------------------------    -------------------

                         (clock clk_fpga_0 rise edge)
                                                     10.000    10.000 r  
    PS7_X0Y0             PS7                          0.000    10.000 r  top_i/zynq_ps/inst/PS7_i/FCLKCLK[0]
                         net (fo=1, routed)           1.088    11.088    top_i/zynq_ps/inst/FCLK_CLK_unbuffered[0]
    BUFGCTRL_X0Y16       BUFG (Prop_bufg_I_O)         0.091    11.179 r  top_i/zynq_ps/inst/buffer_fclk_clk_0.FCLK_CLK_0_BUFG/O
                         net (fo=55622, routed)       1.551    12.731    top_i/StreamingDataflowPartition_1/inst/StreamingDataflowPartition_1_MVAU_hls_0/StreamingDataflowPartition_1_MVAU_hls_0/inst/grp_Matrix_Vector_Activate_Stream_Batch_fu_30/ap_clk
    SLICE_X59Y11         FDRE                                         r  top_i/StreamingDataflowPartition_1/inst/StreamingDataflowPartition_1_MVAU_hls_0/StreamingDataflowPartition_1_MVAU_hls_0/inst/grp_Matrix_Vector_Activate_Stream_Batch_fu_30/accu_75_reg_133168_reg[9]/C
                         clock pessimism              0.230    12.960    
                         clock uncertainty           -0.154    12.806    
    SLICE_X59Y11         FDRE (Setup_fdre_C_D)       -0.241    12.565    top_i/StreamingDataflowPartition_1/inst/StreamingDataflowPartition_1_MVAU_hls_0/StreamingDataflowPartition_1_MVAU_hls_0/inst/grp_Matrix_Vector_Activate_Stream_Batch_fu_30/accu_75_reg_133168_reg[9]
  -------------------------------------------------------------------
                         required time                         12.565    
                         arrival time                         -12.323    
  -------------------------------------------------------------------
                         slack                                  0.241    

Slack (MET) :             0.300ns  (required time - arrival time)
  Source:                 top_i/StreamingDataflowPartition_1/inst/StreamingDataflowPartition_1_MVAU_hls_0/StreamingDataflowPartition_1_MVAU_hls_0_wstrm/inst/core/genUnpumped.mem/genSingleSet.Ptr_reg[0]/C
                            (rising edge-triggered cell FDRE clocked by clk_fpga_0  {rise@0.000ns fall@5.000ns period=10.000ns})
  Destination:            top_i/StreamingDataflowPartition_1/inst/StreamingDataflowPartition_1_MVAU_hls_0/StreamingDataflowPartition_1_MVAU_hls_0_wstrm/inst/core/genUnpumped.mem/blkMem.Mem_reg_7/ADDRBWRADDR[5]
                            (rising edge-triggered cell RAMB36E1 clocked by clk_fpga_0  {rise@0.000ns fall@5.000ns period=10.000ns})
  Path Group:             clk_fpga_0
  Path Type:              Setup (Max at Slow Process Corner)
  Requirement:            10.000ns  (clk_fpga_0 rise@10.000ns - clk_fpga_0 rise@0.000ns)
  Data Path Delay:        8.813ns  (logic 0.456ns (5.174%)  route 8.357ns (94.826%))
  Logic Levels:           0  
  Clock Path Skew:        -0.167ns (DCD - SCD + CPR)
    Destination Clock Delay (DCD):    2.796ns = ( 12.796 - 10.000 ) 
    Source Clock Delay      (SCD):    3.092ns
    Clock Pessimism Removal (CPR):    0.129ns
  Clock Uncertainty:      0.154ns  ((TSJ^2 + TIJ^2)^1/2 + DJ) / 2 + PE
    Total System Jitter     (TSJ):    0.071ns
    Total Input Jitter      (TIJ):    0.300ns
    Discrete Jitter          (DJ):    0.000ns
    Phase Error              (PE):    0.000ns

    Location             Delay type                Incr(ns)  Path(ns)    Netlist Resource(s)
  -------------------------------------------------------------------    -------------------
                         (clock clk_fpga_0 rise edge)
                                                      0.000     0.000 r  
    PS7_X0Y0             PS7                          0.000     0.000 r  top_i/zynq_ps/inst/PS7_i/FCLKCLK[0]
                         net (fo=1, routed)           1.193     1.193    top_i/zynq_ps/inst/FCLK_CLK_unbuffered[0]
    BUFGCTRL_X0Y16       BUFG (Prop_bufg_I_O)         0.101     1.294 r  top_i/zynq_ps/inst/buffer_fclk_clk_0.FCLK_CLK_0_BUFG/O
                         net (fo=55622, routed)       1.798     3.092    top_i/StreamingDataflowPartition_1/inst/StreamingDataflowPartition_1_MVAU_hls_0/StreamingDataflowPartition_1_MVAU_hls_0_wstrm/inst/core/genUnpumped.mem/ap_clk
    SLICE_X93Y10         FDRE                                         r  top_i/StreamingDataflowPartition_1/inst/StreamingDataflowPartition_1_MVAU_hls_0/StreamingDataflowPartition_1_MVAU_hls_0_wstrm/inst/core/genUnpumped.mem/genSingleSet.Ptr_reg[0]/C
  -------------------------------------------------------------------    -------------------
    SLICE_X93Y10         FDRE (Prop_fdre_C_Q)         0.456     3.548 r  top_i/StreamingDataflowPartition_1/inst/StreamingDataflowPartition_1_MVAU_hls_0/StreamingDataflowPartition_1_MVAU_hls_0_wstrm/inst/core/genUnpumped.mem/genSingleSet.Ptr_reg[0]/Q
                         net (fo=71, routed)          8.357    11.905    top_i/StreamingDataflowPartition_1/inst/StreamingDataflowPartition_1_MVAU_hls_0/StreamingDataflowPartition_1_MVAU_hls_0_wstrm/inst/core/genUnpumped.mem/genSingleSet.Ptr_reg_n_3_[0]
    RAMB36_X0Y1          RAMB36E1                                     r  top_i/StreamingDataflowPartition_1/inst/StreamingDataflowPartition_1_MVAU_hls_0/StreamingDataflowPartition_1_MVAU_hls_0_wstrm/inst/core/genUnpumped.mem/blkMem.Mem_reg_7/ADDRBWRADDR[5]
  -------------------------------------------------------------------    -------------------

                         (clock clk_fpga_0 rise edge)
                                                     10.000    10.000 r  
    PS7_X0Y0             PS7                          0.000    10.000 r  top_i/zynq_ps/inst/PS7_i/FCLKCLK[0]
                         net (fo=1, routed)           1.088    11.088    top_i/zynq_ps/inst/FCLK_CLK_unbuffered[0]
    BUFGCTRL_X0Y16       BUFG (Prop_bufg_I_O)         0.091    11.179 r  top_i/zynq_ps/inst/buffer_fclk_clk_0.FCLK_CLK_0_BUFG/O
                         net (fo=55622, routed)       1.617    12.796    top_i/StreamingDataflowPartition_1/inst/StreamingDataflowPartition_1_MVAU_hls_0/StreamingDataflowPartition_1_MVAU_hls_0_wstrm/inst/core/genUnpumped.mem/ap_clk
    RAMB36_X0Y1          RAMB36E1                                     r  top_i/StreamingDataflowPartition_1/inst/StreamingDataflowPartition_1_MVAU_hls_0/StreamingDataflowPartition_1_MVAU_hls_0_wstrm/inst/core/genUnpumped.mem/blkMem.Mem_reg_7/CLKBWRCLK
                         clock pessimism              0.129    12.925    
                         clock uncertainty           -0.154    12.771    
    RAMB36_X0Y1          RAMB36E1 (Setup_ramb36e1_CLKBWRCLK_ADDRBWRADDR[5])
                                                     -0.566    12.205    top_i/StreamingDataflowPartition_1/inst/StreamingDataflowPartition_1_MVAU_hls_0/StreamingDataflowPartition_1_MVAU_hls_0_wstrm/inst/core/genUnpumped.mem/blkMem.Mem_reg_7
  -------------------------------------------------------------------
                         required time                         12.205    
                         arrival time                         -11.905    
  -------------------------------------------------------------------
                         slack                                  0.300    

Slack (MET) :             0.313ns  (required time - arrival time)
  Source:                 top_i/StreamingDataflowPartition_1/inst/StreamingDataflowPartition_1_MVAU_hls_0/StreamingDataflowPartition_1_MVAU_hls_0/inst/grp_Matrix_Vector_Activate_Stream_Batch_fu_30/icmp_ln272_reg_125997_reg[0]/C
                            (rising edge-triggered cell FDRE clocked by clk_fpga_0  {rise@0.000ns fall@5.000ns period=10.000ns})
  Destination:            top_i/StreamingDataflowPartition_1/inst/StreamingDataflowPartition_1_MVAU_hls_0/StreamingDataflowPartition_1_MVAU_hls_0/inst/grp_Matrix_Vector_Activate_Stream_Batch_fu_30/accu_86_reg_133223_reg[9]/D
                            (rising edge-triggered cell FDRE clocked by clk_fpga_0  {rise@0.000ns fall@5.000ns period=10.000ns})
  Path Group:             clk_fpga_0
  Path Type:              Setup (Max at Slow Process Corner)
  Requirement:            10.000ns  (clk_fpga_0 rise@10.000ns - clk_fpga_0 rise@0.000ns)
  Data Path Delay:        9.228ns  (logic 3.508ns (38.014%)  route 5.720ns (61.986%))
  Logic Levels:           10  (CARRY4=5 LUT3=2 LUT5=1 LUT6=2)
  Clock Path Skew:        -0.061ns (DCD - SCD + CPR)
    Destination Clock Delay (DCD):    2.747ns = ( 12.747 - 10.000 ) 
    Source Clock Delay      (SCD):    2.937ns
    Clock Pessimism Removal (CPR):    0.129ns
  Clock Uncertainty:      0.154ns  ((TSJ^2 + TIJ^2)^1/2 + DJ) / 2 + PE
    Total System Jitter     (TSJ):    0.071ns
    Total Input Jitter      (TIJ):    0.300ns
    Discrete Jitter          (DJ):    0.000ns
    Phase Error              (PE):    0.000ns

    Location             Delay type                Incr(ns)  Path(ns)    Netlist Resource(s)
  -------------------------------------------------------------------    -------------------
                         (clock clk_fpga_0 rise edge)
                                                      0.000     0.000 r  
    PS7_X0Y0             PS7                          0.000     0.000 r  top_i/zynq_ps/inst/PS7_i/FCLKCLK[0]
                         net (fo=1, routed)           1.193     1.193    top_i/zynq_ps/inst/FCLK_CLK_unbuffered[0]
    BUFGCTRL_X0Y16       BUFG (Prop_bufg_I_O)         0.101     1.294 r  top_i/zynq_ps/inst/buffer_fclk_clk_0.FCLK_CLK_0_BUFG/O
                         net (fo=55622, routed)       1.643     2.937    top_i/StreamingDataflowPartition_1/inst/StreamingDataflowPartition_1_MVAU_hls_0/StreamingDataflowPartition_1_MVAU_hls_0/inst/grp_Matrix_Vector_Activate_Stream_Batch_fu_30/ap_clk
    SLICE_X51Y29         FDRE                                         r  top_i/StreamingDataflowPartition_1/inst/StreamingDataflowPartition_1_MVAU_hls_0/StreamingDataflowPartition_1_MVAU_hls_0/inst/grp_Matrix_Vector_Activate_Stream_Batch_fu_30/icmp_ln272_reg_125997_reg[0]/C
  -------------------------------------------------------------------    -------------------
    SLICE_X51Y29         FDRE (Prop_fdre_C_Q)         0.419     3.356 f  top_i/StreamingDataflowPartition_1/inst/StreamingDataflowPartition_1_MVAU_hls_0/StreamingDataflowPartition_1_MVAU_hls_0/inst/grp_Matrix_Vector_Activate_Stream_Batch_fu_30/icmp_ln272_reg_125997_reg[0]/Q
                         net (fo=134, routed)         1.900     5.256    top_i/StreamingDataflowPartition_1/inst/StreamingDataflowPartition_1_MVAU_hls_0/StreamingDataflowPartition_1_MVAU_hls_0/inst/grp_Matrix_Vector_Activate_Stream_Batch_fu_30/icmp_ln272_reg_125997_reg_n_3_[0]
    SLICE_X21Y29         LUT6 (Prop_lut6_I4_O)        0.299     5.555 r  top_i/StreamingDataflowPartition_1/inst/StreamingDataflowPartition_1_MVAU_hls_0/StreamingDataflowPartition_1_MVAU_hls_0/inst/grp_Matrix_Vector_Activate_Stream_Batch_fu_30/accu_22_fu_7428[7]_i_62/O
                         net (fo=2, routed)           0.418     5.973    top_i/StreamingDataflowPartition_1/inst/StreamingDataflowPartition_1_MVAU_hls_0/StreamingDataflowPartition_1_MVAU_hls_0/inst/grp_Matrix_Vector_Activate_Stream_Batch_fu_30/accu_22_fu_7428[7]_i_62_n_3
    SLICE_X21Y30         LUT5 (Prop_lut5_I4_O)        0.124     6.097 r  top_i/StreamingDataflowPartition_1/inst/StreamingDataflowPartition_1_MVAU_hls_0/StreamingDataflowPartition_1_MVAU_hls_0/inst/grp_Matrix_Vector_Activate_Stream_Batch_fu_30/accu_22_fu_7428[7]_i_65/O
                         net (fo=1, routed)           0.000     6.097    top_i/StreamingDataflowPartition_1/inst/StreamingDataflowPartition_1_MVAU_hls_0/StreamingDataflowPartition_1_MVAU_hls_0/inst/grp_Matrix_Vector_Activate_Stream_Batch_fu_30/accu_22_fu_7428[7]_i_65_n_3
    SLICE_X21Y30         CARRY4 (Prop_carry4_S[1]_O[1])
                                                      0.227     6.324 r  top_i/StreamingDataflowPartition_1/inst/StreamingDataflowPartition_1_MVAU_hls_0/StreamingDataflowPartition_1_MVAU_hls_0/inst/grp_Matrix_Vector_Activate_Stream_Batch_fu_30/accu_22_fu_7428_reg[7]_i_27/O[1]
                         net (fo=2, routed)           0.950     7.274    top_i/StreamingDataflowPartition_1/inst/StreamingDataflowPartition_1_MVAU_hls_0/StreamingDataflowPartition_1_MVAU_hls_0/inst/grp_Matrix_Vector_Activate_Stream_Batch_fu_30/accu_22_fu_7428_reg[7]_i_27_n_9
    SLICE_X19Y30         LUT3 (Prop_lut3_I0_O)        0.331     7.605 r  top_i/StreamingDataflowPartition_1/inst/StreamingDataflowPartition_1_MVAU_hls_0/StreamingDataflowPartition_1_MVAU_hls_0/inst/grp_Matrix_Vector_Activate_Stream_Batch_fu_30/accu_22_fu_7428[7]_i_21/O
                         net (fo=2, routed)           0.826     8.431    top_i/StreamingDataflowPartition_1/inst/StreamingDataflowPartition_1_MVAU_hls_0/StreamingDataflowPartition_1_MVAU_hls_0/inst/grp_Matrix_Vector_Activate_Stream_Batch_fu_30/accu_22_fu_7428[7]_i_21_n_3
    SLICE_X19Y30         LUT6 (Prop_lut6_I3_O)        0.332     8.763 r  top_i/StreamingDataflowPartition_1/inst/StreamingDataflowPartition_1_MVAU_hls_0/StreamingDataflowPartition_1_MVAU_hls_0/inst/grp_Matrix_Vector_Activate_Stream_Batch_fu_30/accu_22_fu_7428[7]_i_24/O
                         net (fo=1, routed)           0.000     8.763    top_i/StreamingDataflowPartition_1/inst/StreamingDataflowPartition_1_MVAU_hls_0/StreamingDataflowPartition_1_MVAU_hls_0/inst/grp_Matrix_Vector_Activate_Stream_Batch_fu_30/accu_22_fu_7428[7]_i_24_n_3
    SLICE_X19Y30         CARRY4 (Prop_carry4_S[2]_CO[3])
                                                      0.398     9.161 r  top_i/StreamingDataflowPartition_1/inst/StreamingDataflowPartition_1_MVAU_hls_0/StreamingDataflowPartition_1_MVAU_hls_0/inst/grp_Matrix_Vector_Activate_Stream_Batch_fu_30/accu_22_fu_7428_reg[7]_i_8/CO[3]
                         net (fo=1, routed)           0.000     9.161    top_i/StreamingDataflowPartition_1/inst/StreamingDataflowPartition_1_MVAU_hls_0/StreamingDataflowPartition_1_MVAU_hls_0/inst/grp_Matrix_Vector_Activate_Stream_Batch_fu_30/accu_22_fu_7428_reg[7]_i_8_n_3
    SLICE_X19Y31         CARRY4 (Prop_carry4_CI_O[0])
                                                      0.222     9.383 r  top_i/StreamingDataflowPartition_1/inst/StreamingDataflowPartition_1_MVAU_hls_0/StreamingDataflowPartition_1_MVAU_hls_0/inst/grp_Matrix_Vector_Activate_Stream_Batch_fu_30/accu_22_fu_7428_reg[7]_i_2/O[0]
                         net (fo=3, routed)           0.742    10.125    top_i/StreamingDataflowPartition_1/inst/StreamingDataflowPartition_1_MVAU_hls_0/StreamingDataflowPartition_1_MVAU_hls_0/inst/grp_Matrix_Vector_Activate_Stream_Batch_fu_30/accu_22_fu_7428_reg[7]_i_2_n_10
    SLICE_X23Y31         LUT3 (Prop_lut3_I0_O)        0.299    10.424 r  top_i/StreamingDataflowPartition_1/inst/StreamingDataflowPartition_1_MVAU_hls_0/StreamingDataflowPartition_1_MVAU_hls_0/inst/grp_Matrix_Vector_Activate_Stream_Batch_fu_30/accu_22_fu_7428[7]_i_3/O
                         net (fo=1, routed)           0.339    10.763    top_i/StreamingDataflowPartition_1/inst/StreamingDataflowPartition_1_MVAU_hls_0/StreamingDataflowPartition_1_MVAU_hls_0/inst/grp_Matrix_Vector_Activate_Stream_Batch_fu_30/accu_22_fu_7428[7]_i_3_n_3
    SLICE_X20Y31         CARRY4 (Prop_carry4_DI[1]_CO[3])
                                                      0.520    11.283 r  top_i/StreamingDataflowPartition_1/inst/StreamingDataflowPartition_1_MVAU_hls_0/StreamingDataflowPartition_1_MVAU_hls_0/inst/grp_Matrix_Vector_Activate_Stream_Batch_fu_30/accu_22_fu_7428_reg[7]_i_1/CO[3]
                         net (fo=1, routed)           0.000    11.283    top_i/StreamingDataflowPartition_1/inst/StreamingDataflowPartition_1_MVAU_hls_0/StreamingDataflowPartition_1_MVAU_hls_0/inst/grp_Matrix_Vector_Activate_Stream_Batch_fu_30/accu_22_fu_7428_reg[7]_i_1_n_3
    SLICE_X20Y32         CARRY4 (Prop_carry4_CI_O[1])
                                                      0.337    11.620 r  top_i/StreamingDataflowPartition_1/inst/StreamingDataflowPartition_1_MVAU_hls_0/StreamingDataflowPartition_1_MVAU_hls_0/inst/grp_Matrix_Vector_Activate_Stream_Batch_fu_30/accu_22_fu_7428_reg[9]_i_1/O[1]
                         net (fo=2, routed)           0.545    12.165    top_i/StreamingDataflowPartition_1/inst/StreamingDataflowPartition_1_MVAU_hls_0/StreamingDataflowPartition_1_MVAU_hls_0/inst/grp_Matrix_Vector_Activate_Stream_Batch_fu_30/accu_86_fu_120490_p2[9]
    SLICE_X23Y31         FDRE                                         r  top_i/StreamingDataflowPartition_1/inst/StreamingDataflowPartition_1_MVAU_hls_0/StreamingDataflowPartition_1_MVAU_hls_0/inst/grp_Matrix_Vector_Activate_Stream_Batch_fu_30/accu_86_reg_133223_reg[9]/D
  -------------------------------------------------------------------    -------------------

                         (clock clk_fpga_0 rise edge)
                                                     10.000    10.000 r  
    PS7_X0Y0             PS7                          0.000    10.000 r  top_i/zynq_ps/inst/PS7_i/FCLKCLK[0]
                         net (fo=1, routed)           1.088    11.088    top_i/zynq_ps/inst/FCLK_CLK_unbuffered[0]
    BUFGCTRL_X0Y16       BUFG (Prop_bufg_I_O)         0.091    11.179 r  top_i/zynq_ps/inst/buffer_fclk_clk_0.FCLK_CLK_0_BUFG/O
                         net (fo=55622, routed)       1.568    12.747    top_i/StreamingDataflowPartition_1/inst/StreamingDataflowPartition_1_MVAU_hls_0/StreamingDataflowPartition_1_MVAU_hls_0/inst/grp_Matrix_Vector_Activate_Stream_Batch_fu_30/ap_clk
    SLICE_X23Y31         FDRE                                         r  top_i/StreamingDataflowPartition_1/inst/StreamingDataflowPartition_1_MVAU_hls_0/StreamingDataflowPartition_1_MVAU_hls_0/inst/grp_Matrix_Vector_Activate_Stream_Batch_fu_30/accu_86_reg_133223_reg[9]/C
                         clock pessimism              0.129    12.876    
                         clock uncertainty           -0.154    12.722    
    SLICE_X23Y31         FDRE (Setup_fdre_C_D)       -0.244    12.478    top_i/StreamingDataflowPartition_1/inst/StreamingDataflowPartition_1_MVAU_hls_0/StreamingDataflowPartition_1_MVAU_hls_0/inst/grp_Matrix_Vector_Activate_Stream_Batch_fu_30/accu_86_reg_133223_reg[9]
  -------------------------------------------------------------------
                         required time                         12.478    
                         arrival time                         -12.165    
  -------------------------------------------------------------------
                         slack                                  0.313    

Slack (MET) :             0.359ns  (required time - arrival time)
  Source:                 top_i/StreamingDataflowPartition_1/inst/StreamingDataflowPartition_1_MVAU_hls_0/StreamingDataflowPartition_1_MVAU_hls_0_wstrm/inst/core/genUnpumped.mem/blkStreamOut.OPtr_reg[2]/C
                            (rising edge-triggered cell FDSE clocked by clk_fpga_0  {rise@0.000ns fall@5.000ns period=10.000ns})
  Destination:            top_i/StreamingDataflowPartition_1/inst/StreamingDataflowPartition_1_MVAU_hls_0/StreamingDataflowPartition_1_MVAU_hls_0_wstrm/inst/core/genUnpumped.mem/blkStreamOut.ODat_reg[3144]/D
                            (rising edge-triggered cell FDRE clocked by clk_fpga_0  {rise@0.000ns fall@5.000ns period=10.000ns})
  Path Group:             clk_fpga_0
  Path Type:              Setup (Max at Slow Process Corner)
  Requirement:            10.000ns  (clk_fpga_0 rise@10.000ns - clk_fpga_0 rise@0.000ns)
  Data Path Delay:        9.464ns  (logic 0.580ns (6.129%)  route 8.884ns (93.871%))
  Logic Levels:           1  (SRL16E=1)
  Clock Path Skew:        -0.100ns (DCD - SCD + CPR)
    Destination Clock Delay (DCD):    2.716ns = ( 12.716 - 10.000 ) 
    Source Clock Delay      (SCD):    2.945ns
    Clock Pessimism Removal (CPR):    0.129ns
  Clock Uncertainty:      0.154ns  ((TSJ^2 + TIJ^2)^1/2 + DJ) / 2 + PE
    Total System Jitter     (TSJ):    0.071ns
    Total Input Jitter      (TIJ):    0.300ns
    Discrete Jitter          (DJ):    0.000ns
    Phase Error              (PE):    0.000ns

    Location             Delay type                Incr(ns)  Path(ns)    Netlist Resource(s)
  -------------------------------------------------------------------    -------------------
                         (clock clk_fpga_0 rise edge)
                                                      0.000     0.000 r  
    PS7_X0Y0             PS7                          0.000     0.000 r  top_i/zynq_ps/inst/PS7_i/FCLKCLK[0]
                         net (fo=1, routed)           1.193     1.193    top_i/zynq_ps/inst/FCLK_CLK_unbuffered[0]
    BUFGCTRL_X0Y16       BUFG (Prop_bufg_I_O)         0.101     1.294 r  top_i/zynq_ps/inst/buffer_fclk_clk_0.FCLK_CLK_0_BUFG/O
                         net (fo=55622, routed)       1.651     2.945    top_i/StreamingDataflowPartition_1/inst/StreamingDataflowPartition_1_MVAU_hls_0/StreamingDataflowPartition_1_MVAU_hls_0_wstrm/inst/core/genUnpumped.mem/ap_clk
    SLICE_X43Y27         FDSE                                         r  top_i/StreamingDataflowPartition_1/inst/StreamingDataflowPartition_1_MVAU_hls_0/StreamingDataflowPartition_1_MVAU_hls_0_wstrm/inst/core/genUnpumped.mem/blkStreamOut.OPtr_reg[2]/C
  -------------------------------------------------------------------    -------------------
    SLICE_X43Y27         FDSE (Prop_fdse_C_Q)         0.456     3.401 r  top_i/StreamingDataflowPartition_1/inst/StreamingDataflowPartition_1_MVAU_hls_0/StreamingDataflowPartition_1_MVAU_hls_0_wstrm/inst/core/genUnpumped.mem/blkStreamOut.OPtr_reg[2]/Q
                         net (fo=3586, routed)        8.884    12.285    top_i/StreamingDataflowPartition_1/inst/StreamingDataflowPartition_1_MVAU_hls_0/StreamingDataflowPartition_1_MVAU_hls_0_wstrm/inst/core/genUnpumped.mem/blkStreamOut.OPtr_reg[2]
    SLICE_X58Y25         SRL16E (Prop_srl16e_A2_Q)    0.124    12.409 r  top_i/StreamingDataflowPartition_1/inst/StreamingDataflowPartition_1_MVAU_hls_0/StreamingDataflowPartition_1_MVAU_hls_0_wstrm/inst/core/genUnpumped.mem/blkStreamOut.OSrl_reg[6][3144]_srl7/Q
                         net (fo=1, routed)           0.000    12.409    top_i/StreamingDataflowPartition_1/inst/StreamingDataflowPartition_1_MVAU_hls_0/StreamingDataflowPartition_1_MVAU_hls_0_wstrm/inst/core/genUnpumped.mem/blkStreamOut.OSrl_reg[6][3144]_srl7_n_3
    SLICE_X58Y25         FDRE                                         r  top_i/StreamingDataflowPartition_1/inst/StreamingDataflowPartition_1_MVAU_hls_0/StreamingDataflowPartition_1_MVAU_hls_0_wstrm/inst/core/genUnpumped.mem/blkStreamOut.ODat_reg[3144]/D
  -------------------------------------------------------------------    -------------------

                         (clock clk_fpga_0 rise edge)
                                                     10.000    10.000 r  
    PS7_X0Y0             PS7                          0.000    10.000 r  top_i/zynq_ps/inst/PS7_i/FCLKCLK[0]
                         net (fo=1, routed)           1.088    11.088    top_i/zynq_ps/inst/FCLK_CLK_unbuffered[0]
    BUFGCTRL_X0Y16       BUFG (Prop_bufg_I_O)         0.091    11.179 r  top_i/zynq_ps/inst/buffer_fclk_clk_0.FCLK_CLK_0_BUFG/O
                         net (fo=55622, routed)       1.537    12.717    top_i/StreamingDataflowPartition_1/inst/StreamingDataflowPartition_1_MVAU_hls_0/StreamingDataflowPartition_1_MVAU_hls_0_wstrm/inst/core/genUnpumped.mem/ap_clk
    SLICE_X58Y25         FDRE                                         r  top_i/StreamingDataflowPartition_1/inst/StreamingDataflowPartition_1_MVAU_hls_0/StreamingDataflowPartition_1_MVAU_hls_0_wstrm/inst/core/genUnpumped.mem/blkStreamOut.ODat_reg[3144]/C
                         clock pessimism              0.129    12.845    
                         clock uncertainty           -0.154    12.691    
    SLICE_X58Y25         FDRE (Setup_fdre_C_D)        0.077    12.768    top_i/StreamingDataflowPartition_1/inst/StreamingDataflowPartition_1_MVAU_hls_0/StreamingDataflowPartition_1_MVAU_hls_0_wstrm/inst/core/genUnpumped.mem/blkStreamOut.ODat_reg[3144]
  -------------------------------------------------------------------
                         required time                         12.768    
                         arrival time                         -12.409    
  -------------------------------------------------------------------
                         slack                                  0.359    

Slack (MET) :             0.361ns  (required time - arrival time)
  Source:                 top_i/StreamingDataflowPartition_1/inst/StreamingDataflowPartition_1_MVAU_hls_0/StreamingDataflowPartition_1_MVAU_hls_0/inst/grp_Matrix_Vector_Activate_Stream_Batch_fu_30/add_ln169_1338_reg_128668_reg[1]/C
                            (rising edge-triggered cell FDRE clocked by clk_fpga_0  {rise@0.000ns fall@5.000ns period=10.000ns})
  Destination:            top_i/StreamingDataflowPartition_1/inst/StreamingDataflowPartition_1_MVAU_hls_0/StreamingDataflowPartition_1_MVAU_hls_0/inst/grp_Matrix_Vector_Activate_Stream_Batch_fu_30/accu_75_reg_133168_reg[7]/D
                            (rising edge-triggered cell FDRE clocked by clk_fpga_0  {rise@0.000ns fall@5.000ns period=10.000ns})
  Path Group:             clk_fpga_0
  Path Type:              Setup (Max at Slow Process Corner)
  Requirement:            10.000ns  (clk_fpga_0 rise@10.000ns - clk_fpga_0 rise@0.000ns)
  Data Path Delay:        9.125ns  (logic 2.334ns (25.577%)  route 6.791ns (74.423%))
  Logic Levels:           7  (CARRY4=1 LUT3=2 LUT5=1 LUT6=3)
  Clock Path Skew:        -0.138ns (DCD - SCD + CPR)
    Destination Clock Delay (DCD):    2.730ns = ( 12.730 - 10.000 ) 
    Source Clock Delay      (SCD):    3.098ns
    Clock Pessimism Removal (CPR):    0.230ns
  Clock Uncertainty:      0.154ns  ((TSJ^2 + TIJ^2)^1/2 + DJ) / 2 + PE
    Total System Jitter     (TSJ):    0.071ns
    Total Input Jitter      (TIJ):    0.300ns
    Discrete Jitter          (DJ):    0.000ns
    Phase Error              (PE):    0.000ns

    Location             Delay type                Incr(ns)  Path(ns)    Netlist Resource(s)
  -------------------------------------------------------------------    -------------------
                         (clock clk_fpga_0 rise edge)
                                                      0.000     0.000 r  
    PS7_X0Y0             PS7                          0.000     0.000 r  top_i/zynq_ps/inst/PS7_i/FCLKCLK[0]
                         net (fo=1, routed)           1.193     1.193    top_i/zynq_ps/inst/FCLK_CLK_unbuffered[0]
    BUFGCTRL_X0Y16       BUFG (Prop_bufg_I_O)         0.101     1.294 r  top_i/zynq_ps/inst/buffer_fclk_clk_0.FCLK_CLK_0_BUFG/O
                         net (fo=55622, routed)       1.804     3.098    top_i/StreamingDataflowPartition_1/inst/StreamingDataflowPartition_1_MVAU_hls_0/StreamingDataflowPartition_1_MVAU_hls_0/inst/grp_Matrix_Vector_Activate_Stream_Batch_fu_30/ap_clk
    SLICE_X102Y1         FDRE                                         r  top_i/StreamingDataflowPartition_1/inst/StreamingDataflowPartition_1_MVAU_hls_0/StreamingDataflowPartition_1_MVAU_hls_0/inst/grp_Matrix_Vector_Activate_Stream_Batch_fu_30/add_ln169_1338_reg_128668_reg[1]/C
  -------------------------------------------------------------------    -------------------
    SLICE_X102Y1         FDRE (Prop_fdre_C_Q)         0.518     3.616 r  top_i/StreamingDataflowPartition_1/inst/StreamingDataflowPartition_1_MVAU_hls_0/StreamingDataflowPartition_1_MVAU_hls_0/inst/grp_Matrix_Vector_Activate_Stream_Batch_fu_30/add_ln169_1338_reg_128668_reg[1]/Q
                         net (fo=4, routed)           1.039     4.655    top_i/StreamingDataflowPartition_1/inst/StreamingDataflowPartition_1_MVAU_hls_0/StreamingDataflowPartition_1_MVAU_hls_0/inst/grp_Matrix_Vector_Activate_Stream_Batch_fu_30/add_ln169_1338_reg_128668[1]
    SLICE_X102Y2         LUT6 (Prop_lut6_I5_O)        0.124     4.779 r  top_i/StreamingDataflowPartition_1/inst/StreamingDataflowPartition_1_MVAU_hls_0/StreamingDataflowPartition_1_MVAU_hls_0/inst/grp_Matrix_Vector_Activate_Stream_Batch_fu_30/accu_11_fu_7384[7]_i_84/O
                         net (fo=2, routed)           0.823     5.602    top_i/StreamingDataflowPartition_1/inst/StreamingDataflowPartition_1_MVAU_hls_0/StreamingDataflowPartition_1_MVAU_hls_0/inst/grp_Matrix_Vector_Activate_Stream_Batch_fu_30/zext_ln169_933_fu_115054_p1[1]
    SLICE_X102Y4         LUT3 (Prop_lut3_I0_O)        0.150     5.752 r  top_i/StreamingDataflowPartition_1/inst/StreamingDataflowPartition_1_MVAU_hls_0/StreamingDataflowPartition_1_MVAU_hls_0/inst/grp_Matrix_Vector_Activate_Stream_Batch_fu_30/accu_11_fu_7384[7]_i_79/O
                         net (fo=2, routed)           0.593     6.345    top_i/StreamingDataflowPartition_1/inst/StreamingDataflowPartition_1_MVAU_hls_0/StreamingDataflowPartition_1_MVAU_hls_0/inst/grp_Matrix_Vector_Activate_Stream_Batch_fu_30/accu_11_fu_7384[7]_i_79_n_3
    SLICE_X103Y4         LUT6 (Prop_lut6_I0_O)        0.328     6.673 r  top_i/StreamingDataflowPartition_1/inst/StreamingDataflowPartition_1_MVAU_hls_0/StreamingDataflowPartition_1_MVAU_hls_0/inst/grp_Matrix_Vector_Activate_Stream_Batch_fu_30/accu_11_fu_7384[7]_i_50/O
                         net (fo=5, routed)           0.797     7.470    top_i/StreamingDataflowPartition_1/inst/StreamingDataflowPartition_1_MVAU_hls_0/StreamingDataflowPartition_1_MVAU_hls_0/inst/grp_Matrix_Vector_Activate_Stream_Batch_fu_30/accu_11_fu_7384[7]_i_50_n_3
    SLICE_X103Y5         LUT5 (Prop_lut5_I2_O)        0.150     7.620 r  top_i/StreamingDataflowPartition_1/inst/StreamingDataflowPartition_1_MVAU_hls_0/StreamingDataflowPartition_1_MVAU_hls_0/inst/grp_Matrix_Vector_Activate_Stream_Batch_fu_30/accu_11_fu_7384[7]_i_36/O
                         net (fo=2, routed)           1.191     8.811    top_i/StreamingDataflowPartition_1/inst/StreamingDataflowPartition_1_MVAU_hls_0/StreamingDataflowPartition_1_MVAU_hls_0/inst/grp_Matrix_Vector_Activate_Stream_Batch_fu_30/accu_11_fu_7384[7]_i_36_n_3
    SLICE_X93Y6          LUT6 (Prop_lut6_I3_O)        0.326     9.137 r  top_i/StreamingDataflowPartition_1/inst/StreamingDataflowPartition_1_MVAU_hls_0/StreamingDataflowPartition_1_MVAU_hls_0/inst/grp_Matrix_Vector_Activate_Stream_Batch_fu_30/accu_11_fu_7384[7]_i_13/O
                         net (fo=2, routed)           1.399    10.536    top_i/StreamingDataflowPartition_1/inst/StreamingDataflowPartition_1_MVAU_hls_0/StreamingDataflowPartition_1_MVAU_hls_0/inst/grp_Matrix_Vector_Activate_Stream_Batch_fu_30/accu_11_fu_7384[7]_i_13_n_3
    SLICE_X59Y7          LUT3 (Prop_lut3_I1_O)        0.124    10.660 r  top_i/StreamingDataflowPartition_1/inst/StreamingDataflowPartition_1_MVAU_hls_0/StreamingDataflowPartition_1_MVAU_hls_0/inst/grp_Matrix_Vector_Activate_Stream_Batch_fu_30/accu_11_fu_7384[7]_i_3/O
                         net (fo=1, routed)           0.474    11.134    top_i/StreamingDataflowPartition_1/inst/StreamingDataflowPartition_1_MVAU_hls_0/StreamingDataflowPartition_1_MVAU_hls_0/inst/grp_Matrix_Vector_Activate_Stream_Batch_fu_30/accu_11_fu_7384[7]_i_3_n_3
    SLICE_X59Y9          CARRY4 (Prop_carry4_DI[1]_O[3])
                                                      0.614    11.748 r  top_i/StreamingDataflowPartition_1/inst/StreamingDataflowPartition_1_MVAU_hls_0/StreamingDataflowPartition_1_MVAU_hls_0/inst/grp_Matrix_Vector_Activate_Stream_Batch_fu_30/accu_11_fu_7384_reg[7]_i_1/O[3]
                         net (fo=2, routed)           0.476    12.223    top_i/StreamingDataflowPartition_1/inst/StreamingDataflowPartition_1_MVAU_hls_0/StreamingDataflowPartition_1_MVAU_hls_0/inst/grp_Matrix_Vector_Activate_Stream_Batch_fu_30/accu_75_fu_115078_p2[7]
    SLICE_X59Y11         FDRE                                         r  top_i/StreamingDataflowPartition_1/inst/StreamingDataflowPartition_1_MVAU_hls_0/StreamingDataflowPartition_1_MVAU_hls_0/inst/grp_Matrix_Vector_Activate_Stream_Batch_fu_30/accu_75_reg_133168_reg[7]/D
  -------------------------------------------------------------------    -------------------

                         (clock clk_fpga_0 rise edge)
                                                     10.000    10.000 r  
    PS7_X0Y0             PS7                          0.000    10.000 r  top_i/zynq_ps/inst/PS7_i/FCLKCLK[0]
                         net (fo=1, routed)           1.088    11.088    top_i/zynq_ps/inst/FCLK_CLK_unbuffered[0]
    BUFGCTRL_X0Y16       BUFG (Prop_bufg_I_O)         0.091    11.179 r  top_i/zynq_ps/inst/buffer_fclk_clk_0.FCLK_CLK_0_BUFG/O
                         net (fo=55622, routed)       1.551    12.731    top_i/StreamingDataflowPartition_1/inst/StreamingDataflowPartition_1_MVAU_hls_0/StreamingDataflowPartition_1_MVAU_hls_0/inst/grp_Matrix_Vector_Activate_Stream_Batch_fu_30/ap_clk
    SLICE_X59Y11         FDRE                                         r  top_i/StreamingDataflowPartition_1/inst/StreamingDataflowPartition_1_MVAU_hls_0/StreamingDataflowPartition_1_MVAU_hls_0/inst/grp_Matrix_Vector_Activate_Stream_Batch_fu_30/accu_75_reg_133168_reg[7]/C
                         clock pessimism              0.230    12.960    
                         clock uncertainty           -0.154    12.806    
    SLICE_X59Y11         FDRE (Setup_fdre_C_D)       -0.222    12.584    top_i/StreamingDataflowPartition_1/inst/StreamingDataflowPartition_1_MVAU_hls_0/StreamingDataflowPartition_1_MVAU_hls_0/inst/grp_Matrix_Vector_Activate_Stream_Batch_fu_30/accu_75_reg_133168_reg[7]
  -------------------------------------------------------------------
                         required time                         12.584    
                         arrival time                         -12.223    
  -------------------------------------------------------------------
                         slack                                  0.361    

Slack (MET) :             0.366ns  (required time - arrival time)
  Source:                 top_i/StreamingDataflowPartition_1/inst/StreamingDataflowPartition_1_MVAU_hls_0/StreamingDataflowPartition_1_MVAU_hls_0_wstrm/inst/core/genUnpumped.mem/blkStreamOut.OPtr_reg[2]/C
                            (rising edge-triggered cell FDSE clocked by clk_fpga_0  {rise@0.000ns fall@5.000ns period=10.000ns})
  Destination:            top_i/StreamingDataflowPartition_1/inst/StreamingDataflowPartition_1_MVAU_hls_0/StreamingDataflowPartition_1_MVAU_hls_0_wstrm/inst/core/genUnpumped.mem/blkStreamOut.ODat_reg[3145]/D
                            (rising edge-triggered cell FDRE clocked by clk_fpga_0  {rise@0.000ns fall@5.000ns period=10.000ns})
  Path Group:             clk_fpga_0
  Path Type:              Setup (Max at Slow Process Corner)
  Requirement:            10.000ns  (clk_fpga_0 rise@10.000ns - clk_fpga_0 rise@0.000ns)
  Data Path Delay:        9.461ns  (logic 0.580ns (6.131%)  route 8.881ns (93.869%))
  Logic Levels:           1  (SRL16E=1)
  Clock Path Skew:        -0.100ns (DCD - SCD + CPR)
    Destination Clock Delay (DCD):    2.716ns = ( 12.716 - 10.000 ) 
    Source Clock Delay      (SCD):    2.945ns
    Clock Pessimism Removal (CPR):    0.129ns
  Clock Uncertainty:      0.154ns  ((TSJ^2 + TIJ^2)^1/2 + DJ) / 2 + PE
    Total System Jitter     (TSJ):    0.071ns
    Total Input Jitter      (TIJ):    0.300ns
    Discrete Jitter          (DJ):    0.000ns
    Phase Error              (PE):    0.000ns

    Location             Delay type                Incr(ns)  Path(ns)    Netlist Resource(s)
  -------------------------------------------------------------------    -------------------
                         (clock clk_fpga_0 rise edge)
                                                      0.000     0.000 r  
    PS7_X0Y0             PS7                          0.000     0.000 r  top_i/zynq_ps/inst/PS7_i/FCLKCLK[0]
                         net (fo=1, routed)           1.193     1.193    top_i/zynq_ps/inst/FCLK_CLK_unbuffered[0]
    BUFGCTRL_X0Y16       BUFG (Prop_bufg_I_O)         0.101     1.294 r  top_i/zynq_ps/inst/buffer_fclk_clk_0.FCLK_CLK_0_BUFG/O
                         net (fo=55622, routed)       1.651     2.945    top_i/StreamingDataflowPartition_1/inst/StreamingDataflowPartition_1_MVAU_hls_0/StreamingDataflowPartition_1_MVAU_hls_0_wstrm/inst/core/genUnpumped.mem/ap_clk
    SLICE_X43Y27         FDSE                                         r  top_i/StreamingDataflowPartition_1/inst/StreamingDataflowPartition_1_MVAU_hls_0/StreamingDataflowPartition_1_MVAU_hls_0_wstrm/inst/core/genUnpumped.mem/blkStreamOut.OPtr_reg[2]/C
  -------------------------------------------------------------------    -------------------
    SLICE_X43Y27         FDSE (Prop_fdse_C_Q)         0.456     3.401 r  top_i/StreamingDataflowPartition_1/inst/StreamingDataflowPartition_1_MVAU_hls_0/StreamingDataflowPartition_1_MVAU_hls_0_wstrm/inst/core/genUnpumped.mem/blkStreamOut.OPtr_reg[2]/Q
                         net (fo=3586, routed)        8.881    12.282    top_i/StreamingDataflowPartition_1/inst/StreamingDataflowPartition_1_MVAU_hls_0/StreamingDataflowPartition_1_MVAU_hls_0_wstrm/inst/core/genUnpumped.mem/blkStreamOut.OPtr_reg[2]
    SLICE_X58Y25         SRL16E (Prop_srl16e_A2_Q)    0.124    12.406 r  top_i/StreamingDataflowPartition_1/inst/StreamingDataflowPartition_1_MVAU_hls_0/StreamingDataflowPartition_1_MVAU_hls_0_wstrm/inst/core/genUnpumped.mem/blkStreamOut.OSrl_reg[6][3145]_srl7/Q
                         net (fo=1, routed)           0.000    12.406    top_i/StreamingDataflowPartition_1/inst/StreamingDataflowPartition_1_MVAU_hls_0/StreamingDataflowPartition_1_MVAU_hls_0_wstrm/inst/core/genUnpumped.mem/blkStreamOut.OSrl_reg[6][3145]_srl7_n_3
    SLICE_X58Y25         FDRE                                         r  top_i/StreamingDataflowPartition_1/inst/StreamingDataflowPartition_1_MVAU_hls_0/StreamingDataflowPartition_1_MVAU_hls_0_wstrm/inst/core/genUnpumped.mem/blkStreamOut.ODat_reg[3145]/D
  -------------------------------------------------------------------    -------------------

                         (clock clk_fpga_0 rise edge)
                                                     10.000    10.000 r  
    PS7_X0Y0             PS7                          0.000    10.000 r  top_i/zynq_ps/inst/PS7_i/FCLKCLK[0]
                         net (fo=1, routed)           1.088    11.088    top_i/zynq_ps/inst/FCLK_CLK_unbuffered[0]
    BUFGCTRL_X0Y16       BUFG (Prop_bufg_I_O)         0.091    11.179 r  top_i/zynq_ps/inst/buffer_fclk_clk_0.FCLK_CLK_0_BUFG/O
                         net (fo=55622, routed)       1.537    12.717    top_i/StreamingDataflowPartition_1/inst/StreamingDataflowPartition_1_MVAU_hls_0/StreamingDataflowPartition_1_MVAU_hls_0_wstrm/inst/core/genUnpumped.mem/ap_clk
    SLICE_X58Y25         FDRE                                         r  top_i/StreamingDataflowPartition_1/inst/StreamingDataflowPartition_1_MVAU_hls_0/StreamingDataflowPartition_1_MVAU_hls_0_wstrm/inst/core/genUnpumped.mem/blkStreamOut.ODat_reg[3145]/C
                         clock pessimism              0.129    12.845    
                         clock uncertainty           -0.154    12.691    
    SLICE_X58Y25         FDRE (Setup_fdre_C_D)        0.081    12.772    top_i/StreamingDataflowPartition_1/inst/StreamingDataflowPartition_1_MVAU_hls_0/StreamingDataflowPartition_1_MVAU_hls_0_wstrm/inst/core/genUnpumped.mem/blkStreamOut.ODat_reg[3145]
  -------------------------------------------------------------------
                         required time                         12.772    
                         arrival time                         -12.406    
  -------------------------------------------------------------------
                         slack                                  0.366    

Slack (MET) :             0.369ns  (required time - arrival time)
  Source:                 top_i/StreamingDataflowPartition_1/inst/StreamingDataflowPartition_1_MVAU_hls_0/StreamingDataflowPartition_1_MVAU_hls_0/inst/grp_Matrix_Vector_Activate_Stream_Batch_fu_30/icmp_ln272_reg_125997_reg[0]/C
                            (rising edge-triggered cell FDRE clocked by clk_fpga_0  {rise@0.000ns fall@5.000ns period=10.000ns})
  Destination:            top_i/StreamingDataflowPartition_1/inst/StreamingDataflowPartition_1_MVAU_hls_0/StreamingDataflowPartition_1_MVAU_hls_0/inst/grp_Matrix_Vector_Activate_Stream_Batch_fu_30/accu_86_reg_133223_reg[8]/D
                            (rising edge-triggered cell FDRE clocked by clk_fpga_0  {rise@0.000ns fall@5.000ns period=10.000ns})
  Path Group:             clk_fpga_0
  Path Type:              Setup (Max at Slow Process Corner)
  Requirement:            10.000ns  (clk_fpga_0 rise@10.000ns - clk_fpga_0 rise@0.000ns)
  Data Path Delay:        9.198ns  (logic 3.403ns (36.996%)  route 5.795ns (63.004%))
  Logic Levels:           10  (CARRY4=5 LUT3=2 LUT5=1 LUT6=2)
  Clock Path Skew:        -0.061ns (DCD - SCD + CPR)
    Destination Clock Delay (DCD):    2.747ns = ( 12.747 - 10.000 ) 
    Source Clock Delay      (SCD):    2.937ns
    Clock Pessimism Removal (CPR):    0.129ns
  Clock Uncertainty:      0.154ns  ((TSJ^2 + TIJ^2)^1/2 + DJ) / 2 + PE
    Total System Jitter     (TSJ):    0.071ns
    Total Input Jitter      (TIJ):    0.300ns
    Discrete Jitter          (DJ):    0.000ns
    Phase Error              (PE):    0.000ns

    Location             Delay type                Incr(ns)  Path(ns)    Netlist Resource(s)
  -------------------------------------------------------------------    -------------------
                         (clock clk_fpga_0 rise edge)
                                                      0.000     0.000 r  
    PS7_X0Y0             PS7                          0.000     0.000 r  top_i/zynq_ps/inst/PS7_i/FCLKCLK[0]
                         net (fo=1, routed)           1.193     1.193    top_i/zynq_ps/inst/FCLK_CLK_unbuffered[0]
    BUFGCTRL_X0Y16       BUFG (Prop_bufg_I_O)         0.101     1.294 r  top_i/zynq_ps/inst/buffer_fclk_clk_0.FCLK_CLK_0_BUFG/O
                         net (fo=55622, routed)       1.643     2.937    top_i/StreamingDataflowPartition_1/inst/StreamingDataflowPartition_1_MVAU_hls_0/StreamingDataflowPartition_1_MVAU_hls_0/inst/grp_Matrix_Vector_Activate_Stream_Batch_fu_30/ap_clk
    SLICE_X51Y29         FDRE                                         r  top_i/StreamingDataflowPartition_1/inst/StreamingDataflowPartition_1_MVAU_hls_0/StreamingDataflowPartition_1_MVAU_hls_0/inst/grp_Matrix_Vector_Activate_Stream_Batch_fu_30/icmp_ln272_reg_125997_reg[0]/C
  -------------------------------------------------------------------    -------------------
    SLICE_X51Y29         FDRE (Prop_fdre_C_Q)         0.419     3.356 f  top_i/StreamingDataflowPartition_1/inst/StreamingDataflowPartition_1_MVAU_hls_0/StreamingDataflowPartition_1_MVAU_hls_0/inst/grp_Matrix_Vector_Activate_Stream_Batch_fu_30/icmp_ln272_reg_125997_reg[0]/Q
                         net (fo=134, routed)         1.900     5.256    top_i/StreamingDataflowPartition_1/inst/StreamingDataflowPartition_1_MVAU_hls_0/StreamingDataflowPartition_1_MVAU_hls_0/inst/grp_Matrix_Vector_Activate_Stream_Batch_fu_30/icmp_ln272_reg_125997_reg_n_3_[0]
    SLICE_X21Y29         LUT6 (Prop_lut6_I4_O)        0.299     5.555 r  top_i/StreamingDataflowPartition_1/inst/StreamingDataflowPartition_1_MVAU_hls_0/StreamingDataflowPartition_1_MVAU_hls_0/inst/grp_Matrix_Vector_Activate_Stream_Batch_fu_30/accu_22_fu_7428[7]_i_62/O
                         net (fo=2, routed)           0.418     5.973    top_i/StreamingDataflowPartition_1/inst/StreamingDataflowPartition_1_MVAU_hls_0/StreamingDataflowPartition_1_MVAU_hls_0/inst/grp_Matrix_Vector_Activate_Stream_Batch_fu_30/accu_22_fu_7428[7]_i_62_n_3
    SLICE_X21Y30         LUT5 (Prop_lut5_I4_O)        0.124     6.097 r  top_i/StreamingDataflowPartition_1/inst/StreamingDataflowPartition_1_MVAU_hls_0/StreamingDataflowPartition_1_MVAU_hls_0/inst/grp_Matrix_Vector_Activate_Stream_Batch_fu_30/accu_22_fu_7428[7]_i_65/O
                         net (fo=1, routed)           0.000     6.097    top_i/StreamingDataflowPartition_1/inst/StreamingDataflowPartition_1_MVAU_hls_0/StreamingDataflowPartition_1_MVAU_hls_0/inst/grp_Matrix_Vector_Activate_Stream_Batch_fu_30/accu_22_fu_7428[7]_i_65_n_3
    SLICE_X21Y30         CARRY4 (Prop_carry4_S[1]_O[1])
                                                      0.227     6.324 r  top_i/StreamingDataflowPartition_1/inst/StreamingDataflowPartition_1_MVAU_hls_0/StreamingDataflowPartition_1_MVAU_hls_0/inst/grp_Matrix_Vector_Activate_Stream_Batch_fu_30/accu_22_fu_7428_reg[7]_i_27/O[1]
                         net (fo=2, routed)           0.950     7.274    top_i/StreamingDataflowPartition_1/inst/StreamingDataflowPartition_1_MVAU_hls_0/StreamingDataflowPartition_1_MVAU_hls_0/inst/grp_Matrix_Vector_Activate_Stream_Batch_fu_30/accu_22_fu_7428_reg[7]_i_27_n_9
    SLICE_X19Y30         LUT3 (Prop_lut3_I0_O)        0.331     7.605 r  top_i/StreamingDataflowPartition_1/inst/StreamingDataflowPartition_1_MVAU_hls_0/StreamingDataflowPartition_1_MVAU_hls_0/inst/grp_Matrix_Vector_Activate_Stream_Batch_fu_30/accu_22_fu_7428[7]_i_21/O
                         net (fo=2, routed)           0.826     8.431    top_i/StreamingDataflowPartition_1/inst/StreamingDataflowPartition_1_MVAU_hls_0/StreamingDataflowPartition_1_MVAU_hls_0/inst/grp_Matrix_Vector_Activate_Stream_Batch_fu_30/accu_22_fu_7428[7]_i_21_n_3
    SLICE_X19Y30         LUT6 (Prop_lut6_I3_O)        0.332     8.763 r  top_i/StreamingDataflowPartition_1/inst/StreamingDataflowPartition_1_MVAU_hls_0/StreamingDataflowPartition_1_MVAU_hls_0/inst/grp_Matrix_Vector_Activate_Stream_Batch_fu_30/accu_22_fu_7428[7]_i_24/O
                         net (fo=1, routed)           0.000     8.763    top_i/StreamingDataflowPartition_1/inst/StreamingDataflowPartition_1_MVAU_hls_0/StreamingDataflowPartition_1_MVAU_hls_0/inst/grp_Matrix_Vector_Activate_Stream_Batch_fu_30/accu_22_fu_7428[7]_i_24_n_3
    SLICE_X19Y30         CARRY4 (Prop_carry4_S[2]_CO[3])
                                                      0.398     9.161 r  top_i/StreamingDataflowPartition_1/inst/StreamingDataflowPartition_1_MVAU_hls_0/StreamingDataflowPartition_1_MVAU_hls_0/inst/grp_Matrix_Vector_Activate_Stream_Batch_fu_30/accu_22_fu_7428_reg[7]_i_8/CO[3]
                         net (fo=1, routed)           0.000     9.161    top_i/StreamingDataflowPartition_1/inst/StreamingDataflowPartition_1_MVAU_hls_0/StreamingDataflowPartition_1_MVAU_hls_0/inst/grp_Matrix_Vector_Activate_Stream_Batch_fu_30/accu_22_fu_7428_reg[7]_i_8_n_3
    SLICE_X19Y31         CARRY4 (Prop_carry4_CI_O[0])
                                                      0.222     9.383 r  top_i/StreamingDataflowPartition_1/inst/StreamingDataflowPartition_1_MVAU_hls_0/StreamingDataflowPartition_1_MVAU_hls_0/inst/grp_Matrix_Vector_Activate_Stream_Batch_fu_30/accu_22_fu_7428_reg[7]_i_2/O[0]
                         net (fo=3, routed)           0.742    10.125    top_i/StreamingDataflowPartition_1/inst/StreamingDataflowPartition_1_MVAU_hls_0/StreamingDataflowPartition_1_MVAU_hls_0/inst/grp_Matrix_Vector_Activate_Stream_Batch_fu_30/accu_22_fu_7428_reg[7]_i_2_n_10
    SLICE_X23Y31         LUT3 (Prop_lut3_I0_O)        0.299    10.424 r  top_i/StreamingDataflowPartition_1/inst/StreamingDataflowPartition_1_MVAU_hls_0/StreamingDataflowPartition_1_MVAU_hls_0/inst/grp_Matrix_Vector_Activate_Stream_Batch_fu_30/accu_22_fu_7428[7]_i_3/O
                         net (fo=1, routed)           0.339    10.763    top_i/StreamingDataflowPartition_1/inst/StreamingDataflowPartition_1_MVAU_hls_0/StreamingDataflowPartition_1_MVAU_hls_0/inst/grp_Matrix_Vector_Activate_Stream_Batch_fu_30/accu_22_fu_7428[7]_i_3_n_3
    SLICE_X20Y31         CARRY4 (Prop_carry4_DI[1]_CO[3])
                                                      0.520    11.283 r  top_i/StreamingDataflowPartition_1/inst/StreamingDataflowPartition_1_MVAU_hls_0/StreamingDataflowPartition_1_MVAU_hls_0/inst/grp_Matrix_Vector_Activate_Stream_Batch_fu_30/accu_22_fu_7428_reg[7]_i_1/CO[3]
                         net (fo=1, routed)           0.000    11.283    top_i/StreamingDataflowPartition_1/inst/StreamingDataflowPartition_1_MVAU_hls_0/StreamingDataflowPartition_1_MVAU_hls_0/inst/grp_Matrix_Vector_Activate_Stream_Batch_fu_30/accu_22_fu_7428_reg[7]_i_1_n_3
    SLICE_X20Y32         CARRY4 (Prop_carry4_CI_O[0])
                                                      0.232    11.515 r  top_i/StreamingDataflowPartition_1/inst/StreamingDataflowPartition_1_MVAU_hls_0/StreamingDataflowPartition_1_MVAU_hls_0/inst/grp_Matrix_Vector_Activate_Stream_Batch_fu_30/accu_22_fu_7428_reg[9]_i_1/O[0]
                         net (fo=2, routed)           0.620    12.135    top_i/StreamingDataflowPartition_1/inst/StreamingDataflowPartition_1_MVAU_hls_0/StreamingDataflowPartition_1_MVAU_hls_0/inst/grp_Matrix_Vector_Activate_Stream_Batch_fu_30/accu_86_fu_120490_p2[8]
    SLICE_X23Y31         FDRE                                         r  top_i/StreamingDataflowPartition_1/inst/StreamingDataflowPartition_1_MVAU_hls_0/StreamingDataflowPartition_1_MVAU_hls_0/inst/grp_Matrix_Vector_Activate_Stream_Batch_fu_30/accu_86_reg_133223_reg[8]/D
  -------------------------------------------------------------------    -------------------

                         (clock clk_fpga_0 rise edge)
                                                     10.000    10.000 r  
    PS7_X0Y0             PS7                          0.000    10.000 r  top_i/zynq_ps/inst/PS7_i/FCLKCLK[0]
                         net (fo=1, routed)           1.088    11.088    top_i/zynq_ps/inst/FCLK_CLK_unbuffered[0]
    BUFGCTRL_X0Y16       BUFG (Prop_bufg_I_O)         0.091    11.179 r  top_i/zynq_ps/inst/buffer_fclk_clk_0.FCLK_CLK_0_BUFG/O
                         net (fo=55622, routed)       1.568    12.747    top_i/StreamingDataflowPartition_1/inst/StreamingDataflowPartition_1_MVAU_hls_0/StreamingDataflowPartition_1_MVAU_hls_0/inst/grp_Matrix_Vector_Activate_Stream_Batch_fu_30/ap_clk
    SLICE_X23Y31         FDRE                                         r  top_i/StreamingDataflowPartition_1/inst/StreamingDataflowPartition_1_MVAU_hls_0/StreamingDataflowPartition_1_MVAU_hls_0/inst/grp_Matrix_Vector_Activate_Stream_Batch_fu_30/accu_86_reg_133223_reg[8]/C
                         clock pessimism              0.129    12.876    
                         clock uncertainty           -0.154    12.722    
    SLICE_X23Y31         FDRE (Setup_fdre_C_D)       -0.218    12.504    top_i/StreamingDataflowPartition_1/inst/StreamingDataflowPartition_1_MVAU_hls_0/StreamingDataflowPartition_1_MVAU_hls_0/inst/grp_Matrix_Vector_Activate_Stream_Batch_fu_30/accu_86_reg_133223_reg[8]
  -------------------------------------------------------------------
                         required time                         12.504    
                         arrival time                         -12.135    
  -------------------------------------------------------------------
                         slack                                  0.369    

Slack (MET) :             0.374ns  (required time - arrival time)
  Source:                 top_i/StreamingDataflowPartition_1/inst/StreamingDataflowPartition_1_MVAU_hls_0/StreamingDataflowPartition_1_MVAU_hls_0_wstrm/inst/core/genUnpumped.mem/blkStreamOut.OPtr_reg[2]/C
                            (rising edge-triggered cell FDSE clocked by clk_fpga_0  {rise@0.000ns fall@5.000ns period=10.000ns})
  Destination:            top_i/StreamingDataflowPartition_1/inst/StreamingDataflowPartition_1_MVAU_hls_0/StreamingDataflowPartition_1_MVAU_hls_0_wstrm/inst/core/genUnpumped.mem/blkStreamOut.ODat_reg[3148]/D
                            (rising edge-triggered cell FDRE clocked by clk_fpga_0  {rise@0.000ns fall@5.000ns period=10.000ns})
  Path Group:             clk_fpga_0
  Path Type:              Setup (Max at Slow Process Corner)
  Requirement:            10.000ns  (clk_fpga_0 rise@10.000ns - clk_fpga_0 rise@0.000ns)
  Data Path Delay:        9.490ns  (logic 0.606ns (6.386%)  route 8.884ns (93.614%))
  Logic Levels:           1  (SRL16E=1)
  Clock Path Skew:        -0.100ns (DCD - SCD + CPR)
    Destination Clock Delay (DCD):    2.716ns = ( 12.716 - 10.000 ) 
    Source Clock Delay      (SCD):    2.945ns
    Clock Pessimism Removal (CPR):    0.129ns
  Clock Uncertainty:      0.154ns  ((TSJ^2 + TIJ^2)^1/2 + DJ) / 2 + PE
    Total System Jitter     (TSJ):    0.071ns
    Total Input Jitter      (TIJ):    0.300ns
    Discrete Jitter          (DJ):    0.000ns
    Phase Error              (PE):    0.000ns

    Location             Delay type                Incr(ns)  Path(ns)    Netlist Resource(s)
  -------------------------------------------------------------------    -------------------
                         (clock clk_fpga_0 rise edge)
                                                      0.000     0.000 r  
    PS7_X0Y0             PS7                          0.000     0.000 r  top_i/zynq_ps/inst/PS7_i/FCLKCLK[0]
                         net (fo=1, routed)           1.193     1.193    top_i/zynq_ps/inst/FCLK_CLK_unbuffered[0]
    BUFGCTRL_X0Y16       BUFG (Prop_bufg_I_O)         0.101     1.294 r  top_i/zynq_ps/inst/buffer_fclk_clk_0.FCLK_CLK_0_BUFG/O
                         net (fo=55622, routed)       1.651     2.945    top_i/StreamingDataflowPartition_1/inst/StreamingDataflowPartition_1_MVAU_hls_0/StreamingDataflowPartition_1_MVAU_hls_0_wstrm/inst/core/genUnpumped.mem/ap_clk
    SLICE_X43Y27         FDSE                                         r  top_i/StreamingDataflowPartition_1/inst/StreamingDataflowPartition_1_MVAU_hls_0/StreamingDataflowPartition_1_MVAU_hls_0_wstrm/inst/core/genUnpumped.mem/blkStreamOut.OPtr_reg[2]/C
  -------------------------------------------------------------------    -------------------
    SLICE_X43Y27         FDSE (Prop_fdse_C_Q)         0.456     3.401 r  top_i/StreamingDataflowPartition_1/inst/StreamingDataflowPartition_1_MVAU_hls_0/StreamingDataflowPartition_1_MVAU_hls_0_wstrm/inst/core/genUnpumped.mem/blkStreamOut.OPtr_reg[2]/Q
                         net (fo=3586, routed)        8.884    12.285    top_i/StreamingDataflowPartition_1/inst/StreamingDataflowPartition_1_MVAU_hls_0/StreamingDataflowPartition_1_MVAU_hls_0_wstrm/inst/core/genUnpumped.mem/blkStreamOut.OPtr_reg[2]
    SLICE_X58Y25         SRL16E (Prop_srl16e_A2_Q)    0.150    12.435 r  top_i/StreamingDataflowPartition_1/inst/StreamingDataflowPartition_1_MVAU_hls_0/StreamingDataflowPartition_1_MVAU_hls_0_wstrm/inst/core/genUnpumped.mem/blkStreamOut.OSrl_reg[6][3148]_srl7/Q
                         net (fo=1, routed)           0.000    12.435    top_i/StreamingDataflowPartition_1/inst/StreamingDataflowPartition_1_MVAU_hls_0/StreamingDataflowPartition_1_MVAU_hls_0_wstrm/inst/core/genUnpumped.mem/blkStreamOut.OSrl_reg[6][3148]_srl7_n_3
    SLICE_X58Y25         FDRE                                         r  top_i/StreamingDataflowPartition_1/inst/StreamingDataflowPartition_1_MVAU_hls_0/StreamingDataflowPartition_1_MVAU_hls_0_wstrm/inst/core/genUnpumped.mem/blkStreamOut.ODat_reg[3148]/D
  -------------------------------------------------------------------    -------------------

                         (clock clk_fpga_0 rise edge)
                                                     10.000    10.000 r  
    PS7_X0Y0             PS7                          0.000    10.000 r  top_i/zynq_ps/inst/PS7_i/FCLKCLK[0]
                         net (fo=1, routed)           1.088    11.088    top_i/zynq_ps/inst/FCLK_CLK_unbuffered[0]
    BUFGCTRL_X0Y16       BUFG (Prop_bufg_I_O)         0.091    11.179 r  top_i/zynq_ps/inst/buffer_fclk_clk_0.FCLK_CLK_0_BUFG/O
                         net (fo=55622, routed)       1.537    12.717    top_i/StreamingDataflowPartition_1/inst/StreamingDataflowPartition_1_MVAU_hls_0/StreamingDataflowPartition_1_MVAU_hls_0_wstrm/inst/core/genUnpumped.mem/ap_clk
    SLICE_X58Y25         FDRE                                         r  top_i/StreamingDataflowPartition_1/inst/StreamingDataflowPartition_1_MVAU_hls_0/StreamingDataflowPartition_1_MVAU_hls_0_wstrm/inst/core/genUnpumped.mem/blkStreamOut.ODat_reg[3148]/C
                         clock pessimism              0.129    12.845    
                         clock uncertainty           -0.154    12.691    
    SLICE_X58Y25         FDRE (Setup_fdre_C_D)        0.118    12.809    top_i/StreamingDataflowPartition_1/inst/StreamingDataflowPartition_1_MVAU_hls_0/StreamingDataflowPartition_1_MVAU_hls_0_wstrm/inst/core/genUnpumped.mem/blkStreamOut.ODat_reg[3148]
  -------------------------------------------------------------------
                         required time                         12.809    
                         arrival time                         -12.435    
  -------------------------------------------------------------------
                         slack                                  0.374    

Slack (MET) :             0.377ns  (required time - arrival time)
  Source:                 top_i/StreamingDataflowPartition_1/inst/StreamingDataflowPartition_1_MVAU_hls_0/StreamingDataflowPartition_1_MVAU_hls_0_wstrm/inst/core/genUnpumped.mem/blkStreamOut.OPtr_reg[2]/C
                            (rising edge-triggered cell FDSE clocked by clk_fpga_0  {rise@0.000ns fall@5.000ns period=10.000ns})
  Destination:            top_i/StreamingDataflowPartition_1/inst/StreamingDataflowPartition_1_MVAU_hls_0/StreamingDataflowPartition_1_MVAU_hls_0_wstrm/inst/core/genUnpumped.mem/blkStreamOut.ODat_reg[3149]/D
                            (rising edge-triggered cell FDRE clocked by clk_fpga_0  {rise@0.000ns fall@5.000ns period=10.000ns})
  Path Group:             clk_fpga_0
  Path Type:              Setup (Max at Slow Process Corner)
  Requirement:            10.000ns  (clk_fpga_0 rise@10.000ns - clk_fpga_0 rise@0.000ns)
  Data Path Delay:        9.487ns  (logic 0.606ns (6.388%)  route 8.881ns (93.612%))
  Logic Levels:           1  (SRL16E=1)
  Clock Path Skew:        -0.100ns (DCD - SCD + CPR)
    Destination Clock Delay (DCD):    2.716ns = ( 12.716 - 10.000 ) 
    Source Clock Delay      (SCD):    2.945ns
    Clock Pessimism Removal (CPR):    0.129ns
  Clock Uncertainty:      0.154ns  ((TSJ^2 + TIJ^2)^1/2 + DJ) / 2 + PE
    Total System Jitter     (TSJ):    0.071ns
    Total Input Jitter      (TIJ):    0.300ns
    Discrete Jitter          (DJ):    0.000ns
    Phase Error              (PE):    0.000ns

    Location             Delay type                Incr(ns)  Path(ns)    Netlist Resource(s)
  -------------------------------------------------------------------    -------------------
                         (clock clk_fpga_0 rise edge)
                                                      0.000     0.000 r  
    PS7_X0Y0             PS7                          0.000     0.000 r  top_i/zynq_ps/inst/PS7_i/FCLKCLK[0]
                         net (fo=1, routed)           1.193     1.193    top_i/zynq_ps/inst/FCLK_CLK_unbuffered[0]
    BUFGCTRL_X0Y16       BUFG (Prop_bufg_I_O)         0.101     1.294 r  top_i/zynq_ps/inst/buffer_fclk_clk_0.FCLK_CLK_0_BUFG/O
                         net (fo=55622, routed)       1.651     2.945    top_i/StreamingDataflowPartition_1/inst/StreamingDataflowPartition_1_MVAU_hls_0/StreamingDataflowPartition_1_MVAU_hls_0_wstrm/inst/core/genUnpumped.mem/ap_clk
    SLICE_X43Y27         FDSE                                         r  top_i/StreamingDataflowPartition_1/inst/StreamingDataflowPartition_1_MVAU_hls_0/StreamingDataflowPartition_1_MVAU_hls_0_wstrm/inst/core/genUnpumped.mem/blkStreamOut.OPtr_reg[2]/C
  -------------------------------------------------------------------    -------------------
    SLICE_X43Y27         FDSE (Prop_fdse_C_Q)         0.456     3.401 r  top_i/StreamingDataflowPartition_1/inst/StreamingDataflowPartition_1_MVAU_hls_0/StreamingDataflowPartition_1_MVAU_hls_0_wstrm/inst/core/genUnpumped.mem/blkStreamOut.OPtr_reg[2]/Q
                         net (fo=3586, routed)        8.881    12.282    top_i/StreamingDataflowPartition_1/inst/StreamingDataflowPartition_1_MVAU_hls_0/StreamingDataflowPartition_1_MVAU_hls_0_wstrm/inst/core/genUnpumped.mem/blkStreamOut.OPtr_reg[2]
    SLICE_X58Y25         SRL16E (Prop_srl16e_A2_Q)    0.150    12.432 r  top_i/StreamingDataflowPartition_1/inst/StreamingDataflowPartition_1_MVAU_hls_0/StreamingDataflowPartition_1_MVAU_hls_0_wstrm/inst/core/genUnpumped.mem/blkStreamOut.OSrl_reg[6][3149]_srl7/Q
                         net (fo=1, routed)           0.000    12.432    top_i/StreamingDataflowPartition_1/inst/StreamingDataflowPartition_1_MVAU_hls_0/StreamingDataflowPartition_1_MVAU_hls_0_wstrm/inst/core/genUnpumped.mem/blkStreamOut.OSrl_reg[6][3149]_srl7_n_3
    SLICE_X58Y25         FDRE                                         r  top_i/StreamingDataflowPartition_1/inst/StreamingDataflowPartition_1_MVAU_hls_0/StreamingDataflowPartition_1_MVAU_hls_0_wstrm/inst/core/genUnpumped.mem/blkStreamOut.ODat_reg[3149]/D
  -------------------------------------------------------------------    -------------------

                         (clock clk_fpga_0 rise edge)
                                                     10.000    10.000 r  
    PS7_X0Y0             PS7                          0.000    10.000 r  top_i/zynq_ps/inst/PS7_i/FCLKCLK[0]
                         net (fo=1, routed)           1.088    11.088    top_i/zynq_ps/inst/FCLK_CLK_unbuffered[0]
    BUFGCTRL_X0Y16       BUFG (Prop_bufg_I_O)         0.091    11.179 r  top_i/zynq_ps/inst/buffer_fclk_clk_0.FCLK_CLK_0_BUFG/O
                         net (fo=55622, routed)       1.537    12.717    top_i/StreamingDataflowPartition_1/inst/StreamingDataflowPartition_1_MVAU_hls_0/StreamingDataflowPartition_1_MVAU_hls_0_wstrm/inst/core/genUnpumped.mem/ap_clk
    SLICE_X58Y25         FDRE                                         r  top_i/StreamingDataflowPartition_1/inst/StreamingDataflowPartition_1_MVAU_hls_0/StreamingDataflowPartition_1_MVAU_hls_0_wstrm/inst/core/genUnpumped.mem/blkStreamOut.ODat_reg[3149]/C
                         clock pessimism              0.129    12.845    
                         clock uncertainty           -0.154    12.691    
    SLICE_X58Y25         FDRE (Setup_fdre_C_D)        0.118    12.809    top_i/StreamingDataflowPartition_1/inst/StreamingDataflowPartition_1_MVAU_hls_0/StreamingDataflowPartition_1_MVAU_hls_0_wstrm/inst/core/genUnpumped.mem/blkStreamOut.ODat_reg[3149]
  -------------------------------------------------------------------
                         required time                         12.809    
                         arrival time                         -12.432    
  -------------------------------------------------------------------
                         slack                                  0.377    

Slack (MET) :             0.378ns  (required time - arrival time)
  Source:                 top_i/StreamingDataflowPartition_1/inst/StreamingDataflowPartition_1_MVAU_hls_0/StreamingDataflowPartition_1_MVAU_hls_0/inst/grp_Matrix_Vector_Activate_Stream_Batch_fu_30/add_ln169_1338_reg_128668_reg[1]/C
                            (rising edge-triggered cell FDRE clocked by clk_fpga_0  {rise@0.000ns fall@5.000ns period=10.000ns})
  Destination:            top_i/StreamingDataflowPartition_1/inst/StreamingDataflowPartition_1_MVAU_hls_0/StreamingDataflowPartition_1_MVAU_hls_0/inst/grp_Matrix_Vector_Activate_Stream_Batch_fu_30/accu_75_reg_133168_reg[8]/D
                            (rising edge-triggered cell FDRE clocked by clk_fpga_0  {rise@0.000ns fall@5.000ns period=10.000ns})
  Path Group:             clk_fpga_0
  Path Type:              Setup (Max at Slow Process Corner)
  Requirement:            10.000ns  (clk_fpga_0 rise@10.000ns - clk_fpga_0 rise@0.000ns)
  Data Path Delay:        9.112ns  (logic 2.462ns (27.018%)  route 6.650ns (72.982%))
  Logic Levels:           8  (CARRY4=2 LUT3=2 LUT5=1 LUT6=3)
  Clock Path Skew:        -0.138ns (DCD - SCD + CPR)
    Destination Clock Delay (DCD):    2.730ns = ( 12.730 - 10.000 ) 
    Source Clock Delay      (SCD):    3.098ns
    Clock Pessimism Removal (CPR):    0.230ns
  Clock Uncertainty:      0.154ns  ((TSJ^2 + TIJ^2)^1/2 + DJ) / 2 + PE
    Total System Jitter     (TSJ):    0.071ns
    Total Input Jitter      (TIJ):    0.300ns
    Discrete Jitter          (DJ):    0.000ns
    Phase Error              (PE):    0.000ns

    Location             Delay type                Incr(ns)  Path(ns)    Netlist Resource(s)
  -------------------------------------------------------------------    -------------------
                         (clock clk_fpga_0 rise edge)
                                                      0.000     0.000 r  
    PS7_X0Y0             PS7                          0.000     0.000 r  top_i/zynq_ps/inst/PS7_i/FCLKCLK[0]
                         net (fo=1, routed)           1.193     1.193    top_i/zynq_ps/inst/FCLK_CLK_unbuffered[0]
    BUFGCTRL_X0Y16       BUFG (Prop_bufg_I_O)         0.101     1.294 r  top_i/zynq_ps/inst/buffer_fclk_clk_0.FCLK_CLK_0_BUFG/O
                         net (fo=55622, routed)       1.804     3.098    top_i/StreamingDataflowPartition_1/inst/StreamingDataflowPartition_1_MVAU_hls_0/StreamingDataflowPartition_1_MVAU_hls_0/inst/grp_Matrix_Vector_Activate_Stream_Batch_fu_30/ap_clk
    SLICE_X102Y1         FDRE                                         r  top_i/StreamingDataflowPartition_1/inst/StreamingDataflowPartition_1_MVAU_hls_0/StreamingDataflowPartition_1_MVAU_hls_0/inst/grp_Matrix_Vector_Activate_Stream_Batch_fu_30/add_ln169_1338_reg_128668_reg[1]/C
  -------------------------------------------------------------------    -------------------
    SLICE_X102Y1         FDRE (Prop_fdre_C_Q)         0.518     3.616 r  top_i/StreamingDataflowPartition_1/inst/StreamingDataflowPartition_1_MVAU_hls_0/StreamingDataflowPartition_1_MVAU_hls_0/inst/grp_Matrix_Vector_Activate_Stream_Batch_fu_30/add_ln169_1338_reg_128668_reg[1]/Q
                         net (fo=4, routed)           1.039     4.655    top_i/StreamingDataflowPartition_1/inst/StreamingDataflowPartition_1_MVAU_hls_0/StreamingDataflowPartition_1_MVAU_hls_0/inst/grp_Matrix_Vector_Activate_Stream_Batch_fu_30/add_ln169_1338_reg_128668[1]
    SLICE_X102Y2         LUT6 (Prop_lut6_I5_O)        0.124     4.779 r  top_i/StreamingDataflowPartition_1/inst/StreamingDataflowPartition_1_MVAU_hls_0/StreamingDataflowPartition_1_MVAU_hls_0/inst/grp_Matrix_Vector_Activate_Stream_Batch_fu_30/accu_11_fu_7384[7]_i_84/O
                         net (fo=2, routed)           0.823     5.602    top_i/StreamingDataflowPartition_1/inst/StreamingDataflowPartition_1_MVAU_hls_0/StreamingDataflowPartition_1_MVAU_hls_0/inst/grp_Matrix_Vector_Activate_Stream_Batch_fu_30/zext_ln169_933_fu_115054_p1[1]
    SLICE_X102Y4         LUT3 (Prop_lut3_I0_O)        0.150     5.752 r  top_i/StreamingDataflowPartition_1/inst/StreamingDataflowPartition_1_MVAU_hls_0/StreamingDataflowPartition_1_MVAU_hls_0/inst/grp_Matrix_Vector_Activate_Stream_Batch_fu_30/accu_11_fu_7384[7]_i_79/O
                         net (fo=2, routed)           0.593     6.345    top_i/StreamingDataflowPartition_1/inst/StreamingDataflowPartition_1_MVAU_hls_0/StreamingDataflowPartition_1_MVAU_hls_0/inst/grp_Matrix_Vector_Activate_Stream_Batch_fu_30/accu_11_fu_7384[7]_i_79_n_3
    SLICE_X103Y4         LUT6 (Prop_lut6_I0_O)        0.328     6.673 r  top_i/StreamingDataflowPartition_1/inst/StreamingDataflowPartition_1_MVAU_hls_0/StreamingDataflowPartition_1_MVAU_hls_0/inst/grp_Matrix_Vector_Activate_Stream_Batch_fu_30/accu_11_fu_7384[7]_i_50/O
                         net (fo=5, routed)           0.797     7.470    top_i/StreamingDataflowPartition_1/inst/StreamingDataflowPartition_1_MVAU_hls_0/StreamingDataflowPartition_1_MVAU_hls_0/inst/grp_Matrix_Vector_Activate_Stream_Batch_fu_30/accu_11_fu_7384[7]_i_50_n_3
    SLICE_X103Y5         LUT5 (Prop_lut5_I2_O)        0.150     7.620 r  top_i/StreamingDataflowPartition_1/inst/StreamingDataflowPartition_1_MVAU_hls_0/StreamingDataflowPartition_1_MVAU_hls_0/inst/grp_Matrix_Vector_Activate_Stream_Batch_fu_30/accu_11_fu_7384[7]_i_36/O
                         net (fo=2, routed)           1.191     8.811    top_i/StreamingDataflowPartition_1/inst/StreamingDataflowPartition_1_MVAU_hls_0/StreamingDataflowPartition_1_MVAU_hls_0/inst/grp_Matrix_Vector_Activate_Stream_Batch_fu_30/accu_11_fu_7384[7]_i_36_n_3
    SLICE_X93Y6          LUT6 (Prop_lut6_I3_O)        0.326     9.137 r  top_i/StreamingDataflowPartition_1/inst/StreamingDataflowPartition_1_MVAU_hls_0/StreamingDataflowPartition_1_MVAU_hls_0/inst/grp_Matrix_Vector_Activate_Stream_Batch_fu_30/accu_11_fu_7384[7]_i_13/O
                         net (fo=2, routed)           1.399    10.536    top_i/StreamingDataflowPartition_1/inst/StreamingDataflowPartition_1_MVAU_hls_0/StreamingDataflowPartition_1_MVAU_hls_0/inst/grp_Matrix_Vector_Activate_Stream_Batch_fu_30/accu_11_fu_7384[7]_i_13_n_3
    SLICE_X59Y7          LUT3 (Prop_lut3_I1_O)        0.124    10.660 r  top_i/StreamingDataflowPartition_1/inst/StreamingDataflowPartition_1_MVAU_hls_0/StreamingDataflowPartition_1_MVAU_hls_0/inst/grp_Matrix_Vector_Activate_Stream_Batch_fu_30/accu_11_fu_7384[7]_i_3/O
                         net (fo=1, routed)           0.474    11.134    top_i/StreamingDataflowPartition_1/inst/StreamingDataflowPartition_1_MVAU_hls_0/StreamingDataflowPartition_1_MVAU_hls_0/inst/grp_Matrix_Vector_Activate_Stream_Batch_fu_30/accu_11_fu_7384[7]_i_3_n_3
    SLICE_X59Y9          CARRY4 (Prop_carry4_DI[1]_CO[3])
                                                      0.507    11.641 r  top_i/StreamingDataflowPartition_1/inst/StreamingDataflowPartition_1_MVAU_hls_0/StreamingDataflowPartition_1_MVAU_hls_0/inst/grp_Matrix_Vector_Activate_Stream_Batch_fu_30/accu_11_fu_7384_reg[7]_i_1/CO[3]
                         net (fo=1, routed)           0.000    11.641    top_i/StreamingDataflowPartition_1/inst/StreamingDataflowPartition_1_MVAU_hls_0/StreamingDataflowPartition_1_MVAU_hls_0/inst/grp_Matrix_Vector_Activate_Stream_Batch_fu_30/accu_11_fu_7384_reg[7]_i_1_n_3
    SLICE_X59Y10         CARRY4 (Prop_carry4_CI_O[0])
                                                      0.235    11.876 r  top_i/StreamingDataflowPartition_1/inst/StreamingDataflowPartition_1_MVAU_hls_0/StreamingDataflowPartition_1_MVAU_hls_0/inst/grp_Matrix_Vector_Activate_Stream_Batch_fu_30/accu_11_fu_7384_reg[9]_i_1/O[0]
                         net (fo=2, routed)           0.335    12.210    top_i/StreamingDataflowPartition_1/inst/StreamingDataflowPartition_1_MVAU_hls_0/StreamingDataflowPartition_1_MVAU_hls_0/inst/grp_Matrix_Vector_Activate_Stream_Batch_fu_30/accu_75_fu_115078_p2[8]
    SLICE_X59Y11         FDRE                                         r  top_i/StreamingDataflowPartition_1/inst/StreamingDataflowPartition_1_MVAU_hls_0/StreamingDataflowPartition_1_MVAU_hls_0/inst/grp_Matrix_Vector_Activate_Stream_Batch_fu_30/accu_75_reg_133168_reg[8]/D
  -------------------------------------------------------------------    -------------------

                         (clock clk_fpga_0 rise edge)
                                                     10.000    10.000 r  
    PS7_X0Y0             PS7                          0.000    10.000 r  top_i/zynq_ps/inst/PS7_i/FCLKCLK[0]
                         net (fo=1, routed)           1.088    11.088    top_i/zynq_ps/inst/FCLK_CLK_unbuffered[0]
    BUFGCTRL_X0Y16       BUFG (Prop_bufg_I_O)         0.091    11.179 r  top_i/zynq_ps/inst/buffer_fclk_clk_0.FCLK_CLK_0_BUFG/O
                         net (fo=55622, routed)       1.551    12.731    top_i/StreamingDataflowPartition_1/inst/StreamingDataflowPartition_1_MVAU_hls_0/StreamingDataflowPartition_1_MVAU_hls_0/inst/grp_Matrix_Vector_Activate_Stream_Batch_fu_30/ap_clk
    SLICE_X59Y11         FDRE                                         r  top_i/StreamingDataflowPartition_1/inst/StreamingDataflowPartition_1_MVAU_hls_0/StreamingDataflowPartition_1_MVAU_hls_0/inst/grp_Matrix_Vector_Activate_Stream_Batch_fu_30/accu_75_reg_133168_reg[8]/C
                         clock pessimism              0.230    12.960    
                         clock uncertainty           -0.154    12.806    
    SLICE_X59Y11         FDRE (Setup_fdre_C_D)       -0.218    12.588    top_i/StreamingDataflowPartition_1/inst/StreamingDataflowPartition_1_MVAU_hls_0/StreamingDataflowPartition_1_MVAU_hls_0/inst/grp_Matrix_Vector_Activate_Stream_Batch_fu_30/accu_75_reg_133168_reg[8]
  -------------------------------------------------------------------
                         required time                         12.588    
                         arrival time                         -12.210    
  -------------------------------------------------------------------
                         slack                                  0.378    





Min Delay Paths
--------------------------------------------------------------------------------------
Slack (MET) :             0.014ns  (arrival time - required time)
  Source:                 top_i/idma0/inst/StreamingDataflowPartition_0_IODMA_hls_0/inst/Mem2Stream_Batch_64u_784u_U0/grp_Mem2Stream_Batch_64u_784u_Pipeline_VITIS_LOOP_140_11_fu_102/gmem_addr_read_reg_123_reg[49]/C
                            (rising edge-triggered cell FDRE clocked by clk_fpga_0  {rise@0.000ns fall@5.000ns period=10.000ns})
  Destination:            top_i/idma0/inst/StreamingDataflowPartition_0_IODMA_hls_0/inst/dma2dwc_U/U_StreamingDataflowPartition_0_IODMA_hls_0_fifo_w64_d2_S_ShiftReg/SRL_SIG_reg[0][49]/D
                            (rising edge-triggered cell FDRE clocked by clk_fpga_0  {rise@0.000ns fall@5.000ns period=10.000ns})
  Path Group:             clk_fpga_0
  Path Type:              Hold (Min at Fast Process Corner)
  Requirement:            0.000ns  (clk_fpga_0 rise@0.000ns - clk_fpga_0 rise@0.000ns)
  Data Path Delay:        0.411ns  (logic 0.209ns (50.900%)  route 0.202ns (49.100%))
  Logic Levels:           1  (LUT4=1)
  Clock Path Skew:        0.275ns (DCD - SCD - CPR)
    Destination Clock Delay (DCD):    1.219ns
    Source Clock Delay      (SCD):    0.914ns
    Clock Pessimism Removal (CPR):    0.030ns

    Location             Delay type                Incr(ns)  Path(ns)    Netlist Resource(s)
  -------------------------------------------------------------------    -------------------
                         (clock clk_fpga_0 rise edge)
                                                      0.000     0.000 r  
    PS7_X0Y0             PS7                          0.000     0.000 r  top_i/zynq_ps/inst/PS7_i/FCLKCLK[0]
                         net (fo=1, routed)           0.310     0.310    top_i/zynq_ps/inst/FCLK_CLK_unbuffered[0]
    BUFGCTRL_X0Y16       BUFG (Prop_bufg_I_O)         0.026     0.336 r  top_i/zynq_ps/inst/buffer_fclk_clk_0.FCLK_CLK_0_BUFG/O
                         net (fo=55622, routed)       0.578     0.914    top_i/idma0/inst/StreamingDataflowPartition_0_IODMA_hls_0/inst/Mem2Stream_Batch_64u_784u_U0/grp_Mem2Stream_Batch_64u_784u_Pipeline_VITIS_LOOP_140_11_fu_102/ap_clk
    SLICE_X58Y50         FDRE                                         r  top_i/idma0/inst/StreamingDataflowPartition_0_IODMA_hls_0/inst/Mem2Stream_Batch_64u_784u_U0/grp_Mem2Stream_Batch_64u_784u_Pipeline_VITIS_LOOP_140_11_fu_102/gmem_addr_read_reg_123_reg[49]/C
  -------------------------------------------------------------------    -------------------
    SLICE_X58Y50         FDRE (Prop_fdre_C_Q)         0.164     1.078 r  top_i/idma0/inst/StreamingDataflowPartition_0_IODMA_hls_0/inst/Mem2Stream_Batch_64u_784u_U0/grp_Mem2Stream_Batch_64u_784u_Pipeline_VITIS_LOOP_140_11_fu_102/gmem_addr_read_reg_123_reg[49]/Q
                         net (fo=1, routed)           0.202     1.279    top_i/idma0/inst/StreamingDataflowPartition_0_IODMA_hls_0/inst/Mem2Stream_Batch_64u_784u_U0/grp_Mem2Stream_Batch_64u_784u_Pipeline_VITIS_LOOP_140_1_fu_111/SRL_SIG_reg[0][63][49]
    SLICE_X58Y49         LUT4 (Prop_lut4_I3_O)        0.045     1.324 r  top_i/idma0/inst/StreamingDataflowPartition_0_IODMA_hls_0/inst/Mem2Stream_Batch_64u_784u_U0/grp_Mem2Stream_Batch_64u_784u_Pipeline_VITIS_LOOP_140_1_fu_111/SRL_SIG[0][49]_i_1/O
                         net (fo=1, routed)           0.000     1.324    top_i/idma0/inst/StreamingDataflowPartition_0_IODMA_hls_0/inst/dma2dwc_U/U_StreamingDataflowPartition_0_IODMA_hls_0_fifo_w64_d2_S_ShiftReg/D[49]
    SLICE_X58Y49         FDRE                                         r  top_i/idma0/inst/StreamingDataflowPartition_0_IODMA_hls_0/inst/dma2dwc_U/U_StreamingDataflowPartition_0_IODMA_hls_0_fifo_w64_d2_S_ShiftReg/SRL_SIG_reg[0][49]/D
  -------------------------------------------------------------------    -------------------

                         (clock clk_fpga_0 rise edge)
                                                      0.000     0.000 r  
    PS7_X0Y0             PS7                          0.000     0.000 r  top_i/zynq_ps/inst/PS7_i/FCLKCLK[0]
                         net (fo=1, routed)           0.337     0.337    top_i/zynq_ps/inst/FCLK_CLK_unbuffered[0]
    BUFGCTRL_X0Y16       BUFG (Prop_bufg_I_O)         0.029     0.366 r  top_i/zynq_ps/inst/buffer_fclk_clk_0.FCLK_CLK_0_BUFG/O
                         net (fo=55622, routed)       0.853     1.219    top_i/idma0/inst/StreamingDataflowPartition_0_IODMA_hls_0/inst/dma2dwc_U/U_StreamingDataflowPartition_0_IODMA_hls_0_fifo_w64_d2_S_ShiftReg/ap_clk
    SLICE_X58Y49         FDRE                                         r  top_i/idma0/inst/StreamingDataflowPartition_0_IODMA_hls_0/inst/dma2dwc_U/U_StreamingDataflowPartition_0_IODMA_hls_0_fifo_w64_d2_S_ShiftReg/SRL_SIG_reg[0][49]/C
                         clock pessimism             -0.030     1.189    
    SLICE_X58Y49         FDRE (Hold_fdre_C_D)         0.121     1.310    top_i/idma0/inst/StreamingDataflowPartition_0_IODMA_hls_0/inst/dma2dwc_U/U_StreamingDataflowPartition_0_IODMA_hls_0_fifo_w64_d2_S_ShiftReg/SRL_SIG_reg[0][49]
  -------------------------------------------------------------------
                         required time                         -1.310    
                         arrival time                           1.324    
  -------------------------------------------------------------------
                         slack                                  0.014    

Slack (MET) :             0.022ns  (arrival time - required time)
  Source:                 top_i/smartconnect_0/inst/m00_exit_pipeline/m00_exit/inst/splitter_inst/gen_axi3.splitter_inst/ar_cmd_reg/m_vector_i_reg[1062]/C
                            (rising edge-triggered cell FDRE clocked by clk_fpga_0  {rise@0.000ns fall@5.000ns period=10.000ns})
  Destination:            top_i/smartconnect_0/inst/m00_exit_pipeline/m00_exit/inst/ar_reg/m_vector_i_reg[1062]/D
                            (rising edge-triggered cell FDRE clocked by clk_fpga_0  {rise@0.000ns fall@5.000ns period=10.000ns})
  Path Group:             clk_fpga_0
  Path Type:              Hold (Min at Fast Process Corner)
  Requirement:            0.000ns  (clk_fpga_0 rise@0.000ns - clk_fpga_0 rise@0.000ns)
  Data Path Delay:        0.415ns  (logic 0.210ns (50.593%)  route 0.205ns (49.407%))
  Logic Levels:           1  (LUT3=1)
  Clock Path Skew:        0.286ns (DCD - SCD - CPR)
    Destination Clock Delay (DCD):    1.226ns
    Source Clock Delay      (SCD):    0.910ns
    Clock Pessimism Removal (CPR):    0.030ns

    Location             Delay type                Incr(ns)  Path(ns)    Netlist Resource(s)
  -------------------------------------------------------------------    -------------------
                         (clock clk_fpga_0 rise edge)
                                                      0.000     0.000 r  
    PS7_X0Y0             PS7                          0.000     0.000 r  top_i/zynq_ps/inst/PS7_i/FCLKCLK[0]
                         net (fo=1, routed)           0.310     0.310    top_i/zynq_ps/inst/FCLK_CLK_unbuffered[0]
    BUFGCTRL_X0Y16       BUFG (Prop_bufg_I_O)         0.026     0.336 r  top_i/zynq_ps/inst/buffer_fclk_clk_0.FCLK_CLK_0_BUFG/O
                         net (fo=55622, routed)       0.574     0.910    top_i/smartconnect_0/inst/m00_exit_pipeline/m00_exit/inst/splitter_inst/gen_axi3.splitter_inst/ar_cmd_reg/aclk
    SLICE_X26Y50         FDRE                                         r  top_i/smartconnect_0/inst/m00_exit_pipeline/m00_exit/inst/splitter_inst/gen_axi3.splitter_inst/ar_cmd_reg/m_vector_i_reg[1062]/C
  -------------------------------------------------------------------    -------------------
    SLICE_X26Y50         FDRE (Prop_fdre_C_Q)         0.164     1.074 r  top_i/smartconnect_0/inst/m00_exit_pipeline/m00_exit/inst/splitter_inst/gen_axi3.splitter_inst/ar_cmd_reg/m_vector_i_reg[1062]/Q
                         net (fo=4, routed)           0.205     1.279    top_i/smartconnect_0/inst/m00_exit_pipeline/m00_exit/inst/ar_reg/D[3]
    SLICE_X24Y49         LUT3 (Prop_lut3_I1_O)        0.046     1.325 r  top_i/smartconnect_0/inst/m00_exit_pipeline/m00_exit/inst/ar_reg/m_vector_i[1062]_i_1/O
                         net (fo=1, routed)           0.000     1.325    top_i/smartconnect_0/inst/m00_exit_pipeline/m00_exit/inst/ar_reg/m_vector_i[1062]_i_1_n_0
    SLICE_X24Y49         FDRE                                         r  top_i/smartconnect_0/inst/m00_exit_pipeline/m00_exit/inst/ar_reg/m_vector_i_reg[1062]/D
  -------------------------------------------------------------------    -------------------

                         (clock clk_fpga_0 rise edge)
                                                      0.000     0.000 r  
    PS7_X0Y0             PS7                          0.000     0.000 r  top_i/zynq_ps/inst/PS7_i/FCLKCLK[0]
                         net (fo=1, routed)           0.337     0.337    top_i/zynq_ps/inst/FCLK_CLK_unbuffered[0]
    BUFGCTRL_X0Y16       BUFG (Prop_bufg_I_O)         0.029     0.366 r  top_i/zynq_ps/inst/buffer_fclk_clk_0.FCLK_CLK_0_BUFG/O
                         net (fo=55622, routed)       0.860     1.226    top_i/smartconnect_0/inst/m00_exit_pipeline/m00_exit/inst/ar_reg/aclk
    SLICE_X24Y49         FDRE                                         r  top_i/smartconnect_0/inst/m00_exit_pipeline/m00_exit/inst/ar_reg/m_vector_i_reg[1062]/C
                         clock pessimism             -0.030     1.196    
    SLICE_X24Y49         FDRE (Hold_fdre_C_D)         0.107     1.303    top_i/smartconnect_0/inst/m00_exit_pipeline/m00_exit/inst/ar_reg/m_vector_i_reg[1062]
  -------------------------------------------------------------------
                         required time                         -1.303    
                         arrival time                           1.325    
  -------------------------------------------------------------------
                         slack                                  0.022    

Slack (MET) :             0.023ns  (arrival time - required time)
  Source:                 top_i/odma0/inst/StreamingDataflowPartition_2_IODMA_hls_0/inst/gmem_m_axi_U/store_unit/tmp_addr_reg[42]/C
                            (rising edge-triggered cell FDRE clocked by clk_fpga_0  {rise@0.000ns fall@5.000ns period=10.000ns})
  Destination:            top_i/odma0/inst/StreamingDataflowPartition_2_IODMA_hls_0/inst/gmem_m_axi_U/bus_write/wreq_burst_conv/rs_req/data_p2_reg[42]/D
                            (rising edge-triggered cell FDRE clocked by clk_fpga_0  {rise@0.000ns fall@5.000ns period=10.000ns})
  Path Group:             clk_fpga_0
  Path Type:              Hold (Min at Fast Process Corner)
  Requirement:            0.000ns  (clk_fpga_0 rise@0.000ns - clk_fpga_0 rise@0.000ns)
  Data Path Delay:        0.359ns  (logic 0.141ns (39.294%)  route 0.218ns (60.707%))
  Logic Levels:           0  
  Clock Path Skew:        0.261ns (DCD - SCD - CPR)
    Destination Clock Delay (DCD):    1.186ns
    Source Clock Delay      (SCD):    0.890ns
    Clock Pessimism Removal (CPR):    0.035ns

    Location             Delay type                Incr(ns)  Path(ns)    Netlist Resource(s)
  -------------------------------------------------------------------    -------------------
                         (clock clk_fpga_0 rise edge)
                                                      0.000     0.000 r  
    PS7_X0Y0             PS7                          0.000     0.000 r  top_i/zynq_ps/inst/PS7_i/FCLKCLK[0]
                         net (fo=1, routed)           0.310     0.310    top_i/zynq_ps/inst/FCLK_CLK_unbuffered[0]
    BUFGCTRL_X0Y16       BUFG (Prop_bufg_I_O)         0.026     0.336 r  top_i/zynq_ps/inst/buffer_fclk_clk_0.FCLK_CLK_0_BUFG/O
                         net (fo=55622, routed)       0.554     0.890    top_i/odma0/inst/StreamingDataflowPartition_2_IODMA_hls_0/inst/gmem_m_axi_U/store_unit/ap_clk
    SLICE_X49Y91         FDRE                                         r  top_i/odma0/inst/StreamingDataflowPartition_2_IODMA_hls_0/inst/gmem_m_axi_U/store_unit/tmp_addr_reg[42]/C
  -------------------------------------------------------------------    -------------------
    SLICE_X49Y91         FDRE (Prop_fdre_C_Q)         0.141     1.031 r  top_i/odma0/inst/StreamingDataflowPartition_2_IODMA_hls_0/inst/gmem_m_axi_U/store_unit/tmp_addr_reg[42]/Q
                         net (fo=2, routed)           0.218     1.248    top_i/odma0/inst/StreamingDataflowPartition_2_IODMA_hls_0/inst/gmem_m_axi_U/bus_write/wreq_burst_conv/rs_req/data_p2_reg[81]_0[42]
    SLICE_X51Y93         FDRE                                         r  top_i/odma0/inst/StreamingDataflowPartition_2_IODMA_hls_0/inst/gmem_m_axi_U/bus_write/wreq_burst_conv/rs_req/data_p2_reg[42]/D
  -------------------------------------------------------------------    -------------------

                         (clock clk_fpga_0 rise edge)
                                                      0.000     0.000 r  
    PS7_X0Y0             PS7                          0.000     0.000 r  top_i/zynq_ps/inst/PS7_i/FCLKCLK[0]
                         net (fo=1, routed)           0.337     0.337    top_i/zynq_ps/inst/FCLK_CLK_unbuffered[0]
    BUFGCTRL_X0Y16       BUFG (Prop_bufg_I_O)         0.029     0.366 r  top_i/zynq_ps/inst/buffer_fclk_clk_0.FCLK_CLK_0_BUFG/O
                         net (fo=55622, routed)       0.820     1.186    top_i/odma0/inst/StreamingDataflowPartition_2_IODMA_hls_0/inst/gmem_m_axi_U/bus_write/wreq_burst_conv/rs_req/ap_clk
    SLICE_X51Y93         FDRE                                         r  top_i/odma0/inst/StreamingDataflowPartition_2_IODMA_hls_0/inst/gmem_m_axi_U/bus_write/wreq_burst_conv/rs_req/data_p2_reg[42]/C
                         clock pessimism             -0.035     1.151    
    SLICE_X51Y93         FDRE (Hold_fdre_C_D)         0.075     1.226    top_i/odma0/inst/StreamingDataflowPartition_2_IODMA_hls_0/inst/gmem_m_axi_U/bus_write/wreq_burst_conv/rs_req/data_p2_reg[42]
  -------------------------------------------------------------------
                         required time                         -1.226    
                         arrival time                           1.248    
  -------------------------------------------------------------------
                         slack                                  0.023    

Slack (MET) :             0.026ns  (arrival time - required time)
  Source:                 top_i/StreamingDataflowPartition_1/inst/StreamingDataflowPartition_1_StreamingFIFO_rtl_5/inst/fifo/srlo_reg[66]/C
                            (rising edge-triggered cell FDRE clocked by clk_fpga_0  {rise@0.000ns fall@5.000ns period=10.000ns})
  Destination:            top_i/StreamingDataflowPartition_1/inst/StreamingDataflowPartition_1_StreamingDataWidthConverter_rtl_0/inst/impl/core/genDown.ADat_reg[9][3]/D
                            (rising edge-triggered cell FDRE clocked by clk_fpga_0  {rise@0.000ns fall@5.000ns period=10.000ns})
  Path Group:             clk_fpga_0
  Path Type:              Hold (Min at Fast Process Corner)
  Requirement:            0.000ns  (clk_fpga_0 rise@0.000ns - clk_fpga_0 rise@0.000ns)
  Data Path Delay:        0.360ns  (logic 0.141ns (39.173%)  route 0.219ns (60.827%))
  Logic Levels:           0  
  Clock Path Skew:        0.264ns (DCD - SCD - CPR)
    Destination Clock Delay (DCD):    1.264ns
    Source Clock Delay      (SCD):    0.961ns
    Clock Pessimism Removal (CPR):    0.039ns

    Location             Delay type                Incr(ns)  Path(ns)    Netlist Resource(s)
  -------------------------------------------------------------------    -------------------
                         (clock clk_fpga_0 rise edge)
                                                      0.000     0.000 r  
    PS7_X0Y0             PS7                          0.000     0.000 r  top_i/zynq_ps/inst/PS7_i/FCLKCLK[0]
                         net (fo=1, routed)           0.310     0.310    top_i/zynq_ps/inst/FCLK_CLK_unbuffered[0]
    BUFGCTRL_X0Y16       BUFG (Prop_bufg_I_O)         0.026     0.336 r  top_i/zynq_ps/inst/buffer_fclk_clk_0.FCLK_CLK_0_BUFG/O
                         net (fo=55622, routed)       0.625     0.961    top_i/StreamingDataflowPartition_1/inst/StreamingDataflowPartition_1_StreamingFIFO_rtl_5/inst/fifo/ap_clk
    SLICE_X51Y129        FDRE                                         r  top_i/StreamingDataflowPartition_1/inst/StreamingDataflowPartition_1_StreamingFIFO_rtl_5/inst/fifo/srlo_reg[66]/C
  -------------------------------------------------------------------    -------------------
    SLICE_X51Y129        FDRE (Prop_fdre_C_Q)         0.141     1.102 r  top_i/StreamingDataflowPartition_1/inst/StreamingDataflowPartition_1_StreamingFIFO_rtl_5/inst/fifo/srlo_reg[66]/Q
                         net (fo=1, routed)           0.219     1.321    top_i/StreamingDataflowPartition_1/inst/StreamingDataflowPartition_1_StreamingDataWidthConverter_rtl_0/inst/impl/core/genDown.ADat_reg[9][6]_0[66]
    SLICE_X48Y128        FDRE                                         r  top_i/StreamingDataflowPartition_1/inst/StreamingDataflowPartition_1_StreamingDataWidthConverter_rtl_0/inst/impl/core/genDown.ADat_reg[9][3]/D
  -------------------------------------------------------------------    -------------------

                         (clock clk_fpga_0 rise edge)
                                                      0.000     0.000 r  
    PS7_X0Y0             PS7                          0.000     0.000 r  top_i/zynq_ps/inst/PS7_i/FCLKCLK[0]
                         net (fo=1, routed)           0.337     0.337    top_i/zynq_ps/inst/FCLK_CLK_unbuffered[0]
    BUFGCTRL_X0Y16       BUFG (Prop_bufg_I_O)         0.029     0.366 r  top_i/zynq_ps/inst/buffer_fclk_clk_0.FCLK_CLK_0_BUFG/O
                         net (fo=55622, routed)       0.898     1.264    top_i/StreamingDataflowPartition_1/inst/StreamingDataflowPartition_1_StreamingDataWidthConverter_rtl_0/inst/impl/core/ap_clk
    SLICE_X48Y128        FDRE                                         r  top_i/StreamingDataflowPartition_1/inst/StreamingDataflowPartition_1_StreamingDataWidthConverter_rtl_0/inst/impl/core/genDown.ADat_reg[9][3]/C
                         clock pessimism             -0.039     1.225    
    SLICE_X48Y128        FDRE (Hold_fdre_C_D)         0.070     1.295    top_i/StreamingDataflowPartition_1/inst/StreamingDataflowPartition_1_StreamingDataWidthConverter_rtl_0/inst/impl/core/genDown.ADat_reg[9][3]
  -------------------------------------------------------------------
                         required time                         -1.295    
                         arrival time                           1.321    
  -------------------------------------------------------------------
                         slack                                  0.026    

Slack (MET) :             0.026ns  (arrival time - required time)
  Source:                 top_i/StreamingDataflowPartition_1/inst/StreamingDataflowPartition_1_MVAU_hls_0/StreamingDataflowPartition_1_MVAU_hls_0_wstrm/inst/core/genUnpumped.mem/blkMem.Dat3_reg[2700]/C
                            (rising edge-triggered cell FDRE clocked by clk_fpga_0  {rise@0.000ns fall@5.000ns period=10.000ns})
  Destination:            top_i/StreamingDataflowPartition_1/inst/StreamingDataflowPartition_1_MVAU_hls_0/StreamingDataflowPartition_1_MVAU_hls_0_wstrm/inst/core/genUnpumped.mem/blkStreamOut.OSrl_reg[6][2700]_srl7/D
                            (rising edge-triggered cell SRL16E clocked by clk_fpga_0  {rise@0.000ns fall@5.000ns period=10.000ns})
  Path Group:             clk_fpga_0
  Path Type:              Hold (Min at Fast Process Corner)
  Requirement:            0.000ns  (clk_fpga_0 rise@0.000ns - clk_fpga_0 rise@0.000ns)
  Data Path Delay:        0.346ns  (logic 0.128ns (37.014%)  route 0.218ns (62.986%))
  Logic Levels:           0  
  Clock Path Skew:        0.255ns (DCD - SCD - CPR)
    Destination Clock Delay (DCD):    1.181ns
    Source Clock Delay      (SCD):    0.891ns
    Clock Pessimism Removal (CPR):    0.035ns

    Location             Delay type                Incr(ns)  Path(ns)    Netlist Resource(s)
  -------------------------------------------------------------------    -------------------
                         (clock clk_fpga_0 rise edge)
                                                      0.000     0.000 r  
    PS7_X0Y0             PS7                          0.000     0.000 r  top_i/zynq_ps/inst/PS7_i/FCLKCLK[0]
                         net (fo=1, routed)           0.310     0.310    top_i/zynq_ps/inst/FCLK_CLK_unbuffered[0]
    BUFGCTRL_X0Y16       BUFG (Prop_bufg_I_O)         0.026     0.336 r  top_i/zynq_ps/inst/buffer_fclk_clk_0.FCLK_CLK_0_BUFG/O
                         net (fo=55622, routed)       0.555     0.891    top_i/StreamingDataflowPartition_1/inst/StreamingDataflowPartition_1_MVAU_hls_0/StreamingDataflowPartition_1_MVAU_hls_0_wstrm/inst/core/genUnpumped.mem/ap_clk
    SLICE_X47Y31         FDRE                                         r  top_i/StreamingDataflowPartition_1/inst/StreamingDataflowPartition_1_MVAU_hls_0/StreamingDataflowPartition_1_MVAU_hls_0_wstrm/inst/core/genUnpumped.mem/blkMem.Dat3_reg[2700]/C
  -------------------------------------------------------------------    -------------------
    SLICE_X47Y31         FDRE (Prop_fdre_C_Q)         0.128     1.019 r  top_i/StreamingDataflowPartition_1/inst/StreamingDataflowPartition_1_MVAU_hls_0/StreamingDataflowPartition_1_MVAU_hls_0_wstrm/inst/core/genUnpumped.mem/blkMem.Dat3_reg[2700]/Q
                         net (fo=1, routed)           0.218     1.236    top_i/StreamingDataflowPartition_1/inst/StreamingDataflowPartition_1_MVAU_hls_0/StreamingDataflowPartition_1_MVAU_hls_0_wstrm/inst/core/genUnpumped.mem/mem_q0[2700]
    SLICE_X50Y30         SRL16E                                       r  top_i/StreamingDataflowPartition_1/inst/StreamingDataflowPartition_1_MVAU_hls_0/StreamingDataflowPartition_1_MVAU_hls_0_wstrm/inst/core/genUnpumped.mem/blkStreamOut.OSrl_reg[6][2700]_srl7/D
  -------------------------------------------------------------------    -------------------

                         (clock clk_fpga_0 rise edge)
                                                      0.000     0.000 r  
    PS7_X0Y0             PS7                          0.000     0.000 r  top_i/zynq_ps/inst/PS7_i/FCLKCLK[0]
                         net (fo=1, routed)           0.337     0.337    top_i/zynq_ps/inst/FCLK_CLK_unbuffered[0]
    BUFGCTRL_X0Y16       BUFG (Prop_bufg_I_O)         0.029     0.366 r  top_i/zynq_ps/inst/buffer_fclk_clk_0.FCLK_CLK_0_BUFG/O
                         net (fo=55622, routed)       0.815     1.181    top_i/StreamingDataflowPartition_1/inst/StreamingDataflowPartition_1_MVAU_hls_0/StreamingDataflowPartition_1_MVAU_hls_0_wstrm/inst/core/genUnpumped.mem/ap_clk
    SLICE_X50Y30         SRL16E                                       r  top_i/StreamingDataflowPartition_1/inst/StreamingDataflowPartition_1_MVAU_hls_0/StreamingDataflowPartition_1_MVAU_hls_0_wstrm/inst/core/genUnpumped.mem/blkStreamOut.OSrl_reg[6][2700]_srl7/CLK
                         clock pessimism             -0.035     1.146    
    SLICE_X50Y30         SRL16E (Hold_srl16e_CLK_D)
                                                      0.064     1.210    top_i/StreamingDataflowPartition_1/inst/StreamingDataflowPartition_1_MVAU_hls_0/StreamingDataflowPartition_1_MVAU_hls_0_wstrm/inst/core/genUnpumped.mem/blkStreamOut.OSrl_reg[6][2700]_srl7
  -------------------------------------------------------------------
                         required time                         -1.210    
                         arrival time                           1.236    
  -------------------------------------------------------------------
                         slack                                  0.026    

Slack (MET) :             0.029ns  (arrival time - required time)
  Source:                 top_i/StreamingDataflowPartition_1/inst/StreamingDataflowPartition_1_StreamingFIFO_rtl_0/inst/fifo/srlo_reg[234]/C
                            (rising edge-triggered cell FDRE clocked by clk_fpga_0  {rise@0.000ns fall@5.000ns period=10.000ns})
  Destination:            top_i/StreamingDataflowPartition_1/inst/StreamingDataflowPartition_1_Thresholding_rtl_0/inst/core/impl/genStages[0].genPE[29].P_reg[val][2]/D
                            (rising edge-triggered cell FDRE clocked by clk_fpga_0  {rise@0.000ns fall@5.000ns period=10.000ns})
  Path Group:             clk_fpga_0
  Path Type:              Hold (Min at Fast Process Corner)
  Requirement:            0.000ns  (clk_fpga_0 rise@0.000ns - clk_fpga_0 rise@0.000ns)
  Data Path Delay:        0.368ns  (logic 0.141ns (38.293%)  route 0.227ns (61.706%))
  Logic Levels:           0  
  Clock Path Skew:        0.273ns (DCD - SCD - CPR)
    Destination Clock Delay (DCD):    1.197ns
    Source Clock Delay      (SCD):    0.894ns
    Clock Pessimism Removal (CPR):    0.030ns

    Location             Delay type                Incr(ns)  Path(ns)    Netlist Resource(s)
  -------------------------------------------------------------------    -------------------
                         (clock clk_fpga_0 rise edge)
                                                      0.000     0.000 r  
    PS7_X0Y0             PS7                          0.000     0.000 r  top_i/zynq_ps/inst/PS7_i/FCLKCLK[0]
                         net (fo=1, routed)           0.310     0.310    top_i/zynq_ps/inst/FCLK_CLK_unbuffered[0]
    BUFGCTRL_X0Y16       BUFG (Prop_bufg_I_O)         0.026     0.336 r  top_i/zynq_ps/inst/buffer_fclk_clk_0.FCLK_CLK_0_BUFG/O
                         net (fo=55622, routed)       0.558     0.894    top_i/StreamingDataflowPartition_1/inst/StreamingDataflowPartition_1_StreamingFIFO_rtl_0/inst/fifo/ap_clk
    SLICE_X33Y53         FDRE                                         r  top_i/StreamingDataflowPartition_1/inst/StreamingDataflowPartition_1_StreamingFIFO_rtl_0/inst/fifo/srlo_reg[234]/C
  -------------------------------------------------------------------    -------------------
    SLICE_X33Y53         FDRE (Prop_fdre_C_Q)         0.141     1.035 r  top_i/StreamingDataflowPartition_1/inst/StreamingDataflowPartition_1_StreamingFIFO_rtl_0/inst/fifo/srlo_reg[234]/Q
                         net (fo=1, routed)           0.227     1.262    top_i/StreamingDataflowPartition_1/inst/StreamingDataflowPartition_1_Thresholding_rtl_0/inst/core/impl/o_d[234]
    SLICE_X33Y49         FDRE                                         r  top_i/StreamingDataflowPartition_1/inst/StreamingDataflowPartition_1_Thresholding_rtl_0/inst/core/impl/genStages[0].genPE[29].P_reg[val][2]/D
  -------------------------------------------------------------------    -------------------

                         (clock clk_fpga_0 rise edge)
                                                      0.000     0.000 r  
    PS7_X0Y0             PS7                          0.000     0.000 r  top_i/zynq_ps/inst/PS7_i/FCLKCLK[0]
                         net (fo=1, routed)           0.337     0.337    top_i/zynq_ps/inst/FCLK_CLK_unbuffered[0]
    BUFGCTRL_X0Y16       BUFG (Prop_bufg_I_O)         0.029     0.366 r  top_i/zynq_ps/inst/buffer_fclk_clk_0.FCLK_CLK_0_BUFG/O
                         net (fo=55622, routed)       0.831     1.197    top_i/StreamingDataflowPartition_1/inst/StreamingDataflowPartition_1_Thresholding_rtl_0/inst/core/impl/ap_clk
    SLICE_X33Y49         FDRE                                         r  top_i/StreamingDataflowPartition_1/inst/StreamingDataflowPartition_1_Thresholding_rtl_0/inst/core/impl/genStages[0].genPE[29].P_reg[val][2]/C
                         clock pessimism             -0.030     1.167    
    SLICE_X33Y49         FDRE (Hold_fdre_C_D)         0.066     1.233    top_i/StreamingDataflowPartition_1/inst/StreamingDataflowPartition_1_Thresholding_rtl_0/inst/core/impl/genStages[0].genPE[29].P_reg[val][2]
  -------------------------------------------------------------------
                         required time                         -1.233    
                         arrival time                           1.262    
  -------------------------------------------------------------------
                         slack                                  0.029    

Slack (MET) :             0.029ns  (arrival time - required time)
  Source:                 top_i/StreamingDataflowPartition_1/inst/StreamingDataflowPartition_1_MVAU_hls_0/StreamingDataflowPartition_1_MVAU_hls_0_wstrm/inst/core/genUnpumped.mem/blkMem.Dat3_reg[912]/C
                            (rising edge-triggered cell FDRE clocked by clk_fpga_0  {rise@0.000ns fall@5.000ns period=10.000ns})
  Destination:            top_i/StreamingDataflowPartition_1/inst/StreamingDataflowPartition_1_MVAU_hls_0/StreamingDataflowPartition_1_MVAU_hls_0_wstrm/inst/core/genUnpumped.mem/blkStreamOut.OSrl_reg[6][912]_srl7/D
                            (rising edge-triggered cell SRL16E clocked by clk_fpga_0  {rise@0.000ns fall@5.000ns period=10.000ns})
  Path Group:             clk_fpga_0
  Path Type:              Hold (Min at Fast Process Corner)
  Requirement:            0.000ns  (clk_fpga_0 rise@0.000ns - clk_fpga_0 rise@0.000ns)
  Data Path Delay:        0.390ns  (logic 0.141ns (36.112%)  route 0.249ns (63.888%))
  Logic Levels:           0  
  Clock Path Skew:        0.259ns (DCD - SCD - CPR)
    Destination Clock Delay (DCD):    1.182ns
    Source Clock Delay      (SCD):    0.888ns
    Clock Pessimism Removal (CPR):    0.035ns

    Location             Delay type                Incr(ns)  Path(ns)    Netlist Resource(s)
  -------------------------------------------------------------------    -------------------
                         (clock clk_fpga_0 rise edge)
                                                      0.000     0.000 r  
    PS7_X0Y0             PS7                          0.000     0.000 r  top_i/zynq_ps/inst/PS7_i/FCLKCLK[0]
                         net (fo=1, routed)           0.310     0.310    top_i/zynq_ps/inst/FCLK_CLK_unbuffered[0]
    BUFGCTRL_X0Y16       BUFG (Prop_bufg_I_O)         0.026     0.336 r  top_i/zynq_ps/inst/buffer_fclk_clk_0.FCLK_CLK_0_BUFG/O
                         net (fo=55622, routed)       0.552     0.888    top_i/StreamingDataflowPartition_1/inst/StreamingDataflowPartition_1_MVAU_hls_0/StreamingDataflowPartition_1_MVAU_hls_0_wstrm/inst/core/genUnpumped.mem/ap_clk
    SLICE_X43Y21         FDRE                                         r  top_i/StreamingDataflowPartition_1/inst/StreamingDataflowPartition_1_MVAU_hls_0/StreamingDataflowPartition_1_MVAU_hls_0_wstrm/inst/core/genUnpumped.mem/blkMem.Dat3_reg[912]/C
  -------------------------------------------------------------------    -------------------
    SLICE_X43Y21         FDRE (Prop_fdre_C_Q)         0.141     1.029 r  top_i/StreamingDataflowPartition_1/inst/StreamingDataflowPartition_1_MVAU_hls_0/StreamingDataflowPartition_1_MVAU_hls_0_wstrm/inst/core/genUnpumped.mem/blkMem.Dat3_reg[912]/Q
                         net (fo=1, routed)           0.249     1.278    top_i/StreamingDataflowPartition_1/inst/StreamingDataflowPartition_1_MVAU_hls_0/StreamingDataflowPartition_1_MVAU_hls_0_wstrm/inst/core/genUnpumped.mem/mem_q0[912]
    SLICE_X50Y18         SRL16E                                       r  top_i/StreamingDataflowPartition_1/inst/StreamingDataflowPartition_1_MVAU_hls_0/StreamingDataflowPartition_1_MVAU_hls_0_wstrm/inst/core/genUnpumped.mem/blkStreamOut.OSrl_reg[6][912]_srl7/D
  -------------------------------------------------------------------    -------------------

                         (clock clk_fpga_0 rise edge)
                                                      0.000     0.000 r  
    PS7_X0Y0             PS7                          0.000     0.000 r  top_i/zynq_ps/inst/PS7_i/FCLKCLK[0]
                         net (fo=1, routed)           0.337     0.337    top_i/zynq_ps/inst/FCLK_CLK_unbuffered[0]
    BUFGCTRL_X0Y16       BUFG (Prop_bufg_I_O)         0.029     0.366 r  top_i/zynq_ps/inst/buffer_fclk_clk_0.FCLK_CLK_0_BUFG/O
                         net (fo=55622, routed)       0.816     1.182    top_i/StreamingDataflowPartition_1/inst/StreamingDataflowPartition_1_MVAU_hls_0/StreamingDataflowPartition_1_MVAU_hls_0_wstrm/inst/core/genUnpumped.mem/ap_clk
    SLICE_X50Y18         SRL16E                                       r  top_i/StreamingDataflowPartition_1/inst/StreamingDataflowPartition_1_MVAU_hls_0/StreamingDataflowPartition_1_MVAU_hls_0_wstrm/inst/core/genUnpumped.mem/blkStreamOut.OSrl_reg[6][912]_srl7/CLK
                         clock pessimism             -0.035     1.147    
    SLICE_X50Y18         SRL16E (Hold_srl16e_CLK_D)
                                                      0.102     1.249    top_i/StreamingDataflowPartition_1/inst/StreamingDataflowPartition_1_MVAU_hls_0/StreamingDataflowPartition_1_MVAU_hls_0_wstrm/inst/core/genUnpumped.mem/blkStreamOut.OSrl_reg[6][912]_srl7
  -------------------------------------------------------------------
                         required time                         -1.249    
                         arrival time                           1.278    
  -------------------------------------------------------------------
                         slack                                  0.029    

Slack (MET) :             0.030ns  (arrival time - required time)
  Source:                 top_i/smartconnect_0/inst/s00_entry_pipeline/s00_mmu/inst/r_sreg/m_vector_i_reg[1119]/C
                            (rising edge-triggered cell FDRE clocked by clk_fpga_0  {rise@0.000ns fall@5.000ns period=10.000ns})
  Destination:            top_i/idma0/inst/StreamingDataflowPartition_0_IODMA_hls_0/inst/gmem_m_axi_U/bus_read/rs_rdata/data_p2_reg[60]/D
                            (rising edge-triggered cell FDRE clocked by clk_fpga_0  {rise@0.000ns fall@5.000ns period=10.000ns})
  Path Group:             clk_fpga_0
  Path Type:              Hold (Min at Fast Process Corner)
  Requirement:            0.000ns  (clk_fpga_0 rise@0.000ns - clk_fpga_0 rise@0.000ns)
  Data Path Delay:        0.354ns  (logic 0.141ns (39.850%)  route 0.213ns (60.150%))
  Logic Levels:           0  
  Clock Path Skew:        0.260ns (DCD - SCD - CPR)
    Destination Clock Delay (DCD):    1.186ns
    Source Clock Delay      (SCD):    0.891ns
    Clock Pessimism Removal (CPR):    0.035ns

    Location             Delay type                Incr(ns)  Path(ns)    Netlist Resource(s)
  -------------------------------------------------------------------    -------------------
                         (clock clk_fpga_0 rise edge)
                                                      0.000     0.000 r  
    PS7_X0Y0             PS7                          0.000     0.000 r  top_i/zynq_ps/inst/PS7_i/FCLKCLK[0]
                         net (fo=1, routed)           0.310     0.310    top_i/zynq_ps/inst/FCLK_CLK_unbuffered[0]
    BUFGCTRL_X0Y16       BUFG (Prop_bufg_I_O)         0.026     0.336 r  top_i/zynq_ps/inst/buffer_fclk_clk_0.FCLK_CLK_0_BUFG/O
                         net (fo=55622, routed)       0.555     0.891    top_i/smartconnect_0/inst/s00_entry_pipeline/s00_mmu/inst/r_sreg/aclk
    SLICE_X47Y57         FDRE                                         r  top_i/smartconnect_0/inst/s00_entry_pipeline/s00_mmu/inst/r_sreg/m_vector_i_reg[1119]/C
  -------------------------------------------------------------------    -------------------
    SLICE_X47Y57         FDRE (Prop_fdre_C_Q)         0.141     1.032 r  top_i/smartconnect_0/inst/s00_entry_pipeline/s00_mmu/inst/r_sreg/m_vector_i_reg[1119]/Q
                         net (fo=2, routed)           0.213     1.244    top_i/idma0/inst/StreamingDataflowPartition_0_IODMA_hls_0/inst/gmem_m_axi_U/bus_read/rs_rdata/data_p2_reg[64]_0[60]
    SLICE_X50Y55         FDRE                                         r  top_i/idma0/inst/StreamingDataflowPartition_0_IODMA_hls_0/inst/gmem_m_axi_U/bus_read/rs_rdata/data_p2_reg[60]/D
  -------------------------------------------------------------------    -------------------

                         (clock clk_fpga_0 rise edge)
                                                      0.000     0.000 r  
    PS7_X0Y0             PS7                          0.000     0.000 r  top_i/zynq_ps/inst/PS7_i/FCLKCLK[0]
                         net (fo=1, routed)           0.337     0.337    top_i/zynq_ps/inst/FCLK_CLK_unbuffered[0]
    BUFGCTRL_X0Y16       BUFG (Prop_bufg_I_O)         0.029     0.366 r  top_i/zynq_ps/inst/buffer_fclk_clk_0.FCLK_CLK_0_BUFG/O
                         net (fo=55622, routed)       0.820     1.186    top_i/idma0/inst/StreamingDataflowPartition_0_IODMA_hls_0/inst/gmem_m_axi_U/bus_read/rs_rdata/ap_clk
    SLICE_X50Y55         FDRE                                         r  top_i/idma0/inst/StreamingDataflowPartition_0_IODMA_hls_0/inst/gmem_m_axi_U/bus_read/rs_rdata/data_p2_reg[60]/C
                         clock pessimism             -0.035     1.151    
    SLICE_X50Y55         FDRE (Hold_fdre_C_D)         0.064     1.215    top_i/idma0/inst/StreamingDataflowPartition_0_IODMA_hls_0/inst/gmem_m_axi_U/bus_read/rs_rdata/data_p2_reg[60]
  -------------------------------------------------------------------
                         required time                         -1.215    
                         arrival time                           1.244    
  -------------------------------------------------------------------
                         slack                                  0.030    

Slack (MET) :             0.031ns  (arrival time - required time)
  Source:                 top_i/idma0/inst/StreamingDataflowPartition_0_IODMA_hls_0/inst/StreamingDataWidthConverter_Batch_64u_896u_98u_U0/grp_StreamingDataWidthConverter_Batch_64u_896u_98u_Pipeline_VITIS_LOOP_560_3_fu_46/eo_fu_50_reg[756]/C
                            (rising edge-triggered cell FDRE clocked by clk_fpga_0  {rise@0.000ns fall@5.000ns period=10.000ns})
  Destination:            top_i/idma0/inst/StreamingDataflowPartition_0_IODMA_hls_0/inst/StreamingDataWidthConverter_Batch_64u_896u_98u_U0/regslice_both_out0_V_U/B_V_data_1_payload_A_reg[756]/D
                            (rising edge-triggered cell FDRE clocked by clk_fpga_0  {rise@0.000ns fall@5.000ns period=10.000ns})
  Path Group:             clk_fpga_0
  Path Type:              Hold (Min at Fast Process Corner)
  Requirement:            0.000ns  (clk_fpga_0 rise@0.000ns - clk_fpga_0 rise@0.000ns)
  Data Path Delay:        0.317ns  (logic 0.128ns (40.345%)  route 0.189ns (59.655%))
  Logic Levels:           0  
  Clock Path Skew:        0.275ns (DCD - SCD - CPR)
    Destination Clock Delay (DCD):    1.248ns
    Source Clock Delay      (SCD):    0.943ns
    Clock Pessimism Removal (CPR):    0.030ns

    Location             Delay type                Incr(ns)  Path(ns)    Netlist Resource(s)
  -------------------------------------------------------------------    -------------------
                         (clock clk_fpga_0 rise edge)
                                                      0.000     0.000 r  
    PS7_X0Y0             PS7                          0.000     0.000 r  top_i/zynq_ps/inst/PS7_i/FCLKCLK[0]
                         net (fo=1, routed)           0.310     0.310    top_i/zynq_ps/inst/FCLK_CLK_unbuffered[0]
    BUFGCTRL_X0Y16       BUFG (Prop_bufg_I_O)         0.026     0.336 r  top_i/zynq_ps/inst/buffer_fclk_clk_0.FCLK_CLK_0_BUFG/O
                         net (fo=55622, routed)       0.607     0.943    top_i/idma0/inst/StreamingDataflowPartition_0_IODMA_hls_0/inst/StreamingDataWidthConverter_Batch_64u_896u_98u_U0/grp_StreamingDataWidthConverter_Batch_64u_896u_98u_Pipeline_VITIS_LOOP_560_3_fu_46/ap_clk
    SLICE_X91Y50         FDRE                                         r  top_i/idma0/inst/StreamingDataflowPartition_0_IODMA_hls_0/inst/StreamingDataWidthConverter_Batch_64u_896u_98u_U0/grp_StreamingDataWidthConverter_Batch_64u_896u_98u_Pipeline_VITIS_LOOP_560_3_fu_46/eo_fu_50_reg[756]/C
  -------------------------------------------------------------------    -------------------
    SLICE_X91Y50         FDRE (Prop_fdre_C_Q)         0.128     1.071 r  top_i/idma0/inst/StreamingDataflowPartition_0_IODMA_hls_0/inst/StreamingDataWidthConverter_Batch_64u_896u_98u_U0/grp_StreamingDataWidthConverter_Batch_64u_896u_98u_Pipeline_VITIS_LOOP_560_3_fu_46/eo_fu_50_reg[756]/Q
                         net (fo=3, routed)           0.189     1.260    top_i/idma0/inst/StreamingDataflowPartition_0_IODMA_hls_0/inst/StreamingDataWidthConverter_Batch_64u_896u_98u_U0/regslice_both_out0_V_U/B_V_data_1_payload_B_reg[895]_0[756]
    SLICE_X90Y49         FDRE                                         r  top_i/idma0/inst/StreamingDataflowPartition_0_IODMA_hls_0/inst/StreamingDataWidthConverter_Batch_64u_896u_98u_U0/regslice_both_out0_V_U/B_V_data_1_payload_A_reg[756]/D
  -------------------------------------------------------------------    -------------------

                         (clock clk_fpga_0 rise edge)
                                                      0.000     0.000 r  
    PS7_X0Y0             PS7                          0.000     0.000 r  top_i/zynq_ps/inst/PS7_i/FCLKCLK[0]
                         net (fo=1, routed)           0.337     0.337    top_i/zynq_ps/inst/FCLK_CLK_unbuffered[0]
    BUFGCTRL_X0Y16       BUFG (Prop_bufg_I_O)         0.029     0.366 r  top_i/zynq_ps/inst/buffer_fclk_clk_0.FCLK_CLK_0_BUFG/O
                         net (fo=55622, routed)       0.882     1.248    top_i/idma0/inst/StreamingDataflowPartition_0_IODMA_hls_0/inst/StreamingDataWidthConverter_Batch_64u_896u_98u_U0/regslice_both_out0_V_U/ap_clk
    SLICE_X90Y49         FDRE                                         r  top_i/idma0/inst/StreamingDataflowPartition_0_IODMA_hls_0/inst/StreamingDataWidthConverter_Batch_64u_896u_98u_U0/regslice_both_out0_V_U/B_V_data_1_payload_A_reg[756]/C
                         clock pessimism             -0.030     1.218    
    SLICE_X90Y49         FDRE (Hold_fdre_C_D)         0.011     1.229    top_i/idma0/inst/StreamingDataflowPartition_0_IODMA_hls_0/inst/StreamingDataWidthConverter_Batch_64u_896u_98u_U0/regslice_both_out0_V_U/B_V_data_1_payload_A_reg[756]
  -------------------------------------------------------------------
                         required time                         -1.229    
                         arrival time                           1.260    
  -------------------------------------------------------------------
                         slack                                  0.031    

Slack (MET) :             0.033ns  (arrival time - required time)
  Source:                 top_i/StreamingDataflowPartition_1/inst/StreamingDataflowPartition_1_StreamingFIFO_rtl_5/inst/fifo/srlo_reg[42]/C
                            (rising edge-triggered cell FDRE clocked by clk_fpga_0  {rise@0.000ns fall@5.000ns period=10.000ns})
  Destination:            top_i/StreamingDataflowPartition_1/inst/StreamingDataflowPartition_1_StreamingDataWidthConverter_rtl_0/inst/impl/core/genDown.ADat_reg[6][0]/D
                            (rising edge-triggered cell FDRE clocked by clk_fpga_0  {rise@0.000ns fall@5.000ns period=10.000ns})
  Path Group:             clk_fpga_0
  Path Type:              Hold (Min at Fast Process Corner)
  Requirement:            0.000ns  (clk_fpga_0 rise@0.000ns - clk_fpga_0 rise@0.000ns)
  Data Path Delay:        0.388ns  (logic 0.209ns (53.802%)  route 0.179ns (46.198%))
  Logic Levels:           1  (LUT3=1)
  Clock Path Skew:        0.263ns (DCD - SCD - CPR)
    Destination Clock Delay (DCD):    1.264ns
    Source Clock Delay      (SCD):    0.962ns
    Clock Pessimism Removal (CPR):    0.039ns

    Location             Delay type                Incr(ns)  Path(ns)    Netlist Resource(s)
  -------------------------------------------------------------------    -------------------
                         (clock clk_fpga_0 rise edge)
                                                      0.000     0.000 r  
    PS7_X0Y0             PS7                          0.000     0.000 r  top_i/zynq_ps/inst/PS7_i/FCLKCLK[0]
                         net (fo=1, routed)           0.310     0.310    top_i/zynq_ps/inst/FCLK_CLK_unbuffered[0]
    BUFGCTRL_X0Y16       BUFG (Prop_bufg_I_O)         0.026     0.336 r  top_i/zynq_ps/inst/buffer_fclk_clk_0.FCLK_CLK_0_BUFG/O
                         net (fo=55622, routed)       0.626     0.962    top_i/StreamingDataflowPartition_1/inst/StreamingDataflowPartition_1_StreamingFIFO_rtl_5/inst/fifo/ap_clk
    SLICE_X50Y130        FDRE                                         r  top_i/StreamingDataflowPartition_1/inst/StreamingDataflowPartition_1_StreamingFIFO_rtl_5/inst/fifo/srlo_reg[42]/C
  -------------------------------------------------------------------    -------------------
    SLICE_X50Y130        FDRE (Prop_fdre_C_Q)         0.164     1.126 r  top_i/StreamingDataflowPartition_1/inst/StreamingDataflowPartition_1_StreamingFIFO_rtl_5/inst/fifo/srlo_reg[42]/Q
                         net (fo=1, routed)           0.179     1.305    top_i/StreamingDataflowPartition_1/inst/StreamingDataflowPartition_1_StreamingDataWidthConverter_rtl_0/inst/impl/core/genDown.ADat_reg[9][6]_0[42]
    SLICE_X49Y128        LUT3 (Prop_lut3_I2_O)        0.045     1.350 r  top_i/StreamingDataflowPartition_1/inst/StreamingDataflowPartition_1_StreamingDataWidthConverter_rtl_0/inst/impl/core/genDown.ADat[6][0]_i_1/O
                         net (fo=1, routed)           0.000     1.350    top_i/StreamingDataflowPartition_1/inst/StreamingDataflowPartition_1_StreamingDataWidthConverter_rtl_0/inst/impl/core/genDown.ADat[6][0]_i_1_n_3
    SLICE_X49Y128        FDRE                                         r  top_i/StreamingDataflowPartition_1/inst/StreamingDataflowPartition_1_StreamingDataWidthConverter_rtl_0/inst/impl/core/genDown.ADat_reg[6][0]/D
  -------------------------------------------------------------------    -------------------

                         (clock clk_fpga_0 rise edge)
                                                      0.000     0.000 r  
    PS7_X0Y0             PS7                          0.000     0.000 r  top_i/zynq_ps/inst/PS7_i/FCLKCLK[0]
                         net (fo=1, routed)           0.337     0.337    top_i/zynq_ps/inst/FCLK_CLK_unbuffered[0]
    BUFGCTRL_X0Y16       BUFG (Prop_bufg_I_O)         0.029     0.366 r  top_i/zynq_ps/inst/buffer_fclk_clk_0.FCLK_CLK_0_BUFG/O
                         net (fo=55622, routed)       0.898     1.264    top_i/StreamingDataflowPartition_1/inst/StreamingDataflowPartition_1_StreamingDataWidthConverter_rtl_0/inst/impl/core/ap_clk
    SLICE_X49Y128        FDRE                                         r  top_i/StreamingDataflowPartition_1/inst/StreamingDataflowPartition_1_StreamingDataWidthConverter_rtl_0/inst/impl/core/genDown.ADat_reg[6][0]/C
                         clock pessimism             -0.039     1.225    
    SLICE_X49Y128        FDRE (Hold_fdre_C_D)         0.092     1.317    top_i/StreamingDataflowPartition_1/inst/StreamingDataflowPartition_1_StreamingDataWidthConverter_rtl_0/inst/impl/core/genDown.ADat_reg[6][0]
  -------------------------------------------------------------------
                         required time                         -1.317    
                         arrival time                           1.350    
  -------------------------------------------------------------------
                         slack                                  0.033    





Pulse Width Checks
--------------------------------------------------------------------------------------
Clock Name:         clk_fpga_0
Waveform(ns):       { 0.000 5.000 }
Period(ns):         10.000
Sources:            { top_i/zynq_ps/inst/PS7_i/FCLKCLK[0] }

Check Type        Corner  Lib Pin             Reference Pin  Required(ns)  Actual(ns)  Slack(ns)  Location       Pin
Min Period        n/a     RAMB36E1/CLKARDCLK  n/a            2.944         10.000      7.056      RAMB36_X0Y2    top_i/StreamingDataflowPartition_1/inst/StreamingDataflowPartition_1_MVAU_hls_0/StreamingDataflowPartition_1_MVAU_hls_0_wstrm/inst/core/genUnpumped.mem/blkMem.Mem_reg_0/CLKARDCLK
Min Period        n/a     RAMB36E1/CLKBWRCLK  n/a            2.944         10.000      7.056      RAMB36_X0Y2    top_i/StreamingDataflowPartition_1/inst/StreamingDataflowPartition_1_MVAU_hls_0/StreamingDataflowPartition_1_MVAU_hls_0_wstrm/inst/core/genUnpumped.mem/blkMem.Mem_reg_0/CLKBWRCLK
Min Period        n/a     RAMB36E1/CLKARDCLK  n/a            2.944         10.000      7.056      RAMB36_X0Y3    top_i/StreamingDataflowPartition_1/inst/StreamingDataflowPartition_1_MVAU_hls_0/StreamingDataflowPartition_1_MVAU_hls_0_wstrm/inst/core/genUnpumped.mem/blkMem.Mem_reg_1/CLKARDCLK
Min Period        n/a     RAMB36E1/CLKBWRCLK  n/a            2.944         10.000      7.056      RAMB36_X0Y3    top_i/StreamingDataflowPartition_1/inst/StreamingDataflowPartition_1_MVAU_hls_0/StreamingDataflowPartition_1_MVAU_hls_0_wstrm/inst/core/genUnpumped.mem/blkMem.Mem_reg_1/CLKBWRCLK
Min Period        n/a     RAMB36E1/CLKARDCLK  n/a            2.944         10.000      7.056      RAMB36_X1Y4    top_i/StreamingDataflowPartition_1/inst/StreamingDataflowPartition_1_MVAU_hls_0/StreamingDataflowPartition_1_MVAU_hls_0_wstrm/inst/core/genUnpumped.mem/blkMem.Mem_reg_10/CLKARDCLK
Min Period        n/a     RAMB36E1/CLKBWRCLK  n/a            2.944         10.000      7.056      RAMB36_X1Y4    top_i/StreamingDataflowPartition_1/inst/StreamingDataflowPartition_1_MVAU_hls_0/StreamingDataflowPartition_1_MVAU_hls_0_wstrm/inst/core/genUnpumped.mem/blkMem.Mem_reg_10/CLKBWRCLK
Min Period        n/a     RAMB36E1/CLKARDCLK  n/a            2.944         10.000      7.056      RAMB36_X0Y6    top_i/StreamingDataflowPartition_1/inst/StreamingDataflowPartition_1_MVAU_hls_0/StreamingDataflowPartition_1_MVAU_hls_0_wstrm/inst/core/genUnpumped.mem/blkMem.Mem_reg_11/CLKARDCLK
Min Period        n/a     RAMB36E1/CLKBWRCLK  n/a            2.944         10.000      7.056      RAMB36_X0Y6    top_i/StreamingDataflowPartition_1/inst/StreamingDataflowPartition_1_MVAU_hls_0/StreamingDataflowPartition_1_MVAU_hls_0_wstrm/inst/core/genUnpumped.mem/blkMem.Mem_reg_11/CLKBWRCLK
Min Period        n/a     RAMB36E1/CLKARDCLK  n/a            2.944         10.000      7.056      RAMB36_X2Y4    top_i/StreamingDataflowPartition_1/inst/StreamingDataflowPartition_1_MVAU_hls_0/StreamingDataflowPartition_1_MVAU_hls_0_wstrm/inst/core/genUnpumped.mem/blkMem.Mem_reg_12/CLKARDCLK
Min Period        n/a     RAMB36E1/CLKBWRCLK  n/a            2.944         10.000      7.056      RAMB36_X2Y4    top_i/StreamingDataflowPartition_1/inst/StreamingDataflowPartition_1_MVAU_hls_0/StreamingDataflowPartition_1_MVAU_hls_0_wstrm/inst/core/genUnpumped.mem/blkMem.Mem_reg_12/CLKBWRCLK
Low Pulse Width   Slow    RAMS32/CLK          n/a            1.250         5.000       3.750      SLICE_X62Y121  top_i/StreamingDataflowPartition_1/inst/StreamingDataflowPartition_1_MVAU_hls_3/StreamingDataflowPartition_1_MVAU_hls_3_wstrm/inst/core/genUnpumped.mem/blkMem.Mem_reg_0_1_0_0/SP/CLK
Low Pulse Width   Fast    RAMS32/CLK          n/a            1.250         5.000       3.750      SLICE_X62Y121  top_i/StreamingDataflowPartition_1/inst/StreamingDataflowPartition_1_MVAU_hls_3/StreamingDataflowPartition_1_MVAU_hls_3_wstrm/inst/core/genUnpumped.mem/blkMem.Mem_reg_0_1_0_0/SP/CLK
Low Pulse Width   Slow    RAMS32/CLK          n/a            1.250         5.000       3.750      SLICE_X62Y121  top_i/StreamingDataflowPartition_1/inst/StreamingDataflowPartition_1_MVAU_hls_3/StreamingDataflowPartition_1_MVAU_hls_3_wstrm/inst/core/genUnpumped.mem/blkMem.Mem_reg_0_1_100_100/SP/CLK
Low Pulse Width   Fast    RAMS32/CLK          n/a            1.250         5.000       3.750      SLICE_X62Y121  top_i/StreamingDataflowPartition_1/inst/StreamingDataflowPartition_1_MVAU_hls_3/StreamingDataflowPartition_1_MVAU_hls_3_wstrm/inst/core/genUnpumped.mem/blkMem.Mem_reg_0_1_100_100/SP/CLK
Low Pulse Width   Slow    RAMS32/CLK          n/a            1.250         5.000       3.750      SLICE_X62Y121  top_i/StreamingDataflowPartition_1/inst/StreamingDataflowPartition_1_MVAU_hls_3/StreamingDataflowPartition_1_MVAU_hls_3_wstrm/inst/core/genUnpumped.mem/blkMem.Mem_reg_0_1_106_106/SP/CLK
Low Pulse Width   Fast    RAMS32/CLK          n/a            1.250         5.000       3.750      SLICE_X62Y121  top_i/StreamingDataflowPartition_1/inst/StreamingDataflowPartition_1_MVAU_hls_3/StreamingDataflowPartition_1_MVAU_hls_3_wstrm/inst/core/genUnpumped.mem/blkMem.Mem_reg_0_1_106_106/SP/CLK
Low Pulse Width   Slow    RAMS32/CLK          n/a            1.250         5.000       3.750      SLICE_X62Y121  top_i/StreamingDataflowPartition_1/inst/StreamingDataflowPartition_1_MVAU_hls_3/StreamingDataflowPartition_1_MVAU_hls_3_wstrm/inst/core/genUnpumped.mem/blkMem.Mem_reg_0_1_107_107/SP/CLK
Low Pulse Width   Fast    RAMS32/CLK          n/a            1.250         5.000       3.750      SLICE_X62Y121  top_i/StreamingDataflowPartition_1/inst/StreamingDataflowPartition_1_MVAU_hls_3/StreamingDataflowPartition_1_MVAU_hls_3_wstrm/inst/core/genUnpumped.mem/blkMem.Mem_reg_0_1_107_107/SP/CLK
Low Pulse Width   Slow    RAMS32/CLK          n/a            1.250         5.000       3.750      SLICE_X62Y118  top_i/StreamingDataflowPartition_1/inst/StreamingDataflowPartition_1_MVAU_hls_3/StreamingDataflowPartition_1_MVAU_hls_3_wstrm/inst/core/genUnpumped.mem/blkMem.Mem_reg_0_1_111_111/SP/CLK
Low Pulse Width   Fast    RAMS32/CLK          n/a            1.250         5.000       3.750      SLICE_X62Y118  top_i/StreamingDataflowPartition_1/inst/StreamingDataflowPartition_1_MVAU_hls_3/StreamingDataflowPartition_1_MVAU_hls_3_wstrm/inst/core/genUnpumped.mem/blkMem.Mem_reg_0_1_111_111/SP/CLK
High Pulse Width  Slow    RAMS32/CLK          n/a            1.250         5.000       3.750      SLICE_X62Y121  top_i/StreamingDataflowPartition_1/inst/StreamingDataflowPartition_1_MVAU_hls_3/StreamingDataflowPartition_1_MVAU_hls_3_wstrm/inst/core/genUnpumped.mem/blkMem.Mem_reg_0_1_0_0/SP/CLK
High Pulse Width  Fast    RAMS32/CLK          n/a            1.250         5.000       3.750      SLICE_X62Y121  top_i/StreamingDataflowPartition_1/inst/StreamingDataflowPartition_1_MVAU_hls_3/StreamingDataflowPartition_1_MVAU_hls_3_wstrm/inst/core/genUnpumped.mem/blkMem.Mem_reg_0_1_0_0/SP/CLK
High Pulse Width  Slow    RAMS32/CLK          n/a            1.250         5.000       3.750      SLICE_X62Y121  top_i/StreamingDataflowPartition_1/inst/StreamingDataflowPartition_1_MVAU_hls_3/StreamingDataflowPartition_1_MVAU_hls_3_wstrm/inst/core/genUnpumped.mem/blkMem.Mem_reg_0_1_100_100/SP/CLK
High Pulse Width  Fast    RAMS32/CLK          n/a            1.250         5.000       3.750      SLICE_X62Y121  top_i/StreamingDataflowPartition_1/inst/StreamingDataflowPartition_1_MVAU_hls_3/StreamingDataflowPartition_1_MVAU_hls_3_wstrm/inst/core/genUnpumped.mem/blkMem.Mem_reg_0_1_100_100/SP/CLK
High Pulse Width  Slow    RAMS32/CLK          n/a            1.250         5.000       3.750      SLICE_X62Y121  top_i/StreamingDataflowPartition_1/inst/StreamingDataflowPartition_1_MVAU_hls_3/StreamingDataflowPartition_1_MVAU_hls_3_wstrm/inst/core/genUnpumped.mem/blkMem.Mem_reg_0_1_106_106/SP/CLK
High Pulse Width  Fast    RAMS32/CLK          n/a            1.250         5.000       3.750      SLICE_X62Y121  top_i/StreamingDataflowPartition_1/inst/StreamingDataflowPartition_1_MVAU_hls_3/StreamingDataflowPartition_1_MVAU_hls_3_wstrm/inst/core/genUnpumped.mem/blkMem.Mem_reg_0_1_106_106/SP/CLK
High Pulse Width  Slow    RAMS32/CLK          n/a            1.250         5.000       3.750      SLICE_X62Y121  top_i/StreamingDataflowPartition_1/inst/StreamingDataflowPartition_1_MVAU_hls_3/StreamingDataflowPartition_1_MVAU_hls_3_wstrm/inst/core/genUnpumped.mem/blkMem.Mem_reg_0_1_107_107/SP/CLK
High Pulse Width  Fast    RAMS32/CLK          n/a            1.250         5.000       3.750      SLICE_X62Y121  top_i/StreamingDataflowPartition_1/inst/StreamingDataflowPartition_1_MVAU_hls_3/StreamingDataflowPartition_1_MVAU_hls_3_wstrm/inst/core/genUnpumped.mem/blkMem.Mem_reg_0_1_107_107/SP/CLK
High Pulse Width  Slow    RAMS32/CLK          n/a            1.250         5.000       3.750      SLICE_X62Y118  top_i/StreamingDataflowPartition_1/inst/StreamingDataflowPartition_1_MVAU_hls_3/StreamingDataflowPartition_1_MVAU_hls_3_wstrm/inst/core/genUnpumped.mem/blkMem.Mem_reg_0_1_111_111/SP/CLK
High Pulse Width  Fast    RAMS32/CLK          n/a            1.250         5.000       3.750      SLICE_X62Y118  top_i/StreamingDataflowPartition_1/inst/StreamingDataflowPartition_1_MVAU_hls_3/StreamingDataflowPartition_1_MVAU_hls_3_wstrm/inst/core/genUnpumped.mem/blkMem.Mem_reg_0_1_111_111/SP/CLK



--------------------------------------------------------------------------------------
Path Group:  (none)
From Clock:  
  To Clock:  clk_fpga_0

Max Delay             1 Endpoint
Min Delay             1 Endpoint
--------------------------------------------------------------------------------------


Max Delay Paths
--------------------------------------------------------------------------------------
Slack:                    inf
  Source:                 top_i/zynq_ps/inst/PS7_i/FCLKRESETN[0]
                            (internal pin)
  Destination:            top_i/rst_zynq_ps_100M/U0/EXT_LPF/ACTIVE_LOW_EXT.ACT_LO_EXT/GENERATE_LEVEL_P_S_CDC.SINGLE_BIT.CROSS_PLEVEL_IN2SCNDRY_IN_cdc_to/D
                            (rising edge-triggered cell FDRE clocked by clk_fpga_0  {rise@0.000ns fall@5.000ns period=10.000ns})
  Path Group:             (none)
  Path Type:              Setup (Max at Slow Process Corner)
  Data Path Delay:        2.136ns  (logic 0.124ns (5.805%)  route 2.012ns (94.195%))
  Logic Levels:           1  (LUT1=1)
  Clock Uncertainty:      0.152ns  ((TSJ^2 + TIJ^2)^1/2 + DJ) / 2 + PE
    Total System Jitter     (TSJ):    0.050ns
    Total Input Jitter      (TIJ):    0.300ns
    Discrete Jitter          (DJ):    0.000ns
    Phase Error              (PE):    0.000ns
  Timing Exception:       False Path

    Location             Delay type                Incr(ns)  Path(ns)    Netlist Resource(s)
  -------------------------------------------------------------------    -------------------
    PS7_X0Y0             PS7                          0.000     0.000 f  top_i/zynq_ps/inst/PS7_i/FCLKRESETN[0]
                         net (fo=1, routed)           1.389     1.389    top_i/rst_zynq_ps_100M/U0/EXT_LPF/ACTIVE_LOW_EXT.ACT_LO_EXT/ext_reset_in
    SLICE_X33Y100        LUT1 (Prop_lut1_I0_O)        0.124     1.513 r  top_i/rst_zynq_ps_100M/U0/EXT_LPF/ACTIVE_LOW_EXT.ACT_LO_EXT/GENERATE_LEVEL_P_S_CDC.SINGLE_BIT.CROSS_PLEVEL_IN2SCNDRY_IN_cdc_to_i_1/O
                         net (fo=1, routed)           0.623     2.136    top_i/rst_zynq_ps_100M/U0/EXT_LPF/ACTIVE_LOW_EXT.ACT_LO_EXT/exr_d1
    SLICE_X36Y102        FDRE                                         r  top_i/rst_zynq_ps_100M/U0/EXT_LPF/ACTIVE_LOW_EXT.ACT_LO_EXT/GENERATE_LEVEL_P_S_CDC.SINGLE_BIT.CROSS_PLEVEL_IN2SCNDRY_IN_cdc_to/D
  -------------------------------------------------------------------    -------------------

                         (clock clk_fpga_0 rise edge)
                                                      0.000     0.000 r  
    PS7_X0Y0             PS7                          0.000     0.000 r  top_i/zynq_ps/inst/PS7_i/FCLKCLK[0]
                         net (fo=1, routed)           1.088     1.088    top_i/zynq_ps/inst/FCLK_CLK_unbuffered[0]
    BUFGCTRL_X0Y16       BUFG (Prop_bufg_I_O)         0.091     1.179 r  top_i/zynq_ps/inst/buffer_fclk_clk_0.FCLK_CLK_0_BUFG/O
                         net (fo=55622, routed)       1.654     2.833    top_i/rst_zynq_ps_100M/U0/EXT_LPF/ACTIVE_LOW_EXT.ACT_LO_EXT/slowest_sync_clk
    SLICE_X36Y102        FDRE                                         r  top_i/rst_zynq_ps_100M/U0/EXT_LPF/ACTIVE_LOW_EXT.ACT_LO_EXT/GENERATE_LEVEL_P_S_CDC.SINGLE_BIT.CROSS_PLEVEL_IN2SCNDRY_IN_cdc_to/C





Min Delay Paths
--------------------------------------------------------------------------------------
Slack:                    inf
  Source:                 top_i/zynq_ps/inst/PS7_i/FCLKRESETN[0]
                            (internal pin)
  Destination:            top_i/rst_zynq_ps_100M/U0/EXT_LPF/ACTIVE_LOW_EXT.ACT_LO_EXT/GENERATE_LEVEL_P_S_CDC.SINGLE_BIT.CROSS_PLEVEL_IN2SCNDRY_IN_cdc_to/D
                            (rising edge-triggered cell FDRE clocked by clk_fpga_0  {rise@0.000ns fall@5.000ns period=10.000ns})
  Path Group:             (none)
  Path Type:              Hold (Min at Fast Process Corner)
  Data Path Delay:        0.829ns  (logic 0.045ns (5.428%)  route 0.784ns (94.572%))
  Logic Levels:           1  (LUT1=1)
  Clock Uncertainty:      0.152ns  ((TSJ^2 + TIJ^2)^1/2 + DJ) / 2 + PE
    Total System Jitter     (TSJ):    0.050ns
    Total Input Jitter      (TIJ):    0.300ns
    Discrete Jitter          (DJ):    0.000ns
    Phase Error              (PE):    0.000ns
  Timing Exception:       False Path

    Location             Delay type                Incr(ns)  Path(ns)    Netlist Resource(s)
  -------------------------------------------------------------------    -------------------
    PS7_X0Y0             PS7                          0.000     0.000 f  top_i/zynq_ps/inst/PS7_i/FCLKRESETN[0]
                         net (fo=1, routed)           0.546     0.546    top_i/rst_zynq_ps_100M/U0/EXT_LPF/ACTIVE_LOW_EXT.ACT_LO_EXT/ext_reset_in
    SLICE_X33Y100        LUT1 (Prop_lut1_I0_O)        0.045     0.591 r  top_i/rst_zynq_ps_100M/U0/EXT_LPF/ACTIVE_LOW_EXT.ACT_LO_EXT/GENERATE_LEVEL_P_S_CDC.SINGLE_BIT.CROSS_PLEVEL_IN2SCNDRY_IN_cdc_to_i_1/O
                         net (fo=1, routed)           0.238     0.829    top_i/rst_zynq_ps_100M/U0/EXT_LPF/ACTIVE_LOW_EXT.ACT_LO_EXT/exr_d1
    SLICE_X36Y102        FDRE                                         r  top_i/rst_zynq_ps_100M/U0/EXT_LPF/ACTIVE_LOW_EXT.ACT_LO_EXT/GENERATE_LEVEL_P_S_CDC.SINGLE_BIT.CROSS_PLEVEL_IN2SCNDRY_IN_cdc_to/D
  -------------------------------------------------------------------    -------------------

                         (clock clk_fpga_0 rise edge)
                                                      0.000     0.000 r  
    PS7_X0Y0             PS7                          0.000     0.000 r  top_i/zynq_ps/inst/PS7_i/FCLKCLK[0]
                         net (fo=1, routed)           0.337     0.337    top_i/zynq_ps/inst/FCLK_CLK_unbuffered[0]
    BUFGCTRL_X0Y16       BUFG (Prop_bufg_I_O)         0.029     0.366 r  top_i/zynq_ps/inst/buffer_fclk_clk_0.FCLK_CLK_0_BUFG/O
                         net (fo=55622, routed)       0.911     1.277    top_i/rst_zynq_ps_100M/U0/EXT_LPF/ACTIVE_LOW_EXT.ACT_LO_EXT/slowest_sync_clk
    SLICE_X36Y102        FDRE                                         r  top_i/rst_zynq_ps_100M/U0/EXT_LPF/ACTIVE_LOW_EXT.ACT_LO_EXT/GENERATE_LEVEL_P_S_CDC.SINGLE_BIT.CROSS_PLEVEL_IN2SCNDRY_IN_cdc_to/C





--------------------------------------------------------------------------------------
Path Group:  (none)
From Clock:  clk_fpga_0
  To Clock:  clk_fpga_0

Max Delay            67 Endpoints
Min Delay            67 Endpoints
--------------------------------------------------------------------------------------


Max Delay Paths
--------------------------------------------------------------------------------------
Slack:                    inf
  Source:                 top_i/smartconnect_0/inst/clk_map/psr_aclk/U0/ACTIVE_LOW_BSR_OUT_DFF[0].FDRE_BSR_N/C
                            (rising edge-triggered cell FDRE clocked by clk_fpga_0  {rise@0.000ns fall@5.000ns period=10.000ns})
  Destination:            top_i/smartconnect_0/inst/s01_nodes/s01_r_node/inst/s_sc_xpm_cdc_async_rst_inst/arststages_ff_reg[0]/CLR
                            (recovery check against rising-edge clock clk_fpga_0  {rise@0.000ns fall@5.000ns period=10.000ns})
  Path Group:             (none)
  Path Type:              Recovery (Max at Slow Process Corner)
  Data Path Delay:        6.390ns  (logic 0.609ns (9.531%)  route 5.781ns (90.469%))
  Logic Levels:           1  (LUT1=1)
  Clock Path Skew:        -0.159ns (DCD - SCD + CPR)
    Destination Clock Delay (DCD):    2.839ns
    Source Clock Delay      (SCD):    2.998ns
    Clock Pessimism Removal (CPR):    0.000ns
  Clock Uncertainty:      0.154ns  ((TSJ^2 + TIJ^2)^1/2 + DJ) / 2 + PE
    Total System Jitter     (TSJ):    0.071ns
    Total Input Jitter      (TIJ):    0.300ns
    Discrete Jitter          (DJ):    0.000ns
    Phase Error              (PE):    0.000ns
  Timing Exception:       False Path

    Location             Delay type                Incr(ns)  Path(ns)    Netlist Resource(s)
  -------------------------------------------------------------------    -------------------
                         (clock clk_fpga_0 rise edge)
                                                      0.000     0.000 r  
    PS7_X0Y0             PS7                          0.000     0.000 r  top_i/zynq_ps/inst/PS7_i/FCLKCLK[0]
                         net (fo=1, routed)           1.193     1.193    top_i/zynq_ps/inst/FCLK_CLK_unbuffered[0]
    BUFGCTRL_X0Y16       BUFG (Prop_bufg_I_O)         0.101     1.294 r  top_i/zynq_ps/inst/buffer_fclk_clk_0.FCLK_CLK_0_BUFG/O
                         net (fo=55622, routed)       1.704     2.998    top_i/smartconnect_0/inst/clk_map/psr_aclk/U0/aclk
    SLICE_X67Y81         FDRE                                         r  top_i/smartconnect_0/inst/clk_map/psr_aclk/U0/ACTIVE_LOW_BSR_OUT_DFF[0].FDRE_BSR_N/C
  -------------------------------------------------------------------    -------------------
    SLICE_X67Y81         FDRE (Prop_fdre_C_Q)         0.456     3.454 r  top_i/smartconnect_0/inst/clk_map/psr_aclk/U0/ACTIVE_LOW_BSR_OUT_DFF[0].FDRE_BSR_N/Q
                         net (fo=22, routed)          5.060     8.514    top_i/smartconnect_0/inst/s01_nodes/s01_r_node/inst/s_sc_xpm_cdc_async_rst_inst/src_arst
    SLICE_X8Y49          LUT1 (Prop_lut1_I0_O)        0.153     8.667 f  top_i/smartconnect_0/inst/s01_nodes/s01_r_node/inst/s_sc_xpm_cdc_async_rst_inst/arststages_ff[2]_i_1/O
                         net (fo=3, routed)           0.720     9.388    top_i/smartconnect_0/inst/s01_nodes/s01_r_node/inst/s_sc_xpm_cdc_async_rst_inst/reset_pol
    SLICE_X2Y49          FDCE                                         f  top_i/smartconnect_0/inst/s01_nodes/s01_r_node/inst/s_sc_xpm_cdc_async_rst_inst/arststages_ff_reg[0]/CLR
  -------------------------------------------------------------------    -------------------

                         (clock clk_fpga_0 rise edge)
                                                      0.000     0.000 r  
    PS7_X0Y0             PS7                          0.000     0.000 r  top_i/zynq_ps/inst/PS7_i/FCLKCLK[0]
                         net (fo=1, routed)           1.088     1.088    top_i/zynq_ps/inst/FCLK_CLK_unbuffered[0]
    BUFGCTRL_X0Y16       BUFG (Prop_bufg_I_O)         0.091     1.179 r  top_i/zynq_ps/inst/buffer_fclk_clk_0.FCLK_CLK_0_BUFG/O
                         net (fo=55622, routed)       1.660     2.839    top_i/smartconnect_0/inst/s01_nodes/s01_r_node/inst/s_sc_xpm_cdc_async_rst_inst/dest_clk
    SLICE_X2Y49          FDCE                                         r  top_i/smartconnect_0/inst/s01_nodes/s01_r_node/inst/s_sc_xpm_cdc_async_rst_inst/arststages_ff_reg[0]/C

Slack:                    inf
  Source:                 top_i/smartconnect_0/inst/clk_map/psr_aclk/U0/ACTIVE_LOW_BSR_OUT_DFF[0].FDRE_BSR_N/C
                            (rising edge-triggered cell FDRE clocked by clk_fpga_0  {rise@0.000ns fall@5.000ns period=10.000ns})
  Destination:            top_i/smartconnect_0/inst/s01_nodes/s01_r_node/inst/s_sc_xpm_cdc_async_rst_inst/arststages_ff_reg[1]/CLR
                            (recovery check against rising-edge clock clk_fpga_0  {rise@0.000ns fall@5.000ns period=10.000ns})
  Path Group:             (none)
  Path Type:              Recovery (Max at Slow Process Corner)
  Data Path Delay:        6.390ns  (logic 0.609ns (9.531%)  route 5.781ns (90.469%))
  Logic Levels:           1  (LUT1=1)
  Clock Path Skew:        -0.159ns (DCD - SCD + CPR)
    Destination Clock Delay (DCD):    2.839ns
    Source Clock Delay      (SCD):    2.998ns
    Clock Pessimism Removal (CPR):    0.000ns
  Clock Uncertainty:      0.154ns  ((TSJ^2 + TIJ^2)^1/2 + DJ) / 2 + PE
    Total System Jitter     (TSJ):    0.071ns
    Total Input Jitter      (TIJ):    0.300ns
    Discrete Jitter          (DJ):    0.000ns
    Phase Error              (PE):    0.000ns
  Timing Exception:       False Path

    Location             Delay type                Incr(ns)  Path(ns)    Netlist Resource(s)
  -------------------------------------------------------------------    -------------------
                         (clock clk_fpga_0 rise edge)
                                                      0.000     0.000 r  
    PS7_X0Y0             PS7                          0.000     0.000 r  top_i/zynq_ps/inst/PS7_i/FCLKCLK[0]
                         net (fo=1, routed)           1.193     1.193    top_i/zynq_ps/inst/FCLK_CLK_unbuffered[0]
    BUFGCTRL_X0Y16       BUFG (Prop_bufg_I_O)         0.101     1.294 r  top_i/zynq_ps/inst/buffer_fclk_clk_0.FCLK_CLK_0_BUFG/O
                         net (fo=55622, routed)       1.704     2.998    top_i/smartconnect_0/inst/clk_map/psr_aclk/U0/aclk
    SLICE_X67Y81         FDRE                                         r  top_i/smartconnect_0/inst/clk_map/psr_aclk/U0/ACTIVE_LOW_BSR_OUT_DFF[0].FDRE_BSR_N/C
  -------------------------------------------------------------------    -------------------
    SLICE_X67Y81         FDRE (Prop_fdre_C_Q)         0.456     3.454 r  top_i/smartconnect_0/inst/clk_map/psr_aclk/U0/ACTIVE_LOW_BSR_OUT_DFF[0].FDRE_BSR_N/Q
                         net (fo=22, routed)          5.060     8.514    top_i/smartconnect_0/inst/s01_nodes/s01_r_node/inst/s_sc_xpm_cdc_async_rst_inst/src_arst
    SLICE_X8Y49          LUT1 (Prop_lut1_I0_O)        0.153     8.667 f  top_i/smartconnect_0/inst/s01_nodes/s01_r_node/inst/s_sc_xpm_cdc_async_rst_inst/arststages_ff[2]_i_1/O
                         net (fo=3, routed)           0.720     9.388    top_i/smartconnect_0/inst/s01_nodes/s01_r_node/inst/s_sc_xpm_cdc_async_rst_inst/reset_pol
    SLICE_X2Y49          FDCE                                         f  top_i/smartconnect_0/inst/s01_nodes/s01_r_node/inst/s_sc_xpm_cdc_async_rst_inst/arststages_ff_reg[1]/CLR
  -------------------------------------------------------------------    -------------------

                         (clock clk_fpga_0 rise edge)
                                                      0.000     0.000 r  
    PS7_X0Y0             PS7                          0.000     0.000 r  top_i/zynq_ps/inst/PS7_i/FCLKCLK[0]
                         net (fo=1, routed)           1.088     1.088    top_i/zynq_ps/inst/FCLK_CLK_unbuffered[0]
    BUFGCTRL_X0Y16       BUFG (Prop_bufg_I_O)         0.091     1.179 r  top_i/zynq_ps/inst/buffer_fclk_clk_0.FCLK_CLK_0_BUFG/O
                         net (fo=55622, routed)       1.660     2.839    top_i/smartconnect_0/inst/s01_nodes/s01_r_node/inst/s_sc_xpm_cdc_async_rst_inst/dest_clk
    SLICE_X2Y49          FDCE                                         r  top_i/smartconnect_0/inst/s01_nodes/s01_r_node/inst/s_sc_xpm_cdc_async_rst_inst/arststages_ff_reg[1]/C

Slack:                    inf
  Source:                 top_i/smartconnect_0/inst/clk_map/psr_aclk/U0/ACTIVE_LOW_BSR_OUT_DFF[0].FDRE_BSR_N/C
                            (rising edge-triggered cell FDRE clocked by clk_fpga_0  {rise@0.000ns fall@5.000ns period=10.000ns})
  Destination:            top_i/smartconnect_0/inst/s01_nodes/s01_r_node/inst/s_sc_xpm_cdc_async_rst_inst/arststages_ff_reg[2]/CLR
                            (recovery check against rising-edge clock clk_fpga_0  {rise@0.000ns fall@5.000ns period=10.000ns})
  Path Group:             (none)
  Path Type:              Recovery (Max at Slow Process Corner)
  Data Path Delay:        6.390ns  (logic 0.609ns (9.531%)  route 5.781ns (90.469%))
  Logic Levels:           1  (LUT1=1)
  Clock Path Skew:        -0.159ns (DCD - SCD + CPR)
    Destination Clock Delay (DCD):    2.839ns
    Source Clock Delay      (SCD):    2.998ns
    Clock Pessimism Removal (CPR):    0.000ns
  Clock Uncertainty:      0.154ns  ((TSJ^2 + TIJ^2)^1/2 + DJ) / 2 + PE
    Total System Jitter     (TSJ):    0.071ns
    Total Input Jitter      (TIJ):    0.300ns
    Discrete Jitter          (DJ):    0.000ns
    Phase Error              (PE):    0.000ns
  Timing Exception:       False Path

    Location             Delay type                Incr(ns)  Path(ns)    Netlist Resource(s)
  -------------------------------------------------------------------    -------------------
                         (clock clk_fpga_0 rise edge)
                                                      0.000     0.000 r  
    PS7_X0Y0             PS7                          0.000     0.000 r  top_i/zynq_ps/inst/PS7_i/FCLKCLK[0]
                         net (fo=1, routed)           1.193     1.193    top_i/zynq_ps/inst/FCLK_CLK_unbuffered[0]
    BUFGCTRL_X0Y16       BUFG (Prop_bufg_I_O)         0.101     1.294 r  top_i/zynq_ps/inst/buffer_fclk_clk_0.FCLK_CLK_0_BUFG/O
                         net (fo=55622, routed)       1.704     2.998    top_i/smartconnect_0/inst/clk_map/psr_aclk/U0/aclk
    SLICE_X67Y81         FDRE                                         r  top_i/smartconnect_0/inst/clk_map/psr_aclk/U0/ACTIVE_LOW_BSR_OUT_DFF[0].FDRE_BSR_N/C
  -------------------------------------------------------------------    -------------------
    SLICE_X67Y81         FDRE (Prop_fdre_C_Q)         0.456     3.454 r  top_i/smartconnect_0/inst/clk_map/psr_aclk/U0/ACTIVE_LOW_BSR_OUT_DFF[0].FDRE_BSR_N/Q
                         net (fo=22, routed)          5.060     8.514    top_i/smartconnect_0/inst/s01_nodes/s01_r_node/inst/s_sc_xpm_cdc_async_rst_inst/src_arst
    SLICE_X8Y49          LUT1 (Prop_lut1_I0_O)        0.153     8.667 f  top_i/smartconnect_0/inst/s01_nodes/s01_r_node/inst/s_sc_xpm_cdc_async_rst_inst/arststages_ff[2]_i_1/O
                         net (fo=3, routed)           0.720     9.388    top_i/smartconnect_0/inst/s01_nodes/s01_r_node/inst/s_sc_xpm_cdc_async_rst_inst/reset_pol
    SLICE_X2Y49          FDCE                                         f  top_i/smartconnect_0/inst/s01_nodes/s01_r_node/inst/s_sc_xpm_cdc_async_rst_inst/arststages_ff_reg[2]/CLR
  -------------------------------------------------------------------    -------------------

                         (clock clk_fpga_0 rise edge)
                                                      0.000     0.000 r  
    PS7_X0Y0             PS7                          0.000     0.000 r  top_i/zynq_ps/inst/PS7_i/FCLKCLK[0]
                         net (fo=1, routed)           1.088     1.088    top_i/zynq_ps/inst/FCLK_CLK_unbuffered[0]
    BUFGCTRL_X0Y16       BUFG (Prop_bufg_I_O)         0.091     1.179 r  top_i/zynq_ps/inst/buffer_fclk_clk_0.FCLK_CLK_0_BUFG/O
                         net (fo=55622, routed)       1.660     2.839    top_i/smartconnect_0/inst/s01_nodes/s01_r_node/inst/s_sc_xpm_cdc_async_rst_inst/dest_clk
    SLICE_X2Y49          FDCE                                         r  top_i/smartconnect_0/inst/s01_nodes/s01_r_node/inst/s_sc_xpm_cdc_async_rst_inst/arststages_ff_reg[2]/C

Slack:                    inf
  Source:                 top_i/smartconnect_0/inst/clk_map/psr_aclk/U0/ACTIVE_LOW_BSR_OUT_DFF[0].FDRE_BSR_N/C
                            (rising edge-triggered cell FDRE clocked by clk_fpga_0  {rise@0.000ns fall@5.000ns period=10.000ns})
  Destination:            top_i/smartconnect_0/inst/m00_nodes/m00_r_node/inst/s_sc_xpm_cdc_async_rst_inst/arststages_ff_reg[0]/CLR
                            (recovery check against rising-edge clock clk_fpga_0  {rise@0.000ns fall@5.000ns period=10.000ns})
  Path Group:             (none)
  Path Type:              Recovery (Max at Slow Process Corner)
  Data Path Delay:        6.041ns  (logic 0.610ns (10.098%)  route 5.431ns (89.902%))
  Logic Levels:           1  (LUT1=1)
  Clock Path Skew:        -0.237ns (DCD - SCD + CPR)
    Destination Clock Delay (DCD):    2.761ns
    Source Clock Delay      (SCD):    2.998ns
    Clock Pessimism Removal (CPR):    0.000ns
  Clock Uncertainty:      0.154ns  ((TSJ^2 + TIJ^2)^1/2 + DJ) / 2 + PE
    Total System Jitter     (TSJ):    0.071ns
    Total Input Jitter      (TIJ):    0.300ns
    Discrete Jitter          (DJ):    0.000ns
    Phase Error              (PE):    0.000ns
  Timing Exception:       False Path

    Location             Delay type                Incr(ns)  Path(ns)    Netlist Resource(s)
  -------------------------------------------------------------------    -------------------
                         (clock clk_fpga_0 rise edge)
                                                      0.000     0.000 r  
    PS7_X0Y0             PS7                          0.000     0.000 r  top_i/zynq_ps/inst/PS7_i/FCLKCLK[0]
                         net (fo=1, routed)           1.193     1.193    top_i/zynq_ps/inst/FCLK_CLK_unbuffered[0]
    BUFGCTRL_X0Y16       BUFG (Prop_bufg_I_O)         0.101     1.294 r  top_i/zynq_ps/inst/buffer_fclk_clk_0.FCLK_CLK_0_BUFG/O
                         net (fo=55622, routed)       1.704     2.998    top_i/smartconnect_0/inst/clk_map/psr_aclk/U0/aclk
    SLICE_X67Y81         FDRE                                         r  top_i/smartconnect_0/inst/clk_map/psr_aclk/U0/ACTIVE_LOW_BSR_OUT_DFF[0].FDRE_BSR_N/C
  -------------------------------------------------------------------    -------------------
    SLICE_X67Y81         FDRE (Prop_fdre_C_Q)         0.456     3.454 r  top_i/smartconnect_0/inst/clk_map/psr_aclk/U0/ACTIVE_LOW_BSR_OUT_DFF[0].FDRE_BSR_N/Q
                         net (fo=22, routed)          4.899     8.353    top_i/smartconnect_0/inst/m00_nodes/m00_r_node/inst/s_sc_xpm_cdc_async_rst_inst/src_arst
    SLICE_X11Y49         LUT1 (Prop_lut1_I0_O)        0.154     8.507 f  top_i/smartconnect_0/inst/m00_nodes/m00_r_node/inst/s_sc_xpm_cdc_async_rst_inst/arststages_ff[2]_i_1/O
                         net (fo=3, routed)           0.532     9.039    top_i/smartconnect_0/inst/m00_nodes/m00_r_node/inst/s_sc_xpm_cdc_async_rst_inst/reset_pol
    SLICE_X11Y49         FDCE                                         f  top_i/smartconnect_0/inst/m00_nodes/m00_r_node/inst/s_sc_xpm_cdc_async_rst_inst/arststages_ff_reg[0]/CLR
  -------------------------------------------------------------------    -------------------

                         (clock clk_fpga_0 rise edge)
                                                      0.000     0.000 r  
    PS7_X0Y0             PS7                          0.000     0.000 r  top_i/zynq_ps/inst/PS7_i/FCLKCLK[0]
                         net (fo=1, routed)           1.088     1.088    top_i/zynq_ps/inst/FCLK_CLK_unbuffered[0]
    BUFGCTRL_X0Y16       BUFG (Prop_bufg_I_O)         0.091     1.179 r  top_i/zynq_ps/inst/buffer_fclk_clk_0.FCLK_CLK_0_BUFG/O
                         net (fo=55622, routed)       1.582     2.761    top_i/smartconnect_0/inst/m00_nodes/m00_r_node/inst/s_sc_xpm_cdc_async_rst_inst/dest_clk
    SLICE_X11Y49         FDCE                                         r  top_i/smartconnect_0/inst/m00_nodes/m00_r_node/inst/s_sc_xpm_cdc_async_rst_inst/arststages_ff_reg[0]/C

Slack:                    inf
  Source:                 top_i/smartconnect_0/inst/clk_map/psr_aclk/U0/ACTIVE_LOW_BSR_OUT_DFF[0].FDRE_BSR_N/C
                            (rising edge-triggered cell FDRE clocked by clk_fpga_0  {rise@0.000ns fall@5.000ns period=10.000ns})
  Destination:            top_i/smartconnect_0/inst/m00_nodes/m00_r_node/inst/s_sc_xpm_cdc_async_rst_inst/arststages_ff_reg[1]/CLR
                            (recovery check against rising-edge clock clk_fpga_0  {rise@0.000ns fall@5.000ns period=10.000ns})
  Path Group:             (none)
  Path Type:              Recovery (Max at Slow Process Corner)
  Data Path Delay:        6.041ns  (logic 0.610ns (10.098%)  route 5.431ns (89.902%))
  Logic Levels:           1  (LUT1=1)
  Clock Path Skew:        -0.237ns (DCD - SCD + CPR)
    Destination Clock Delay (DCD):    2.761ns
    Source Clock Delay      (SCD):    2.998ns
    Clock Pessimism Removal (CPR):    0.000ns
  Clock Uncertainty:      0.154ns  ((TSJ^2 + TIJ^2)^1/2 + DJ) / 2 + PE
    Total System Jitter     (TSJ):    0.071ns
    Total Input Jitter      (TIJ):    0.300ns
    Discrete Jitter          (DJ):    0.000ns
    Phase Error              (PE):    0.000ns
  Timing Exception:       False Path

    Location             Delay type                Incr(ns)  Path(ns)    Netlist Resource(s)
  -------------------------------------------------------------------    -------------------
                         (clock clk_fpga_0 rise edge)
                                                      0.000     0.000 r  
    PS7_X0Y0             PS7                          0.000     0.000 r  top_i/zynq_ps/inst/PS7_i/FCLKCLK[0]
                         net (fo=1, routed)           1.193     1.193    top_i/zynq_ps/inst/FCLK_CLK_unbuffered[0]
    BUFGCTRL_X0Y16       BUFG (Prop_bufg_I_O)         0.101     1.294 r  top_i/zynq_ps/inst/buffer_fclk_clk_0.FCLK_CLK_0_BUFG/O
                         net (fo=55622, routed)       1.704     2.998    top_i/smartconnect_0/inst/clk_map/psr_aclk/U0/aclk
    SLICE_X67Y81         FDRE                                         r  top_i/smartconnect_0/inst/clk_map/psr_aclk/U0/ACTIVE_LOW_BSR_OUT_DFF[0].FDRE_BSR_N/C
  -------------------------------------------------------------------    -------------------
    SLICE_X67Y81         FDRE (Prop_fdre_C_Q)         0.456     3.454 r  top_i/smartconnect_0/inst/clk_map/psr_aclk/U0/ACTIVE_LOW_BSR_OUT_DFF[0].FDRE_BSR_N/Q
                         net (fo=22, routed)          4.899     8.353    top_i/smartconnect_0/inst/m00_nodes/m00_r_node/inst/s_sc_xpm_cdc_async_rst_inst/src_arst
    SLICE_X11Y49         LUT1 (Prop_lut1_I0_O)        0.154     8.507 f  top_i/smartconnect_0/inst/m00_nodes/m00_r_node/inst/s_sc_xpm_cdc_async_rst_inst/arststages_ff[2]_i_1/O
                         net (fo=3, routed)           0.532     9.039    top_i/smartconnect_0/inst/m00_nodes/m00_r_node/inst/s_sc_xpm_cdc_async_rst_inst/reset_pol
    SLICE_X11Y49         FDCE                                         f  top_i/smartconnect_0/inst/m00_nodes/m00_r_node/inst/s_sc_xpm_cdc_async_rst_inst/arststages_ff_reg[1]/CLR
  -------------------------------------------------------------------    -------------------

                         (clock clk_fpga_0 rise edge)
                                                      0.000     0.000 r  
    PS7_X0Y0             PS7                          0.000     0.000 r  top_i/zynq_ps/inst/PS7_i/FCLKCLK[0]
                         net (fo=1, routed)           1.088     1.088    top_i/zynq_ps/inst/FCLK_CLK_unbuffered[0]
    BUFGCTRL_X0Y16       BUFG (Prop_bufg_I_O)         0.091     1.179 r  top_i/zynq_ps/inst/buffer_fclk_clk_0.FCLK_CLK_0_BUFG/O
                         net (fo=55622, routed)       1.582     2.761    top_i/smartconnect_0/inst/m00_nodes/m00_r_node/inst/s_sc_xpm_cdc_async_rst_inst/dest_clk
    SLICE_X11Y49         FDCE                                         r  top_i/smartconnect_0/inst/m00_nodes/m00_r_node/inst/s_sc_xpm_cdc_async_rst_inst/arststages_ff_reg[1]/C

Slack:                    inf
  Source:                 top_i/smartconnect_0/inst/clk_map/psr_aclk/U0/ACTIVE_LOW_BSR_OUT_DFF[0].FDRE_BSR_N/C
                            (rising edge-triggered cell FDRE clocked by clk_fpga_0  {rise@0.000ns fall@5.000ns period=10.000ns})
  Destination:            top_i/smartconnect_0/inst/m00_nodes/m00_r_node/inst/s_sc_xpm_cdc_async_rst_inst/arststages_ff_reg[2]/CLR
                            (recovery check against rising-edge clock clk_fpga_0  {rise@0.000ns fall@5.000ns period=10.000ns})
  Path Group:             (none)
  Path Type:              Recovery (Max at Slow Process Corner)
  Data Path Delay:        6.041ns  (logic 0.610ns (10.098%)  route 5.431ns (89.902%))
  Logic Levels:           1  (LUT1=1)
  Clock Path Skew:        -0.237ns (DCD - SCD + CPR)
    Destination Clock Delay (DCD):    2.761ns
    Source Clock Delay      (SCD):    2.998ns
    Clock Pessimism Removal (CPR):    0.000ns
  Clock Uncertainty:      0.154ns  ((TSJ^2 + TIJ^2)^1/2 + DJ) / 2 + PE
    Total System Jitter     (TSJ):    0.071ns
    Total Input Jitter      (TIJ):    0.300ns
    Discrete Jitter          (DJ):    0.000ns
    Phase Error              (PE):    0.000ns
  Timing Exception:       False Path

    Location             Delay type                Incr(ns)  Path(ns)    Netlist Resource(s)
  -------------------------------------------------------------------    -------------------
                         (clock clk_fpga_0 rise edge)
                                                      0.000     0.000 r  
    PS7_X0Y0             PS7                          0.000     0.000 r  top_i/zynq_ps/inst/PS7_i/FCLKCLK[0]
                         net (fo=1, routed)           1.193     1.193    top_i/zynq_ps/inst/FCLK_CLK_unbuffered[0]
    BUFGCTRL_X0Y16       BUFG (Prop_bufg_I_O)         0.101     1.294 r  top_i/zynq_ps/inst/buffer_fclk_clk_0.FCLK_CLK_0_BUFG/O
                         net (fo=55622, routed)       1.704     2.998    top_i/smartconnect_0/inst/clk_map/psr_aclk/U0/aclk
    SLICE_X67Y81         FDRE                                         r  top_i/smartconnect_0/inst/clk_map/psr_aclk/U0/ACTIVE_LOW_BSR_OUT_DFF[0].FDRE_BSR_N/C
  -------------------------------------------------------------------    -------------------
    SLICE_X67Y81         FDRE (Prop_fdre_C_Q)         0.456     3.454 r  top_i/smartconnect_0/inst/clk_map/psr_aclk/U0/ACTIVE_LOW_BSR_OUT_DFF[0].FDRE_BSR_N/Q
                         net (fo=22, routed)          4.899     8.353    top_i/smartconnect_0/inst/m00_nodes/m00_r_node/inst/s_sc_xpm_cdc_async_rst_inst/src_arst
    SLICE_X11Y49         LUT1 (Prop_lut1_I0_O)        0.154     8.507 f  top_i/smartconnect_0/inst/m00_nodes/m00_r_node/inst/s_sc_xpm_cdc_async_rst_inst/arststages_ff[2]_i_1/O
                         net (fo=3, routed)           0.532     9.039    top_i/smartconnect_0/inst/m00_nodes/m00_r_node/inst/s_sc_xpm_cdc_async_rst_inst/reset_pol
    SLICE_X11Y49         FDCE                                         f  top_i/smartconnect_0/inst/m00_nodes/m00_r_node/inst/s_sc_xpm_cdc_async_rst_inst/arststages_ff_reg[2]/CLR
  -------------------------------------------------------------------    -------------------

                         (clock clk_fpga_0 rise edge)
                                                      0.000     0.000 r  
    PS7_X0Y0             PS7                          0.000     0.000 r  top_i/zynq_ps/inst/PS7_i/FCLKCLK[0]
                         net (fo=1, routed)           1.088     1.088    top_i/zynq_ps/inst/FCLK_CLK_unbuffered[0]
    BUFGCTRL_X0Y16       BUFG (Prop_bufg_I_O)         0.091     1.179 r  top_i/zynq_ps/inst/buffer_fclk_clk_0.FCLK_CLK_0_BUFG/O
                         net (fo=55622, routed)       1.582     2.761    top_i/smartconnect_0/inst/m00_nodes/m00_r_node/inst/s_sc_xpm_cdc_async_rst_inst/dest_clk
    SLICE_X11Y49         FDCE                                         r  top_i/smartconnect_0/inst/m00_nodes/m00_r_node/inst/s_sc_xpm_cdc_async_rst_inst/arststages_ff_reg[2]/C

Slack:                    inf
  Source:                 top_i/smartconnect_0/inst/clk_map/psr_aclk/U0/ACTIVE_LOW_BSR_OUT_DFF[0].FDRE_BSR_N/C
                            (rising edge-triggered cell FDRE clocked by clk_fpga_0  {rise@0.000ns fall@5.000ns period=10.000ns})
  Destination:            top_i/smartconnect_0/inst/s00_nodes/s00_r_node/inst/s_sc_xpm_cdc_async_rst_inst/arststages_ff_reg[0]/CLR
                            (recovery check against rising-edge clock clk_fpga_0  {rise@0.000ns fall@5.000ns period=10.000ns})
  Path Group:             (none)
  Path Type:              Recovery (Max at Slow Process Corner)
  Data Path Delay:        5.979ns  (logic 0.580ns (9.701%)  route 5.399ns (90.299%))
  Logic Levels:           1  (LUT1=1)
  Clock Path Skew:        -0.238ns (DCD - SCD + CPR)
    Destination Clock Delay (DCD):    2.760ns
    Source Clock Delay      (SCD):    2.998ns
    Clock Pessimism Removal (CPR):    0.000ns
  Clock Uncertainty:      0.154ns  ((TSJ^2 + TIJ^2)^1/2 + DJ) / 2 + PE
    Total System Jitter     (TSJ):    0.071ns
    Total Input Jitter      (TIJ):    0.300ns
    Discrete Jitter          (DJ):    0.000ns
    Phase Error              (PE):    0.000ns
  Timing Exception:       False Path

    Location             Delay type                Incr(ns)  Path(ns)    Netlist Resource(s)
  -------------------------------------------------------------------    -------------------
                         (clock clk_fpga_0 rise edge)
                                                      0.000     0.000 r  
    PS7_X0Y0             PS7                          0.000     0.000 r  top_i/zynq_ps/inst/PS7_i/FCLKCLK[0]
                         net (fo=1, routed)           1.193     1.193    top_i/zynq_ps/inst/FCLK_CLK_unbuffered[0]
    BUFGCTRL_X0Y16       BUFG (Prop_bufg_I_O)         0.101     1.294 r  top_i/zynq_ps/inst/buffer_fclk_clk_0.FCLK_CLK_0_BUFG/O
                         net (fo=55622, routed)       1.704     2.998    top_i/smartconnect_0/inst/clk_map/psr_aclk/U0/aclk
    SLICE_X67Y81         FDRE                                         r  top_i/smartconnect_0/inst/clk_map/psr_aclk/U0/ACTIVE_LOW_BSR_OUT_DFF[0].FDRE_BSR_N/C
  -------------------------------------------------------------------    -------------------
    SLICE_X67Y81         FDRE (Prop_fdre_C_Q)         0.456     3.454 r  top_i/smartconnect_0/inst/clk_map/psr_aclk/U0/ACTIVE_LOW_BSR_OUT_DFF[0].FDRE_BSR_N/Q
                         net (fo=22, routed)          5.060     8.514    top_i/smartconnect_0/inst/s00_nodes/s00_r_node/inst/s_sc_xpm_cdc_async_rst_inst/src_arst
    SLICE_X8Y49          LUT1 (Prop_lut1_I0_O)        0.124     8.638 f  top_i/smartconnect_0/inst/s00_nodes/s00_r_node/inst/s_sc_xpm_cdc_async_rst_inst/arststages_ff[2]_i_1/O
                         net (fo=3, routed)           0.338     8.977    top_i/smartconnect_0/inst/s00_nodes/s00_r_node/inst/s_sc_xpm_cdc_async_rst_inst/reset_pol
    SLICE_X8Y49          FDCE                                         f  top_i/smartconnect_0/inst/s00_nodes/s00_r_node/inst/s_sc_xpm_cdc_async_rst_inst/arststages_ff_reg[0]/CLR
  -------------------------------------------------------------------    -------------------

                         (clock clk_fpga_0 rise edge)
                                                      0.000     0.000 r  
    PS7_X0Y0             PS7                          0.000     0.000 r  top_i/zynq_ps/inst/PS7_i/FCLKCLK[0]
                         net (fo=1, routed)           1.088     1.088    top_i/zynq_ps/inst/FCLK_CLK_unbuffered[0]
    BUFGCTRL_X0Y16       BUFG (Prop_bufg_I_O)         0.091     1.179 r  top_i/zynq_ps/inst/buffer_fclk_clk_0.FCLK_CLK_0_BUFG/O
                         net (fo=55622, routed)       1.581     2.760    top_i/smartconnect_0/inst/s00_nodes/s00_r_node/inst/s_sc_xpm_cdc_async_rst_inst/dest_clk
    SLICE_X8Y49          FDCE                                         r  top_i/smartconnect_0/inst/s00_nodes/s00_r_node/inst/s_sc_xpm_cdc_async_rst_inst/arststages_ff_reg[0]/C

Slack:                    inf
  Source:                 top_i/smartconnect_0/inst/clk_map/psr_aclk/U0/ACTIVE_LOW_BSR_OUT_DFF[0].FDRE_BSR_N/C
                            (rising edge-triggered cell FDRE clocked by clk_fpga_0  {rise@0.000ns fall@5.000ns period=10.000ns})
  Destination:            top_i/smartconnect_0/inst/s00_nodes/s00_r_node/inst/s_sc_xpm_cdc_async_rst_inst/arststages_ff_reg[1]/CLR
                            (recovery check against rising-edge clock clk_fpga_0  {rise@0.000ns fall@5.000ns period=10.000ns})
  Path Group:             (none)
  Path Type:              Recovery (Max at Slow Process Corner)
  Data Path Delay:        5.979ns  (logic 0.580ns (9.701%)  route 5.399ns (90.299%))
  Logic Levels:           1  (LUT1=1)
  Clock Path Skew:        -0.238ns (DCD - SCD + CPR)
    Destination Clock Delay (DCD):    2.760ns
    Source Clock Delay      (SCD):    2.998ns
    Clock Pessimism Removal (CPR):    0.000ns
  Clock Uncertainty:      0.154ns  ((TSJ^2 + TIJ^2)^1/2 + DJ) / 2 + PE
    Total System Jitter     (TSJ):    0.071ns
    Total Input Jitter      (TIJ):    0.300ns
    Discrete Jitter          (DJ):    0.000ns
    Phase Error              (PE):    0.000ns
  Timing Exception:       False Path

    Location             Delay type                Incr(ns)  Path(ns)    Netlist Resource(s)
  -------------------------------------------------------------------    -------------------
                         (clock clk_fpga_0 rise edge)
                                                      0.000     0.000 r  
    PS7_X0Y0             PS7                          0.000     0.000 r  top_i/zynq_ps/inst/PS7_i/FCLKCLK[0]
                         net (fo=1, routed)           1.193     1.193    top_i/zynq_ps/inst/FCLK_CLK_unbuffered[0]
    BUFGCTRL_X0Y16       BUFG (Prop_bufg_I_O)         0.101     1.294 r  top_i/zynq_ps/inst/buffer_fclk_clk_0.FCLK_CLK_0_BUFG/O
                         net (fo=55622, routed)       1.704     2.998    top_i/smartconnect_0/inst/clk_map/psr_aclk/U0/aclk
    SLICE_X67Y81         FDRE                                         r  top_i/smartconnect_0/inst/clk_map/psr_aclk/U0/ACTIVE_LOW_BSR_OUT_DFF[0].FDRE_BSR_N/C
  -------------------------------------------------------------------    -------------------
    SLICE_X67Y81         FDRE (Prop_fdre_C_Q)         0.456     3.454 r  top_i/smartconnect_0/inst/clk_map/psr_aclk/U0/ACTIVE_LOW_BSR_OUT_DFF[0].FDRE_BSR_N/Q
                         net (fo=22, routed)          5.060     8.514    top_i/smartconnect_0/inst/s00_nodes/s00_r_node/inst/s_sc_xpm_cdc_async_rst_inst/src_arst
    SLICE_X8Y49          LUT1 (Prop_lut1_I0_O)        0.124     8.638 f  top_i/smartconnect_0/inst/s00_nodes/s00_r_node/inst/s_sc_xpm_cdc_async_rst_inst/arststages_ff[2]_i_1/O
                         net (fo=3, routed)           0.338     8.977    top_i/smartconnect_0/inst/s00_nodes/s00_r_node/inst/s_sc_xpm_cdc_async_rst_inst/reset_pol
    SLICE_X8Y49          FDCE                                         f  top_i/smartconnect_0/inst/s00_nodes/s00_r_node/inst/s_sc_xpm_cdc_async_rst_inst/arststages_ff_reg[1]/CLR
  -------------------------------------------------------------------    -------------------

                         (clock clk_fpga_0 rise edge)
                                                      0.000     0.000 r  
    PS7_X0Y0             PS7                          0.000     0.000 r  top_i/zynq_ps/inst/PS7_i/FCLKCLK[0]
                         net (fo=1, routed)           1.088     1.088    top_i/zynq_ps/inst/FCLK_CLK_unbuffered[0]
    BUFGCTRL_X0Y16       BUFG (Prop_bufg_I_O)         0.091     1.179 r  top_i/zynq_ps/inst/buffer_fclk_clk_0.FCLK_CLK_0_BUFG/O
                         net (fo=55622, routed)       1.581     2.760    top_i/smartconnect_0/inst/s00_nodes/s00_r_node/inst/s_sc_xpm_cdc_async_rst_inst/dest_clk
    SLICE_X8Y49          FDCE                                         r  top_i/smartconnect_0/inst/s00_nodes/s00_r_node/inst/s_sc_xpm_cdc_async_rst_inst/arststages_ff_reg[1]/C

Slack:                    inf
  Source:                 top_i/smartconnect_0/inst/clk_map/psr_aclk/U0/ACTIVE_LOW_BSR_OUT_DFF[0].FDRE_BSR_N/C
                            (rising edge-triggered cell FDRE clocked by clk_fpga_0  {rise@0.000ns fall@5.000ns period=10.000ns})
  Destination:            top_i/smartconnect_0/inst/s00_nodes/s00_r_node/inst/s_sc_xpm_cdc_async_rst_inst/arststages_ff_reg[2]/CLR
                            (recovery check against rising-edge clock clk_fpga_0  {rise@0.000ns fall@5.000ns period=10.000ns})
  Path Group:             (none)
  Path Type:              Recovery (Max at Slow Process Corner)
  Data Path Delay:        5.979ns  (logic 0.580ns (9.701%)  route 5.399ns (90.299%))
  Logic Levels:           1  (LUT1=1)
  Clock Path Skew:        -0.238ns (DCD - SCD + CPR)
    Destination Clock Delay (DCD):    2.760ns
    Source Clock Delay      (SCD):    2.998ns
    Clock Pessimism Removal (CPR):    0.000ns
  Clock Uncertainty:      0.154ns  ((TSJ^2 + TIJ^2)^1/2 + DJ) / 2 + PE
    Total System Jitter     (TSJ):    0.071ns
    Total Input Jitter      (TIJ):    0.300ns
    Discrete Jitter          (DJ):    0.000ns
    Phase Error              (PE):    0.000ns
  Timing Exception:       False Path

    Location             Delay type                Incr(ns)  Path(ns)    Netlist Resource(s)
  -------------------------------------------------------------------    -------------------
                         (clock clk_fpga_0 rise edge)
                                                      0.000     0.000 r  
    PS7_X0Y0             PS7                          0.000     0.000 r  top_i/zynq_ps/inst/PS7_i/FCLKCLK[0]
                         net (fo=1, routed)           1.193     1.193    top_i/zynq_ps/inst/FCLK_CLK_unbuffered[0]
    BUFGCTRL_X0Y16       BUFG (Prop_bufg_I_O)         0.101     1.294 r  top_i/zynq_ps/inst/buffer_fclk_clk_0.FCLK_CLK_0_BUFG/O
                         net (fo=55622, routed)       1.704     2.998    top_i/smartconnect_0/inst/clk_map/psr_aclk/U0/aclk
    SLICE_X67Y81         FDRE                                         r  top_i/smartconnect_0/inst/clk_map/psr_aclk/U0/ACTIVE_LOW_BSR_OUT_DFF[0].FDRE_BSR_N/C
  -------------------------------------------------------------------    -------------------
    SLICE_X67Y81         FDRE (Prop_fdre_C_Q)         0.456     3.454 r  top_i/smartconnect_0/inst/clk_map/psr_aclk/U0/ACTIVE_LOW_BSR_OUT_DFF[0].FDRE_BSR_N/Q
                         net (fo=22, routed)          5.060     8.514    top_i/smartconnect_0/inst/s00_nodes/s00_r_node/inst/s_sc_xpm_cdc_async_rst_inst/src_arst
    SLICE_X8Y49          LUT1 (Prop_lut1_I0_O)        0.124     8.638 f  top_i/smartconnect_0/inst/s00_nodes/s00_r_node/inst/s_sc_xpm_cdc_async_rst_inst/arststages_ff[2]_i_1/O
                         net (fo=3, routed)           0.338     8.977    top_i/smartconnect_0/inst/s00_nodes/s00_r_node/inst/s_sc_xpm_cdc_async_rst_inst/reset_pol
    SLICE_X8Y49          FDCE                                         f  top_i/smartconnect_0/inst/s00_nodes/s00_r_node/inst/s_sc_xpm_cdc_async_rst_inst/arststages_ff_reg[2]/CLR
  -------------------------------------------------------------------    -------------------

                         (clock clk_fpga_0 rise edge)
                                                      0.000     0.000 r  
    PS7_X0Y0             PS7                          0.000     0.000 r  top_i/zynq_ps/inst/PS7_i/FCLKCLK[0]
                         net (fo=1, routed)           1.088     1.088    top_i/zynq_ps/inst/FCLK_CLK_unbuffered[0]
    BUFGCTRL_X0Y16       BUFG (Prop_bufg_I_O)         0.091     1.179 r  top_i/zynq_ps/inst/buffer_fclk_clk_0.FCLK_CLK_0_BUFG/O
                         net (fo=55622, routed)       1.581     2.760    top_i/smartconnect_0/inst/s00_nodes/s00_r_node/inst/s_sc_xpm_cdc_async_rst_inst/dest_clk
    SLICE_X8Y49          FDCE                                         r  top_i/smartconnect_0/inst/s00_nodes/s00_r_node/inst/s_sc_xpm_cdc_async_rst_inst/arststages_ff_reg[2]/C

Slack:                    inf
  Source:                 top_i/smartconnect_0/inst/clk_map/psr_aclk/U0/ACTIVE_LOW_BSR_OUT_DFF[0].FDRE_BSR_N/C
                            (rising edge-triggered cell FDRE clocked by clk_fpga_0  {rise@0.000ns fall@5.000ns period=10.000ns})
  Destination:            top_i/smartconnect_0/inst/m00_exit_pipeline/m00_exit/inst/xpm_cdc_async_rst_inst/arststages_ff_reg[0]/CLR
                            (recovery check against rising-edge clock clk_fpga_0  {rise@0.000ns fall@5.000ns period=10.000ns})
  Path Group:             (none)
  Path Type:              Recovery (Max at Slow Process Corner)
  Data Path Delay:        5.818ns  (logic 0.580ns (9.970%)  route 5.238ns (90.030%))
  Logic Levels:           1  (LUT1=1)
  Clock Path Skew:        -0.237ns (DCD - SCD + CPR)
    Destination Clock Delay (DCD):    2.761ns
    Source Clock Delay      (SCD):    2.998ns
    Clock Pessimism Removal (CPR):    0.000ns
  Clock Uncertainty:      0.154ns  ((TSJ^2 + TIJ^2)^1/2 + DJ) / 2 + PE
    Total System Jitter     (TSJ):    0.071ns
    Total Input Jitter      (TIJ):    0.300ns
    Discrete Jitter          (DJ):    0.000ns
    Phase Error              (PE):    0.000ns
  Timing Exception:       False Path

    Location             Delay type                Incr(ns)  Path(ns)    Netlist Resource(s)
  -------------------------------------------------------------------    -------------------
                         (clock clk_fpga_0 rise edge)
                                                      0.000     0.000 r  
    PS7_X0Y0             PS7                          0.000     0.000 r  top_i/zynq_ps/inst/PS7_i/FCLKCLK[0]
                         net (fo=1, routed)           1.193     1.193    top_i/zynq_ps/inst/FCLK_CLK_unbuffered[0]
    BUFGCTRL_X0Y16       BUFG (Prop_bufg_I_O)         0.101     1.294 r  top_i/zynq_ps/inst/buffer_fclk_clk_0.FCLK_CLK_0_BUFG/O
                         net (fo=55622, routed)       1.704     2.998    top_i/smartconnect_0/inst/clk_map/psr_aclk/U0/aclk
    SLICE_X67Y81         FDRE                                         r  top_i/smartconnect_0/inst/clk_map/psr_aclk/U0/ACTIVE_LOW_BSR_OUT_DFF[0].FDRE_BSR_N/C
  -------------------------------------------------------------------    -------------------
    SLICE_X67Y81         FDRE (Prop_fdre_C_Q)         0.456     3.454 r  top_i/smartconnect_0/inst/clk_map/psr_aclk/U0/ACTIVE_LOW_BSR_OUT_DFF[0].FDRE_BSR_N/Q
                         net (fo=22, routed)          4.899     8.353    top_i/smartconnect_0/inst/m00_exit_pipeline/m00_exit/inst/xpm_cdc_async_rst_inst/src_arst
    SLICE_X11Y49         LUT1 (Prop_lut1_I0_O)        0.124     8.477 f  top_i/smartconnect_0/inst/m00_exit_pipeline/m00_exit/inst/xpm_cdc_async_rst_inst/arststages_ff[2]_i_1/O
                         net (fo=3, routed)           0.339     8.816    top_i/smartconnect_0/inst/m00_exit_pipeline/m00_exit/inst/xpm_cdc_async_rst_inst/reset_pol
    SLICE_X10Y49         FDCE                                         f  top_i/smartconnect_0/inst/m00_exit_pipeline/m00_exit/inst/xpm_cdc_async_rst_inst/arststages_ff_reg[0]/CLR
  -------------------------------------------------------------------    -------------------

                         (clock clk_fpga_0 rise edge)
                                                      0.000     0.000 r  
    PS7_X0Y0             PS7                          0.000     0.000 r  top_i/zynq_ps/inst/PS7_i/FCLKCLK[0]
                         net (fo=1, routed)           1.088     1.088    top_i/zynq_ps/inst/FCLK_CLK_unbuffered[0]
    BUFGCTRL_X0Y16       BUFG (Prop_bufg_I_O)         0.091     1.179 r  top_i/zynq_ps/inst/buffer_fclk_clk_0.FCLK_CLK_0_BUFG/O
                         net (fo=55622, routed)       1.582     2.761    top_i/smartconnect_0/inst/m00_exit_pipeline/m00_exit/inst/xpm_cdc_async_rst_inst/dest_clk
    SLICE_X10Y49         FDCE                                         r  top_i/smartconnect_0/inst/m00_exit_pipeline/m00_exit/inst/xpm_cdc_async_rst_inst/arststages_ff_reg[0]/C





Min Delay Paths
--------------------------------------------------------------------------------------
Slack:                    inf
  Source:                 top_i/smartconnect_0/inst/clk_map/psr_aclk/U0/ACTIVE_LOW_BSR_OUT_DFF[0].FDRE_BSR_N/C
                            (rising edge-triggered cell FDRE clocked by clk_fpga_0  {rise@0.000ns fall@5.000ns period=10.000ns})
  Destination:            top_i/smartconnect_0/inst/s00_entry_pipeline/s00_mmu/inst/xpm_cdc_async_rst_inst/arststages_ff_reg[0]/CLR
                            (removal check against rising-edge clock clk_fpga_0  {rise@0.000ns fall@5.000ns period=10.000ns})
  Path Group:             (none)
  Path Type:              Removal (Min at Fast Process Corner)
  Data Path Delay:        0.887ns  (logic 0.186ns (20.968%)  route 0.701ns (79.032%))
  Logic Levels:           1  (LUT1=1)
  Clock Path Skew:        0.303ns (DCD - SCD - CPR)
    Destination Clock Delay (DCD):    1.211ns
    Source Clock Delay      (SCD):    0.908ns
    Clock Pessimism Removal (CPR):    -0.000ns
  Clock Uncertainty:      0.154ns  ((TSJ^2 + TIJ^2)^1/2 + DJ) / 2 + PE
    Total System Jitter     (TSJ):    0.071ns
    Total Input Jitter      (TIJ):    0.300ns
    Discrete Jitter          (DJ):    0.000ns
    Phase Error              (PE):    0.000ns
  Timing Exception:       False Path

    Location             Delay type                Incr(ns)  Path(ns)    Netlist Resource(s)
  -------------------------------------------------------------------    -------------------
                         (clock clk_fpga_0 rise edge)
                                                      0.000     0.000 r  
    PS7_X0Y0             PS7                          0.000     0.000 r  top_i/zynq_ps/inst/PS7_i/FCLKCLK[0]
                         net (fo=1, routed)           0.310     0.310    top_i/zynq_ps/inst/FCLK_CLK_unbuffered[0]
    BUFGCTRL_X0Y16       BUFG (Prop_bufg_I_O)         0.026     0.336 r  top_i/zynq_ps/inst/buffer_fclk_clk_0.FCLK_CLK_0_BUFG/O
                         net (fo=55622, routed)       0.572     0.908    top_i/smartconnect_0/inst/clk_map/psr_aclk/U0/aclk
    SLICE_X67Y81         FDRE                                         r  top_i/smartconnect_0/inst/clk_map/psr_aclk/U0/ACTIVE_LOW_BSR_OUT_DFF[0].FDRE_BSR_N/C
  -------------------------------------------------------------------    -------------------
    SLICE_X67Y81         FDRE (Prop_fdre_C_Q)         0.141     1.049 r  top_i/smartconnect_0/inst/clk_map/psr_aclk/U0/ACTIVE_LOW_BSR_OUT_DFF[0].FDRE_BSR_N/Q
                         net (fo=22, routed)          0.529     1.577    top_i/smartconnect_0/inst/s00_entry_pipeline/s00_mmu/inst/xpm_cdc_async_rst_inst/src_arst
    SLICE_X83Y83         LUT1 (Prop_lut1_I0_O)        0.045     1.622 f  top_i/smartconnect_0/inst/s00_entry_pipeline/s00_mmu/inst/xpm_cdc_async_rst_inst/arststages_ff[2]_i_1/O
                         net (fo=3, routed)           0.173     1.795    top_i/smartconnect_0/inst/s00_entry_pipeline/s00_mmu/inst/xpm_cdc_async_rst_inst/reset_pol
    SLICE_X83Y83         FDCE                                         f  top_i/smartconnect_0/inst/s00_entry_pipeline/s00_mmu/inst/xpm_cdc_async_rst_inst/arststages_ff_reg[0]/CLR
  -------------------------------------------------------------------    -------------------

                         (clock clk_fpga_0 rise edge)
                                                      0.000     0.000 r  
    PS7_X0Y0             PS7                          0.000     0.000 r  top_i/zynq_ps/inst/PS7_i/FCLKCLK[0]
                         net (fo=1, routed)           0.337     0.337    top_i/zynq_ps/inst/FCLK_CLK_unbuffered[0]
    BUFGCTRL_X0Y16       BUFG (Prop_bufg_I_O)         0.029     0.366 r  top_i/zynq_ps/inst/buffer_fclk_clk_0.FCLK_CLK_0_BUFG/O
                         net (fo=55622, routed)       0.845     1.211    top_i/smartconnect_0/inst/s00_entry_pipeline/s00_mmu/inst/xpm_cdc_async_rst_inst/dest_clk
    SLICE_X83Y83         FDCE                                         r  top_i/smartconnect_0/inst/s00_entry_pipeline/s00_mmu/inst/xpm_cdc_async_rst_inst/arststages_ff_reg[0]/C

Slack:                    inf
  Source:                 top_i/smartconnect_0/inst/clk_map/psr_aclk/U0/ACTIVE_LOW_BSR_OUT_DFF[0].FDRE_BSR_N/C
                            (rising edge-triggered cell FDRE clocked by clk_fpga_0  {rise@0.000ns fall@5.000ns period=10.000ns})
  Destination:            top_i/smartconnect_0/inst/s00_entry_pipeline/s00_mmu/inst/xpm_cdc_async_rst_inst/arststages_ff_reg[1]/CLR
                            (removal check against rising-edge clock clk_fpga_0  {rise@0.000ns fall@5.000ns period=10.000ns})
  Path Group:             (none)
  Path Type:              Removal (Min at Fast Process Corner)
  Data Path Delay:        0.887ns  (logic 0.186ns (20.968%)  route 0.701ns (79.032%))
  Logic Levels:           1  (LUT1=1)
  Clock Path Skew:        0.303ns (DCD - SCD - CPR)
    Destination Clock Delay (DCD):    1.211ns
    Source Clock Delay      (SCD):    0.908ns
    Clock Pessimism Removal (CPR):    -0.000ns
  Clock Uncertainty:      0.154ns  ((TSJ^2 + TIJ^2)^1/2 + DJ) / 2 + PE
    Total System Jitter     (TSJ):    0.071ns
    Total Input Jitter      (TIJ):    0.300ns
    Discrete Jitter          (DJ):    0.000ns
    Phase Error              (PE):    0.000ns
  Timing Exception:       False Path

    Location             Delay type                Incr(ns)  Path(ns)    Netlist Resource(s)
  -------------------------------------------------------------------    -------------------
                         (clock clk_fpga_0 rise edge)
                                                      0.000     0.000 r  
    PS7_X0Y0             PS7                          0.000     0.000 r  top_i/zynq_ps/inst/PS7_i/FCLKCLK[0]
                         net (fo=1, routed)           0.310     0.310    top_i/zynq_ps/inst/FCLK_CLK_unbuffered[0]
    BUFGCTRL_X0Y16       BUFG (Prop_bufg_I_O)         0.026     0.336 r  top_i/zynq_ps/inst/buffer_fclk_clk_0.FCLK_CLK_0_BUFG/O
                         net (fo=55622, routed)       0.572     0.908    top_i/smartconnect_0/inst/clk_map/psr_aclk/U0/aclk
    SLICE_X67Y81         FDRE                                         r  top_i/smartconnect_0/inst/clk_map/psr_aclk/U0/ACTIVE_LOW_BSR_OUT_DFF[0].FDRE_BSR_N/C
  -------------------------------------------------------------------    -------------------
    SLICE_X67Y81         FDRE (Prop_fdre_C_Q)         0.141     1.049 r  top_i/smartconnect_0/inst/clk_map/psr_aclk/U0/ACTIVE_LOW_BSR_OUT_DFF[0].FDRE_BSR_N/Q
                         net (fo=22, routed)          0.529     1.577    top_i/smartconnect_0/inst/s00_entry_pipeline/s00_mmu/inst/xpm_cdc_async_rst_inst/src_arst
    SLICE_X83Y83         LUT1 (Prop_lut1_I0_O)        0.045     1.622 f  top_i/smartconnect_0/inst/s00_entry_pipeline/s00_mmu/inst/xpm_cdc_async_rst_inst/arststages_ff[2]_i_1/O
                         net (fo=3, routed)           0.173     1.795    top_i/smartconnect_0/inst/s00_entry_pipeline/s00_mmu/inst/xpm_cdc_async_rst_inst/reset_pol
    SLICE_X83Y83         FDCE                                         f  top_i/smartconnect_0/inst/s00_entry_pipeline/s00_mmu/inst/xpm_cdc_async_rst_inst/arststages_ff_reg[1]/CLR
  -------------------------------------------------------------------    -------------------

                         (clock clk_fpga_0 rise edge)
                                                      0.000     0.000 r  
    PS7_X0Y0             PS7                          0.000     0.000 r  top_i/zynq_ps/inst/PS7_i/FCLKCLK[0]
                         net (fo=1, routed)           0.337     0.337    top_i/zynq_ps/inst/FCLK_CLK_unbuffered[0]
    BUFGCTRL_X0Y16       BUFG (Prop_bufg_I_O)         0.029     0.366 r  top_i/zynq_ps/inst/buffer_fclk_clk_0.FCLK_CLK_0_BUFG/O
                         net (fo=55622, routed)       0.845     1.211    top_i/smartconnect_0/inst/s00_entry_pipeline/s00_mmu/inst/xpm_cdc_async_rst_inst/dest_clk
    SLICE_X83Y83         FDCE                                         r  top_i/smartconnect_0/inst/s00_entry_pipeline/s00_mmu/inst/xpm_cdc_async_rst_inst/arststages_ff_reg[1]/C

Slack:                    inf
  Source:                 top_i/smartconnect_0/inst/clk_map/psr_aclk/U0/ACTIVE_LOW_BSR_OUT_DFF[0].FDRE_BSR_N/C
                            (rising edge-triggered cell FDRE clocked by clk_fpga_0  {rise@0.000ns fall@5.000ns period=10.000ns})
  Destination:            top_i/smartconnect_0/inst/s00_entry_pipeline/s00_mmu/inst/xpm_cdc_async_rst_inst/arststages_ff_reg[2]/CLR
                            (removal check against rising-edge clock clk_fpga_0  {rise@0.000ns fall@5.000ns period=10.000ns})
  Path Group:             (none)
  Path Type:              Removal (Min at Fast Process Corner)
  Data Path Delay:        0.887ns  (logic 0.186ns (20.968%)  route 0.701ns (79.032%))
  Logic Levels:           1  (LUT1=1)
  Clock Path Skew:        0.303ns (DCD - SCD - CPR)
    Destination Clock Delay (DCD):    1.211ns
    Source Clock Delay      (SCD):    0.908ns
    Clock Pessimism Removal (CPR):    -0.000ns
  Clock Uncertainty:      0.154ns  ((TSJ^2 + TIJ^2)^1/2 + DJ) / 2 + PE
    Total System Jitter     (TSJ):    0.071ns
    Total Input Jitter      (TIJ):    0.300ns
    Discrete Jitter          (DJ):    0.000ns
    Phase Error              (PE):    0.000ns
  Timing Exception:       False Path

    Location             Delay type                Incr(ns)  Path(ns)    Netlist Resource(s)
  -------------------------------------------------------------------    -------------------
                         (clock clk_fpga_0 rise edge)
                                                      0.000     0.000 r  
    PS7_X0Y0             PS7                          0.000     0.000 r  top_i/zynq_ps/inst/PS7_i/FCLKCLK[0]
                         net (fo=1, routed)           0.310     0.310    top_i/zynq_ps/inst/FCLK_CLK_unbuffered[0]
    BUFGCTRL_X0Y16       BUFG (Prop_bufg_I_O)         0.026     0.336 r  top_i/zynq_ps/inst/buffer_fclk_clk_0.FCLK_CLK_0_BUFG/O
                         net (fo=55622, routed)       0.572     0.908    top_i/smartconnect_0/inst/clk_map/psr_aclk/U0/aclk
    SLICE_X67Y81         FDRE                                         r  top_i/smartconnect_0/inst/clk_map/psr_aclk/U0/ACTIVE_LOW_BSR_OUT_DFF[0].FDRE_BSR_N/C
  -------------------------------------------------------------------    -------------------
    SLICE_X67Y81         FDRE (Prop_fdre_C_Q)         0.141     1.049 r  top_i/smartconnect_0/inst/clk_map/psr_aclk/U0/ACTIVE_LOW_BSR_OUT_DFF[0].FDRE_BSR_N/Q
                         net (fo=22, routed)          0.529     1.577    top_i/smartconnect_0/inst/s00_entry_pipeline/s00_mmu/inst/xpm_cdc_async_rst_inst/src_arst
    SLICE_X83Y83         LUT1 (Prop_lut1_I0_O)        0.045     1.622 f  top_i/smartconnect_0/inst/s00_entry_pipeline/s00_mmu/inst/xpm_cdc_async_rst_inst/arststages_ff[2]_i_1/O
                         net (fo=3, routed)           0.173     1.795    top_i/smartconnect_0/inst/s00_entry_pipeline/s00_mmu/inst/xpm_cdc_async_rst_inst/reset_pol
    SLICE_X83Y83         FDCE                                         f  top_i/smartconnect_0/inst/s00_entry_pipeline/s00_mmu/inst/xpm_cdc_async_rst_inst/arststages_ff_reg[2]/CLR
  -------------------------------------------------------------------    -------------------

                         (clock clk_fpga_0 rise edge)
                                                      0.000     0.000 r  
    PS7_X0Y0             PS7                          0.000     0.000 r  top_i/zynq_ps/inst/PS7_i/FCLKCLK[0]
                         net (fo=1, routed)           0.337     0.337    top_i/zynq_ps/inst/FCLK_CLK_unbuffered[0]
    BUFGCTRL_X0Y16       BUFG (Prop_bufg_I_O)         0.029     0.366 r  top_i/zynq_ps/inst/buffer_fclk_clk_0.FCLK_CLK_0_BUFG/O
                         net (fo=55622, routed)       0.845     1.211    top_i/smartconnect_0/inst/s00_entry_pipeline/s00_mmu/inst/xpm_cdc_async_rst_inst/dest_clk
    SLICE_X83Y83         FDCE                                         r  top_i/smartconnect_0/inst/s00_entry_pipeline/s00_mmu/inst/xpm_cdc_async_rst_inst/arststages_ff_reg[2]/C

Slack:                    inf
  Source:                 top_i/smartconnect_0/inst/clk_map/psr_aclk/U0/ACTIVE_LOW_BSR_OUT_DFF[0].FDRE_BSR_N/C
                            (rising edge-triggered cell FDRE clocked by clk_fpga_0  {rise@0.000ns fall@5.000ns period=10.000ns})
  Destination:            top_i/smartconnect_0/inst/s00_entry_pipeline/s00_si_converter/inst/xpm_cdc_async_rst_inst/arststages_ff_reg[0]/CLR
                            (removal check against rising-edge clock clk_fpga_0  {rise@0.000ns fall@5.000ns period=10.000ns})
  Path Group:             (none)
  Path Type:              Removal (Min at Fast Process Corner)
  Data Path Delay:        0.966ns  (logic 0.186ns (19.264%)  route 0.780ns (80.736%))
  Logic Levels:           1  (LUT1=1)
  Clock Path Skew:        0.302ns (DCD - SCD - CPR)
    Destination Clock Delay (DCD):    1.210ns
    Source Clock Delay      (SCD):    0.908ns
    Clock Pessimism Removal (CPR):    -0.000ns
  Clock Uncertainty:      0.154ns  ((TSJ^2 + TIJ^2)^1/2 + DJ) / 2 + PE
    Total System Jitter     (TSJ):    0.071ns
    Total Input Jitter      (TIJ):    0.300ns
    Discrete Jitter          (DJ):    0.000ns
    Phase Error              (PE):    0.000ns
  Timing Exception:       False Path

    Location             Delay type                Incr(ns)  Path(ns)    Netlist Resource(s)
  -------------------------------------------------------------------    -------------------
                         (clock clk_fpga_0 rise edge)
                                                      0.000     0.000 r  
    PS7_X0Y0             PS7                          0.000     0.000 r  top_i/zynq_ps/inst/PS7_i/FCLKCLK[0]
                         net (fo=1, routed)           0.310     0.310    top_i/zynq_ps/inst/FCLK_CLK_unbuffered[0]
    BUFGCTRL_X0Y16       BUFG (Prop_bufg_I_O)         0.026     0.336 r  top_i/zynq_ps/inst/buffer_fclk_clk_0.FCLK_CLK_0_BUFG/O
                         net (fo=55622, routed)       0.572     0.908    top_i/smartconnect_0/inst/clk_map/psr_aclk/U0/aclk
    SLICE_X67Y81         FDRE                                         r  top_i/smartconnect_0/inst/clk_map/psr_aclk/U0/ACTIVE_LOW_BSR_OUT_DFF[0].FDRE_BSR_N/C
  -------------------------------------------------------------------    -------------------
    SLICE_X67Y81         FDRE (Prop_fdre_C_Q)         0.141     1.049 r  top_i/smartconnect_0/inst/clk_map/psr_aclk/U0/ACTIVE_LOW_BSR_OUT_DFF[0].FDRE_BSR_N/Q
                         net (fo=22, routed)          0.664     1.712    top_i/smartconnect_0/inst/s00_entry_pipeline/s00_si_converter/inst/xpm_cdc_async_rst_inst/src_arst
    SLICE_X83Y81         LUT1 (Prop_lut1_I0_O)        0.045     1.757 f  top_i/smartconnect_0/inst/s00_entry_pipeline/s00_si_converter/inst/xpm_cdc_async_rst_inst/arststages_ff[2]_i_1/O
                         net (fo=3, routed)           0.116     1.873    top_i/smartconnect_0/inst/s00_entry_pipeline/s00_si_converter/inst/xpm_cdc_async_rst_inst/reset_pol
    SLICE_X83Y82         FDCE                                         f  top_i/smartconnect_0/inst/s00_entry_pipeline/s00_si_converter/inst/xpm_cdc_async_rst_inst/arststages_ff_reg[0]/CLR
  -------------------------------------------------------------------    -------------------

                         (clock clk_fpga_0 rise edge)
                                                      0.000     0.000 r  
    PS7_X0Y0             PS7                          0.000     0.000 r  top_i/zynq_ps/inst/PS7_i/FCLKCLK[0]
                         net (fo=1, routed)           0.337     0.337    top_i/zynq_ps/inst/FCLK_CLK_unbuffered[0]
    BUFGCTRL_X0Y16       BUFG (Prop_bufg_I_O)         0.029     0.366 r  top_i/zynq_ps/inst/buffer_fclk_clk_0.FCLK_CLK_0_BUFG/O
                         net (fo=55622, routed)       0.844     1.210    top_i/smartconnect_0/inst/s00_entry_pipeline/s00_si_converter/inst/xpm_cdc_async_rst_inst/dest_clk
    SLICE_X83Y82         FDCE                                         r  top_i/smartconnect_0/inst/s00_entry_pipeline/s00_si_converter/inst/xpm_cdc_async_rst_inst/arststages_ff_reg[0]/C

Slack:                    inf
  Source:                 top_i/smartconnect_0/inst/clk_map/psr_aclk/U0/ACTIVE_LOW_BSR_OUT_DFF[0].FDRE_BSR_N/C
                            (rising edge-triggered cell FDRE clocked by clk_fpga_0  {rise@0.000ns fall@5.000ns period=10.000ns})
  Destination:            top_i/smartconnect_0/inst/s00_entry_pipeline/s00_si_converter/inst/xpm_cdc_async_rst_inst/arststages_ff_reg[1]/CLR
                            (removal check against rising-edge clock clk_fpga_0  {rise@0.000ns fall@5.000ns period=10.000ns})
  Path Group:             (none)
  Path Type:              Removal (Min at Fast Process Corner)
  Data Path Delay:        0.966ns  (logic 0.186ns (19.264%)  route 0.780ns (80.736%))
  Logic Levels:           1  (LUT1=1)
  Clock Path Skew:        0.302ns (DCD - SCD - CPR)
    Destination Clock Delay (DCD):    1.210ns
    Source Clock Delay      (SCD):    0.908ns
    Clock Pessimism Removal (CPR):    -0.000ns
  Clock Uncertainty:      0.154ns  ((TSJ^2 + TIJ^2)^1/2 + DJ) / 2 + PE
    Total System Jitter     (TSJ):    0.071ns
    Total Input Jitter      (TIJ):    0.300ns
    Discrete Jitter          (DJ):    0.000ns
    Phase Error              (PE):    0.000ns
  Timing Exception:       False Path

    Location             Delay type                Incr(ns)  Path(ns)    Netlist Resource(s)
  -------------------------------------------------------------------    -------------------
                         (clock clk_fpga_0 rise edge)
                                                      0.000     0.000 r  
    PS7_X0Y0             PS7                          0.000     0.000 r  top_i/zynq_ps/inst/PS7_i/FCLKCLK[0]
                         net (fo=1, routed)           0.310     0.310    top_i/zynq_ps/inst/FCLK_CLK_unbuffered[0]
    BUFGCTRL_X0Y16       BUFG (Prop_bufg_I_O)         0.026     0.336 r  top_i/zynq_ps/inst/buffer_fclk_clk_0.FCLK_CLK_0_BUFG/O
                         net (fo=55622, routed)       0.572     0.908    top_i/smartconnect_0/inst/clk_map/psr_aclk/U0/aclk
    SLICE_X67Y81         FDRE                                         r  top_i/smartconnect_0/inst/clk_map/psr_aclk/U0/ACTIVE_LOW_BSR_OUT_DFF[0].FDRE_BSR_N/C
  -------------------------------------------------------------------    -------------------
    SLICE_X67Y81         FDRE (Prop_fdre_C_Q)         0.141     1.049 r  top_i/smartconnect_0/inst/clk_map/psr_aclk/U0/ACTIVE_LOW_BSR_OUT_DFF[0].FDRE_BSR_N/Q
                         net (fo=22, routed)          0.664     1.712    top_i/smartconnect_0/inst/s00_entry_pipeline/s00_si_converter/inst/xpm_cdc_async_rst_inst/src_arst
    SLICE_X83Y81         LUT1 (Prop_lut1_I0_O)        0.045     1.757 f  top_i/smartconnect_0/inst/s00_entry_pipeline/s00_si_converter/inst/xpm_cdc_async_rst_inst/arststages_ff[2]_i_1/O
                         net (fo=3, routed)           0.116     1.873    top_i/smartconnect_0/inst/s00_entry_pipeline/s00_si_converter/inst/xpm_cdc_async_rst_inst/reset_pol
    SLICE_X83Y82         FDCE                                         f  top_i/smartconnect_0/inst/s00_entry_pipeline/s00_si_converter/inst/xpm_cdc_async_rst_inst/arststages_ff_reg[1]/CLR
  -------------------------------------------------------------------    -------------------

                         (clock clk_fpga_0 rise edge)
                                                      0.000     0.000 r  
    PS7_X0Y0             PS7                          0.000     0.000 r  top_i/zynq_ps/inst/PS7_i/FCLKCLK[0]
                         net (fo=1, routed)           0.337     0.337    top_i/zynq_ps/inst/FCLK_CLK_unbuffered[0]
    BUFGCTRL_X0Y16       BUFG (Prop_bufg_I_O)         0.029     0.366 r  top_i/zynq_ps/inst/buffer_fclk_clk_0.FCLK_CLK_0_BUFG/O
                         net (fo=55622, routed)       0.844     1.210    top_i/smartconnect_0/inst/s00_entry_pipeline/s00_si_converter/inst/xpm_cdc_async_rst_inst/dest_clk
    SLICE_X83Y82         FDCE                                         r  top_i/smartconnect_0/inst/s00_entry_pipeline/s00_si_converter/inst/xpm_cdc_async_rst_inst/arststages_ff_reg[1]/C

Slack:                    inf
  Source:                 top_i/smartconnect_0/inst/clk_map/psr_aclk/U0/ACTIVE_LOW_BSR_OUT_DFF[0].FDRE_BSR_N/C
                            (rising edge-triggered cell FDRE clocked by clk_fpga_0  {rise@0.000ns fall@5.000ns period=10.000ns})
  Destination:            top_i/smartconnect_0/inst/s00_entry_pipeline/s00_si_converter/inst/xpm_cdc_async_rst_inst/arststages_ff_reg[2]/CLR
                            (removal check against rising-edge clock clk_fpga_0  {rise@0.000ns fall@5.000ns period=10.000ns})
  Path Group:             (none)
  Path Type:              Removal (Min at Fast Process Corner)
  Data Path Delay:        0.966ns  (logic 0.186ns (19.264%)  route 0.780ns (80.736%))
  Logic Levels:           1  (LUT1=1)
  Clock Path Skew:        0.302ns (DCD - SCD - CPR)
    Destination Clock Delay (DCD):    1.210ns
    Source Clock Delay      (SCD):    0.908ns
    Clock Pessimism Removal (CPR):    -0.000ns
  Clock Uncertainty:      0.154ns  ((TSJ^2 + TIJ^2)^1/2 + DJ) / 2 + PE
    Total System Jitter     (TSJ):    0.071ns
    Total Input Jitter      (TIJ):    0.300ns
    Discrete Jitter          (DJ):    0.000ns
    Phase Error              (PE):    0.000ns
  Timing Exception:       False Path

    Location             Delay type                Incr(ns)  Path(ns)    Netlist Resource(s)
  -------------------------------------------------------------------    -------------------
                         (clock clk_fpga_0 rise edge)
                                                      0.000     0.000 r  
    PS7_X0Y0             PS7                          0.000     0.000 r  top_i/zynq_ps/inst/PS7_i/FCLKCLK[0]
                         net (fo=1, routed)           0.310     0.310    top_i/zynq_ps/inst/FCLK_CLK_unbuffered[0]
    BUFGCTRL_X0Y16       BUFG (Prop_bufg_I_O)         0.026     0.336 r  top_i/zynq_ps/inst/buffer_fclk_clk_0.FCLK_CLK_0_BUFG/O
                         net (fo=55622, routed)       0.572     0.908    top_i/smartconnect_0/inst/clk_map/psr_aclk/U0/aclk
    SLICE_X67Y81         FDRE                                         r  top_i/smartconnect_0/inst/clk_map/psr_aclk/U0/ACTIVE_LOW_BSR_OUT_DFF[0].FDRE_BSR_N/C
  -------------------------------------------------------------------    -------------------
    SLICE_X67Y81         FDRE (Prop_fdre_C_Q)         0.141     1.049 r  top_i/smartconnect_0/inst/clk_map/psr_aclk/U0/ACTIVE_LOW_BSR_OUT_DFF[0].FDRE_BSR_N/Q
                         net (fo=22, routed)          0.664     1.712    top_i/smartconnect_0/inst/s00_entry_pipeline/s00_si_converter/inst/xpm_cdc_async_rst_inst/src_arst
    SLICE_X83Y81         LUT1 (Prop_lut1_I0_O)        0.045     1.757 f  top_i/smartconnect_0/inst/s00_entry_pipeline/s00_si_converter/inst/xpm_cdc_async_rst_inst/arststages_ff[2]_i_1/O
                         net (fo=3, routed)           0.116     1.873    top_i/smartconnect_0/inst/s00_entry_pipeline/s00_si_converter/inst/xpm_cdc_async_rst_inst/reset_pol
    SLICE_X83Y82         FDCE                                         f  top_i/smartconnect_0/inst/s00_entry_pipeline/s00_si_converter/inst/xpm_cdc_async_rst_inst/arststages_ff_reg[2]/CLR
  -------------------------------------------------------------------    -------------------

                         (clock clk_fpga_0 rise edge)
                                                      0.000     0.000 r  
    PS7_X0Y0             PS7                          0.000     0.000 r  top_i/zynq_ps/inst/PS7_i/FCLKCLK[0]
                         net (fo=1, routed)           0.337     0.337    top_i/zynq_ps/inst/FCLK_CLK_unbuffered[0]
    BUFGCTRL_X0Y16       BUFG (Prop_bufg_I_O)         0.029     0.366 r  top_i/zynq_ps/inst/buffer_fclk_clk_0.FCLK_CLK_0_BUFG/O
                         net (fo=55622, routed)       0.844     1.210    top_i/smartconnect_0/inst/s00_entry_pipeline/s00_si_converter/inst/xpm_cdc_async_rst_inst/dest_clk
    SLICE_X83Y82         FDCE                                         r  top_i/smartconnect_0/inst/s00_entry_pipeline/s00_si_converter/inst/xpm_cdc_async_rst_inst/arststages_ff_reg[2]/C

Slack:                    inf
  Source:                 top_i/smartconnect_0/inst/clk_map/psr_aclk/U0/ACTIVE_LOW_BSR_OUT_DFF[0].FDRE_BSR_N/C
                            (rising edge-triggered cell FDRE clocked by clk_fpga_0  {rise@0.000ns fall@5.000ns period=10.000ns})
  Destination:            top_i/smartconnect_0/inst/s01_entry_pipeline/s01_si_converter/inst/xpm_cdc_async_rst_inst/arststages_ff_reg[0]/CLR
                            (removal check against rising-edge clock clk_fpga_0  {rise@0.000ns fall@5.000ns period=10.000ns})
  Path Group:             (none)
  Path Type:              Removal (Min at Fast Process Corner)
  Data Path Delay:        1.027ns  (logic 0.184ns (17.916%)  route 0.843ns (82.084%))
  Logic Levels:           1  (LUT1=1)
  Clock Path Skew:        0.305ns (DCD - SCD - CPR)
    Destination Clock Delay (DCD):    1.213ns
    Source Clock Delay      (SCD):    0.908ns
    Clock Pessimism Removal (CPR):    -0.000ns
  Clock Uncertainty:      0.154ns  ((TSJ^2 + TIJ^2)^1/2 + DJ) / 2 + PE
    Total System Jitter     (TSJ):    0.071ns
    Total Input Jitter      (TIJ):    0.300ns
    Discrete Jitter          (DJ):    0.000ns
    Phase Error              (PE):    0.000ns
  Timing Exception:       False Path

    Location             Delay type                Incr(ns)  Path(ns)    Netlist Resource(s)
  -------------------------------------------------------------------    -------------------
                         (clock clk_fpga_0 rise edge)
                                                      0.000     0.000 r  
    PS7_X0Y0             PS7                          0.000     0.000 r  top_i/zynq_ps/inst/PS7_i/FCLKCLK[0]
                         net (fo=1, routed)           0.310     0.310    top_i/zynq_ps/inst/FCLK_CLK_unbuffered[0]
    BUFGCTRL_X0Y16       BUFG (Prop_bufg_I_O)         0.026     0.336 r  top_i/zynq_ps/inst/buffer_fclk_clk_0.FCLK_CLK_0_BUFG/O
                         net (fo=55622, routed)       0.572     0.908    top_i/smartconnect_0/inst/clk_map/psr_aclk/U0/aclk
    SLICE_X67Y81         FDRE                                         r  top_i/smartconnect_0/inst/clk_map/psr_aclk/U0/ACTIVE_LOW_BSR_OUT_DFF[0].FDRE_BSR_N/C
  -------------------------------------------------------------------    -------------------
    SLICE_X67Y81         FDRE (Prop_fdre_C_Q)         0.141     1.049 r  top_i/smartconnect_0/inst/clk_map/psr_aclk/U0/ACTIVE_LOW_BSR_OUT_DFF[0].FDRE_BSR_N/Q
                         net (fo=22, routed)          0.540     1.588    top_i/smartconnect_0/inst/s01_entry_pipeline/s01_si_converter/inst/xpm_cdc_async_rst_inst/src_arst
    SLICE_X57Y89         LUT1 (Prop_lut1_I0_O)        0.043     1.631 f  top_i/smartconnect_0/inst/s01_entry_pipeline/s01_si_converter/inst/xpm_cdc_async_rst_inst/arststages_ff[2]_i_1/O
                         net (fo=3, routed)           0.303     1.935    top_i/smartconnect_0/inst/s01_entry_pipeline/s01_si_converter/inst/xpm_cdc_async_rst_inst/reset_pol
    SLICE_X61Y90         FDCE                                         f  top_i/smartconnect_0/inst/s01_entry_pipeline/s01_si_converter/inst/xpm_cdc_async_rst_inst/arststages_ff_reg[0]/CLR
  -------------------------------------------------------------------    -------------------

                         (clock clk_fpga_0 rise edge)
                                                      0.000     0.000 r  
    PS7_X0Y0             PS7                          0.000     0.000 r  top_i/zynq_ps/inst/PS7_i/FCLKCLK[0]
                         net (fo=1, routed)           0.337     0.337    top_i/zynq_ps/inst/FCLK_CLK_unbuffered[0]
    BUFGCTRL_X0Y16       BUFG (Prop_bufg_I_O)         0.029     0.366 r  top_i/zynq_ps/inst/buffer_fclk_clk_0.FCLK_CLK_0_BUFG/O
                         net (fo=55622, routed)       0.847     1.213    top_i/smartconnect_0/inst/s01_entry_pipeline/s01_si_converter/inst/xpm_cdc_async_rst_inst/dest_clk
    SLICE_X61Y90         FDCE                                         r  top_i/smartconnect_0/inst/s01_entry_pipeline/s01_si_converter/inst/xpm_cdc_async_rst_inst/arststages_ff_reg[0]/C

Slack:                    inf
  Source:                 top_i/smartconnect_0/inst/clk_map/psr_aclk/U0/ACTIVE_LOW_BSR_OUT_DFF[0].FDRE_BSR_N/C
                            (rising edge-triggered cell FDRE clocked by clk_fpga_0  {rise@0.000ns fall@5.000ns period=10.000ns})
  Destination:            top_i/smartconnect_0/inst/s01_entry_pipeline/s01_si_converter/inst/xpm_cdc_async_rst_inst/arststages_ff_reg[1]/CLR
                            (removal check against rising-edge clock clk_fpga_0  {rise@0.000ns fall@5.000ns period=10.000ns})
  Path Group:             (none)
  Path Type:              Removal (Min at Fast Process Corner)
  Data Path Delay:        1.027ns  (logic 0.184ns (17.916%)  route 0.843ns (82.084%))
  Logic Levels:           1  (LUT1=1)
  Clock Path Skew:        0.305ns (DCD - SCD - CPR)
    Destination Clock Delay (DCD):    1.213ns
    Source Clock Delay      (SCD):    0.908ns
    Clock Pessimism Removal (CPR):    -0.000ns
  Clock Uncertainty:      0.154ns  ((TSJ^2 + TIJ^2)^1/2 + DJ) / 2 + PE
    Total System Jitter     (TSJ):    0.071ns
    Total Input Jitter      (TIJ):    0.300ns
    Discrete Jitter          (DJ):    0.000ns
    Phase Error              (PE):    0.000ns
  Timing Exception:       False Path

    Location             Delay type                Incr(ns)  Path(ns)    Netlist Resource(s)
  -------------------------------------------------------------------    -------------------
                         (clock clk_fpga_0 rise edge)
                                                      0.000     0.000 r  
    PS7_X0Y0             PS7                          0.000     0.000 r  top_i/zynq_ps/inst/PS7_i/FCLKCLK[0]
                         net (fo=1, routed)           0.310     0.310    top_i/zynq_ps/inst/FCLK_CLK_unbuffered[0]
    BUFGCTRL_X0Y16       BUFG (Prop_bufg_I_O)         0.026     0.336 r  top_i/zynq_ps/inst/buffer_fclk_clk_0.FCLK_CLK_0_BUFG/O
                         net (fo=55622, routed)       0.572     0.908    top_i/smartconnect_0/inst/clk_map/psr_aclk/U0/aclk
    SLICE_X67Y81         FDRE                                         r  top_i/smartconnect_0/inst/clk_map/psr_aclk/U0/ACTIVE_LOW_BSR_OUT_DFF[0].FDRE_BSR_N/C
  -------------------------------------------------------------------    -------------------
    SLICE_X67Y81         FDRE (Prop_fdre_C_Q)         0.141     1.049 r  top_i/smartconnect_0/inst/clk_map/psr_aclk/U0/ACTIVE_LOW_BSR_OUT_DFF[0].FDRE_BSR_N/Q
                         net (fo=22, routed)          0.540     1.588    top_i/smartconnect_0/inst/s01_entry_pipeline/s01_si_converter/inst/xpm_cdc_async_rst_inst/src_arst
    SLICE_X57Y89         LUT1 (Prop_lut1_I0_O)        0.043     1.631 f  top_i/smartconnect_0/inst/s01_entry_pipeline/s01_si_converter/inst/xpm_cdc_async_rst_inst/arststages_ff[2]_i_1/O
                         net (fo=3, routed)           0.303     1.935    top_i/smartconnect_0/inst/s01_entry_pipeline/s01_si_converter/inst/xpm_cdc_async_rst_inst/reset_pol
    SLICE_X61Y90         FDCE                                         f  top_i/smartconnect_0/inst/s01_entry_pipeline/s01_si_converter/inst/xpm_cdc_async_rst_inst/arststages_ff_reg[1]/CLR
  -------------------------------------------------------------------    -------------------

                         (clock clk_fpga_0 rise edge)
                                                      0.000     0.000 r  
    PS7_X0Y0             PS7                          0.000     0.000 r  top_i/zynq_ps/inst/PS7_i/FCLKCLK[0]
                         net (fo=1, routed)           0.337     0.337    top_i/zynq_ps/inst/FCLK_CLK_unbuffered[0]
    BUFGCTRL_X0Y16       BUFG (Prop_bufg_I_O)         0.029     0.366 r  top_i/zynq_ps/inst/buffer_fclk_clk_0.FCLK_CLK_0_BUFG/O
                         net (fo=55622, routed)       0.847     1.213    top_i/smartconnect_0/inst/s01_entry_pipeline/s01_si_converter/inst/xpm_cdc_async_rst_inst/dest_clk
    SLICE_X61Y90         FDCE                                         r  top_i/smartconnect_0/inst/s01_entry_pipeline/s01_si_converter/inst/xpm_cdc_async_rst_inst/arststages_ff_reg[1]/C

Slack:                    inf
  Source:                 top_i/smartconnect_0/inst/clk_map/psr_aclk/U0/ACTIVE_LOW_BSR_OUT_DFF[0].FDRE_BSR_N/C
                            (rising edge-triggered cell FDRE clocked by clk_fpga_0  {rise@0.000ns fall@5.000ns period=10.000ns})
  Destination:            top_i/smartconnect_0/inst/s01_entry_pipeline/s01_si_converter/inst/xpm_cdc_async_rst_inst/arststages_ff_reg[2]/CLR
                            (removal check against rising-edge clock clk_fpga_0  {rise@0.000ns fall@5.000ns period=10.000ns})
  Path Group:             (none)
  Path Type:              Removal (Min at Fast Process Corner)
  Data Path Delay:        1.027ns  (logic 0.184ns (17.916%)  route 0.843ns (82.084%))
  Logic Levels:           1  (LUT1=1)
  Clock Path Skew:        0.305ns (DCD - SCD - CPR)
    Destination Clock Delay (DCD):    1.213ns
    Source Clock Delay      (SCD):    0.908ns
    Clock Pessimism Removal (CPR):    -0.000ns
  Clock Uncertainty:      0.154ns  ((TSJ^2 + TIJ^2)^1/2 + DJ) / 2 + PE
    Total System Jitter     (TSJ):    0.071ns
    Total Input Jitter      (TIJ):    0.300ns
    Discrete Jitter          (DJ):    0.000ns
    Phase Error              (PE):    0.000ns
  Timing Exception:       False Path

    Location             Delay type                Incr(ns)  Path(ns)    Netlist Resource(s)
  -------------------------------------------------------------------    -------------------
                         (clock clk_fpga_0 rise edge)
                                                      0.000     0.000 r  
    PS7_X0Y0             PS7                          0.000     0.000 r  top_i/zynq_ps/inst/PS7_i/FCLKCLK[0]
                         net (fo=1, routed)           0.310     0.310    top_i/zynq_ps/inst/FCLK_CLK_unbuffered[0]
    BUFGCTRL_X0Y16       BUFG (Prop_bufg_I_O)         0.026     0.336 r  top_i/zynq_ps/inst/buffer_fclk_clk_0.FCLK_CLK_0_BUFG/O
                         net (fo=55622, routed)       0.572     0.908    top_i/smartconnect_0/inst/clk_map/psr_aclk/U0/aclk
    SLICE_X67Y81         FDRE                                         r  top_i/smartconnect_0/inst/clk_map/psr_aclk/U0/ACTIVE_LOW_BSR_OUT_DFF[0].FDRE_BSR_N/C
  -------------------------------------------------------------------    -------------------
    SLICE_X67Y81         FDRE (Prop_fdre_C_Q)         0.141     1.049 r  top_i/smartconnect_0/inst/clk_map/psr_aclk/U0/ACTIVE_LOW_BSR_OUT_DFF[0].FDRE_BSR_N/Q
                         net (fo=22, routed)          0.540     1.588    top_i/smartconnect_0/inst/s01_entry_pipeline/s01_si_converter/inst/xpm_cdc_async_rst_inst/src_arst
    SLICE_X57Y89         LUT1 (Prop_lut1_I0_O)        0.043     1.631 f  top_i/smartconnect_0/inst/s01_entry_pipeline/s01_si_converter/inst/xpm_cdc_async_rst_inst/arststages_ff[2]_i_1/O
                         net (fo=3, routed)           0.303     1.935    top_i/smartconnect_0/inst/s01_entry_pipeline/s01_si_converter/inst/xpm_cdc_async_rst_inst/reset_pol
    SLICE_X61Y90         FDCE                                         f  top_i/smartconnect_0/inst/s01_entry_pipeline/s01_si_converter/inst/xpm_cdc_async_rst_inst/arststages_ff_reg[2]/CLR
  -------------------------------------------------------------------    -------------------

                         (clock clk_fpga_0 rise edge)
                                                      0.000     0.000 r  
    PS7_X0Y0             PS7                          0.000     0.000 r  top_i/zynq_ps/inst/PS7_i/FCLKCLK[0]
                         net (fo=1, routed)           0.337     0.337    top_i/zynq_ps/inst/FCLK_CLK_unbuffered[0]
    BUFGCTRL_X0Y16       BUFG (Prop_bufg_I_O)         0.029     0.366 r  top_i/zynq_ps/inst/buffer_fclk_clk_0.FCLK_CLK_0_BUFG/O
                         net (fo=55622, routed)       0.847     1.213    top_i/smartconnect_0/inst/s01_entry_pipeline/s01_si_converter/inst/xpm_cdc_async_rst_inst/dest_clk
    SLICE_X61Y90         FDCE                                         r  top_i/smartconnect_0/inst/s01_entry_pipeline/s01_si_converter/inst/xpm_cdc_async_rst_inst/arststages_ff_reg[2]/C

Slack:                    inf
  Source:                 top_i/smartconnect_0/inst/clk_map/psr_aclk/U0/ACTIVE_LOW_BSR_OUT_DFF[0].FDRE_BSR_N/C
                            (rising edge-triggered cell FDRE clocked by clk_fpga_0  {rise@0.000ns fall@5.000ns period=10.000ns})
  Destination:            top_i/smartconnect_0/inst/s00_entry_pipeline/s00_transaction_regulator/inst/xpm_cdc_async_rst_inst/arststages_ff_reg[0]/CLR
                            (removal check against rising-edge clock clk_fpga_0  {rise@0.000ns fall@5.000ns period=10.000ns})
  Path Group:             (none)
  Path Type:              Removal (Min at Fast Process Corner)
  Data Path Delay:        1.080ns  (logic 0.185ns (17.125%)  route 0.895ns (82.875%))
  Logic Levels:           1  (LUT1=1)
  Clock Path Skew:        0.301ns (DCD - SCD - CPR)
    Destination Clock Delay (DCD):    1.209ns
    Source Clock Delay      (SCD):    0.908ns
    Clock Pessimism Removal (CPR):    -0.000ns
  Clock Uncertainty:      0.154ns  ((TSJ^2 + TIJ^2)^1/2 + DJ) / 2 + PE
    Total System Jitter     (TSJ):    0.071ns
    Total Input Jitter      (TIJ):    0.300ns
    Discrete Jitter          (DJ):    0.000ns
    Phase Error              (PE):    0.000ns
  Timing Exception:       False Path

    Location             Delay type                Incr(ns)  Path(ns)    Netlist Resource(s)
  -------------------------------------------------------------------    -------------------
                         (clock clk_fpga_0 rise edge)
                                                      0.000     0.000 r  
    PS7_X0Y0             PS7                          0.000     0.000 r  top_i/zynq_ps/inst/PS7_i/FCLKCLK[0]
                         net (fo=1, routed)           0.310     0.310    top_i/zynq_ps/inst/FCLK_CLK_unbuffered[0]
    BUFGCTRL_X0Y16       BUFG (Prop_bufg_I_O)         0.026     0.336 r  top_i/zynq_ps/inst/buffer_fclk_clk_0.FCLK_CLK_0_BUFG/O
                         net (fo=55622, routed)       0.572     0.908    top_i/smartconnect_0/inst/clk_map/psr_aclk/U0/aclk
    SLICE_X67Y81         FDRE                                         r  top_i/smartconnect_0/inst/clk_map/psr_aclk/U0/ACTIVE_LOW_BSR_OUT_DFF[0].FDRE_BSR_N/C
  -------------------------------------------------------------------    -------------------
    SLICE_X67Y81         FDRE (Prop_fdre_C_Q)         0.141     1.049 r  top_i/smartconnect_0/inst/clk_map/psr_aclk/U0/ACTIVE_LOW_BSR_OUT_DFF[0].FDRE_BSR_N/Q
                         net (fo=22, routed)          0.664     1.712    top_i/smartconnect_0/inst/s00_entry_pipeline/s00_transaction_regulator/inst/xpm_cdc_async_rst_inst/src_arst
    SLICE_X83Y81         LUT1 (Prop_lut1_I0_O)        0.044     1.756 f  top_i/smartconnect_0/inst/s00_entry_pipeline/s00_transaction_regulator/inst/xpm_cdc_async_rst_inst/arststages_ff[2]_i_1/O
                         net (fo=3, routed)           0.232     1.988    top_i/smartconnect_0/inst/s00_entry_pipeline/s00_transaction_regulator/inst/xpm_cdc_async_rst_inst/reset_pol
    SLICE_X83Y81         FDCE                                         f  top_i/smartconnect_0/inst/s00_entry_pipeline/s00_transaction_regulator/inst/xpm_cdc_async_rst_inst/arststages_ff_reg[0]/CLR
  -------------------------------------------------------------------    -------------------

                         (clock clk_fpga_0 rise edge)
                                                      0.000     0.000 r  
    PS7_X0Y0             PS7                          0.000     0.000 r  top_i/zynq_ps/inst/PS7_i/FCLKCLK[0]
                         net (fo=1, routed)           0.337     0.337    top_i/zynq_ps/inst/FCLK_CLK_unbuffered[0]
    BUFGCTRL_X0Y16       BUFG (Prop_bufg_I_O)         0.029     0.366 r  top_i/zynq_ps/inst/buffer_fclk_clk_0.FCLK_CLK_0_BUFG/O
                         net (fo=55622, routed)       0.843     1.209    top_i/smartconnect_0/inst/s00_entry_pipeline/s00_transaction_regulator/inst/xpm_cdc_async_rst_inst/dest_clk
    SLICE_X83Y81         FDCE                                         r  top_i/smartconnect_0/inst/s00_entry_pipeline/s00_transaction_regulator/inst/xpm_cdc_async_rst_inst/arststages_ff_reg[0]/C





