Copyright 1986-2022 Xilinx, Inc. All Rights Reserved. Copyright 2022-2023 Advanced Micro Devices, Inc. All Rights Reserved.
------------------------------------------------------------------------------------------------------------------------------------------------------------------------------------------------------------------------------
| Tool Version : Vivado v.2023.2 (lin64) Build 4029153 Fri Oct 13 20:13:54 MDT 2023
| Date         : Sat Aug  1 20:25:51 2026
| Host         : i83labpc01 running 64-bit Ubuntu 24.04.4 LTS
| Command      : report_timing_summary -max_paths 10 -report_unconstrained -file top_wrapper_timing_summary_routed.rpt -pb top_wrapper_timing_summary_routed.pb -rpx top_wrapper_timing_summary_routed.rpx -warn_on_violation
| Design       : top_wrapper
| Device       : 7z020-clg400
| Speed File   : -1  PRODUCTION 1.12 2019-11-22
| Design State : Routed
------------------------------------------------------------------------------------------------------------------------------------------------------------------------------------------------------------------------------

Timing Summary Report

------------------------------------------------------------------------------------------------
| Timer Settings
| --------------
------------------------------------------------------------------------------------------------

  Enable Multi Corner Analysis               :  Yes
  Enable Pessimism Removal                   :  Yes
  Pessimism Removal Resolution               :  Nearest Common Node
  Enable Input Delay Default Clock           :  No
  Enable Preset / Clear Arcs                 :  No
  Disable Flight Delays                      :  No
  Ignore I/O Paths                           :  No
  Timing Early Launch at Borrowing Latches   :  No
  Borrow Time for Max Delay Exceptions       :  Yes
  Merge Timing Exceptions                    :  Yes
  Inter-SLR Compensation                     :  Conservative

  Corner  Analyze    Analyze    
  Name    Max Paths  Min Paths  
  ------  ---------  ---------  
  Slow    Yes        Yes        
  Fast    Yes        Yes        


------------------------------------------------------------------------------------------------
| Report Methodology
| ------------------
------------------------------------------------------------------------------------------------

No report available as report_methodology has not been run prior. Run report_methodology on the current design for the summary of methodology violations.



check_timing report

Table of Contents
-----------------
1. checking no_clock (0)
2. checking constant_clock (0)
3. checking pulse_width_clock (0)
4. checking unconstrained_internal_endpoints (0)
5. checking no_input_delay (0)
6. checking no_output_delay (0)
7. checking multiple_clock (0)
8. checking generated_clocks (0)
9. checking loops (0)
10. checking partial_input_delay (0)
11. checking partial_output_delay (0)
12. checking latch_loops (0)

1. checking no_clock (0)
------------------------
 There are 0 register/latch pins with no clock.


2. checking constant_clock (0)
------------------------------
 There are 0 register/latch pins with constant_clock.


3. checking pulse_width_clock (0)
---------------------------------
 There are 0 register/latch pins which need pulse_width check


4. checking unconstrained_internal_endpoints (0)
------------------------------------------------
 There are 0 pins that are not constrained for maximum delay.

 There are 0 pins that are not constrained for maximum delay due to constant clock.


5. checking no_input_delay (0)
------------------------------
 There are 0 input ports with no input delay specified.

 There are 0 input ports with no input delay but user has a false path constraint.


6. checking no_output_delay (0)
-------------------------------
 There are 0 ports with no output delay specified.

 There are 0 ports with no output delay but user has a false path constraint

 There are 0 ports with no output delay but with a timing clock defined on it or propagating through it


7. checking multiple_clock (0)
------------------------------
 There are 0 register/latch pins with multiple clocks.


8. checking generated_clocks (0)
--------------------------------
 There are 0 generated clocks that are not connected to a clock source.


9. checking loops (0)
---------------------
 There are 0 combinational loops in the design.


10. checking partial_input_delay (0)
------------------------------------
 There are 0 input ports with partial input delay specified.


11. checking partial_output_delay (0)
-------------------------------------
 There are 0 ports with partial output delay specified.


12. checking latch_loops (0)
----------------------------
 There are 0 combinational latch loops in the design through latch input



------------------------------------------------------------------------------------------------
| Design Timing Summary
| ---------------------
------------------------------------------------------------------------------------------------

    WNS(ns)      TNS(ns)  TNS Failing Endpoints  TNS Total Endpoints      WHS(ns)      THS(ns)  THS Failing Endpoints  THS Total Endpoints     WPWS(ns)     TPWS(ns)  TPWS Failing Endpoints  TPWS Total Endpoints  
    -------      -------  ---------------------  -------------------      -------      -------  ---------------------  -------------------     --------     --------  ----------------------  --------------------  
      1.163        0.000                      0                34425        0.017        0.000                      0                34425        3.750        0.000                       0                 12911  


All user specified timing constraints are met.


------------------------------------------------------------------------------------------------
| Clock Summary
| -------------
------------------------------------------------------------------------------------------------

Clock       Waveform(ns)       Period(ns)      Frequency(MHz)
-----       ------------       ----------      --------------
clk_fpga_0  {0.000 5.000}      10.000          100.000         


------------------------------------------------------------------------------------------------
| Intra Clock Table
| -----------------
------------------------------------------------------------------------------------------------

Clock             WNS(ns)      TNS(ns)  TNS Failing Endpoints  TNS Total Endpoints      WHS(ns)      THS(ns)  THS Failing Endpoints  THS Total Endpoints     WPWS(ns)     TPWS(ns)  TPWS Failing Endpoints  TPWS Total Endpoints  
-----             -------      -------  ---------------------  -------------------      -------      -------  ---------------------  -------------------     --------     --------  ----------------------  --------------------  
clk_fpga_0          1.163        0.000                      0                34425        0.017        0.000                      0                34425        3.750        0.000                       0                 12911  


------------------------------------------------------------------------------------------------
| Inter Clock Table
| -----------------
------------------------------------------------------------------------------------------------

From Clock    To Clock          WNS(ns)      TNS(ns)  TNS Failing Endpoints  TNS Total Endpoints      WHS(ns)      THS(ns)  THS Failing Endpoints  THS Total Endpoints  
----------    --------          -------      -------  ---------------------  -------------------      -------      -------  ---------------------  -------------------  


------------------------------------------------------------------------------------------------
| Other Path Groups Table
| -----------------------
------------------------------------------------------------------------------------------------

Path Group    From Clock    To Clock          WNS(ns)      TNS(ns)  TNS Failing Endpoints  TNS Total Endpoints      WHS(ns)      THS(ns)  THS Failing Endpoints  THS Total Endpoints  
----------    ----------    --------          -------      -------  ---------------------  -------------------      -------      -------  ---------------------  -------------------  


------------------------------------------------------------------------------------------------
| User Ignored Path Table
| -----------------------
------------------------------------------------------------------------------------------------

Path Group    From Clock    To Clock    
----------    ----------    --------    
(none)                      clk_fpga_0    
(none)        clk_fpga_0    clk_fpga_0    


------------------------------------------------------------------------------------------------
| Unconstrained Path Table
| ------------------------
------------------------------------------------------------------------------------------------

Path Group    From Clock    To Clock    
----------    ----------    --------    


------------------------------------------------------------------------------------------------
| Timing Details
| --------------
------------------------------------------------------------------------------------------------


---------------------------------------------------------------------------------------------------
From Clock:  clk_fpga_0
  To Clock:  clk_fpga_0

Setup :            0  Failing Endpoints,  Worst Slack        1.163ns,  Total Violation        0.000ns
Hold  :            0  Failing Endpoints,  Worst Slack        0.017ns,  Total Violation        0.000ns
PW    :            0  Failing Endpoints,  Worst Slack        3.750ns,  Total Violation        0.000ns
---------------------------------------------------------------------------------------------------


Max Delay Paths
--------------------------------------------------------------------------------------
Slack (MET) :             1.163ns  (required time - arrival time)
  Source:                 top_i/StreamingDataflowPartition_1/inst/StreamingDataflowPartition_1_MVAU_hls_2/StreamingDataflowPartition_1_MVAU_hls_2/inst/grp_Matrix_Vector_Activate_Stream_Batch_fu_32_ap_start_reg_reg/C
                            (rising edge-triggered cell FDRE clocked by clk_fpga_0  {rise@0.000ns fall@5.000ns period=10.000ns})
  Destination:            top_i/StreamingDataflowPartition_1/inst/StreamingDataflowPartition_1_MVAU_hls_2/StreamingDataflowPartition_1_MVAU_hls_2/inst/grp_Matrix_Vector_Activate_Stream_Batch_fu_32/sf_fu_86_reg[25]/R
                            (rising edge-triggered cell FDRE clocked by clk_fpga_0  {rise@0.000ns fall@5.000ns period=10.000ns})
  Path Group:             clk_fpga_0
  Path Type:              Setup (Max at Slow Process Corner)
  Requirement:            10.000ns  (clk_fpga_0 rise@10.000ns - clk_fpga_0 rise@0.000ns)
  Data Path Delay:        7.998ns  (logic 2.994ns (37.435%)  route 5.004ns (62.565%))
  Logic Levels:           13  (CARRY4=8 LUT3=2 LUT4=2 LUT6=1)
  Clock Path Skew:        -0.054ns (DCD - SCD + CPR)
    Destination Clock Delay (DCD):    2.658ns = ( 12.658 - 10.000 ) 
    Source Clock Delay      (SCD):    2.941ns
    Clock Pessimism Removal (CPR):    0.229ns
  Clock Uncertainty:      0.154ns  ((TSJ^2 + TIJ^2)^1/2 + DJ) / 2 + PE
    Total System Jitter     (TSJ):    0.071ns
    Total Input Jitter      (TIJ):    0.300ns
    Discrete Jitter          (DJ):    0.000ns
    Phase Error              (PE):    0.000ns

    Location             Delay type                Incr(ns)  Path(ns)    Netlist Resource(s)
  -------------------------------------------------------------------    -------------------
                         (clock clk_fpga_0 rise edge)
                                                      0.000     0.000 r  
    PS7_X0Y0             PS7                          0.000     0.000 r  top_i/zynq_ps/inst/PS7_i/FCLKCLK[0]
                         net (fo=1, routed)           1.193     1.193    top_i/zynq_ps/inst/FCLK_CLK_unbuffered[0]
    BUFGCTRL_X0Y16       BUFG (Prop_bufg_I_O)         0.101     1.294 r  top_i/zynq_ps/inst/buffer_fclk_clk_0.FCLK_CLK_0_BUFG/O
                         net (fo=12912, routed)       1.647     2.941    top_i/StreamingDataflowPartition_1/inst/StreamingDataflowPartition_1_MVAU_hls_2/StreamingDataflowPartition_1_MVAU_hls_2/inst/ap_clk
    SLICE_X37Y86         FDRE                                         r  top_i/StreamingDataflowPartition_1/inst/StreamingDataflowPartition_1_MVAU_hls_2/StreamingDataflowPartition_1_MVAU_hls_2/inst/grp_Matrix_Vector_Activate_Stream_Batch_fu_32_ap_start_reg_reg/C
  -------------------------------------------------------------------    -------------------
    SLICE_X37Y86         FDRE (Prop_fdre_C_Q)         0.456     3.397 f  top_i/StreamingDataflowPartition_1/inst/StreamingDataflowPartition_1_MVAU_hls_2/StreamingDataflowPartition_1_MVAU_hls_2/inst/grp_Matrix_Vector_Activate_Stream_Batch_fu_32_ap_start_reg_reg/Q
                         net (fo=118, routed)         0.927     4.324    top_i/StreamingDataflowPartition_1/inst/StreamingDataflowPartition_1_MVAU_hls_2/StreamingDataflowPartition_1_MVAU_hls_2/inst/grp_Matrix_Vector_Activate_Stream_Batch_fu_32/flow_control_loop_pipe_sequential_init_U/grp_Matrix_Vector_Activate_Stream_Batch_fu_32_ap_start_reg
    SLICE_X42Y86         LUT3 (Prop_lut3_I1_O)        0.150     4.474 r  top_i/StreamingDataflowPartition_1/inst/StreamingDataflowPartition_1_MVAU_hls_2/StreamingDataflowPartition_1_MVAU_hls_2/inst/grp_Matrix_Vector_Activate_Stream_Batch_fu_32/flow_control_loop_pipe_sequential_init_U/sf_2_fu_571_p2_carry_i_1/O
                         net (fo=1, routed)           0.508     4.981    top_i/StreamingDataflowPartition_1/inst/StreamingDataflowPartition_1_MVAU_hls_2/StreamingDataflowPartition_1_MVAU_hls_2/inst/grp_Matrix_Vector_Activate_Stream_Batch_fu_32/ap_sig_allocacmp_sf_1[0]
    SLICE_X43Y88         CARRY4 (Prop_carry4_CYINIT_CO[3])
                                                      0.804     5.785 r  top_i/StreamingDataflowPartition_1/inst/StreamingDataflowPartition_1_MVAU_hls_2/StreamingDataflowPartition_1_MVAU_hls_2/inst/grp_Matrix_Vector_Activate_Stream_Batch_fu_32/sf_2_fu_571_p2_carry/CO[3]
                         net (fo=1, routed)           0.000     5.785    top_i/StreamingDataflowPartition_1/inst/StreamingDataflowPartition_1_MVAU_hls_2/StreamingDataflowPartition_1_MVAU_hls_2/inst/grp_Matrix_Vector_Activate_Stream_Batch_fu_32/sf_2_fu_571_p2_carry_n_3
    SLICE_X43Y89         CARRY4 (Prop_carry4_CI_CO[3])
                                                      0.114     5.899 r  top_i/StreamingDataflowPartition_1/inst/StreamingDataflowPartition_1_MVAU_hls_2/StreamingDataflowPartition_1_MVAU_hls_2/inst/grp_Matrix_Vector_Activate_Stream_Batch_fu_32/sf_2_fu_571_p2_carry__0/CO[3]
                         net (fo=1, routed)           0.000     5.899    top_i/StreamingDataflowPartition_1/inst/StreamingDataflowPartition_1_MVAU_hls_2/StreamingDataflowPartition_1_MVAU_hls_2/inst/grp_Matrix_Vector_Activate_Stream_Batch_fu_32/sf_2_fu_571_p2_carry__0_n_3
    SLICE_X43Y90         CARRY4 (Prop_carry4_CI_CO[3])
                                                      0.114     6.013 r  top_i/StreamingDataflowPartition_1/inst/StreamingDataflowPartition_1_MVAU_hls_2/StreamingDataflowPartition_1_MVAU_hls_2/inst/grp_Matrix_Vector_Activate_Stream_Batch_fu_32/sf_2_fu_571_p2_carry__1/CO[3]
                         net (fo=1, routed)           0.000     6.013    top_i/StreamingDataflowPartition_1/inst/StreamingDataflowPartition_1_MVAU_hls_2/StreamingDataflowPartition_1_MVAU_hls_2/inst/grp_Matrix_Vector_Activate_Stream_Batch_fu_32/sf_2_fu_571_p2_carry__1_n_3
    SLICE_X43Y91         CARRY4 (Prop_carry4_CI_CO[3])
                                                      0.114     6.127 r  top_i/StreamingDataflowPartition_1/inst/StreamingDataflowPartition_1_MVAU_hls_2/StreamingDataflowPartition_1_MVAU_hls_2/inst/grp_Matrix_Vector_Activate_Stream_Batch_fu_32/sf_2_fu_571_p2_carry__2/CO[3]
                         net (fo=1, routed)           0.000     6.127    top_i/StreamingDataflowPartition_1/inst/StreamingDataflowPartition_1_MVAU_hls_2/StreamingDataflowPartition_1_MVAU_hls_2/inst/grp_Matrix_Vector_Activate_Stream_Batch_fu_32/sf_2_fu_571_p2_carry__2_n_3
    SLICE_X43Y92         CARRY4 (Prop_carry4_CI_CO[3])
                                                      0.114     6.241 r  top_i/StreamingDataflowPartition_1/inst/StreamingDataflowPartition_1_MVAU_hls_2/StreamingDataflowPartition_1_MVAU_hls_2/inst/grp_Matrix_Vector_Activate_Stream_Batch_fu_32/sf_2_fu_571_p2_carry__3/CO[3]
                         net (fo=1, routed)           0.000     6.241    top_i/StreamingDataflowPartition_1/inst/StreamingDataflowPartition_1_MVAU_hls_2/StreamingDataflowPartition_1_MVAU_hls_2/inst/grp_Matrix_Vector_Activate_Stream_Batch_fu_32/sf_2_fu_571_p2_carry__3_n_3
    SLICE_X43Y93         CARRY4 (Prop_carry4_CI_CO[3])
                                                      0.114     6.355 r  top_i/StreamingDataflowPartition_1/inst/StreamingDataflowPartition_1_MVAU_hls_2/StreamingDataflowPartition_1_MVAU_hls_2/inst/grp_Matrix_Vector_Activate_Stream_Batch_fu_32/sf_2_fu_571_p2_carry__4/CO[3]
                         net (fo=1, routed)           0.000     6.355    top_i/StreamingDataflowPartition_1/inst/StreamingDataflowPartition_1_MVAU_hls_2/StreamingDataflowPartition_1_MVAU_hls_2/inst/grp_Matrix_Vector_Activate_Stream_Batch_fu_32/sf_2_fu_571_p2_carry__4_n_3
    SLICE_X43Y94         CARRY4 (Prop_carry4_CI_CO[3])
                                                      0.114     6.469 r  top_i/StreamingDataflowPartition_1/inst/StreamingDataflowPartition_1_MVAU_hls_2/StreamingDataflowPartition_1_MVAU_hls_2/inst/grp_Matrix_Vector_Activate_Stream_Batch_fu_32/sf_2_fu_571_p2_carry__5/CO[3]
                         net (fo=1, routed)           0.000     6.469    top_i/StreamingDataflowPartition_1/inst/StreamingDataflowPartition_1_MVAU_hls_2/StreamingDataflowPartition_1_MVAU_hls_2/inst/grp_Matrix_Vector_Activate_Stream_Batch_fu_32/sf_2_fu_571_p2_carry__5_n_3
    SLICE_X43Y95         CARRY4 (Prop_carry4_CI_O[0])
                                                      0.235     6.704 f  top_i/StreamingDataflowPartition_1/inst/StreamingDataflowPartition_1_MVAU_hls_2/StreamingDataflowPartition_1_MVAU_hls_2/inst/grp_Matrix_Vector_Activate_Stream_Batch_fu_32/sf_2_fu_571_p2_carry__6/O[0]
                         net (fo=2, routed)           0.651     7.355    top_i/StreamingDataflowPartition_1/inst/StreamingDataflowPartition_1_MVAU_hls_2/StreamingDataflowPartition_1_MVAU_hls_2/inst/grp_Matrix_Vector_Activate_Stream_Batch_fu_32/flow_control_loop_pipe_sequential_init_U/D[8]
    SLICE_X42Y90         LUT4 (Prop_lut4_I2_O)        0.299     7.654 f  top_i/StreamingDataflowPartition_1/inst/StreamingDataflowPartition_1_MVAU_hls_2/StreamingDataflowPartition_1_MVAU_hls_2/inst/grp_Matrix_Vector_Activate_Stream_Batch_fu_32/flow_control_loop_pipe_sequential_init_U/icmp_ln290_reg_880[0]_i_6/O
                         net (fo=1, routed)           0.447     8.101    top_i/StreamingDataflowPartition_1/inst/StreamingDataflowPartition_1_MVAU_hls_2/StreamingDataflowPartition_1_MVAU_hls_2/inst/grp_Matrix_Vector_Activate_Stream_Batch_fu_32/flow_control_loop_pipe_sequential_init_U/icmp_ln290_reg_880[0]_i_6_n_3
    SLICE_X42Y89         LUT6 (Prop_lut6_I2_O)        0.124     8.225 r  top_i/StreamingDataflowPartition_1/inst/StreamingDataflowPartition_1_MVAU_hls_2/StreamingDataflowPartition_1_MVAU_hls_2/inst/grp_Matrix_Vector_Activate_Stream_Batch_fu_32/flow_control_loop_pipe_sequential_init_U/icmp_ln290_reg_880[0]_i_2/O
                         net (fo=1, routed)           0.658     8.884    top_i/StreamingDataflowPartition_1/inst/StreamingDataflowPartition_1_MVAU_hls_2/StreamingDataflowPartition_1_MVAU_hls_2/inst/grp_Matrix_Vector_Activate_Stream_Batch_fu_32/flow_control_loop_pipe_sequential_init_U/icmp_ln290_reg_880[0]_i_2_n_3
    SLICE_X42Y89         LUT4 (Prop_lut4_I0_O)        0.124     9.008 r  top_i/StreamingDataflowPartition_1/inst/StreamingDataflowPartition_1_MVAU_hls_2/StreamingDataflowPartition_1_MVAU_hls_2/inst/grp_Matrix_Vector_Activate_Stream_Batch_fu_32/flow_control_loop_pipe_sequential_init_U/icmp_ln290_reg_880[0]_i_1/O
                         net (fo=4, routed)           0.867     9.875    top_i/StreamingDataflowPartition_1/inst/StreamingDataflowPartition_1_MVAU_hls_2/StreamingDataflowPartition_1_MVAU_hls_2/inst/grp_Matrix_Vector_Activate_Stream_Batch_fu_32/flow_control_loop_pipe_sequential_init_U/icmp_ln290_fu_577_p2
    SLICE_X37Y86         LUT3 (Prop_lut3_I0_O)        0.118     9.993 r  top_i/StreamingDataflowPartition_1/inst/StreamingDataflowPartition_1_MVAU_hls_2/StreamingDataflowPartition_1_MVAU_hls_2/inst/grp_Matrix_Vector_Activate_Stream_Batch_fu_32/flow_control_loop_pipe_sequential_init_U/sf_fu_86[31]_i_1/O
                         net (fo=64, routed)          0.946    10.939    top_i/StreamingDataflowPartition_1/inst/StreamingDataflowPartition_1_MVAU_hls_2/StreamingDataflowPartition_1_MVAU_hls_2/inst/grp_Matrix_Vector_Activate_Stream_Batch_fu_32/nf_1_fu_130
    SLICE_X43Y94         FDRE                                         r  top_i/StreamingDataflowPartition_1/inst/StreamingDataflowPartition_1_MVAU_hls_2/StreamingDataflowPartition_1_MVAU_hls_2/inst/grp_Matrix_Vector_Activate_Stream_Batch_fu_32/sf_fu_86_reg[25]/R
  -------------------------------------------------------------------    -------------------

                         (clock clk_fpga_0 rise edge)
                                                     10.000    10.000 r  
    PS7_X0Y0             PS7                          0.000    10.000 r  top_i/zynq_ps/inst/PS7_i/FCLKCLK[0]
                         net (fo=1, routed)           1.088    11.088    top_i/zynq_ps/inst/FCLK_CLK_unbuffered[0]
    BUFGCTRL_X0Y16       BUFG (Prop_bufg_I_O)         0.091    11.179 r  top_i/zynq_ps/inst/buffer_fclk_clk_0.FCLK_CLK_0_BUFG/O
                         net (fo=12912, routed)       1.479    12.658    top_i/StreamingDataflowPartition_1/inst/StreamingDataflowPartition_1_MVAU_hls_2/StreamingDataflowPartition_1_MVAU_hls_2/inst/grp_Matrix_Vector_Activate_Stream_Batch_fu_32/ap_clk
    SLICE_X43Y94         FDRE                                         r  top_i/StreamingDataflowPartition_1/inst/StreamingDataflowPartition_1_MVAU_hls_2/StreamingDataflowPartition_1_MVAU_hls_2/inst/grp_Matrix_Vector_Activate_Stream_Batch_fu_32/sf_fu_86_reg[25]/C
                         clock pessimism              0.229    12.887    
                         clock uncertainty           -0.154    12.733    
    SLICE_X43Y94         FDRE (Setup_fdre_C_R)       -0.631    12.102    top_i/StreamingDataflowPartition_1/inst/StreamingDataflowPartition_1_MVAU_hls_2/StreamingDataflowPartition_1_MVAU_hls_2/inst/grp_Matrix_Vector_Activate_Stream_Batch_fu_32/sf_fu_86_reg[25]
  -------------------------------------------------------------------
                         required time                         12.102    
                         arrival time                         -10.939    
  -------------------------------------------------------------------
                         slack                                  1.163    

Slack (MET) :             1.163ns  (required time - arrival time)
  Source:                 top_i/StreamingDataflowPartition_1/inst/StreamingDataflowPartition_1_MVAU_hls_2/StreamingDataflowPartition_1_MVAU_hls_2/inst/grp_Matrix_Vector_Activate_Stream_Batch_fu_32_ap_start_reg_reg/C
                            (rising edge-triggered cell FDRE clocked by clk_fpga_0  {rise@0.000ns fall@5.000ns period=10.000ns})
  Destination:            top_i/StreamingDataflowPartition_1/inst/StreamingDataflowPartition_1_MVAU_hls_2/StreamingDataflowPartition_1_MVAU_hls_2/inst/grp_Matrix_Vector_Activate_Stream_Batch_fu_32/sf_fu_86_reg[26]/R
                            (rising edge-triggered cell FDRE clocked by clk_fpga_0  {rise@0.000ns fall@5.000ns period=10.000ns})
  Path Group:             clk_fpga_0
  Path Type:              Setup (Max at Slow Process Corner)
  Requirement:            10.000ns  (clk_fpga_0 rise@10.000ns - clk_fpga_0 rise@0.000ns)
  Data Path Delay:        7.998ns  (logic 2.994ns (37.435%)  route 5.004ns (62.565%))
  Logic Levels:           13  (CARRY4=8 LUT3=2 LUT4=2 LUT6=1)
  Clock Path Skew:        -0.054ns (DCD - SCD + CPR)
    Destination Clock Delay (DCD):    2.658ns = ( 12.658 - 10.000 ) 
    Source Clock Delay      (SCD):    2.941ns
    Clock Pessimism Removal (CPR):    0.229ns
  Clock Uncertainty:      0.154ns  ((TSJ^2 + TIJ^2)^1/2 + DJ) / 2 + PE
    Total System Jitter     (TSJ):    0.071ns
    Total Input Jitter      (TIJ):    0.300ns
    Discrete Jitter          (DJ):    0.000ns
    Phase Error              (PE):    0.000ns

    Location             Delay type                Incr(ns)  Path(ns)    Netlist Resource(s)
  -------------------------------------------------------------------    -------------------
                         (clock clk_fpga_0 rise edge)
                                                      0.000     0.000 r  
    PS7_X0Y0             PS7                          0.000     0.000 r  top_i/zynq_ps/inst/PS7_i/FCLKCLK[0]
                         net (fo=1, routed)           1.193     1.193    top_i/zynq_ps/inst/FCLK_CLK_unbuffered[0]
    BUFGCTRL_X0Y16       BUFG (Prop_bufg_I_O)         0.101     1.294 r  top_i/zynq_ps/inst/buffer_fclk_clk_0.FCLK_CLK_0_BUFG/O
                         net (fo=12912, routed)       1.647     2.941    top_i/StreamingDataflowPartition_1/inst/StreamingDataflowPartition_1_MVAU_hls_2/StreamingDataflowPartition_1_MVAU_hls_2/inst/ap_clk
    SLICE_X37Y86         FDRE                                         r  top_i/StreamingDataflowPartition_1/inst/StreamingDataflowPartition_1_MVAU_hls_2/StreamingDataflowPartition_1_MVAU_hls_2/inst/grp_Matrix_Vector_Activate_Stream_Batch_fu_32_ap_start_reg_reg/C
  -------------------------------------------------------------------    -------------------
    SLICE_X37Y86         FDRE (Prop_fdre_C_Q)         0.456     3.397 f  top_i/StreamingDataflowPartition_1/inst/StreamingDataflowPartition_1_MVAU_hls_2/StreamingDataflowPartition_1_MVAU_hls_2/inst/grp_Matrix_Vector_Activate_Stream_Batch_fu_32_ap_start_reg_reg/Q
                         net (fo=118, routed)         0.927     4.324    top_i/StreamingDataflowPartition_1/inst/StreamingDataflowPartition_1_MVAU_hls_2/StreamingDataflowPartition_1_MVAU_hls_2/inst/grp_Matrix_Vector_Activate_Stream_Batch_fu_32/flow_control_loop_pipe_sequential_init_U/grp_Matrix_Vector_Activate_Stream_Batch_fu_32_ap_start_reg
    SLICE_X42Y86         LUT3 (Prop_lut3_I1_O)        0.150     4.474 r  top_i/StreamingDataflowPartition_1/inst/StreamingDataflowPartition_1_MVAU_hls_2/StreamingDataflowPartition_1_MVAU_hls_2/inst/grp_Matrix_Vector_Activate_Stream_Batch_fu_32/flow_control_loop_pipe_sequential_init_U/sf_2_fu_571_p2_carry_i_1/O
                         net (fo=1, routed)           0.508     4.981    top_i/StreamingDataflowPartition_1/inst/StreamingDataflowPartition_1_MVAU_hls_2/StreamingDataflowPartition_1_MVAU_hls_2/inst/grp_Matrix_Vector_Activate_Stream_Batch_fu_32/ap_sig_allocacmp_sf_1[0]
    SLICE_X43Y88         CARRY4 (Prop_carry4_CYINIT_CO[3])
                                                      0.804     5.785 r  top_i/StreamingDataflowPartition_1/inst/StreamingDataflowPartition_1_MVAU_hls_2/StreamingDataflowPartition_1_MVAU_hls_2/inst/grp_Matrix_Vector_Activate_Stream_Batch_fu_32/sf_2_fu_571_p2_carry/CO[3]
                         net (fo=1, routed)           0.000     5.785    top_i/StreamingDataflowPartition_1/inst/StreamingDataflowPartition_1_MVAU_hls_2/StreamingDataflowPartition_1_MVAU_hls_2/inst/grp_Matrix_Vector_Activate_Stream_Batch_fu_32/sf_2_fu_571_p2_carry_n_3
    SLICE_X43Y89         CARRY4 (Prop_carry4_CI_CO[3])
                                                      0.114     5.899 r  top_i/StreamingDataflowPartition_1/inst/StreamingDataflowPartition_1_MVAU_hls_2/StreamingDataflowPartition_1_MVAU_hls_2/inst/grp_Matrix_Vector_Activate_Stream_Batch_fu_32/sf_2_fu_571_p2_carry__0/CO[3]
                         net (fo=1, routed)           0.000     5.899    top_i/StreamingDataflowPartition_1/inst/StreamingDataflowPartition_1_MVAU_hls_2/StreamingDataflowPartition_1_MVAU_hls_2/inst/grp_Matrix_Vector_Activate_Stream_Batch_fu_32/sf_2_fu_571_p2_carry__0_n_3
    SLICE_X43Y90         CARRY4 (Prop_carry4_CI_CO[3])
                                                      0.114     6.013 r  top_i/StreamingDataflowPartition_1/inst/StreamingDataflowPartition_1_MVAU_hls_2/StreamingDataflowPartition_1_MVAU_hls_2/inst/grp_Matrix_Vector_Activate_Stream_Batch_fu_32/sf_2_fu_571_p2_carry__1/CO[3]
                         net (fo=1, routed)           0.000     6.013    top_i/StreamingDataflowPartition_1/inst/StreamingDataflowPartition_1_MVAU_hls_2/StreamingDataflowPartition_1_MVAU_hls_2/inst/grp_Matrix_Vector_Activate_Stream_Batch_fu_32/sf_2_fu_571_p2_carry__1_n_3
    SLICE_X43Y91         CARRY4 (Prop_carry4_CI_CO[3])
                                                      0.114     6.127 r  top_i/StreamingDataflowPartition_1/inst/StreamingDataflowPartition_1_MVAU_hls_2/StreamingDataflowPartition_1_MVAU_hls_2/inst/grp_Matrix_Vector_Activate_Stream_Batch_fu_32/sf_2_fu_571_p2_carry__2/CO[3]
                         net (fo=1, routed)           0.000     6.127    top_i/StreamingDataflowPartition_1/inst/StreamingDataflowPartition_1_MVAU_hls_2/StreamingDataflowPartition_1_MVAU_hls_2/inst/grp_Matrix_Vector_Activate_Stream_Batch_fu_32/sf_2_fu_571_p2_carry__2_n_3
    SLICE_X43Y92         CARRY4 (Prop_carry4_CI_CO[3])
                                                      0.114     6.241 r  top_i/StreamingDataflowPartition_1/inst/StreamingDataflowPartition_1_MVAU_hls_2/StreamingDataflowPartition_1_MVAU_hls_2/inst/grp_Matrix_Vector_Activate_Stream_Batch_fu_32/sf_2_fu_571_p2_carry__3/CO[3]
                         net (fo=1, routed)           0.000     6.241    top_i/StreamingDataflowPartition_1/inst/StreamingDataflowPartition_1_MVAU_hls_2/StreamingDataflowPartition_1_MVAU_hls_2/inst/grp_Matrix_Vector_Activate_Stream_Batch_fu_32/sf_2_fu_571_p2_carry__3_n_3
    SLICE_X43Y93         CARRY4 (Prop_carry4_CI_CO[3])
                                                      0.114     6.355 r  top_i/StreamingDataflowPartition_1/inst/StreamingDataflowPartition_1_MVAU_hls_2/StreamingDataflowPartition_1_MVAU_hls_2/inst/grp_Matrix_Vector_Activate_Stream_Batch_fu_32/sf_2_fu_571_p2_carry__4/CO[3]
                         net (fo=1, routed)           0.000     6.355    top_i/StreamingDataflowPartition_1/inst/StreamingDataflowPartition_1_MVAU_hls_2/StreamingDataflowPartition_1_MVAU_hls_2/inst/grp_Matrix_Vector_Activate_Stream_Batch_fu_32/sf_2_fu_571_p2_carry__4_n_3
    SLICE_X43Y94         CARRY4 (Prop_carry4_CI_CO[3])
                                                      0.114     6.469 r  top_i/StreamingDataflowPartition_1/inst/StreamingDataflowPartition_1_MVAU_hls_2/StreamingDataflowPartition_1_MVAU_hls_2/inst/grp_Matrix_Vector_Activate_Stream_Batch_fu_32/sf_2_fu_571_p2_carry__5/CO[3]
                         net (fo=1, routed)           0.000     6.469    top_i/StreamingDataflowPartition_1/inst/StreamingDataflowPartition_1_MVAU_hls_2/StreamingDataflowPartition_1_MVAU_hls_2/inst/grp_Matrix_Vector_Activate_Stream_Batch_fu_32/sf_2_fu_571_p2_carry__5_n_3
    SLICE_X43Y95         CARRY4 (Prop_carry4_CI_O[0])
                                                      0.235     6.704 f  top_i/StreamingDataflowPartition_1/inst/StreamingDataflowPartition_1_MVAU_hls_2/StreamingDataflowPartition_1_MVAU_hls_2/inst/grp_Matrix_Vector_Activate_Stream_Batch_fu_32/sf_2_fu_571_p2_carry__6/O[0]
                         net (fo=2, routed)           0.651     7.355    top_i/StreamingDataflowPartition_1/inst/StreamingDataflowPartition_1_MVAU_hls_2/StreamingDataflowPartition_1_MVAU_hls_2/inst/grp_Matrix_Vector_Activate_Stream_Batch_fu_32/flow_control_loop_pipe_sequential_init_U/D[8]
    SLICE_X42Y90         LUT4 (Prop_lut4_I2_O)        0.299     7.654 f  top_i/StreamingDataflowPartition_1/inst/StreamingDataflowPartition_1_MVAU_hls_2/StreamingDataflowPartition_1_MVAU_hls_2/inst/grp_Matrix_Vector_Activate_Stream_Batch_fu_32/flow_control_loop_pipe_sequential_init_U/icmp_ln290_reg_880[0]_i_6/O
                         net (fo=1, routed)           0.447     8.101    top_i/StreamingDataflowPartition_1/inst/StreamingDataflowPartition_1_MVAU_hls_2/StreamingDataflowPartition_1_MVAU_hls_2/inst/grp_Matrix_Vector_Activate_Stream_Batch_fu_32/flow_control_loop_pipe_sequential_init_U/icmp_ln290_reg_880[0]_i_6_n_3
    SLICE_X42Y89         LUT6 (Prop_lut6_I2_O)        0.124     8.225 r  top_i/StreamingDataflowPartition_1/inst/StreamingDataflowPartition_1_MVAU_hls_2/StreamingDataflowPartition_1_MVAU_hls_2/inst/grp_Matrix_Vector_Activate_Stream_Batch_fu_32/flow_control_loop_pipe_sequential_init_U/icmp_ln290_reg_880[0]_i_2/O
                         net (fo=1, routed)           0.658     8.884    top_i/StreamingDataflowPartition_1/inst/StreamingDataflowPartition_1_MVAU_hls_2/StreamingDataflowPartition_1_MVAU_hls_2/inst/grp_Matrix_Vector_Activate_Stream_Batch_fu_32/flow_control_loop_pipe_sequential_init_U/icmp_ln290_reg_880[0]_i_2_n_3
    SLICE_X42Y89         LUT4 (Prop_lut4_I0_O)        0.124     9.008 r  top_i/StreamingDataflowPartition_1/inst/StreamingDataflowPartition_1_MVAU_hls_2/StreamingDataflowPartition_1_MVAU_hls_2/inst/grp_Matrix_Vector_Activate_Stream_Batch_fu_32/flow_control_loop_pipe_sequential_init_U/icmp_ln290_reg_880[0]_i_1/O
                         net (fo=4, routed)           0.867     9.875    top_i/StreamingDataflowPartition_1/inst/StreamingDataflowPartition_1_MVAU_hls_2/StreamingDataflowPartition_1_MVAU_hls_2/inst/grp_Matrix_Vector_Activate_Stream_Batch_fu_32/flow_control_loop_pipe_sequential_init_U/icmp_ln290_fu_577_p2
    SLICE_X37Y86         LUT3 (Prop_lut3_I0_O)        0.118     9.993 r  top_i/StreamingDataflowPartition_1/inst/StreamingDataflowPartition_1_MVAU_hls_2/StreamingDataflowPartition_1_MVAU_hls_2/inst/grp_Matrix_Vector_Activate_Stream_Batch_fu_32/flow_control_loop_pipe_sequential_init_U/sf_fu_86[31]_i_1/O
                         net (fo=64, routed)          0.946    10.939    top_i/StreamingDataflowPartition_1/inst/StreamingDataflowPartition_1_MVAU_hls_2/StreamingDataflowPartition_1_MVAU_hls_2/inst/grp_Matrix_Vector_Activate_Stream_Batch_fu_32/nf_1_fu_130
    SLICE_X43Y94         FDRE                                         r  top_i/StreamingDataflowPartition_1/inst/StreamingDataflowPartition_1_MVAU_hls_2/StreamingDataflowPartition_1_MVAU_hls_2/inst/grp_Matrix_Vector_Activate_Stream_Batch_fu_32/sf_fu_86_reg[26]/R
  -------------------------------------------------------------------    -------------------

                         (clock clk_fpga_0 rise edge)
                                                     10.000    10.000 r  
    PS7_X0Y0             PS7                          0.000    10.000 r  top_i/zynq_ps/inst/PS7_i/FCLKCLK[0]
                         net (fo=1, routed)           1.088    11.088    top_i/zynq_ps/inst/FCLK_CLK_unbuffered[0]
    BUFGCTRL_X0Y16       BUFG (Prop_bufg_I_O)         0.091    11.179 r  top_i/zynq_ps/inst/buffer_fclk_clk_0.FCLK_CLK_0_BUFG/O
                         net (fo=12912, routed)       1.479    12.658    top_i/StreamingDataflowPartition_1/inst/StreamingDataflowPartition_1_MVAU_hls_2/StreamingDataflowPartition_1_MVAU_hls_2/inst/grp_Matrix_Vector_Activate_Stream_Batch_fu_32/ap_clk
    SLICE_X43Y94         FDRE                                         r  top_i/StreamingDataflowPartition_1/inst/StreamingDataflowPartition_1_MVAU_hls_2/StreamingDataflowPartition_1_MVAU_hls_2/inst/grp_Matrix_Vector_Activate_Stream_Batch_fu_32/sf_fu_86_reg[26]/C
                         clock pessimism              0.229    12.887    
                         clock uncertainty           -0.154    12.733    
    SLICE_X43Y94         FDRE (Setup_fdre_C_R)       -0.631    12.102    top_i/StreamingDataflowPartition_1/inst/StreamingDataflowPartition_1_MVAU_hls_2/StreamingDataflowPartition_1_MVAU_hls_2/inst/grp_Matrix_Vector_Activate_Stream_Batch_fu_32/sf_fu_86_reg[26]
  -------------------------------------------------------------------
                         required time                         12.102    
                         arrival time                         -10.939    
  -------------------------------------------------------------------
                         slack                                  1.163    

Slack (MET) :             1.163ns  (required time - arrival time)
  Source:                 top_i/StreamingDataflowPartition_1/inst/StreamingDataflowPartition_1_MVAU_hls_2/StreamingDataflowPartition_1_MVAU_hls_2/inst/grp_Matrix_Vector_Activate_Stream_Batch_fu_32_ap_start_reg_reg/C
                            (rising edge-triggered cell FDRE clocked by clk_fpga_0  {rise@0.000ns fall@5.000ns period=10.000ns})
  Destination:            top_i/StreamingDataflowPartition_1/inst/StreamingDataflowPartition_1_MVAU_hls_2/StreamingDataflowPartition_1_MVAU_hls_2/inst/grp_Matrix_Vector_Activate_Stream_Batch_fu_32/sf_fu_86_reg[27]/R
                            (rising edge-triggered cell FDRE clocked by clk_fpga_0  {rise@0.000ns fall@5.000ns period=10.000ns})
  Path Group:             clk_fpga_0
  Path Type:              Setup (Max at Slow Process Corner)
  Requirement:            10.000ns  (clk_fpga_0 rise@10.000ns - clk_fpga_0 rise@0.000ns)
  Data Path Delay:        7.998ns  (logic 2.994ns (37.435%)  route 5.004ns (62.565%))
  Logic Levels:           13  (CARRY4=8 LUT3=2 LUT4=2 LUT6=1)
  Clock Path Skew:        -0.054ns (DCD - SCD + CPR)
    Destination Clock Delay (DCD):    2.658ns = ( 12.658 - 10.000 ) 
    Source Clock Delay      (SCD):    2.941ns
    Clock Pessimism Removal (CPR):    0.229ns
  Clock Uncertainty:      0.154ns  ((TSJ^2 + TIJ^2)^1/2 + DJ) / 2 + PE
    Total System Jitter     (TSJ):    0.071ns
    Total Input Jitter      (TIJ):    0.300ns
    Discrete Jitter          (DJ):    0.000ns
    Phase Error              (PE):    0.000ns

    Location             Delay type                Incr(ns)  Path(ns)    Netlist Resource(s)
  -------------------------------------------------------------------    -------------------
                         (clock clk_fpga_0 rise edge)
                                                      0.000     0.000 r  
    PS7_X0Y0             PS7                          0.000     0.000 r  top_i/zynq_ps/inst/PS7_i/FCLKCLK[0]
                         net (fo=1, routed)           1.193     1.193    top_i/zynq_ps/inst/FCLK_CLK_unbuffered[0]
    BUFGCTRL_X0Y16       BUFG (Prop_bufg_I_O)         0.101     1.294 r  top_i/zynq_ps/inst/buffer_fclk_clk_0.FCLK_CLK_0_BUFG/O
                         net (fo=12912, routed)       1.647     2.941    top_i/StreamingDataflowPartition_1/inst/StreamingDataflowPartition_1_MVAU_hls_2/StreamingDataflowPartition_1_MVAU_hls_2/inst/ap_clk
    SLICE_X37Y86         FDRE                                         r  top_i/StreamingDataflowPartition_1/inst/StreamingDataflowPartition_1_MVAU_hls_2/StreamingDataflowPartition_1_MVAU_hls_2/inst/grp_Matrix_Vector_Activate_Stream_Batch_fu_32_ap_start_reg_reg/C
  -------------------------------------------------------------------    -------------------
    SLICE_X37Y86         FDRE (Prop_fdre_C_Q)         0.456     3.397 f  top_i/StreamingDataflowPartition_1/inst/StreamingDataflowPartition_1_MVAU_hls_2/StreamingDataflowPartition_1_MVAU_hls_2/inst/grp_Matrix_Vector_Activate_Stream_Batch_fu_32_ap_start_reg_reg/Q
                         net (fo=118, routed)         0.927     4.324    top_i/StreamingDataflowPartition_1/inst/StreamingDataflowPartition_1_MVAU_hls_2/StreamingDataflowPartition_1_MVAU_hls_2/inst/grp_Matrix_Vector_Activate_Stream_Batch_fu_32/flow_control_loop_pipe_sequential_init_U/grp_Matrix_Vector_Activate_Stream_Batch_fu_32_ap_start_reg
    SLICE_X42Y86         LUT3 (Prop_lut3_I1_O)        0.150     4.474 r  top_i/StreamingDataflowPartition_1/inst/StreamingDataflowPartition_1_MVAU_hls_2/StreamingDataflowPartition_1_MVAU_hls_2/inst/grp_Matrix_Vector_Activate_Stream_Batch_fu_32/flow_control_loop_pipe_sequential_init_U/sf_2_fu_571_p2_carry_i_1/O
                         net (fo=1, routed)           0.508     4.981    top_i/StreamingDataflowPartition_1/inst/StreamingDataflowPartition_1_MVAU_hls_2/StreamingDataflowPartition_1_MVAU_hls_2/inst/grp_Matrix_Vector_Activate_Stream_Batch_fu_32/ap_sig_allocacmp_sf_1[0]
    SLICE_X43Y88         CARRY4 (Prop_carry4_CYINIT_CO[3])
                                                      0.804     5.785 r  top_i/StreamingDataflowPartition_1/inst/StreamingDataflowPartition_1_MVAU_hls_2/StreamingDataflowPartition_1_MVAU_hls_2/inst/grp_Matrix_Vector_Activate_Stream_Batch_fu_32/sf_2_fu_571_p2_carry/CO[3]
                         net (fo=1, routed)           0.000     5.785    top_i/StreamingDataflowPartition_1/inst/StreamingDataflowPartition_1_MVAU_hls_2/StreamingDataflowPartition_1_MVAU_hls_2/inst/grp_Matrix_Vector_Activate_Stream_Batch_fu_32/sf_2_fu_571_p2_carry_n_3
    SLICE_X43Y89         CARRY4 (Prop_carry4_CI_CO[3])
                                                      0.114     5.899 r  top_i/StreamingDataflowPartition_1/inst/StreamingDataflowPartition_1_MVAU_hls_2/StreamingDataflowPartition_1_MVAU_hls_2/inst/grp_Matrix_Vector_Activate_Stream_Batch_fu_32/sf_2_fu_571_p2_carry__0/CO[3]
                         net (fo=1, routed)           0.000     5.899    top_i/StreamingDataflowPartition_1/inst/StreamingDataflowPartition_1_MVAU_hls_2/StreamingDataflowPartition_1_MVAU_hls_2/inst/grp_Matrix_Vector_Activate_Stream_Batch_fu_32/sf_2_fu_571_p2_carry__0_n_3
    SLICE_X43Y90         CARRY4 (Prop_carry4_CI_CO[3])
                                                      0.114     6.013 r  top_i/StreamingDataflowPartition_1/inst/StreamingDataflowPartition_1_MVAU_hls_2/StreamingDataflowPartition_1_MVAU_hls_2/inst/grp_Matrix_Vector_Activate_Stream_Batch_fu_32/sf_2_fu_571_p2_carry__1/CO[3]
                         net (fo=1, routed)           0.000     6.013    top_i/StreamingDataflowPartition_1/inst/StreamingDataflowPartition_1_MVAU_hls_2/StreamingDataflowPartition_1_MVAU_hls_2/inst/grp_Matrix_Vector_Activate_Stream_Batch_fu_32/sf_2_fu_571_p2_carry__1_n_3
    SLICE_X43Y91         CARRY4 (Prop_carry4_CI_CO[3])
                                                      0.114     6.127 r  top_i/StreamingDataflowPartition_1/inst/StreamingDataflowPartition_1_MVAU_hls_2/StreamingDataflowPartition_1_MVAU_hls_2/inst/grp_Matrix_Vector_Activate_Stream_Batch_fu_32/sf_2_fu_571_p2_carry__2/CO[3]
                         net (fo=1, routed)           0.000     6.127    top_i/StreamingDataflowPartition_1/inst/StreamingDataflowPartition_1_MVAU_hls_2/StreamingDataflowPartition_1_MVAU_hls_2/inst/grp_Matrix_Vector_Activate_Stream_Batch_fu_32/sf_2_fu_571_p2_carry__2_n_3
    SLICE_X43Y92         CARRY4 (Prop_carry4_CI_CO[3])
                                                      0.114     6.241 r  top_i/StreamingDataflowPartition_1/inst/StreamingDataflowPartition_1_MVAU_hls_2/StreamingDataflowPartition_1_MVAU_hls_2/inst/grp_Matrix_Vector_Activate_Stream_Batch_fu_32/sf_2_fu_571_p2_carry__3/CO[3]
                         net (fo=1, routed)           0.000     6.241    top_i/StreamingDataflowPartition_1/inst/StreamingDataflowPartition_1_MVAU_hls_2/StreamingDataflowPartition_1_MVAU_hls_2/inst/grp_Matrix_Vector_Activate_Stream_Batch_fu_32/sf_2_fu_571_p2_carry__3_n_3
    SLICE_X43Y93         CARRY4 (Prop_carry4_CI_CO[3])
                                                      0.114     6.355 r  top_i/StreamingDataflowPartition_1/inst/StreamingDataflowPartition_1_MVAU_hls_2/StreamingDataflowPartition_1_MVAU_hls_2/inst/grp_Matrix_Vector_Activate_Stream_Batch_fu_32/sf_2_fu_571_p2_carry__4/CO[3]
                         net (fo=1, routed)           0.000     6.355    top_i/StreamingDataflowPartition_1/inst/StreamingDataflowPartition_1_MVAU_hls_2/StreamingDataflowPartition_1_MVAU_hls_2/inst/grp_Matrix_Vector_Activate_Stream_Batch_fu_32/sf_2_fu_571_p2_carry__4_n_3
    SLICE_X43Y94         CARRY4 (Prop_carry4_CI_CO[3])
                                                      0.114     6.469 r  top_i/StreamingDataflowPartition_1/inst/StreamingDataflowPartition_1_MVAU_hls_2/StreamingDataflowPartition_1_MVAU_hls_2/inst/grp_Matrix_Vector_Activate_Stream_Batch_fu_32/sf_2_fu_571_p2_carry__5/CO[3]
                         net (fo=1, routed)           0.000     6.469    top_i/StreamingDataflowPartition_1/inst/StreamingDataflowPartition_1_MVAU_hls_2/StreamingDataflowPartition_1_MVAU_hls_2/inst/grp_Matrix_Vector_Activate_Stream_Batch_fu_32/sf_2_fu_571_p2_carry__5_n_3
    SLICE_X43Y95         CARRY4 (Prop_carry4_CI_O[0])
                                                      0.235     6.704 f  top_i/StreamingDataflowPartition_1/inst/StreamingDataflowPartition_1_MVAU_hls_2/StreamingDataflowPartition_1_MVAU_hls_2/inst/grp_Matrix_Vector_Activate_Stream_Batch_fu_32/sf_2_fu_571_p2_carry__6/O[0]
                         net (fo=2, routed)           0.651     7.355    top_i/StreamingDataflowPartition_1/inst/StreamingDataflowPartition_1_MVAU_hls_2/StreamingDataflowPartition_1_MVAU_hls_2/inst/grp_Matrix_Vector_Activate_Stream_Batch_fu_32/flow_control_loop_pipe_sequential_init_U/D[8]
    SLICE_X42Y90         LUT4 (Prop_lut4_I2_O)        0.299     7.654 f  top_i/StreamingDataflowPartition_1/inst/StreamingDataflowPartition_1_MVAU_hls_2/StreamingDataflowPartition_1_MVAU_hls_2/inst/grp_Matrix_Vector_Activate_Stream_Batch_fu_32/flow_control_loop_pipe_sequential_init_U/icmp_ln290_reg_880[0]_i_6/O
                         net (fo=1, routed)           0.447     8.101    top_i/StreamingDataflowPartition_1/inst/StreamingDataflowPartition_1_MVAU_hls_2/StreamingDataflowPartition_1_MVAU_hls_2/inst/grp_Matrix_Vector_Activate_Stream_Batch_fu_32/flow_control_loop_pipe_sequential_init_U/icmp_ln290_reg_880[0]_i_6_n_3
    SLICE_X42Y89         LUT6 (Prop_lut6_I2_O)        0.124     8.225 r  top_i/StreamingDataflowPartition_1/inst/StreamingDataflowPartition_1_MVAU_hls_2/StreamingDataflowPartition_1_MVAU_hls_2/inst/grp_Matrix_Vector_Activate_Stream_Batch_fu_32/flow_control_loop_pipe_sequential_init_U/icmp_ln290_reg_880[0]_i_2/O
                         net (fo=1, routed)           0.658     8.884    top_i/StreamingDataflowPartition_1/inst/StreamingDataflowPartition_1_MVAU_hls_2/StreamingDataflowPartition_1_MVAU_hls_2/inst/grp_Matrix_Vector_Activate_Stream_Batch_fu_32/flow_control_loop_pipe_sequential_init_U/icmp_ln290_reg_880[0]_i_2_n_3
    SLICE_X42Y89         LUT4 (Prop_lut4_I0_O)        0.124     9.008 r  top_i/StreamingDataflowPartition_1/inst/StreamingDataflowPartition_1_MVAU_hls_2/StreamingDataflowPartition_1_MVAU_hls_2/inst/grp_Matrix_Vector_Activate_Stream_Batch_fu_32/flow_control_loop_pipe_sequential_init_U/icmp_ln290_reg_880[0]_i_1/O
                         net (fo=4, routed)           0.867     9.875    top_i/StreamingDataflowPartition_1/inst/StreamingDataflowPartition_1_MVAU_hls_2/StreamingDataflowPartition_1_MVAU_hls_2/inst/grp_Matrix_Vector_Activate_Stream_Batch_fu_32/flow_control_loop_pipe_sequential_init_U/icmp_ln290_fu_577_p2
    SLICE_X37Y86         LUT3 (Prop_lut3_I0_O)        0.118     9.993 r  top_i/StreamingDataflowPartition_1/inst/StreamingDataflowPartition_1_MVAU_hls_2/StreamingDataflowPartition_1_MVAU_hls_2/inst/grp_Matrix_Vector_Activate_Stream_Batch_fu_32/flow_control_loop_pipe_sequential_init_U/sf_fu_86[31]_i_1/O
                         net (fo=64, routed)          0.946    10.939    top_i/StreamingDataflowPartition_1/inst/StreamingDataflowPartition_1_MVAU_hls_2/StreamingDataflowPartition_1_MVAU_hls_2/inst/grp_Matrix_Vector_Activate_Stream_Batch_fu_32/nf_1_fu_130
    SLICE_X43Y94         FDRE                                         r  top_i/StreamingDataflowPartition_1/inst/StreamingDataflowPartition_1_MVAU_hls_2/StreamingDataflowPartition_1_MVAU_hls_2/inst/grp_Matrix_Vector_Activate_Stream_Batch_fu_32/sf_fu_86_reg[27]/R
  -------------------------------------------------------------------    -------------------

                         (clock clk_fpga_0 rise edge)
                                                     10.000    10.000 r  
    PS7_X0Y0             PS7                          0.000    10.000 r  top_i/zynq_ps/inst/PS7_i/FCLKCLK[0]
                         net (fo=1, routed)           1.088    11.088    top_i/zynq_ps/inst/FCLK_CLK_unbuffered[0]
    BUFGCTRL_X0Y16       BUFG (Prop_bufg_I_O)         0.091    11.179 r  top_i/zynq_ps/inst/buffer_fclk_clk_0.FCLK_CLK_0_BUFG/O
                         net (fo=12912, routed)       1.479    12.658    top_i/StreamingDataflowPartition_1/inst/StreamingDataflowPartition_1_MVAU_hls_2/StreamingDataflowPartition_1_MVAU_hls_2/inst/grp_Matrix_Vector_Activate_Stream_Batch_fu_32/ap_clk
    SLICE_X43Y94         FDRE                                         r  top_i/StreamingDataflowPartition_1/inst/StreamingDataflowPartition_1_MVAU_hls_2/StreamingDataflowPartition_1_MVAU_hls_2/inst/grp_Matrix_Vector_Activate_Stream_Batch_fu_32/sf_fu_86_reg[27]/C
                         clock pessimism              0.229    12.887    
                         clock uncertainty           -0.154    12.733    
    SLICE_X43Y94         FDRE (Setup_fdre_C_R)       -0.631    12.102    top_i/StreamingDataflowPartition_1/inst/StreamingDataflowPartition_1_MVAU_hls_2/StreamingDataflowPartition_1_MVAU_hls_2/inst/grp_Matrix_Vector_Activate_Stream_Batch_fu_32/sf_fu_86_reg[27]
  -------------------------------------------------------------------
                         required time                         12.102    
                         arrival time                         -10.939    
  -------------------------------------------------------------------
                         slack                                  1.163    

Slack (MET) :             1.163ns  (required time - arrival time)
  Source:                 top_i/StreamingDataflowPartition_1/inst/StreamingDataflowPartition_1_MVAU_hls_2/StreamingDataflowPartition_1_MVAU_hls_2/inst/grp_Matrix_Vector_Activate_Stream_Batch_fu_32_ap_start_reg_reg/C
                            (rising edge-triggered cell FDRE clocked by clk_fpga_0  {rise@0.000ns fall@5.000ns period=10.000ns})
  Destination:            top_i/StreamingDataflowPartition_1/inst/StreamingDataflowPartition_1_MVAU_hls_2/StreamingDataflowPartition_1_MVAU_hls_2/inst/grp_Matrix_Vector_Activate_Stream_Batch_fu_32/sf_fu_86_reg[28]/R
                            (rising edge-triggered cell FDRE clocked by clk_fpga_0  {rise@0.000ns fall@5.000ns period=10.000ns})
  Path Group:             clk_fpga_0
  Path Type:              Setup (Max at Slow Process Corner)
  Requirement:            10.000ns  (clk_fpga_0 rise@10.000ns - clk_fpga_0 rise@0.000ns)
  Data Path Delay:        7.998ns  (logic 2.994ns (37.435%)  route 5.004ns (62.565%))
  Logic Levels:           13  (CARRY4=8 LUT3=2 LUT4=2 LUT6=1)
  Clock Path Skew:        -0.054ns (DCD - SCD + CPR)
    Destination Clock Delay (DCD):    2.658ns = ( 12.658 - 10.000 ) 
    Source Clock Delay      (SCD):    2.941ns
    Clock Pessimism Removal (CPR):    0.229ns
  Clock Uncertainty:      0.154ns  ((TSJ^2 + TIJ^2)^1/2 + DJ) / 2 + PE
    Total System Jitter     (TSJ):    0.071ns
    Total Input Jitter      (TIJ):    0.300ns
    Discrete Jitter          (DJ):    0.000ns
    Phase Error              (PE):    0.000ns

    Location             Delay type                Incr(ns)  Path(ns)    Netlist Resource(s)
  -------------------------------------------------------------------    -------------------
                         (clock clk_fpga_0 rise edge)
                                                      0.000     0.000 r  
    PS7_X0Y0             PS7                          0.000     0.000 r  top_i/zynq_ps/inst/PS7_i/FCLKCLK[0]
                         net (fo=1, routed)           1.193     1.193    top_i/zynq_ps/inst/FCLK_CLK_unbuffered[0]
    BUFGCTRL_X0Y16       BUFG (Prop_bufg_I_O)         0.101     1.294 r  top_i/zynq_ps/inst/buffer_fclk_clk_0.FCLK_CLK_0_BUFG/O
                         net (fo=12912, routed)       1.647     2.941    top_i/StreamingDataflowPartition_1/inst/StreamingDataflowPartition_1_MVAU_hls_2/StreamingDataflowPartition_1_MVAU_hls_2/inst/ap_clk
    SLICE_X37Y86         FDRE                                         r  top_i/StreamingDataflowPartition_1/inst/StreamingDataflowPartition_1_MVAU_hls_2/StreamingDataflowPartition_1_MVAU_hls_2/inst/grp_Matrix_Vector_Activate_Stream_Batch_fu_32_ap_start_reg_reg/C
  -------------------------------------------------------------------    -------------------
    SLICE_X37Y86         FDRE (Prop_fdre_C_Q)         0.456     3.397 f  top_i/StreamingDataflowPartition_1/inst/StreamingDataflowPartition_1_MVAU_hls_2/StreamingDataflowPartition_1_MVAU_hls_2/inst/grp_Matrix_Vector_Activate_Stream_Batch_fu_32_ap_start_reg_reg/Q
                         net (fo=118, routed)         0.927     4.324    top_i/StreamingDataflowPartition_1/inst/StreamingDataflowPartition_1_MVAU_hls_2/StreamingDataflowPartition_1_MVAU_hls_2/inst/grp_Matrix_Vector_Activate_Stream_Batch_fu_32/flow_control_loop_pipe_sequential_init_U/grp_Matrix_Vector_Activate_Stream_Batch_fu_32_ap_start_reg
    SLICE_X42Y86         LUT3 (Prop_lut3_I1_O)        0.150     4.474 r  top_i/StreamingDataflowPartition_1/inst/StreamingDataflowPartition_1_MVAU_hls_2/StreamingDataflowPartition_1_MVAU_hls_2/inst/grp_Matrix_Vector_Activate_Stream_Batch_fu_32/flow_control_loop_pipe_sequential_init_U/sf_2_fu_571_p2_carry_i_1/O
                         net (fo=1, routed)           0.508     4.981    top_i/StreamingDataflowPartition_1/inst/StreamingDataflowPartition_1_MVAU_hls_2/StreamingDataflowPartition_1_MVAU_hls_2/inst/grp_Matrix_Vector_Activate_Stream_Batch_fu_32/ap_sig_allocacmp_sf_1[0]
    SLICE_X43Y88         CARRY4 (Prop_carry4_CYINIT_CO[3])
                                                      0.804     5.785 r  top_i/StreamingDataflowPartition_1/inst/StreamingDataflowPartition_1_MVAU_hls_2/StreamingDataflowPartition_1_MVAU_hls_2/inst/grp_Matrix_Vector_Activate_Stream_Batch_fu_32/sf_2_fu_571_p2_carry/CO[3]
                         net (fo=1, routed)           0.000     5.785    top_i/StreamingDataflowPartition_1/inst/StreamingDataflowPartition_1_MVAU_hls_2/StreamingDataflowPartition_1_MVAU_hls_2/inst/grp_Matrix_Vector_Activate_Stream_Batch_fu_32/sf_2_fu_571_p2_carry_n_3
    SLICE_X43Y89         CARRY4 (Prop_carry4_CI_CO[3])
                                                      0.114     5.899 r  top_i/StreamingDataflowPartition_1/inst/StreamingDataflowPartition_1_MVAU_hls_2/StreamingDataflowPartition_1_MVAU_hls_2/inst/grp_Matrix_Vector_Activate_Stream_Batch_fu_32/sf_2_fu_571_p2_carry__0/CO[3]
                         net (fo=1, routed)           0.000     5.899    top_i/StreamingDataflowPartition_1/inst/StreamingDataflowPartition_1_MVAU_hls_2/StreamingDataflowPartition_1_MVAU_hls_2/inst/grp_Matrix_Vector_Activate_Stream_Batch_fu_32/sf_2_fu_571_p2_carry__0_n_3
    SLICE_X43Y90         CARRY4 (Prop_carry4_CI_CO[3])
                                                      0.114     6.013 r  top_i/StreamingDataflowPartition_1/inst/StreamingDataflowPartition_1_MVAU_hls_2/StreamingDataflowPartition_1_MVAU_hls_2/inst/grp_Matrix_Vector_Activate_Stream_Batch_fu_32/sf_2_fu_571_p2_carry__1/CO[3]
                         net (fo=1, routed)           0.000     6.013    top_i/StreamingDataflowPartition_1/inst/StreamingDataflowPartition_1_MVAU_hls_2/StreamingDataflowPartition_1_MVAU_hls_2/inst/grp_Matrix_Vector_Activate_Stream_Batch_fu_32/sf_2_fu_571_p2_carry__1_n_3
    SLICE_X43Y91         CARRY4 (Prop_carry4_CI_CO[3])
                                                      0.114     6.127 r  top_i/StreamingDataflowPartition_1/inst/StreamingDataflowPartition_1_MVAU_hls_2/StreamingDataflowPartition_1_MVAU_hls_2/inst/grp_Matrix_Vector_Activate_Stream_Batch_fu_32/sf_2_fu_571_p2_carry__2/CO[3]
                         net (fo=1, routed)           0.000     6.127    top_i/StreamingDataflowPartition_1/inst/StreamingDataflowPartition_1_MVAU_hls_2/StreamingDataflowPartition_1_MVAU_hls_2/inst/grp_Matrix_Vector_Activate_Stream_Batch_fu_32/sf_2_fu_571_p2_carry__2_n_3
    SLICE_X43Y92         CARRY4 (Prop_carry4_CI_CO[3])
                                                      0.114     6.241 r  top_i/StreamingDataflowPartition_1/inst/StreamingDataflowPartition_1_MVAU_hls_2/StreamingDataflowPartition_1_MVAU_hls_2/inst/grp_Matrix_Vector_Activate_Stream_Batch_fu_32/sf_2_fu_571_p2_carry__3/CO[3]
                         net (fo=1, routed)           0.000     6.241    top_i/StreamingDataflowPartition_1/inst/StreamingDataflowPartition_1_MVAU_hls_2/StreamingDataflowPartition_1_MVAU_hls_2/inst/grp_Matrix_Vector_Activate_Stream_Batch_fu_32/sf_2_fu_571_p2_carry__3_n_3
    SLICE_X43Y93         CARRY4 (Prop_carry4_CI_CO[3])
                                                      0.114     6.355 r  top_i/StreamingDataflowPartition_1/inst/StreamingDataflowPartition_1_MVAU_hls_2/StreamingDataflowPartition_1_MVAU_hls_2/inst/grp_Matrix_Vector_Activate_Stream_Batch_fu_32/sf_2_fu_571_p2_carry__4/CO[3]
                         net (fo=1, routed)           0.000     6.355    top_i/StreamingDataflowPartition_1/inst/StreamingDataflowPartition_1_MVAU_hls_2/StreamingDataflowPartition_1_MVAU_hls_2/inst/grp_Matrix_Vector_Activate_Stream_Batch_fu_32/sf_2_fu_571_p2_carry__4_n_3
    SLICE_X43Y94         CARRY4 (Prop_carry4_CI_CO[3])
                                                      0.114     6.469 r  top_i/StreamingDataflowPartition_1/inst/StreamingDataflowPartition_1_MVAU_hls_2/StreamingDataflowPartition_1_MVAU_hls_2/inst/grp_Matrix_Vector_Activate_Stream_Batch_fu_32/sf_2_fu_571_p2_carry__5/CO[3]
                         net (fo=1, routed)           0.000     6.469    top_i/StreamingDataflowPartition_1/inst/StreamingDataflowPartition_1_MVAU_hls_2/StreamingDataflowPartition_1_MVAU_hls_2/inst/grp_Matrix_Vector_Activate_Stream_Batch_fu_32/sf_2_fu_571_p2_carry__5_n_3
    SLICE_X43Y95         CARRY4 (Prop_carry4_CI_O[0])
                                                      0.235     6.704 f  top_i/StreamingDataflowPartition_1/inst/StreamingDataflowPartition_1_MVAU_hls_2/StreamingDataflowPartition_1_MVAU_hls_2/inst/grp_Matrix_Vector_Activate_Stream_Batch_fu_32/sf_2_fu_571_p2_carry__6/O[0]
                         net (fo=2, routed)           0.651     7.355    top_i/StreamingDataflowPartition_1/inst/StreamingDataflowPartition_1_MVAU_hls_2/StreamingDataflowPartition_1_MVAU_hls_2/inst/grp_Matrix_Vector_Activate_Stream_Batch_fu_32/flow_control_loop_pipe_sequential_init_U/D[8]
    SLICE_X42Y90         LUT4 (Prop_lut4_I2_O)        0.299     7.654 f  top_i/StreamingDataflowPartition_1/inst/StreamingDataflowPartition_1_MVAU_hls_2/StreamingDataflowPartition_1_MVAU_hls_2/inst/grp_Matrix_Vector_Activate_Stream_Batch_fu_32/flow_control_loop_pipe_sequential_init_U/icmp_ln290_reg_880[0]_i_6/O
                         net (fo=1, routed)           0.447     8.101    top_i/StreamingDataflowPartition_1/inst/StreamingDataflowPartition_1_MVAU_hls_2/StreamingDataflowPartition_1_MVAU_hls_2/inst/grp_Matrix_Vector_Activate_Stream_Batch_fu_32/flow_control_loop_pipe_sequential_init_U/icmp_ln290_reg_880[0]_i_6_n_3
    SLICE_X42Y89         LUT6 (Prop_lut6_I2_O)        0.124     8.225 r  top_i/StreamingDataflowPartition_1/inst/StreamingDataflowPartition_1_MVAU_hls_2/StreamingDataflowPartition_1_MVAU_hls_2/inst/grp_Matrix_Vector_Activate_Stream_Batch_fu_32/flow_control_loop_pipe_sequential_init_U/icmp_ln290_reg_880[0]_i_2/O
                         net (fo=1, routed)           0.658     8.884    top_i/StreamingDataflowPartition_1/inst/StreamingDataflowPartition_1_MVAU_hls_2/StreamingDataflowPartition_1_MVAU_hls_2/inst/grp_Matrix_Vector_Activate_Stream_Batch_fu_32/flow_control_loop_pipe_sequential_init_U/icmp_ln290_reg_880[0]_i_2_n_3
    SLICE_X42Y89         LUT4 (Prop_lut4_I0_O)        0.124     9.008 r  top_i/StreamingDataflowPartition_1/inst/StreamingDataflowPartition_1_MVAU_hls_2/StreamingDataflowPartition_1_MVAU_hls_2/inst/grp_Matrix_Vector_Activate_Stream_Batch_fu_32/flow_control_loop_pipe_sequential_init_U/icmp_ln290_reg_880[0]_i_1/O
                         net (fo=4, routed)           0.867     9.875    top_i/StreamingDataflowPartition_1/inst/StreamingDataflowPartition_1_MVAU_hls_2/StreamingDataflowPartition_1_MVAU_hls_2/inst/grp_Matrix_Vector_Activate_Stream_Batch_fu_32/flow_control_loop_pipe_sequential_init_U/icmp_ln290_fu_577_p2
    SLICE_X37Y86         LUT3 (Prop_lut3_I0_O)        0.118     9.993 r  top_i/StreamingDataflowPartition_1/inst/StreamingDataflowPartition_1_MVAU_hls_2/StreamingDataflowPartition_1_MVAU_hls_2/inst/grp_Matrix_Vector_Activate_Stream_Batch_fu_32/flow_control_loop_pipe_sequential_init_U/sf_fu_86[31]_i_1/O
                         net (fo=64, routed)          0.946    10.939    top_i/StreamingDataflowPartition_1/inst/StreamingDataflowPartition_1_MVAU_hls_2/StreamingDataflowPartition_1_MVAU_hls_2/inst/grp_Matrix_Vector_Activate_Stream_Batch_fu_32/nf_1_fu_130
    SLICE_X43Y94         FDRE                                         r  top_i/StreamingDataflowPartition_1/inst/StreamingDataflowPartition_1_MVAU_hls_2/StreamingDataflowPartition_1_MVAU_hls_2/inst/grp_Matrix_Vector_Activate_Stream_Batch_fu_32/sf_fu_86_reg[28]/R
  -------------------------------------------------------------------    -------------------

                         (clock clk_fpga_0 rise edge)
                                                     10.000    10.000 r  
    PS7_X0Y0             PS7                          0.000    10.000 r  top_i/zynq_ps/inst/PS7_i/FCLKCLK[0]
                         net (fo=1, routed)           1.088    11.088    top_i/zynq_ps/inst/FCLK_CLK_unbuffered[0]
    BUFGCTRL_X0Y16       BUFG (Prop_bufg_I_O)         0.091    11.179 r  top_i/zynq_ps/inst/buffer_fclk_clk_0.FCLK_CLK_0_BUFG/O
                         net (fo=12912, routed)       1.479    12.658    top_i/StreamingDataflowPartition_1/inst/StreamingDataflowPartition_1_MVAU_hls_2/StreamingDataflowPartition_1_MVAU_hls_2/inst/grp_Matrix_Vector_Activate_Stream_Batch_fu_32/ap_clk
    SLICE_X43Y94         FDRE                                         r  top_i/StreamingDataflowPartition_1/inst/StreamingDataflowPartition_1_MVAU_hls_2/StreamingDataflowPartition_1_MVAU_hls_2/inst/grp_Matrix_Vector_Activate_Stream_Batch_fu_32/sf_fu_86_reg[28]/C
                         clock pessimism              0.229    12.887    
                         clock uncertainty           -0.154    12.733    
    SLICE_X43Y94         FDRE (Setup_fdre_C_R)       -0.631    12.102    top_i/StreamingDataflowPartition_1/inst/StreamingDataflowPartition_1_MVAU_hls_2/StreamingDataflowPartition_1_MVAU_hls_2/inst/grp_Matrix_Vector_Activate_Stream_Batch_fu_32/sf_fu_86_reg[28]
  -------------------------------------------------------------------
                         required time                         12.102    
                         arrival time                         -10.939    
  -------------------------------------------------------------------
                         slack                                  1.163    

Slack (MET) :             1.206ns  (required time - arrival time)
  Source:                 top_i/StreamingDataflowPartition_1/inst/StreamingDataflowPartition_1_MVAU_hls_0/StreamingDataflowPartition_1_MVAU_hls_0/inst/grp_Matrix_Vector_Activate_Stream_Batch_fu_34/flow_control_loop_pipe_sequential_init_U/ap_loop_init_int_reg/C
                            (rising edge-triggered cell FDRE clocked by clk_fpga_0  {rise@0.000ns fall@5.000ns period=10.000ns})
  Destination:            top_i/StreamingDataflowPartition_1/inst/StreamingDataflowPartition_1_MVAU_hls_0/StreamingDataflowPartition_1_MVAU_hls_0/inst/grp_Matrix_Vector_Activate_Stream_Batch_fu_34/sf_fu_224_reg[25]/R
                            (rising edge-triggered cell FDRE clocked by clk_fpga_0  {rise@0.000ns fall@5.000ns period=10.000ns})
  Path Group:             clk_fpga_0
  Path Type:              Setup (Max at Slow Process Corner)
  Requirement:            10.000ns  (clk_fpga_0 rise@10.000ns - clk_fpga_0 rise@0.000ns)
  Data Path Delay:        8.095ns  (logic 3.141ns (38.801%)  route 4.954ns (61.199%))
  Logic Levels:           12  (CARRY4=7 LUT2=1 LUT3=1 LUT4=2 LUT5=1)
  Clock Path Skew:        -0.021ns (DCD - SCD + CPR)
    Destination Clock Delay (DCD):    2.654ns = ( 12.654 - 10.000 ) 
    Source Clock Delay      (SCD):    2.938ns
    Clock Pessimism Removal (CPR):    0.263ns
  Clock Uncertainty:      0.154ns  ((TSJ^2 + TIJ^2)^1/2 + DJ) / 2 + PE
    Total System Jitter     (TSJ):    0.071ns
    Total Input Jitter      (TIJ):    0.300ns
    Discrete Jitter          (DJ):    0.000ns
    Phase Error              (PE):    0.000ns

    Location             Delay type                Incr(ns)  Path(ns)    Netlist Resource(s)
  -------------------------------------------------------------------    -------------------
                         (clock clk_fpga_0 rise edge)
                                                      0.000     0.000 r  
    PS7_X0Y0             PS7                          0.000     0.000 r  top_i/zynq_ps/inst/PS7_i/FCLKCLK[0]
                         net (fo=1, routed)           1.193     1.193    top_i/zynq_ps/inst/FCLK_CLK_unbuffered[0]
    BUFGCTRL_X0Y16       BUFG (Prop_bufg_I_O)         0.101     1.294 r  top_i/zynq_ps/inst/buffer_fclk_clk_0.FCLK_CLK_0_BUFG/O
                         net (fo=12912, routed)       1.644     2.938    top_i/StreamingDataflowPartition_1/inst/StreamingDataflowPartition_1_MVAU_hls_0/StreamingDataflowPartition_1_MVAU_hls_0/inst/grp_Matrix_Vector_Activate_Stream_Batch_fu_34/flow_control_loop_pipe_sequential_init_U/ap_clk
    SLICE_X47Y84         FDRE                                         r  top_i/StreamingDataflowPartition_1/inst/StreamingDataflowPartition_1_MVAU_hls_0/StreamingDataflowPartition_1_MVAU_hls_0/inst/grp_Matrix_Vector_Activate_Stream_Batch_fu_34/flow_control_loop_pipe_sequential_init_U/ap_loop_init_int_reg/C
  -------------------------------------------------------------------    -------------------
    SLICE_X47Y84         FDRE (Prop_fdre_C_Q)         0.419     3.357 f  top_i/StreamingDataflowPartition_1/inst/StreamingDataflowPartition_1_MVAU_hls_0/StreamingDataflowPartition_1_MVAU_hls_0/inst/grp_Matrix_Vector_Activate_Stream_Batch_fu_34/flow_control_loop_pipe_sequential_init_U/ap_loop_init_int_reg/Q
                         net (fo=114, routed)         1.166     4.523    top_i/StreamingDataflowPartition_1/inst/StreamingDataflowPartition_1_MVAU_hls_0/StreamingDataflowPartition_1_MVAU_hls_0/inst/grp_Matrix_Vector_Activate_Stream_Batch_fu_34/flow_control_loop_pipe_sequential_init_U/ap_loop_init_int
    SLICE_X52Y82         LUT3 (Prop_lut3_I1_O)        0.325     4.848 r  top_i/StreamingDataflowPartition_1/inst/StreamingDataflowPartition_1_MVAU_hls_0/StreamingDataflowPartition_1_MVAU_hls_0/inst/grp_Matrix_Vector_Activate_Stream_Batch_fu_34/flow_control_loop_pipe_sequential_init_U/sf_2_fu_2537_p2_carry_i_1/O
                         net (fo=83, routed)          0.730     5.578    top_i/StreamingDataflowPartition_1/inst/StreamingDataflowPartition_1_MVAU_hls_0/StreamingDataflowPartition_1_MVAU_hls_0/inst/grp_Matrix_Vector_Activate_Stream_Batch_fu_34/ap_sig_allocacmp_sf_1[0]
    SLICE_X46Y82         CARRY4 (Prop_carry4_CYINIT_CO[3])
                                                      0.797     6.375 r  top_i/StreamingDataflowPartition_1/inst/StreamingDataflowPartition_1_MVAU_hls_0/StreamingDataflowPartition_1_MVAU_hls_0/inst/grp_Matrix_Vector_Activate_Stream_Batch_fu_34/sf_2_fu_2537_p2_carry/CO[3]
                         net (fo=1, routed)           0.000     6.375    top_i/StreamingDataflowPartition_1/inst/StreamingDataflowPartition_1_MVAU_hls_0/StreamingDataflowPartition_1_MVAU_hls_0/inst/grp_Matrix_Vector_Activate_Stream_Batch_fu_34/sf_2_fu_2537_p2_carry_n_3
    SLICE_X46Y83         CARRY4 (Prop_carry4_CI_CO[3])
                                                      0.117     6.492 r  top_i/StreamingDataflowPartition_1/inst/StreamingDataflowPartition_1_MVAU_hls_0/StreamingDataflowPartition_1_MVAU_hls_0/inst/grp_Matrix_Vector_Activate_Stream_Batch_fu_34/sf_2_fu_2537_p2_carry__0/CO[3]
                         net (fo=1, routed)           0.000     6.492    top_i/StreamingDataflowPartition_1/inst/StreamingDataflowPartition_1_MVAU_hls_0/StreamingDataflowPartition_1_MVAU_hls_0/inst/grp_Matrix_Vector_Activate_Stream_Batch_fu_34/sf_2_fu_2537_p2_carry__0_n_3
    SLICE_X46Y84         CARRY4 (Prop_carry4_CI_CO[3])
                                                      0.117     6.609 r  top_i/StreamingDataflowPartition_1/inst/StreamingDataflowPartition_1_MVAU_hls_0/StreamingDataflowPartition_1_MVAU_hls_0/inst/grp_Matrix_Vector_Activate_Stream_Batch_fu_34/sf_2_fu_2537_p2_carry__1/CO[3]
                         net (fo=1, routed)           0.000     6.609    top_i/StreamingDataflowPartition_1/inst/StreamingDataflowPartition_1_MVAU_hls_0/StreamingDataflowPartition_1_MVAU_hls_0/inst/grp_Matrix_Vector_Activate_Stream_Batch_fu_34/sf_2_fu_2537_p2_carry__1_n_3
    SLICE_X46Y85         CARRY4 (Prop_carry4_CI_CO[3])
                                                      0.117     6.726 r  top_i/StreamingDataflowPartition_1/inst/StreamingDataflowPartition_1_MVAU_hls_0/StreamingDataflowPartition_1_MVAU_hls_0/inst/grp_Matrix_Vector_Activate_Stream_Batch_fu_34/sf_2_fu_2537_p2_carry__2/CO[3]
                         net (fo=1, routed)           0.000     6.726    top_i/StreamingDataflowPartition_1/inst/StreamingDataflowPartition_1_MVAU_hls_0/StreamingDataflowPartition_1_MVAU_hls_0/inst/grp_Matrix_Vector_Activate_Stream_Batch_fu_34/sf_2_fu_2537_p2_carry__2_n_3
    SLICE_X46Y86         CARRY4 (Prop_carry4_CI_CO[3])
                                                      0.117     6.843 r  top_i/StreamingDataflowPartition_1/inst/StreamingDataflowPartition_1_MVAU_hls_0/StreamingDataflowPartition_1_MVAU_hls_0/inst/grp_Matrix_Vector_Activate_Stream_Batch_fu_34/sf_2_fu_2537_p2_carry__3/CO[3]
                         net (fo=1, routed)           0.000     6.843    top_i/StreamingDataflowPartition_1/inst/StreamingDataflowPartition_1_MVAU_hls_0/StreamingDataflowPartition_1_MVAU_hls_0/inst/grp_Matrix_Vector_Activate_Stream_Batch_fu_34/sf_2_fu_2537_p2_carry__3_n_3
    SLICE_X46Y87         CARRY4 (Prop_carry4_CI_CO[3])
                                                      0.117     6.960 r  top_i/StreamingDataflowPartition_1/inst/StreamingDataflowPartition_1_MVAU_hls_0/StreamingDataflowPartition_1_MVAU_hls_0/inst/grp_Matrix_Vector_Activate_Stream_Batch_fu_34/sf_2_fu_2537_p2_carry__4/CO[3]
                         net (fo=1, routed)           0.000     6.960    top_i/StreamingDataflowPartition_1/inst/StreamingDataflowPartition_1_MVAU_hls_0/StreamingDataflowPartition_1_MVAU_hls_0/inst/grp_Matrix_Vector_Activate_Stream_Batch_fu_34/sf_2_fu_2537_p2_carry__4_n_3
    SLICE_X46Y88         CARRY4 (Prop_carry4_CI_O[1])
                                                      0.337     7.297 f  top_i/StreamingDataflowPartition_1/inst/StreamingDataflowPartition_1_MVAU_hls_0/StreamingDataflowPartition_1_MVAU_hls_0/inst/grp_Matrix_Vector_Activate_Stream_Batch_fu_34/sf_2_fu_2537_p2_carry__5/O[1]
                         net (fo=2, routed)           0.581     7.878    top_i/StreamingDataflowPartition_1/inst/StreamingDataflowPartition_1_MVAU_hls_0/StreamingDataflowPartition_1_MVAU_hls_0/inst/grp_Matrix_Vector_Activate_Stream_Batch_fu_34/sf_2_fu_2537_p2[26]
    SLICE_X47Y85         LUT4 (Prop_lut4_I0_O)        0.306     8.184 f  top_i/StreamingDataflowPartition_1/inst/StreamingDataflowPartition_1_MVAU_hls_0/StreamingDataflowPartition_1_MVAU_hls_0/inst/grp_Matrix_Vector_Activate_Stream_Batch_fu_34/icmp_ln290_reg_3420[0]_i_9/O
                         net (fo=1, routed)           0.287     8.472    top_i/StreamingDataflowPartition_1/inst/StreamingDataflowPartition_1_MVAU_hls_0/StreamingDataflowPartition_1_MVAU_hls_0/inst/grp_Matrix_Vector_Activate_Stream_Batch_fu_34/icmp_ln290_reg_3420[0]_i_9_n_3
    SLICE_X45Y85         LUT5 (Prop_lut5_I4_O)        0.124     8.596 f  top_i/StreamingDataflowPartition_1/inst/StreamingDataflowPartition_1_MVAU_hls_0/StreamingDataflowPartition_1_MVAU_hls_0/inst/grp_Matrix_Vector_Activate_Stream_Batch_fu_34/icmp_ln290_reg_3420[0]_i_5/O
                         net (fo=1, routed)           0.641     9.237    top_i/StreamingDataflowPartition_1/inst/StreamingDataflowPartition_1_MVAU_hls_0/StreamingDataflowPartition_1_MVAU_hls_0/inst/grp_Matrix_Vector_Activate_Stream_Batch_fu_34/flow_control_loop_pipe_sequential_init_U/icmp_ln290_reg_3420_reg[0]_0
    SLICE_X48Y85         LUT4 (Prop_lut4_I3_O)        0.124     9.361 r  top_i/StreamingDataflowPartition_1/inst/StreamingDataflowPartition_1_MVAU_hls_0/StreamingDataflowPartition_1_MVAU_hls_0/inst/grp_Matrix_Vector_Activate_Stream_Batch_fu_34/flow_control_loop_pipe_sequential_init_U/icmp_ln290_reg_3420[0]_i_1/O
                         net (fo=4, routed)           0.746    10.107    top_i/StreamingDataflowPartition_1/inst/StreamingDataflowPartition_1_MVAU_hls_0/StreamingDataflowPartition_1_MVAU_hls_0/inst/grp_Matrix_Vector_Activate_Stream_Batch_fu_34/flow_control_loop_pipe_sequential_init_U/icmp_ln290_fu_2543_p2
    SLICE_X47Y83         LUT2 (Prop_lut2_I0_O)        0.124    10.231 r  top_i/StreamingDataflowPartition_1/inst/StreamingDataflowPartition_1_MVAU_hls_0/StreamingDataflowPartition_1_MVAU_hls_0/inst/grp_Matrix_Vector_Activate_Stream_Batch_fu_34/flow_control_loop_pipe_sequential_init_U/sf_fu_224[31]_i_1/O
                         net (fo=64, routed)          0.802    11.033    top_i/StreamingDataflowPartition_1/inst/StreamingDataflowPartition_1_MVAU_hls_0/StreamingDataflowPartition_1_MVAU_hls_0/inst/grp_Matrix_Vector_Activate_Stream_Batch_fu_34/nf_1_fu_352
    SLICE_X46Y88         FDRE                                         r  top_i/StreamingDataflowPartition_1/inst/StreamingDataflowPartition_1_MVAU_hls_0/StreamingDataflowPartition_1_MVAU_hls_0/inst/grp_Matrix_Vector_Activate_Stream_Batch_fu_34/sf_fu_224_reg[25]/R
  -------------------------------------------------------------------    -------------------

                         (clock clk_fpga_0 rise edge)
                                                     10.000    10.000 r  
    PS7_X0Y0             PS7                          0.000    10.000 r  top_i/zynq_ps/inst/PS7_i/FCLKCLK[0]
                         net (fo=1, routed)           1.088    11.088    top_i/zynq_ps/inst/FCLK_CLK_unbuffered[0]
    BUFGCTRL_X0Y16       BUFG (Prop_bufg_I_O)         0.091    11.179 r  top_i/zynq_ps/inst/buffer_fclk_clk_0.FCLK_CLK_0_BUFG/O
                         net (fo=12912, routed)       1.475    12.654    top_i/StreamingDataflowPartition_1/inst/StreamingDataflowPartition_1_MVAU_hls_0/StreamingDataflowPartition_1_MVAU_hls_0/inst/grp_Matrix_Vector_Activate_Stream_Batch_fu_34/ap_clk
    SLICE_X46Y88         FDRE                                         r  top_i/StreamingDataflowPartition_1/inst/StreamingDataflowPartition_1_MVAU_hls_0/StreamingDataflowPartition_1_MVAU_hls_0/inst/grp_Matrix_Vector_Activate_Stream_Batch_fu_34/sf_fu_224_reg[25]/C
                         clock pessimism              0.263    12.917    
                         clock uncertainty           -0.154    12.763    
    SLICE_X46Y88         FDRE (Setup_fdre_C_R)       -0.524    12.239    top_i/StreamingDataflowPartition_1/inst/StreamingDataflowPartition_1_MVAU_hls_0/StreamingDataflowPartition_1_MVAU_hls_0/inst/grp_Matrix_Vector_Activate_Stream_Batch_fu_34/sf_fu_224_reg[25]
  -------------------------------------------------------------------
                         required time                         12.239    
                         arrival time                         -11.033    
  -------------------------------------------------------------------
                         slack                                  1.206    

Slack (MET) :             1.206ns  (required time - arrival time)
  Source:                 top_i/StreamingDataflowPartition_1/inst/StreamingDataflowPartition_1_MVAU_hls_0/StreamingDataflowPartition_1_MVAU_hls_0/inst/grp_Matrix_Vector_Activate_Stream_Batch_fu_34/flow_control_loop_pipe_sequential_init_U/ap_loop_init_int_reg/C
                            (rising edge-triggered cell FDRE clocked by clk_fpga_0  {rise@0.000ns fall@5.000ns period=10.000ns})
  Destination:            top_i/StreamingDataflowPartition_1/inst/StreamingDataflowPartition_1_MVAU_hls_0/StreamingDataflowPartition_1_MVAU_hls_0/inst/grp_Matrix_Vector_Activate_Stream_Batch_fu_34/sf_fu_224_reg[26]/R
                            (rising edge-triggered cell FDRE clocked by clk_fpga_0  {rise@0.000ns fall@5.000ns period=10.000ns})
  Path Group:             clk_fpga_0
  Path Type:              Setup (Max at Slow Process Corner)
  Requirement:            10.000ns  (clk_fpga_0 rise@10.000ns - clk_fpga_0 rise@0.000ns)
  Data Path Delay:        8.095ns  (logic 3.141ns (38.801%)  route 4.954ns (61.199%))
  Logic Levels:           12  (CARRY4=7 LUT2=1 LUT3=1 LUT4=2 LUT5=1)
  Clock Path Skew:        -0.021ns (DCD - SCD + CPR)
    Destination Clock Delay (DCD):    2.654ns = ( 12.654 - 10.000 ) 
    Source Clock Delay      (SCD):    2.938ns
    Clock Pessimism Removal (CPR):    0.263ns
  Clock Uncertainty:      0.154ns  ((TSJ^2 + TIJ^2)^1/2 + DJ) / 2 + PE
    Total System Jitter     (TSJ):    0.071ns
    Total Input Jitter      (TIJ):    0.300ns
    Discrete Jitter          (DJ):    0.000ns
    Phase Error              (PE):    0.000ns

    Location             Delay type                Incr(ns)  Path(ns)    Netlist Resource(s)
  -------------------------------------------------------------------    -------------------
                         (clock clk_fpga_0 rise edge)
                                                      0.000     0.000 r  
    PS7_X0Y0             PS7                          0.000     0.000 r  top_i/zynq_ps/inst/PS7_i/FCLKCLK[0]
                         net (fo=1, routed)           1.193     1.193    top_i/zynq_ps/inst/FCLK_CLK_unbuffered[0]
    BUFGCTRL_X0Y16       BUFG (Prop_bufg_I_O)         0.101     1.294 r  top_i/zynq_ps/inst/buffer_fclk_clk_0.FCLK_CLK_0_BUFG/O
                         net (fo=12912, routed)       1.644     2.938    top_i/StreamingDataflowPartition_1/inst/StreamingDataflowPartition_1_MVAU_hls_0/StreamingDataflowPartition_1_MVAU_hls_0/inst/grp_Matrix_Vector_Activate_Stream_Batch_fu_34/flow_control_loop_pipe_sequential_init_U/ap_clk
    SLICE_X47Y84         FDRE                                         r  top_i/StreamingDataflowPartition_1/inst/StreamingDataflowPartition_1_MVAU_hls_0/StreamingDataflowPartition_1_MVAU_hls_0/inst/grp_Matrix_Vector_Activate_Stream_Batch_fu_34/flow_control_loop_pipe_sequential_init_U/ap_loop_init_int_reg/C
  -------------------------------------------------------------------    -------------------
    SLICE_X47Y84         FDRE (Prop_fdre_C_Q)         0.419     3.357 f  top_i/StreamingDataflowPartition_1/inst/StreamingDataflowPartition_1_MVAU_hls_0/StreamingDataflowPartition_1_MVAU_hls_0/inst/grp_Matrix_Vector_Activate_Stream_Batch_fu_34/flow_control_loop_pipe_sequential_init_U/ap_loop_init_int_reg/Q
                         net (fo=114, routed)         1.166     4.523    top_i/StreamingDataflowPartition_1/inst/StreamingDataflowPartition_1_MVAU_hls_0/StreamingDataflowPartition_1_MVAU_hls_0/inst/grp_Matrix_Vector_Activate_Stream_Batch_fu_34/flow_control_loop_pipe_sequential_init_U/ap_loop_init_int
    SLICE_X52Y82         LUT3 (Prop_lut3_I1_O)        0.325     4.848 r  top_i/StreamingDataflowPartition_1/inst/StreamingDataflowPartition_1_MVAU_hls_0/StreamingDataflowPartition_1_MVAU_hls_0/inst/grp_Matrix_Vector_Activate_Stream_Batch_fu_34/flow_control_loop_pipe_sequential_init_U/sf_2_fu_2537_p2_carry_i_1/O
                         net (fo=83, routed)          0.730     5.578    top_i/StreamingDataflowPartition_1/inst/StreamingDataflowPartition_1_MVAU_hls_0/StreamingDataflowPartition_1_MVAU_hls_0/inst/grp_Matrix_Vector_Activate_Stream_Batch_fu_34/ap_sig_allocacmp_sf_1[0]
    SLICE_X46Y82         CARRY4 (Prop_carry4_CYINIT_CO[3])
                                                      0.797     6.375 r  top_i/StreamingDataflowPartition_1/inst/StreamingDataflowPartition_1_MVAU_hls_0/StreamingDataflowPartition_1_MVAU_hls_0/inst/grp_Matrix_Vector_Activate_Stream_Batch_fu_34/sf_2_fu_2537_p2_carry/CO[3]
                         net (fo=1, routed)           0.000     6.375    top_i/StreamingDataflowPartition_1/inst/StreamingDataflowPartition_1_MVAU_hls_0/StreamingDataflowPartition_1_MVAU_hls_0/inst/grp_Matrix_Vector_Activate_Stream_Batch_fu_34/sf_2_fu_2537_p2_carry_n_3
    SLICE_X46Y83         CARRY4 (Prop_carry4_CI_CO[3])
                                                      0.117     6.492 r  top_i/StreamingDataflowPartition_1/inst/StreamingDataflowPartition_1_MVAU_hls_0/StreamingDataflowPartition_1_MVAU_hls_0/inst/grp_Matrix_Vector_Activate_Stream_Batch_fu_34/sf_2_fu_2537_p2_carry__0/CO[3]
                         net (fo=1, routed)           0.000     6.492    top_i/StreamingDataflowPartition_1/inst/StreamingDataflowPartition_1_MVAU_hls_0/StreamingDataflowPartition_1_MVAU_hls_0/inst/grp_Matrix_Vector_Activate_Stream_Batch_fu_34/sf_2_fu_2537_p2_carry__0_n_3
    SLICE_X46Y84         CARRY4 (Prop_carry4_CI_CO[3])
                                                      0.117     6.609 r  top_i/StreamingDataflowPartition_1/inst/StreamingDataflowPartition_1_MVAU_hls_0/StreamingDataflowPartition_1_MVAU_hls_0/inst/grp_Matrix_Vector_Activate_Stream_Batch_fu_34/sf_2_fu_2537_p2_carry__1/CO[3]
                         net (fo=1, routed)           0.000     6.609    top_i/StreamingDataflowPartition_1/inst/StreamingDataflowPartition_1_MVAU_hls_0/StreamingDataflowPartition_1_MVAU_hls_0/inst/grp_Matrix_Vector_Activate_Stream_Batch_fu_34/sf_2_fu_2537_p2_carry__1_n_3
    SLICE_X46Y85         CARRY4 (Prop_carry4_CI_CO[3])
                                                      0.117     6.726 r  top_i/StreamingDataflowPartition_1/inst/StreamingDataflowPartition_1_MVAU_hls_0/StreamingDataflowPartition_1_MVAU_hls_0/inst/grp_Matrix_Vector_Activate_Stream_Batch_fu_34/sf_2_fu_2537_p2_carry__2/CO[3]
                         net (fo=1, routed)           0.000     6.726    top_i/StreamingDataflowPartition_1/inst/StreamingDataflowPartition_1_MVAU_hls_0/StreamingDataflowPartition_1_MVAU_hls_0/inst/grp_Matrix_Vector_Activate_Stream_Batch_fu_34/sf_2_fu_2537_p2_carry__2_n_3
    SLICE_X46Y86         CARRY4 (Prop_carry4_CI_CO[3])
                                                      0.117     6.843 r  top_i/StreamingDataflowPartition_1/inst/StreamingDataflowPartition_1_MVAU_hls_0/StreamingDataflowPartition_1_MVAU_hls_0/inst/grp_Matrix_Vector_Activate_Stream_Batch_fu_34/sf_2_fu_2537_p2_carry__3/CO[3]
                         net (fo=1, routed)           0.000     6.843    top_i/StreamingDataflowPartition_1/inst/StreamingDataflowPartition_1_MVAU_hls_0/StreamingDataflowPartition_1_MVAU_hls_0/inst/grp_Matrix_Vector_Activate_Stream_Batch_fu_34/sf_2_fu_2537_p2_carry__3_n_3
    SLICE_X46Y87         CARRY4 (Prop_carry4_CI_CO[3])
                                                      0.117     6.960 r  top_i/StreamingDataflowPartition_1/inst/StreamingDataflowPartition_1_MVAU_hls_0/StreamingDataflowPartition_1_MVAU_hls_0/inst/grp_Matrix_Vector_Activate_Stream_Batch_fu_34/sf_2_fu_2537_p2_carry__4/CO[3]
                         net (fo=1, routed)           0.000     6.960    top_i/StreamingDataflowPartition_1/inst/StreamingDataflowPartition_1_MVAU_hls_0/StreamingDataflowPartition_1_MVAU_hls_0/inst/grp_Matrix_Vector_Activate_Stream_Batch_fu_34/sf_2_fu_2537_p2_carry__4_n_3
    SLICE_X46Y88         CARRY4 (Prop_carry4_CI_O[1])
                                                      0.337     7.297 f  top_i/StreamingDataflowPartition_1/inst/StreamingDataflowPartition_1_MVAU_hls_0/StreamingDataflowPartition_1_MVAU_hls_0/inst/grp_Matrix_Vector_Activate_Stream_Batch_fu_34/sf_2_fu_2537_p2_carry__5/O[1]
                         net (fo=2, routed)           0.581     7.878    top_i/StreamingDataflowPartition_1/inst/StreamingDataflowPartition_1_MVAU_hls_0/StreamingDataflowPartition_1_MVAU_hls_0/inst/grp_Matrix_Vector_Activate_Stream_Batch_fu_34/sf_2_fu_2537_p2[26]
    SLICE_X47Y85         LUT4 (Prop_lut4_I0_O)        0.306     8.184 f  top_i/StreamingDataflowPartition_1/inst/StreamingDataflowPartition_1_MVAU_hls_0/StreamingDataflowPartition_1_MVAU_hls_0/inst/grp_Matrix_Vector_Activate_Stream_Batch_fu_34/icmp_ln290_reg_3420[0]_i_9/O
                         net (fo=1, routed)           0.287     8.472    top_i/StreamingDataflowPartition_1/inst/StreamingDataflowPartition_1_MVAU_hls_0/StreamingDataflowPartition_1_MVAU_hls_0/inst/grp_Matrix_Vector_Activate_Stream_Batch_fu_34/icmp_ln290_reg_3420[0]_i_9_n_3
    SLICE_X45Y85         LUT5 (Prop_lut5_I4_O)        0.124     8.596 f  top_i/StreamingDataflowPartition_1/inst/StreamingDataflowPartition_1_MVAU_hls_0/StreamingDataflowPartition_1_MVAU_hls_0/inst/grp_Matrix_Vector_Activate_Stream_Batch_fu_34/icmp_ln290_reg_3420[0]_i_5/O
                         net (fo=1, routed)           0.641     9.237    top_i/StreamingDataflowPartition_1/inst/StreamingDataflowPartition_1_MVAU_hls_0/StreamingDataflowPartition_1_MVAU_hls_0/inst/grp_Matrix_Vector_Activate_Stream_Batch_fu_34/flow_control_loop_pipe_sequential_init_U/icmp_ln290_reg_3420_reg[0]_0
    SLICE_X48Y85         LUT4 (Prop_lut4_I3_O)        0.124     9.361 r  top_i/StreamingDataflowPartition_1/inst/StreamingDataflowPartition_1_MVAU_hls_0/StreamingDataflowPartition_1_MVAU_hls_0/inst/grp_Matrix_Vector_Activate_Stream_Batch_fu_34/flow_control_loop_pipe_sequential_init_U/icmp_ln290_reg_3420[0]_i_1/O
                         net (fo=4, routed)           0.746    10.107    top_i/StreamingDataflowPartition_1/inst/StreamingDataflowPartition_1_MVAU_hls_0/StreamingDataflowPartition_1_MVAU_hls_0/inst/grp_Matrix_Vector_Activate_Stream_Batch_fu_34/flow_control_loop_pipe_sequential_init_U/icmp_ln290_fu_2543_p2
    SLICE_X47Y83         LUT2 (Prop_lut2_I0_O)        0.124    10.231 r  top_i/StreamingDataflowPartition_1/inst/StreamingDataflowPartition_1_MVAU_hls_0/StreamingDataflowPartition_1_MVAU_hls_0/inst/grp_Matrix_Vector_Activate_Stream_Batch_fu_34/flow_control_loop_pipe_sequential_init_U/sf_fu_224[31]_i_1/O
                         net (fo=64, routed)          0.802    11.033    top_i/StreamingDataflowPartition_1/inst/StreamingDataflowPartition_1_MVAU_hls_0/StreamingDataflowPartition_1_MVAU_hls_0/inst/grp_Matrix_Vector_Activate_Stream_Batch_fu_34/nf_1_fu_352
    SLICE_X46Y88         FDRE                                         r  top_i/StreamingDataflowPartition_1/inst/StreamingDataflowPartition_1_MVAU_hls_0/StreamingDataflowPartition_1_MVAU_hls_0/inst/grp_Matrix_Vector_Activate_Stream_Batch_fu_34/sf_fu_224_reg[26]/R
  -------------------------------------------------------------------    -------------------

                         (clock clk_fpga_0 rise edge)
                                                     10.000    10.000 r  
    PS7_X0Y0             PS7                          0.000    10.000 r  top_i/zynq_ps/inst/PS7_i/FCLKCLK[0]
                         net (fo=1, routed)           1.088    11.088    top_i/zynq_ps/inst/FCLK_CLK_unbuffered[0]
    BUFGCTRL_X0Y16       BUFG (Prop_bufg_I_O)         0.091    11.179 r  top_i/zynq_ps/inst/buffer_fclk_clk_0.FCLK_CLK_0_BUFG/O
                         net (fo=12912, routed)       1.475    12.654    top_i/StreamingDataflowPartition_1/inst/StreamingDataflowPartition_1_MVAU_hls_0/StreamingDataflowPartition_1_MVAU_hls_0/inst/grp_Matrix_Vector_Activate_Stream_Batch_fu_34/ap_clk
    SLICE_X46Y88         FDRE                                         r  top_i/StreamingDataflowPartition_1/inst/StreamingDataflowPartition_1_MVAU_hls_0/StreamingDataflowPartition_1_MVAU_hls_0/inst/grp_Matrix_Vector_Activate_Stream_Batch_fu_34/sf_fu_224_reg[26]/C
                         clock pessimism              0.263    12.917    
                         clock uncertainty           -0.154    12.763    
    SLICE_X46Y88         FDRE (Setup_fdre_C_R)       -0.524    12.239    top_i/StreamingDataflowPartition_1/inst/StreamingDataflowPartition_1_MVAU_hls_0/StreamingDataflowPartition_1_MVAU_hls_0/inst/grp_Matrix_Vector_Activate_Stream_Batch_fu_34/sf_fu_224_reg[26]
  -------------------------------------------------------------------
                         required time                         12.239    
                         arrival time                         -11.033    
  -------------------------------------------------------------------
                         slack                                  1.206    

Slack (MET) :             1.206ns  (required time - arrival time)
  Source:                 top_i/StreamingDataflowPartition_1/inst/StreamingDataflowPartition_1_MVAU_hls_0/StreamingDataflowPartition_1_MVAU_hls_0/inst/grp_Matrix_Vector_Activate_Stream_Batch_fu_34/flow_control_loop_pipe_sequential_init_U/ap_loop_init_int_reg/C
                            (rising edge-triggered cell FDRE clocked by clk_fpga_0  {rise@0.000ns fall@5.000ns period=10.000ns})
  Destination:            top_i/StreamingDataflowPartition_1/inst/StreamingDataflowPartition_1_MVAU_hls_0/StreamingDataflowPartition_1_MVAU_hls_0/inst/grp_Matrix_Vector_Activate_Stream_Batch_fu_34/sf_fu_224_reg[27]/R
                            (rising edge-triggered cell FDRE clocked by clk_fpga_0  {rise@0.000ns fall@5.000ns period=10.000ns})
  Path Group:             clk_fpga_0
  Path Type:              Setup (Max at Slow Process Corner)
  Requirement:            10.000ns  (clk_fpga_0 rise@10.000ns - clk_fpga_0 rise@0.000ns)
  Data Path Delay:        8.095ns  (logic 3.141ns (38.801%)  route 4.954ns (61.199%))
  Logic Levels:           12  (CARRY4=7 LUT2=1 LUT3=1 LUT4=2 LUT5=1)
  Clock Path Skew:        -0.021ns (DCD - SCD + CPR)
    Destination Clock Delay (DCD):    2.654ns = ( 12.654 - 10.000 ) 
    Source Clock Delay      (SCD):    2.938ns
    Clock Pessimism Removal (CPR):    0.263ns
  Clock Uncertainty:      0.154ns  ((TSJ^2 + TIJ^2)^1/2 + DJ) / 2 + PE
    Total System Jitter     (TSJ):    0.071ns
    Total Input Jitter      (TIJ):    0.300ns
    Discrete Jitter          (DJ):    0.000ns
    Phase Error              (PE):    0.000ns

    Location             Delay type                Incr(ns)  Path(ns)    Netlist Resource(s)
  -------------------------------------------------------------------    -------------------
                         (clock clk_fpga_0 rise edge)
                                                      0.000     0.000 r  
    PS7_X0Y0             PS7                          0.000     0.000 r  top_i/zynq_ps/inst/PS7_i/FCLKCLK[0]
                         net (fo=1, routed)           1.193     1.193    top_i/zynq_ps/inst/FCLK_CLK_unbuffered[0]
    BUFGCTRL_X0Y16       BUFG (Prop_bufg_I_O)         0.101     1.294 r  top_i/zynq_ps/inst/buffer_fclk_clk_0.FCLK_CLK_0_BUFG/O
                         net (fo=12912, routed)       1.644     2.938    top_i/StreamingDataflowPartition_1/inst/StreamingDataflowPartition_1_MVAU_hls_0/StreamingDataflowPartition_1_MVAU_hls_0/inst/grp_Matrix_Vector_Activate_Stream_Batch_fu_34/flow_control_loop_pipe_sequential_init_U/ap_clk
    SLICE_X47Y84         FDRE                                         r  top_i/StreamingDataflowPartition_1/inst/StreamingDataflowPartition_1_MVAU_hls_0/StreamingDataflowPartition_1_MVAU_hls_0/inst/grp_Matrix_Vector_Activate_Stream_Batch_fu_34/flow_control_loop_pipe_sequential_init_U/ap_loop_init_int_reg/C
  -------------------------------------------------------------------    -------------------
    SLICE_X47Y84         FDRE (Prop_fdre_C_Q)         0.419     3.357 f  top_i/StreamingDataflowPartition_1/inst/StreamingDataflowPartition_1_MVAU_hls_0/StreamingDataflowPartition_1_MVAU_hls_0/inst/grp_Matrix_Vector_Activate_Stream_Batch_fu_34/flow_control_loop_pipe_sequential_init_U/ap_loop_init_int_reg/Q
                         net (fo=114, routed)         1.166     4.523    top_i/StreamingDataflowPartition_1/inst/StreamingDataflowPartition_1_MVAU_hls_0/StreamingDataflowPartition_1_MVAU_hls_0/inst/grp_Matrix_Vector_Activate_Stream_Batch_fu_34/flow_control_loop_pipe_sequential_init_U/ap_loop_init_int
    SLICE_X52Y82         LUT3 (Prop_lut3_I1_O)        0.325     4.848 r  top_i/StreamingDataflowPartition_1/inst/StreamingDataflowPartition_1_MVAU_hls_0/StreamingDataflowPartition_1_MVAU_hls_0/inst/grp_Matrix_Vector_Activate_Stream_Batch_fu_34/flow_control_loop_pipe_sequential_init_U/sf_2_fu_2537_p2_carry_i_1/O
                         net (fo=83, routed)          0.730     5.578    top_i/StreamingDataflowPartition_1/inst/StreamingDataflowPartition_1_MVAU_hls_0/StreamingDataflowPartition_1_MVAU_hls_0/inst/grp_Matrix_Vector_Activate_Stream_Batch_fu_34/ap_sig_allocacmp_sf_1[0]
    SLICE_X46Y82         CARRY4 (Prop_carry4_CYINIT_CO[3])
                                                      0.797     6.375 r  top_i/StreamingDataflowPartition_1/inst/StreamingDataflowPartition_1_MVAU_hls_0/StreamingDataflowPartition_1_MVAU_hls_0/inst/grp_Matrix_Vector_Activate_Stream_Batch_fu_34/sf_2_fu_2537_p2_carry/CO[3]
                         net (fo=1, routed)           0.000     6.375    top_i/StreamingDataflowPartition_1/inst/StreamingDataflowPartition_1_MVAU_hls_0/StreamingDataflowPartition_1_MVAU_hls_0/inst/grp_Matrix_Vector_Activate_Stream_Batch_fu_34/sf_2_fu_2537_p2_carry_n_3
    SLICE_X46Y83         CARRY4 (Prop_carry4_CI_CO[3])
                                                      0.117     6.492 r  top_i/StreamingDataflowPartition_1/inst/StreamingDataflowPartition_1_MVAU_hls_0/StreamingDataflowPartition_1_MVAU_hls_0/inst/grp_Matrix_Vector_Activate_Stream_Batch_fu_34/sf_2_fu_2537_p2_carry__0/CO[3]
                         net (fo=1, routed)           0.000     6.492    top_i/StreamingDataflowPartition_1/inst/StreamingDataflowPartition_1_MVAU_hls_0/StreamingDataflowPartition_1_MVAU_hls_0/inst/grp_Matrix_Vector_Activate_Stream_Batch_fu_34/sf_2_fu_2537_p2_carry__0_n_3
    SLICE_X46Y84         CARRY4 (Prop_carry4_CI_CO[3])
                                                      0.117     6.609 r  top_i/StreamingDataflowPartition_1/inst/StreamingDataflowPartition_1_MVAU_hls_0/StreamingDataflowPartition_1_MVAU_hls_0/inst/grp_Matrix_Vector_Activate_Stream_Batch_fu_34/sf_2_fu_2537_p2_carry__1/CO[3]
                         net (fo=1, routed)           0.000     6.609    top_i/StreamingDataflowPartition_1/inst/StreamingDataflowPartition_1_MVAU_hls_0/StreamingDataflowPartition_1_MVAU_hls_0/inst/grp_Matrix_Vector_Activate_Stream_Batch_fu_34/sf_2_fu_2537_p2_carry__1_n_3
    SLICE_X46Y85         CARRY4 (Prop_carry4_CI_CO[3])
                                                      0.117     6.726 r  top_i/StreamingDataflowPartition_1/inst/StreamingDataflowPartition_1_MVAU_hls_0/StreamingDataflowPartition_1_MVAU_hls_0/inst/grp_Matrix_Vector_Activate_Stream_Batch_fu_34/sf_2_fu_2537_p2_carry__2/CO[3]
                         net (fo=1, routed)           0.000     6.726    top_i/StreamingDataflowPartition_1/inst/StreamingDataflowPartition_1_MVAU_hls_0/StreamingDataflowPartition_1_MVAU_hls_0/inst/grp_Matrix_Vector_Activate_Stream_Batch_fu_34/sf_2_fu_2537_p2_carry__2_n_3
    SLICE_X46Y86         CARRY4 (Prop_carry4_CI_CO[3])
                                                      0.117     6.843 r  top_i/StreamingDataflowPartition_1/inst/StreamingDataflowPartition_1_MVAU_hls_0/StreamingDataflowPartition_1_MVAU_hls_0/inst/grp_Matrix_Vector_Activate_Stream_Batch_fu_34/sf_2_fu_2537_p2_carry__3/CO[3]
                         net (fo=1, routed)           0.000     6.843    top_i/StreamingDataflowPartition_1/inst/StreamingDataflowPartition_1_MVAU_hls_0/StreamingDataflowPartition_1_MVAU_hls_0/inst/grp_Matrix_Vector_Activate_Stream_Batch_fu_34/sf_2_fu_2537_p2_carry__3_n_3
    SLICE_X46Y87         CARRY4 (Prop_carry4_CI_CO[3])
                                                      0.117     6.960 r  top_i/StreamingDataflowPartition_1/inst/StreamingDataflowPartition_1_MVAU_hls_0/StreamingDataflowPartition_1_MVAU_hls_0/inst/grp_Matrix_Vector_Activate_Stream_Batch_fu_34/sf_2_fu_2537_p2_carry__4/CO[3]
                         net (fo=1, routed)           0.000     6.960    top_i/StreamingDataflowPartition_1/inst/StreamingDataflowPartition_1_MVAU_hls_0/StreamingDataflowPartition_1_MVAU_hls_0/inst/grp_Matrix_Vector_Activate_Stream_Batch_fu_34/sf_2_fu_2537_p2_carry__4_n_3
    SLICE_X46Y88         CARRY4 (Prop_carry4_CI_O[1])
                                                      0.337     7.297 f  top_i/StreamingDataflowPartition_1/inst/StreamingDataflowPartition_1_MVAU_hls_0/StreamingDataflowPartition_1_MVAU_hls_0/inst/grp_Matrix_Vector_Activate_Stream_Batch_fu_34/sf_2_fu_2537_p2_carry__5/O[1]
                         net (fo=2, routed)           0.581     7.878    top_i/StreamingDataflowPartition_1/inst/StreamingDataflowPartition_1_MVAU_hls_0/StreamingDataflowPartition_1_MVAU_hls_0/inst/grp_Matrix_Vector_Activate_Stream_Batch_fu_34/sf_2_fu_2537_p2[26]
    SLICE_X47Y85         LUT4 (Prop_lut4_I0_O)        0.306     8.184 f  top_i/StreamingDataflowPartition_1/inst/StreamingDataflowPartition_1_MVAU_hls_0/StreamingDataflowPartition_1_MVAU_hls_0/inst/grp_Matrix_Vector_Activate_Stream_Batch_fu_34/icmp_ln290_reg_3420[0]_i_9/O
                         net (fo=1, routed)           0.287     8.472    top_i/StreamingDataflowPartition_1/inst/StreamingDataflowPartition_1_MVAU_hls_0/StreamingDataflowPartition_1_MVAU_hls_0/inst/grp_Matrix_Vector_Activate_Stream_Batch_fu_34/icmp_ln290_reg_3420[0]_i_9_n_3
    SLICE_X45Y85         LUT5 (Prop_lut5_I4_O)        0.124     8.596 f  top_i/StreamingDataflowPartition_1/inst/StreamingDataflowPartition_1_MVAU_hls_0/StreamingDataflowPartition_1_MVAU_hls_0/inst/grp_Matrix_Vector_Activate_Stream_Batch_fu_34/icmp_ln290_reg_3420[0]_i_5/O
                         net (fo=1, routed)           0.641     9.237    top_i/StreamingDataflowPartition_1/inst/StreamingDataflowPartition_1_MVAU_hls_0/StreamingDataflowPartition_1_MVAU_hls_0/inst/grp_Matrix_Vector_Activate_Stream_Batch_fu_34/flow_control_loop_pipe_sequential_init_U/icmp_ln290_reg_3420_reg[0]_0
    SLICE_X48Y85         LUT4 (Prop_lut4_I3_O)        0.124     9.361 r  top_i/StreamingDataflowPartition_1/inst/StreamingDataflowPartition_1_MVAU_hls_0/StreamingDataflowPartition_1_MVAU_hls_0/inst/grp_Matrix_Vector_Activate_Stream_Batch_fu_34/flow_control_loop_pipe_sequential_init_U/icmp_ln290_reg_3420[0]_i_1/O
                         net (fo=4, routed)           0.746    10.107    top_i/StreamingDataflowPartition_1/inst/StreamingDataflowPartition_1_MVAU_hls_0/StreamingDataflowPartition_1_MVAU_hls_0/inst/grp_Matrix_Vector_Activate_Stream_Batch_fu_34/flow_control_loop_pipe_sequential_init_U/icmp_ln290_fu_2543_p2
    SLICE_X47Y83         LUT2 (Prop_lut2_I0_O)        0.124    10.231 r  top_i/StreamingDataflowPartition_1/inst/StreamingDataflowPartition_1_MVAU_hls_0/StreamingDataflowPartition_1_MVAU_hls_0/inst/grp_Matrix_Vector_Activate_Stream_Batch_fu_34/flow_control_loop_pipe_sequential_init_U/sf_fu_224[31]_i_1/O
                         net (fo=64, routed)          0.802    11.033    top_i/StreamingDataflowPartition_1/inst/StreamingDataflowPartition_1_MVAU_hls_0/StreamingDataflowPartition_1_MVAU_hls_0/inst/grp_Matrix_Vector_Activate_Stream_Batch_fu_34/nf_1_fu_352
    SLICE_X46Y88         FDRE                                         r  top_i/StreamingDataflowPartition_1/inst/StreamingDataflowPartition_1_MVAU_hls_0/StreamingDataflowPartition_1_MVAU_hls_0/inst/grp_Matrix_Vector_Activate_Stream_Batch_fu_34/sf_fu_224_reg[27]/R
  -------------------------------------------------------------------    -------------------

                         (clock clk_fpga_0 rise edge)
                                                     10.000    10.000 r  
    PS7_X0Y0             PS7                          0.000    10.000 r  top_i/zynq_ps/inst/PS7_i/FCLKCLK[0]
                         net (fo=1, routed)           1.088    11.088    top_i/zynq_ps/inst/FCLK_CLK_unbuffered[0]
    BUFGCTRL_X0Y16       BUFG (Prop_bufg_I_O)         0.091    11.179 r  top_i/zynq_ps/inst/buffer_fclk_clk_0.FCLK_CLK_0_BUFG/O
                         net (fo=12912, routed)       1.475    12.654    top_i/StreamingDataflowPartition_1/inst/StreamingDataflowPartition_1_MVAU_hls_0/StreamingDataflowPartition_1_MVAU_hls_0/inst/grp_Matrix_Vector_Activate_Stream_Batch_fu_34/ap_clk
    SLICE_X46Y88         FDRE                                         r  top_i/StreamingDataflowPartition_1/inst/StreamingDataflowPartition_1_MVAU_hls_0/StreamingDataflowPartition_1_MVAU_hls_0/inst/grp_Matrix_Vector_Activate_Stream_Batch_fu_34/sf_fu_224_reg[27]/C
                         clock pessimism              0.263    12.917    
                         clock uncertainty           -0.154    12.763    
    SLICE_X46Y88         FDRE (Setup_fdre_C_R)       -0.524    12.239    top_i/StreamingDataflowPartition_1/inst/StreamingDataflowPartition_1_MVAU_hls_0/StreamingDataflowPartition_1_MVAU_hls_0/inst/grp_Matrix_Vector_Activate_Stream_Batch_fu_34/sf_fu_224_reg[27]
  -------------------------------------------------------------------
                         required time                         12.239    
                         arrival time                         -11.033    
  -------------------------------------------------------------------
                         slack                                  1.206    

Slack (MET) :             1.206ns  (required time - arrival time)
  Source:                 top_i/StreamingDataflowPartition_1/inst/StreamingDataflowPartition_1_MVAU_hls_0/StreamingDataflowPartition_1_MVAU_hls_0/inst/grp_Matrix_Vector_Activate_Stream_Batch_fu_34/flow_control_loop_pipe_sequential_init_U/ap_loop_init_int_reg/C
                            (rising edge-triggered cell FDRE clocked by clk_fpga_0  {rise@0.000ns fall@5.000ns period=10.000ns})
  Destination:            top_i/StreamingDataflowPartition_1/inst/StreamingDataflowPartition_1_MVAU_hls_0/StreamingDataflowPartition_1_MVAU_hls_0/inst/grp_Matrix_Vector_Activate_Stream_Batch_fu_34/sf_fu_224_reg[28]/R
                            (rising edge-triggered cell FDRE clocked by clk_fpga_0  {rise@0.000ns fall@5.000ns period=10.000ns})
  Path Group:             clk_fpga_0
  Path Type:              Setup (Max at Slow Process Corner)
  Requirement:            10.000ns  (clk_fpga_0 rise@10.000ns - clk_fpga_0 rise@0.000ns)
  Data Path Delay:        8.095ns  (logic 3.141ns (38.801%)  route 4.954ns (61.199%))
  Logic Levels:           12  (CARRY4=7 LUT2=1 LUT3=1 LUT4=2 LUT5=1)
  Clock Path Skew:        -0.021ns (DCD - SCD + CPR)
    Destination Clock Delay (DCD):    2.654ns = ( 12.654 - 10.000 ) 
    Source Clock Delay      (SCD):    2.938ns
    Clock Pessimism Removal (CPR):    0.263ns
  Clock Uncertainty:      0.154ns  ((TSJ^2 + TIJ^2)^1/2 + DJ) / 2 + PE
    Total System Jitter     (TSJ):    0.071ns
    Total Input Jitter      (TIJ):    0.300ns
    Discrete Jitter          (DJ):    0.000ns
    Phase Error              (PE):    0.000ns

    Location             Delay type                Incr(ns)  Path(ns)    Netlist Resource(s)
  -------------------------------------------------------------------    -------------------
                         (clock clk_fpga_0 rise edge)
                                                      0.000     0.000 r  
    PS7_X0Y0             PS7                          0.000     0.000 r  top_i/zynq_ps/inst/PS7_i/FCLKCLK[0]
                         net (fo=1, routed)           1.193     1.193    top_i/zynq_ps/inst/FCLK_CLK_unbuffered[0]
    BUFGCTRL_X0Y16       BUFG (Prop_bufg_I_O)         0.101     1.294 r  top_i/zynq_ps/inst/buffer_fclk_clk_0.FCLK_CLK_0_BUFG/O
                         net (fo=12912, routed)       1.644     2.938    top_i/StreamingDataflowPartition_1/inst/StreamingDataflowPartition_1_MVAU_hls_0/StreamingDataflowPartition_1_MVAU_hls_0/inst/grp_Matrix_Vector_Activate_Stream_Batch_fu_34/flow_control_loop_pipe_sequential_init_U/ap_clk
    SLICE_X47Y84         FDRE                                         r  top_i/StreamingDataflowPartition_1/inst/StreamingDataflowPartition_1_MVAU_hls_0/StreamingDataflowPartition_1_MVAU_hls_0/inst/grp_Matrix_Vector_Activate_Stream_Batch_fu_34/flow_control_loop_pipe_sequential_init_U/ap_loop_init_int_reg/C
  -------------------------------------------------------------------    -------------------
    SLICE_X47Y84         FDRE (Prop_fdre_C_Q)         0.419     3.357 f  top_i/StreamingDataflowPartition_1/inst/StreamingDataflowPartition_1_MVAU_hls_0/StreamingDataflowPartition_1_MVAU_hls_0/inst/grp_Matrix_Vector_Activate_Stream_Batch_fu_34/flow_control_loop_pipe_sequential_init_U/ap_loop_init_int_reg/Q
                         net (fo=114, routed)         1.166     4.523    top_i/StreamingDataflowPartition_1/inst/StreamingDataflowPartition_1_MVAU_hls_0/StreamingDataflowPartition_1_MVAU_hls_0/inst/grp_Matrix_Vector_Activate_Stream_Batch_fu_34/flow_control_loop_pipe_sequential_init_U/ap_loop_init_int
    SLICE_X52Y82         LUT3 (Prop_lut3_I1_O)        0.325     4.848 r  top_i/StreamingDataflowPartition_1/inst/StreamingDataflowPartition_1_MVAU_hls_0/StreamingDataflowPartition_1_MVAU_hls_0/inst/grp_Matrix_Vector_Activate_Stream_Batch_fu_34/flow_control_loop_pipe_sequential_init_U/sf_2_fu_2537_p2_carry_i_1/O
                         net (fo=83, routed)          0.730     5.578    top_i/StreamingDataflowPartition_1/inst/StreamingDataflowPartition_1_MVAU_hls_0/StreamingDataflowPartition_1_MVAU_hls_0/inst/grp_Matrix_Vector_Activate_Stream_Batch_fu_34/ap_sig_allocacmp_sf_1[0]
    SLICE_X46Y82         CARRY4 (Prop_carry4_CYINIT_CO[3])
                                                      0.797     6.375 r  top_i/StreamingDataflowPartition_1/inst/StreamingDataflowPartition_1_MVAU_hls_0/StreamingDataflowPartition_1_MVAU_hls_0/inst/grp_Matrix_Vector_Activate_Stream_Batch_fu_34/sf_2_fu_2537_p2_carry/CO[3]
                         net (fo=1, routed)           0.000     6.375    top_i/StreamingDataflowPartition_1/inst/StreamingDataflowPartition_1_MVAU_hls_0/StreamingDataflowPartition_1_MVAU_hls_0/inst/grp_Matrix_Vector_Activate_Stream_Batch_fu_34/sf_2_fu_2537_p2_carry_n_3
    SLICE_X46Y83         CARRY4 (Prop_carry4_CI_CO[3])
                                                      0.117     6.492 r  top_i/StreamingDataflowPartition_1/inst/StreamingDataflowPartition_1_MVAU_hls_0/StreamingDataflowPartition_1_MVAU_hls_0/inst/grp_Matrix_Vector_Activate_Stream_Batch_fu_34/sf_2_fu_2537_p2_carry__0/CO[3]
                         net (fo=1, routed)           0.000     6.492    top_i/StreamingDataflowPartition_1/inst/StreamingDataflowPartition_1_MVAU_hls_0/StreamingDataflowPartition_1_MVAU_hls_0/inst/grp_Matrix_Vector_Activate_Stream_Batch_fu_34/sf_2_fu_2537_p2_carry__0_n_3
    SLICE_X46Y84         CARRY4 (Prop_carry4_CI_CO[3])
                                                      0.117     6.609 r  top_i/StreamingDataflowPartition_1/inst/StreamingDataflowPartition_1_MVAU_hls_0/StreamingDataflowPartition_1_MVAU_hls_0/inst/grp_Matrix_Vector_Activate_Stream_Batch_fu_34/sf_2_fu_2537_p2_carry__1/CO[3]
                         net (fo=1, routed)           0.000     6.609    top_i/StreamingDataflowPartition_1/inst/StreamingDataflowPartition_1_MVAU_hls_0/StreamingDataflowPartition_1_MVAU_hls_0/inst/grp_Matrix_Vector_Activate_Stream_Batch_fu_34/sf_2_fu_2537_p2_carry__1_n_3
    SLICE_X46Y85         CARRY4 (Prop_carry4_CI_CO[3])
                                                      0.117     6.726 r  top_i/StreamingDataflowPartition_1/inst/StreamingDataflowPartition_1_MVAU_hls_0/StreamingDataflowPartition_1_MVAU_hls_0/inst/grp_Matrix_Vector_Activate_Stream_Batch_fu_34/sf_2_fu_2537_p2_carry__2/CO[3]
                         net (fo=1, routed)           0.000     6.726    top_i/StreamingDataflowPartition_1/inst/StreamingDataflowPartition_1_MVAU_hls_0/StreamingDataflowPartition_1_MVAU_hls_0/inst/grp_Matrix_Vector_Activate_Stream_Batch_fu_34/sf_2_fu_2537_p2_carry__2_n_3
    SLICE_X46Y86         CARRY4 (Prop_carry4_CI_CO[3])
                                                      0.117     6.843 r  top_i/StreamingDataflowPartition_1/inst/StreamingDataflowPartition_1_MVAU_hls_0/StreamingDataflowPartition_1_MVAU_hls_0/inst/grp_Matrix_Vector_Activate_Stream_Batch_fu_34/sf_2_fu_2537_p2_carry__3/CO[3]
                         net (fo=1, routed)           0.000     6.843    top_i/StreamingDataflowPartition_1/inst/StreamingDataflowPartition_1_MVAU_hls_0/StreamingDataflowPartition_1_MVAU_hls_0/inst/grp_Matrix_Vector_Activate_Stream_Batch_fu_34/sf_2_fu_2537_p2_carry__3_n_3
    SLICE_X46Y87         CARRY4 (Prop_carry4_CI_CO[3])
                                                      0.117     6.960 r  top_i/StreamingDataflowPartition_1/inst/StreamingDataflowPartition_1_MVAU_hls_0/StreamingDataflowPartition_1_MVAU_hls_0/inst/grp_Matrix_Vector_Activate_Stream_Batch_fu_34/sf_2_fu_2537_p2_carry__4/CO[3]
                         net (fo=1, routed)           0.000     6.960    top_i/StreamingDataflowPartition_1/inst/StreamingDataflowPartition_1_MVAU_hls_0/StreamingDataflowPartition_1_MVAU_hls_0/inst/grp_Matrix_Vector_Activate_Stream_Batch_fu_34/sf_2_fu_2537_p2_carry__4_n_3
    SLICE_X46Y88         CARRY4 (Prop_carry4_CI_O[1])
                                                      0.337     7.297 f  top_i/StreamingDataflowPartition_1/inst/StreamingDataflowPartition_1_MVAU_hls_0/StreamingDataflowPartition_1_MVAU_hls_0/inst/grp_Matrix_Vector_Activate_Stream_Batch_fu_34/sf_2_fu_2537_p2_carry__5/O[1]
                         net (fo=2, routed)           0.581     7.878    top_i/StreamingDataflowPartition_1/inst/StreamingDataflowPartition_1_MVAU_hls_0/StreamingDataflowPartition_1_MVAU_hls_0/inst/grp_Matrix_Vector_Activate_Stream_Batch_fu_34/sf_2_fu_2537_p2[26]
    SLICE_X47Y85         LUT4 (Prop_lut4_I0_O)        0.306     8.184 f  top_i/StreamingDataflowPartition_1/inst/StreamingDataflowPartition_1_MVAU_hls_0/StreamingDataflowPartition_1_MVAU_hls_0/inst/grp_Matrix_Vector_Activate_Stream_Batch_fu_34/icmp_ln290_reg_3420[0]_i_9/O
                         net (fo=1, routed)           0.287     8.472    top_i/StreamingDataflowPartition_1/inst/StreamingDataflowPartition_1_MVAU_hls_0/StreamingDataflowPartition_1_MVAU_hls_0/inst/grp_Matrix_Vector_Activate_Stream_Batch_fu_34/icmp_ln290_reg_3420[0]_i_9_n_3
    SLICE_X45Y85         LUT5 (Prop_lut5_I4_O)        0.124     8.596 f  top_i/StreamingDataflowPartition_1/inst/StreamingDataflowPartition_1_MVAU_hls_0/StreamingDataflowPartition_1_MVAU_hls_0/inst/grp_Matrix_Vector_Activate_Stream_Batch_fu_34/icmp_ln290_reg_3420[0]_i_5/O
                         net (fo=1, routed)           0.641     9.237    top_i/StreamingDataflowPartition_1/inst/StreamingDataflowPartition_1_MVAU_hls_0/StreamingDataflowPartition_1_MVAU_hls_0/inst/grp_Matrix_Vector_Activate_Stream_Batch_fu_34/flow_control_loop_pipe_sequential_init_U/icmp_ln290_reg_3420_reg[0]_0
    SLICE_X48Y85         LUT4 (Prop_lut4_I3_O)        0.124     9.361 r  top_i/StreamingDataflowPartition_1/inst/StreamingDataflowPartition_1_MVAU_hls_0/StreamingDataflowPartition_1_MVAU_hls_0/inst/grp_Matrix_Vector_Activate_Stream_Batch_fu_34/flow_control_loop_pipe_sequential_init_U/icmp_ln290_reg_3420[0]_i_1/O
                         net (fo=4, routed)           0.746    10.107    top_i/StreamingDataflowPartition_1/inst/StreamingDataflowPartition_1_MVAU_hls_0/StreamingDataflowPartition_1_MVAU_hls_0/inst/grp_Matrix_Vector_Activate_Stream_Batch_fu_34/flow_control_loop_pipe_sequential_init_U/icmp_ln290_fu_2543_p2
    SLICE_X47Y83         LUT2 (Prop_lut2_I0_O)        0.124    10.231 r  top_i/StreamingDataflowPartition_1/inst/StreamingDataflowPartition_1_MVAU_hls_0/StreamingDataflowPartition_1_MVAU_hls_0/inst/grp_Matrix_Vector_Activate_Stream_Batch_fu_34/flow_control_loop_pipe_sequential_init_U/sf_fu_224[31]_i_1/O
                         net (fo=64, routed)          0.802    11.033    top_i/StreamingDataflowPartition_1/inst/StreamingDataflowPartition_1_MVAU_hls_0/StreamingDataflowPartition_1_MVAU_hls_0/inst/grp_Matrix_Vector_Activate_Stream_Batch_fu_34/nf_1_fu_352
    SLICE_X46Y88         FDRE                                         r  top_i/StreamingDataflowPartition_1/inst/StreamingDataflowPartition_1_MVAU_hls_0/StreamingDataflowPartition_1_MVAU_hls_0/inst/grp_Matrix_Vector_Activate_Stream_Batch_fu_34/sf_fu_224_reg[28]/R
  -------------------------------------------------------------------    -------------------

                         (clock clk_fpga_0 rise edge)
                                                     10.000    10.000 r  
    PS7_X0Y0             PS7                          0.000    10.000 r  top_i/zynq_ps/inst/PS7_i/FCLKCLK[0]
                         net (fo=1, routed)           1.088    11.088    top_i/zynq_ps/inst/FCLK_CLK_unbuffered[0]
    BUFGCTRL_X0Y16       BUFG (Prop_bufg_I_O)         0.091    11.179 r  top_i/zynq_ps/inst/buffer_fclk_clk_0.FCLK_CLK_0_BUFG/O
                         net (fo=12912, routed)       1.475    12.654    top_i/StreamingDataflowPartition_1/inst/StreamingDataflowPartition_1_MVAU_hls_0/StreamingDataflowPartition_1_MVAU_hls_0/inst/grp_Matrix_Vector_Activate_Stream_Batch_fu_34/ap_clk
    SLICE_X46Y88         FDRE                                         r  top_i/StreamingDataflowPartition_1/inst/StreamingDataflowPartition_1_MVAU_hls_0/StreamingDataflowPartition_1_MVAU_hls_0/inst/grp_Matrix_Vector_Activate_Stream_Batch_fu_34/sf_fu_224_reg[28]/C
                         clock pessimism              0.263    12.917    
                         clock uncertainty           -0.154    12.763    
    SLICE_X46Y88         FDRE (Setup_fdre_C_R)       -0.524    12.239    top_i/StreamingDataflowPartition_1/inst/StreamingDataflowPartition_1_MVAU_hls_0/StreamingDataflowPartition_1_MVAU_hls_0/inst/grp_Matrix_Vector_Activate_Stream_Batch_fu_34/sf_fu_224_reg[28]
  -------------------------------------------------------------------
                         required time                         12.239    
                         arrival time                         -11.033    
  -------------------------------------------------------------------
                         slack                                  1.206    

Slack (MET) :             1.227ns  (required time - arrival time)
  Source:                 top_i/StreamingDataflowPartition_1/inst/StreamingDataflowPartition_1_MVAU_hls_0/StreamingDataflowPartition_1_MVAU_hls_0/inst/grp_Matrix_Vector_Activate_Stream_Batch_fu_34/flow_control_loop_pipe_sequential_init_U/ap_loop_init_int_reg/C
                            (rising edge-triggered cell FDRE clocked by clk_fpga_0  {rise@0.000ns fall@5.000ns period=10.000ns})
  Destination:            top_i/StreamingDataflowPartition_1/inst/StreamingDataflowPartition_1_MVAU_hls_0/StreamingDataflowPartition_1_MVAU_hls_0/inst/grp_Matrix_Vector_Activate_Stream_Batch_fu_34/sf_fu_224_reg[29]/R
                            (rising edge-triggered cell FDRE clocked by clk_fpga_0  {rise@0.000ns fall@5.000ns period=10.000ns})
  Path Group:             clk_fpga_0
  Path Type:              Setup (Max at Slow Process Corner)
  Requirement:            10.000ns  (clk_fpga_0 rise@10.000ns - clk_fpga_0 rise@0.000ns)
  Data Path Delay:        8.075ns  (logic 3.141ns (38.899%)  route 4.934ns (61.101%))
  Logic Levels:           12  (CARRY4=7 LUT2=1 LUT3=1 LUT4=2 LUT5=1)
  Clock Path Skew:        -0.020ns (DCD - SCD + CPR)
    Destination Clock Delay (DCD):    2.655ns = ( 12.655 - 10.000 ) 
    Source Clock Delay      (SCD):    2.938ns
    Clock Pessimism Removal (CPR):    0.263ns
  Clock Uncertainty:      0.154ns  ((TSJ^2 + TIJ^2)^1/2 + DJ) / 2 + PE
    Total System Jitter     (TSJ):    0.071ns
    Total Input Jitter      (TIJ):    0.300ns
    Discrete Jitter          (DJ):    0.000ns
    Phase Error              (PE):    0.000ns

    Location             Delay type                Incr(ns)  Path(ns)    Netlist Resource(s)
  -------------------------------------------------------------------    -------------------
                         (clock clk_fpga_0 rise edge)
                                                      0.000     0.000 r  
    PS7_X0Y0             PS7                          0.000     0.000 r  top_i/zynq_ps/inst/PS7_i/FCLKCLK[0]
                         net (fo=1, routed)           1.193     1.193    top_i/zynq_ps/inst/FCLK_CLK_unbuffered[0]
    BUFGCTRL_X0Y16       BUFG (Prop_bufg_I_O)         0.101     1.294 r  top_i/zynq_ps/inst/buffer_fclk_clk_0.FCLK_CLK_0_BUFG/O
                         net (fo=12912, routed)       1.644     2.938    top_i/StreamingDataflowPartition_1/inst/StreamingDataflowPartition_1_MVAU_hls_0/StreamingDataflowPartition_1_MVAU_hls_0/inst/grp_Matrix_Vector_Activate_Stream_Batch_fu_34/flow_control_loop_pipe_sequential_init_U/ap_clk
    SLICE_X47Y84         FDRE                                         r  top_i/StreamingDataflowPartition_1/inst/StreamingDataflowPartition_1_MVAU_hls_0/StreamingDataflowPartition_1_MVAU_hls_0/inst/grp_Matrix_Vector_Activate_Stream_Batch_fu_34/flow_control_loop_pipe_sequential_init_U/ap_loop_init_int_reg/C
  -------------------------------------------------------------------    -------------------
    SLICE_X47Y84         FDRE (Prop_fdre_C_Q)         0.419     3.357 f  top_i/StreamingDataflowPartition_1/inst/StreamingDataflowPartition_1_MVAU_hls_0/StreamingDataflowPartition_1_MVAU_hls_0/inst/grp_Matrix_Vector_Activate_Stream_Batch_fu_34/flow_control_loop_pipe_sequential_init_U/ap_loop_init_int_reg/Q
                         net (fo=114, routed)         1.166     4.523    top_i/StreamingDataflowPartition_1/inst/StreamingDataflowPartition_1_MVAU_hls_0/StreamingDataflowPartition_1_MVAU_hls_0/inst/grp_Matrix_Vector_Activate_Stream_Batch_fu_34/flow_control_loop_pipe_sequential_init_U/ap_loop_init_int
    SLICE_X52Y82         LUT3 (Prop_lut3_I1_O)        0.325     4.848 r  top_i/StreamingDataflowPartition_1/inst/StreamingDataflowPartition_1_MVAU_hls_0/StreamingDataflowPartition_1_MVAU_hls_0/inst/grp_Matrix_Vector_Activate_Stream_Batch_fu_34/flow_control_loop_pipe_sequential_init_U/sf_2_fu_2537_p2_carry_i_1/O
                         net (fo=83, routed)          0.730     5.578    top_i/StreamingDataflowPartition_1/inst/StreamingDataflowPartition_1_MVAU_hls_0/StreamingDataflowPartition_1_MVAU_hls_0/inst/grp_Matrix_Vector_Activate_Stream_Batch_fu_34/ap_sig_allocacmp_sf_1[0]
    SLICE_X46Y82         CARRY4 (Prop_carry4_CYINIT_CO[3])
                                                      0.797     6.375 r  top_i/StreamingDataflowPartition_1/inst/StreamingDataflowPartition_1_MVAU_hls_0/StreamingDataflowPartition_1_MVAU_hls_0/inst/grp_Matrix_Vector_Activate_Stream_Batch_fu_34/sf_2_fu_2537_p2_carry/CO[3]
                         net (fo=1, routed)           0.000     6.375    top_i/StreamingDataflowPartition_1/inst/StreamingDataflowPartition_1_MVAU_hls_0/StreamingDataflowPartition_1_MVAU_hls_0/inst/grp_Matrix_Vector_Activate_Stream_Batch_fu_34/sf_2_fu_2537_p2_carry_n_3
    SLICE_X46Y83         CARRY4 (Prop_carry4_CI_CO[3])
                                                      0.117     6.492 r  top_i/StreamingDataflowPartition_1/inst/StreamingDataflowPartition_1_MVAU_hls_0/StreamingDataflowPartition_1_MVAU_hls_0/inst/grp_Matrix_Vector_Activate_Stream_Batch_fu_34/sf_2_fu_2537_p2_carry__0/CO[3]
                         net (fo=1, routed)           0.000     6.492    top_i/StreamingDataflowPartition_1/inst/StreamingDataflowPartition_1_MVAU_hls_0/StreamingDataflowPartition_1_MVAU_hls_0/inst/grp_Matrix_Vector_Activate_Stream_Batch_fu_34/sf_2_fu_2537_p2_carry__0_n_3
    SLICE_X46Y84         CARRY4 (Prop_carry4_CI_CO[3])
                                                      0.117     6.609 r  top_i/StreamingDataflowPartition_1/inst/StreamingDataflowPartition_1_MVAU_hls_0/StreamingDataflowPartition_1_MVAU_hls_0/inst/grp_Matrix_Vector_Activate_Stream_Batch_fu_34/sf_2_fu_2537_p2_carry__1/CO[3]
                         net (fo=1, routed)           0.000     6.609    top_i/StreamingDataflowPartition_1/inst/StreamingDataflowPartition_1_MVAU_hls_0/StreamingDataflowPartition_1_MVAU_hls_0/inst/grp_Matrix_Vector_Activate_Stream_Batch_fu_34/sf_2_fu_2537_p2_carry__1_n_3
    SLICE_X46Y85         CARRY4 (Prop_carry4_CI_CO[3])
                                                      0.117     6.726 r  top_i/StreamingDataflowPartition_1/inst/StreamingDataflowPartition_1_MVAU_hls_0/StreamingDataflowPartition_1_MVAU_hls_0/inst/grp_Matrix_Vector_Activate_Stream_Batch_fu_34/sf_2_fu_2537_p2_carry__2/CO[3]
                         net (fo=1, routed)           0.000     6.726    top_i/StreamingDataflowPartition_1/inst/StreamingDataflowPartition_1_MVAU_hls_0/StreamingDataflowPartition_1_MVAU_hls_0/inst/grp_Matrix_Vector_Activate_Stream_Batch_fu_34/sf_2_fu_2537_p2_carry__2_n_3
    SLICE_X46Y86         CARRY4 (Prop_carry4_CI_CO[3])
                                                      0.117     6.843 r  top_i/StreamingDataflowPartition_1/inst/StreamingDataflowPartition_1_MVAU_hls_0/StreamingDataflowPartition_1_MVAU_hls_0/inst/grp_Matrix_Vector_Activate_Stream_Batch_fu_34/sf_2_fu_2537_p2_carry__3/CO[3]
                         net (fo=1, routed)           0.000     6.843    top_i/StreamingDataflowPartition_1/inst/StreamingDataflowPartition_1_MVAU_hls_0/StreamingDataflowPartition_1_MVAU_hls_0/inst/grp_Matrix_Vector_Activate_Stream_Batch_fu_34/sf_2_fu_2537_p2_carry__3_n_3
    SLICE_X46Y87         CARRY4 (Prop_carry4_CI_CO[3])
                                                      0.117     6.960 r  top_i/StreamingDataflowPartition_1/inst/StreamingDataflowPartition_1_MVAU_hls_0/StreamingDataflowPartition_1_MVAU_hls_0/inst/grp_Matrix_Vector_Activate_Stream_Batch_fu_34/sf_2_fu_2537_p2_carry__4/CO[3]
                         net (fo=1, routed)           0.000     6.960    top_i/StreamingDataflowPartition_1/inst/StreamingDataflowPartition_1_MVAU_hls_0/StreamingDataflowPartition_1_MVAU_hls_0/inst/grp_Matrix_Vector_Activate_Stream_Batch_fu_34/sf_2_fu_2537_p2_carry__4_n_3
    SLICE_X46Y88         CARRY4 (Prop_carry4_CI_O[1])
                                                      0.337     7.297 f  top_i/StreamingDataflowPartition_1/inst/StreamingDataflowPartition_1_MVAU_hls_0/StreamingDataflowPartition_1_MVAU_hls_0/inst/grp_Matrix_Vector_Activate_Stream_Batch_fu_34/sf_2_fu_2537_p2_carry__5/O[1]
                         net (fo=2, routed)           0.581     7.878    top_i/StreamingDataflowPartition_1/inst/StreamingDataflowPartition_1_MVAU_hls_0/StreamingDataflowPartition_1_MVAU_hls_0/inst/grp_Matrix_Vector_Activate_Stream_Batch_fu_34/sf_2_fu_2537_p2[26]
    SLICE_X47Y85         LUT4 (Prop_lut4_I0_O)        0.306     8.184 f  top_i/StreamingDataflowPartition_1/inst/StreamingDataflowPartition_1_MVAU_hls_0/StreamingDataflowPartition_1_MVAU_hls_0/inst/grp_Matrix_Vector_Activate_Stream_Batch_fu_34/icmp_ln290_reg_3420[0]_i_9/O
                         net (fo=1, routed)           0.287     8.472    top_i/StreamingDataflowPartition_1/inst/StreamingDataflowPartition_1_MVAU_hls_0/StreamingDataflowPartition_1_MVAU_hls_0/inst/grp_Matrix_Vector_Activate_Stream_Batch_fu_34/icmp_ln290_reg_3420[0]_i_9_n_3
    SLICE_X45Y85         LUT5 (Prop_lut5_I4_O)        0.124     8.596 f  top_i/StreamingDataflowPartition_1/inst/StreamingDataflowPartition_1_MVAU_hls_0/StreamingDataflowPartition_1_MVAU_hls_0/inst/grp_Matrix_Vector_Activate_Stream_Batch_fu_34/icmp_ln290_reg_3420[0]_i_5/O
                         net (fo=1, routed)           0.641     9.237    top_i/StreamingDataflowPartition_1/inst/StreamingDataflowPartition_1_MVAU_hls_0/StreamingDataflowPartition_1_MVAU_hls_0/inst/grp_Matrix_Vector_Activate_Stream_Batch_fu_34/flow_control_loop_pipe_sequential_init_U/icmp_ln290_reg_3420_reg[0]_0
    SLICE_X48Y85         LUT4 (Prop_lut4_I3_O)        0.124     9.361 r  top_i/StreamingDataflowPartition_1/inst/StreamingDataflowPartition_1_MVAU_hls_0/StreamingDataflowPartition_1_MVAU_hls_0/inst/grp_Matrix_Vector_Activate_Stream_Batch_fu_34/flow_control_loop_pipe_sequential_init_U/icmp_ln290_reg_3420[0]_i_1/O
                         net (fo=4, routed)           0.746    10.107    top_i/StreamingDataflowPartition_1/inst/StreamingDataflowPartition_1_MVAU_hls_0/StreamingDataflowPartition_1_MVAU_hls_0/inst/grp_Matrix_Vector_Activate_Stream_Batch_fu_34/flow_control_loop_pipe_sequential_init_U/icmp_ln290_fu_2543_p2
    SLICE_X47Y83         LUT2 (Prop_lut2_I0_O)        0.124    10.231 r  top_i/StreamingDataflowPartition_1/inst/StreamingDataflowPartition_1_MVAU_hls_0/StreamingDataflowPartition_1_MVAU_hls_0/inst/grp_Matrix_Vector_Activate_Stream_Batch_fu_34/flow_control_loop_pipe_sequential_init_U/sf_fu_224[31]_i_1/O
                         net (fo=64, routed)          0.782    11.013    top_i/StreamingDataflowPartition_1/inst/StreamingDataflowPartition_1_MVAU_hls_0/StreamingDataflowPartition_1_MVAU_hls_0/inst/grp_Matrix_Vector_Activate_Stream_Batch_fu_34/nf_1_fu_352
    SLICE_X46Y89         FDRE                                         r  top_i/StreamingDataflowPartition_1/inst/StreamingDataflowPartition_1_MVAU_hls_0/StreamingDataflowPartition_1_MVAU_hls_0/inst/grp_Matrix_Vector_Activate_Stream_Batch_fu_34/sf_fu_224_reg[29]/R
  -------------------------------------------------------------------    -------------------

                         (clock clk_fpga_0 rise edge)
                                                     10.000    10.000 r  
    PS7_X0Y0             PS7                          0.000    10.000 r  top_i/zynq_ps/inst/PS7_i/FCLKCLK[0]
                         net (fo=1, routed)           1.088    11.088    top_i/zynq_ps/inst/FCLK_CLK_unbuffered[0]
    BUFGCTRL_X0Y16       BUFG (Prop_bufg_I_O)         0.091    11.179 r  top_i/zynq_ps/inst/buffer_fclk_clk_0.FCLK_CLK_0_BUFG/O
                         net (fo=12912, routed)       1.476    12.655    top_i/StreamingDataflowPartition_1/inst/StreamingDataflowPartition_1_MVAU_hls_0/StreamingDataflowPartition_1_MVAU_hls_0/inst/grp_Matrix_Vector_Activate_Stream_Batch_fu_34/ap_clk
    SLICE_X46Y89         FDRE                                         r  top_i/StreamingDataflowPartition_1/inst/StreamingDataflowPartition_1_MVAU_hls_0/StreamingDataflowPartition_1_MVAU_hls_0/inst/grp_Matrix_Vector_Activate_Stream_Batch_fu_34/sf_fu_224_reg[29]/C
                         clock pessimism              0.263    12.918    
                         clock uncertainty           -0.154    12.764    
    SLICE_X46Y89         FDRE (Setup_fdre_C_R)       -0.524    12.240    top_i/StreamingDataflowPartition_1/inst/StreamingDataflowPartition_1_MVAU_hls_0/StreamingDataflowPartition_1_MVAU_hls_0/inst/grp_Matrix_Vector_Activate_Stream_Batch_fu_34/sf_fu_224_reg[29]
  -------------------------------------------------------------------
                         required time                         12.240    
                         arrival time                         -11.013    
  -------------------------------------------------------------------
                         slack                                  1.227    

Slack (MET) :             1.227ns  (required time - arrival time)
  Source:                 top_i/StreamingDataflowPartition_1/inst/StreamingDataflowPartition_1_MVAU_hls_0/StreamingDataflowPartition_1_MVAU_hls_0/inst/grp_Matrix_Vector_Activate_Stream_Batch_fu_34/flow_control_loop_pipe_sequential_init_U/ap_loop_init_int_reg/C
                            (rising edge-triggered cell FDRE clocked by clk_fpga_0  {rise@0.000ns fall@5.000ns period=10.000ns})
  Destination:            top_i/StreamingDataflowPartition_1/inst/StreamingDataflowPartition_1_MVAU_hls_0/StreamingDataflowPartition_1_MVAU_hls_0/inst/grp_Matrix_Vector_Activate_Stream_Batch_fu_34/sf_fu_224_reg[30]/R
                            (rising edge-triggered cell FDRE clocked by clk_fpga_0  {rise@0.000ns fall@5.000ns period=10.000ns})
  Path Group:             clk_fpga_0
  Path Type:              Setup (Max at Slow Process Corner)
  Requirement:            10.000ns  (clk_fpga_0 rise@10.000ns - clk_fpga_0 rise@0.000ns)
  Data Path Delay:        8.075ns  (logic 3.141ns (38.899%)  route 4.934ns (61.101%))
  Logic Levels:           12  (CARRY4=7 LUT2=1 LUT3=1 LUT4=2 LUT5=1)
  Clock Path Skew:        -0.020ns (DCD - SCD + CPR)
    Destination Clock Delay (DCD):    2.655ns = ( 12.655 - 10.000 ) 
    Source Clock Delay      (SCD):    2.938ns
    Clock Pessimism Removal (CPR):    0.263ns
  Clock Uncertainty:      0.154ns  ((TSJ^2 + TIJ^2)^1/2 + DJ) / 2 + PE
    Total System Jitter     (TSJ):    0.071ns
    Total Input Jitter      (TIJ):    0.300ns
    Discrete Jitter          (DJ):    0.000ns
    Phase Error              (PE):    0.000ns

    Location             Delay type                Incr(ns)  Path(ns)    Netlist Resource(s)
  -------------------------------------------------------------------    -------------------
                         (clock clk_fpga_0 rise edge)
                                                      0.000     0.000 r  
    PS7_X0Y0             PS7                          0.000     0.000 r  top_i/zynq_ps/inst/PS7_i/FCLKCLK[0]
                         net (fo=1, routed)           1.193     1.193    top_i/zynq_ps/inst/FCLK_CLK_unbuffered[0]
    BUFGCTRL_X0Y16       BUFG (Prop_bufg_I_O)         0.101     1.294 r  top_i/zynq_ps/inst/buffer_fclk_clk_0.FCLK_CLK_0_BUFG/O
                         net (fo=12912, routed)       1.644     2.938    top_i/StreamingDataflowPartition_1/inst/StreamingDataflowPartition_1_MVAU_hls_0/StreamingDataflowPartition_1_MVAU_hls_0/inst/grp_Matrix_Vector_Activate_Stream_Batch_fu_34/flow_control_loop_pipe_sequential_init_U/ap_clk
    SLICE_X47Y84         FDRE                                         r  top_i/StreamingDataflowPartition_1/inst/StreamingDataflowPartition_1_MVAU_hls_0/StreamingDataflowPartition_1_MVAU_hls_0/inst/grp_Matrix_Vector_Activate_Stream_Batch_fu_34/flow_control_loop_pipe_sequential_init_U/ap_loop_init_int_reg/C
  -------------------------------------------------------------------    -------------------
    SLICE_X47Y84         FDRE (Prop_fdre_C_Q)         0.419     3.357 f  top_i/StreamingDataflowPartition_1/inst/StreamingDataflowPartition_1_MVAU_hls_0/StreamingDataflowPartition_1_MVAU_hls_0/inst/grp_Matrix_Vector_Activate_Stream_Batch_fu_34/flow_control_loop_pipe_sequential_init_U/ap_loop_init_int_reg/Q
                         net (fo=114, routed)         1.166     4.523    top_i/StreamingDataflowPartition_1/inst/StreamingDataflowPartition_1_MVAU_hls_0/StreamingDataflowPartition_1_MVAU_hls_0/inst/grp_Matrix_Vector_Activate_Stream_Batch_fu_34/flow_control_loop_pipe_sequential_init_U/ap_loop_init_int
    SLICE_X52Y82         LUT3 (Prop_lut3_I1_O)        0.325     4.848 r  top_i/StreamingDataflowPartition_1/inst/StreamingDataflowPartition_1_MVAU_hls_0/StreamingDataflowPartition_1_MVAU_hls_0/inst/grp_Matrix_Vector_Activate_Stream_Batch_fu_34/flow_control_loop_pipe_sequential_init_U/sf_2_fu_2537_p2_carry_i_1/O
                         net (fo=83, routed)          0.730     5.578    top_i/StreamingDataflowPartition_1/inst/StreamingDataflowPartition_1_MVAU_hls_0/StreamingDataflowPartition_1_MVAU_hls_0/inst/grp_Matrix_Vector_Activate_Stream_Batch_fu_34/ap_sig_allocacmp_sf_1[0]
    SLICE_X46Y82         CARRY4 (Prop_carry4_CYINIT_CO[3])
                                                      0.797     6.375 r  top_i/StreamingDataflowPartition_1/inst/StreamingDataflowPartition_1_MVAU_hls_0/StreamingDataflowPartition_1_MVAU_hls_0/inst/grp_Matrix_Vector_Activate_Stream_Batch_fu_34/sf_2_fu_2537_p2_carry/CO[3]
                         net (fo=1, routed)           0.000     6.375    top_i/StreamingDataflowPartition_1/inst/StreamingDataflowPartition_1_MVAU_hls_0/StreamingDataflowPartition_1_MVAU_hls_0/inst/grp_Matrix_Vector_Activate_Stream_Batch_fu_34/sf_2_fu_2537_p2_carry_n_3
    SLICE_X46Y83         CARRY4 (Prop_carry4_CI_CO[3])
                                                      0.117     6.492 r  top_i/StreamingDataflowPartition_1/inst/StreamingDataflowPartition_1_MVAU_hls_0/StreamingDataflowPartition_1_MVAU_hls_0/inst/grp_Matrix_Vector_Activate_Stream_Batch_fu_34/sf_2_fu_2537_p2_carry__0/CO[3]
                         net (fo=1, routed)           0.000     6.492    top_i/StreamingDataflowPartition_1/inst/StreamingDataflowPartition_1_MVAU_hls_0/StreamingDataflowPartition_1_MVAU_hls_0/inst/grp_Matrix_Vector_Activate_Stream_Batch_fu_34/sf_2_fu_2537_p2_carry__0_n_3
    SLICE_X46Y84         CARRY4 (Prop_carry4_CI_CO[3])
                                                      0.117     6.609 r  top_i/StreamingDataflowPartition_1/inst/StreamingDataflowPartition_1_MVAU_hls_0/StreamingDataflowPartition_1_MVAU_hls_0/inst/grp_Matrix_Vector_Activate_Stream_Batch_fu_34/sf_2_fu_2537_p2_carry__1/CO[3]
                         net (fo=1, routed)           0.000     6.609    top_i/StreamingDataflowPartition_1/inst/StreamingDataflowPartition_1_MVAU_hls_0/StreamingDataflowPartition_1_MVAU_hls_0/inst/grp_Matrix_Vector_Activate_Stream_Batch_fu_34/sf_2_fu_2537_p2_carry__1_n_3
    SLICE_X46Y85         CARRY4 (Prop_carry4_CI_CO[3])
                                                      0.117     6.726 r  top_i/StreamingDataflowPartition_1/inst/StreamingDataflowPartition_1_MVAU_hls_0/StreamingDataflowPartition_1_MVAU_hls_0/inst/grp_Matrix_Vector_Activate_Stream_Batch_fu_34/sf_2_fu_2537_p2_carry__2/CO[3]
                         net (fo=1, routed)           0.000     6.726    top_i/StreamingDataflowPartition_1/inst/StreamingDataflowPartition_1_MVAU_hls_0/StreamingDataflowPartition_1_MVAU_hls_0/inst/grp_Matrix_Vector_Activate_Stream_Batch_fu_34/sf_2_fu_2537_p2_carry__2_n_3
    SLICE_X46Y86         CARRY4 (Prop_carry4_CI_CO[3])
                                                      0.117     6.843 r  top_i/StreamingDataflowPartition_1/inst/StreamingDataflowPartition_1_MVAU_hls_0/StreamingDataflowPartition_1_MVAU_hls_0/inst/grp_Matrix_Vector_Activate_Stream_Batch_fu_34/sf_2_fu_2537_p2_carry__3/CO[3]
                         net (fo=1, routed)           0.000     6.843    top_i/StreamingDataflowPartition_1/inst/StreamingDataflowPartition_1_MVAU_hls_0/StreamingDataflowPartition_1_MVAU_hls_0/inst/grp_Matrix_Vector_Activate_Stream_Batch_fu_34/sf_2_fu_2537_p2_carry__3_n_3
    SLICE_X46Y87         CARRY4 (Prop_carry4_CI_CO[3])
                                                      0.117     6.960 r  top_i/StreamingDataflowPartition_1/inst/StreamingDataflowPartition_1_MVAU_hls_0/StreamingDataflowPartition_1_MVAU_hls_0/inst/grp_Matrix_Vector_Activate_Stream_Batch_fu_34/sf_2_fu_2537_p2_carry__4/CO[3]
                         net (fo=1, routed)           0.000     6.960    top_i/StreamingDataflowPartition_1/inst/StreamingDataflowPartition_1_MVAU_hls_0/StreamingDataflowPartition_1_MVAU_hls_0/inst/grp_Matrix_Vector_Activate_Stream_Batch_fu_34/sf_2_fu_2537_p2_carry__4_n_3
    SLICE_X46Y88         CARRY4 (Prop_carry4_CI_O[1])
                                                      0.337     7.297 f  top_i/StreamingDataflowPartition_1/inst/StreamingDataflowPartition_1_MVAU_hls_0/StreamingDataflowPartition_1_MVAU_hls_0/inst/grp_Matrix_Vector_Activate_Stream_Batch_fu_34/sf_2_fu_2537_p2_carry__5/O[1]
                         net (fo=2, routed)           0.581     7.878    top_i/StreamingDataflowPartition_1/inst/StreamingDataflowPartition_1_MVAU_hls_0/StreamingDataflowPartition_1_MVAU_hls_0/inst/grp_Matrix_Vector_Activate_Stream_Batch_fu_34/sf_2_fu_2537_p2[26]
    SLICE_X47Y85         LUT4 (Prop_lut4_I0_O)        0.306     8.184 f  top_i/StreamingDataflowPartition_1/inst/StreamingDataflowPartition_1_MVAU_hls_0/StreamingDataflowPartition_1_MVAU_hls_0/inst/grp_Matrix_Vector_Activate_Stream_Batch_fu_34/icmp_ln290_reg_3420[0]_i_9/O
                         net (fo=1, routed)           0.287     8.472    top_i/StreamingDataflowPartition_1/inst/StreamingDataflowPartition_1_MVAU_hls_0/StreamingDataflowPartition_1_MVAU_hls_0/inst/grp_Matrix_Vector_Activate_Stream_Batch_fu_34/icmp_ln290_reg_3420[0]_i_9_n_3
    SLICE_X45Y85         LUT5 (Prop_lut5_I4_O)        0.124     8.596 f  top_i/StreamingDataflowPartition_1/inst/StreamingDataflowPartition_1_MVAU_hls_0/StreamingDataflowPartition_1_MVAU_hls_0/inst/grp_Matrix_Vector_Activate_Stream_Batch_fu_34/icmp_ln290_reg_3420[0]_i_5/O
                         net (fo=1, routed)           0.641     9.237    top_i/StreamingDataflowPartition_1/inst/StreamingDataflowPartition_1_MVAU_hls_0/StreamingDataflowPartition_1_MVAU_hls_0/inst/grp_Matrix_Vector_Activate_Stream_Batch_fu_34/flow_control_loop_pipe_sequential_init_U/icmp_ln290_reg_3420_reg[0]_0
    SLICE_X48Y85         LUT4 (Prop_lut4_I3_O)        0.124     9.361 r  top_i/StreamingDataflowPartition_1/inst/StreamingDataflowPartition_1_MVAU_hls_0/StreamingDataflowPartition_1_MVAU_hls_0/inst/grp_Matrix_Vector_Activate_Stream_Batch_fu_34/flow_control_loop_pipe_sequential_init_U/icmp_ln290_reg_3420[0]_i_1/O
                         net (fo=4, routed)           0.746    10.107    top_i/StreamingDataflowPartition_1/inst/StreamingDataflowPartition_1_MVAU_hls_0/StreamingDataflowPartition_1_MVAU_hls_0/inst/grp_Matrix_Vector_Activate_Stream_Batch_fu_34/flow_control_loop_pipe_sequential_init_U/icmp_ln290_fu_2543_p2
    SLICE_X47Y83         LUT2 (Prop_lut2_I0_O)        0.124    10.231 r  top_i/StreamingDataflowPartition_1/inst/StreamingDataflowPartition_1_MVAU_hls_0/StreamingDataflowPartition_1_MVAU_hls_0/inst/grp_Matrix_Vector_Activate_Stream_Batch_fu_34/flow_control_loop_pipe_sequential_init_U/sf_fu_224[31]_i_1/O
                         net (fo=64, routed)          0.782    11.013    top_i/StreamingDataflowPartition_1/inst/StreamingDataflowPartition_1_MVAU_hls_0/StreamingDataflowPartition_1_MVAU_hls_0/inst/grp_Matrix_Vector_Activate_Stream_Batch_fu_34/nf_1_fu_352
    SLICE_X46Y89         FDRE                                         r  top_i/StreamingDataflowPartition_1/inst/StreamingDataflowPartition_1_MVAU_hls_0/StreamingDataflowPartition_1_MVAU_hls_0/inst/grp_Matrix_Vector_Activate_Stream_Batch_fu_34/sf_fu_224_reg[30]/R
  -------------------------------------------------------------------    -------------------

                         (clock clk_fpga_0 rise edge)
                                                     10.000    10.000 r  
    PS7_X0Y0             PS7                          0.000    10.000 r  top_i/zynq_ps/inst/PS7_i/FCLKCLK[0]
                         net (fo=1, routed)           1.088    11.088    top_i/zynq_ps/inst/FCLK_CLK_unbuffered[0]
    BUFGCTRL_X0Y16       BUFG (Prop_bufg_I_O)         0.091    11.179 r  top_i/zynq_ps/inst/buffer_fclk_clk_0.FCLK_CLK_0_BUFG/O
                         net (fo=12912, routed)       1.476    12.655    top_i/StreamingDataflowPartition_1/inst/StreamingDataflowPartition_1_MVAU_hls_0/StreamingDataflowPartition_1_MVAU_hls_0/inst/grp_Matrix_Vector_Activate_Stream_Batch_fu_34/ap_clk
    SLICE_X46Y89         FDRE                                         r  top_i/StreamingDataflowPartition_1/inst/StreamingDataflowPartition_1_MVAU_hls_0/StreamingDataflowPartition_1_MVAU_hls_0/inst/grp_Matrix_Vector_Activate_Stream_Batch_fu_34/sf_fu_224_reg[30]/C
                         clock pessimism              0.263    12.918    
                         clock uncertainty           -0.154    12.764    
    SLICE_X46Y89         FDRE (Setup_fdre_C_R)       -0.524    12.240    top_i/StreamingDataflowPartition_1/inst/StreamingDataflowPartition_1_MVAU_hls_0/StreamingDataflowPartition_1_MVAU_hls_0/inst/grp_Matrix_Vector_Activate_Stream_Batch_fu_34/sf_fu_224_reg[30]
  -------------------------------------------------------------------
                         required time                         12.240    
                         arrival time                         -11.013    
  -------------------------------------------------------------------
                         slack                                  1.227    





Min Delay Paths
--------------------------------------------------------------------------------------
Slack (MET) :             0.017ns  (arrival time - required time)
  Source:                 top_i/idma0/inst/StreamingDataflowPartition_0_IODMA_hls_0/inst/gmem_m_axi_U/bus_read/rreq_burst_conv/rs_req/data_p1_reg[34]/C
                            (rising edge-triggered cell FDRE clocked by clk_fpga_0  {rise@0.000ns fall@5.000ns period=10.000ns})
  Destination:            top_i/idma0/inst/StreamingDataflowPartition_0_IODMA_hls_0/inst/gmem_m_axi_U/bus_read/rreq_burst_conv/sect_cnt_reg[22]/D
                            (rising edge-triggered cell FDRE clocked by clk_fpga_0  {rise@0.000ns fall@5.000ns period=10.000ns})
  Path Group:             clk_fpga_0
  Path Type:              Hold (Min at Fast Process Corner)
  Requirement:            0.000ns  (clk_fpga_0 rise@0.000ns - clk_fpga_0 rise@0.000ns)
  Data Path Delay:        0.376ns  (logic 0.186ns (49.425%)  route 0.190ns (50.575%))
  Logic Levels:           1  (LUT3=1)
  Clock Path Skew:        0.267ns (DCD - SCD - CPR)
    Destination Clock Delay (DCD):    1.191ns
    Source Clock Delay      (SCD):    0.889ns
    Clock Pessimism Removal (CPR):    0.035ns

    Location             Delay type                Incr(ns)  Path(ns)    Netlist Resource(s)
  -------------------------------------------------------------------    -------------------
                         (clock clk_fpga_0 rise edge)
                                                      0.000     0.000 r  
    PS7_X0Y0             PS7                          0.000     0.000 r  top_i/zynq_ps/inst/PS7_i/FCLKCLK[0]
                         net (fo=1, routed)           0.310     0.310    top_i/zynq_ps/inst/FCLK_CLK_unbuffered[0]
    BUFGCTRL_X0Y16       BUFG (Prop_bufg_I_O)         0.026     0.336 r  top_i/zynq_ps/inst/buffer_fclk_clk_0.FCLK_CLK_0_BUFG/O
                         net (fo=12912, routed)       0.553     0.889    top_i/idma0/inst/StreamingDataflowPartition_0_IODMA_hls_0/inst/gmem_m_axi_U/bus_read/rreq_burst_conv/rs_req/ap_clk
    SLICE_X51Y51         FDRE                                         r  top_i/idma0/inst/StreamingDataflowPartition_0_IODMA_hls_0/inst/gmem_m_axi_U/bus_read/rreq_burst_conv/rs_req/data_p1_reg[34]/C
  -------------------------------------------------------------------    -------------------
    SLICE_X51Y51         FDRE (Prop_fdre_C_Q)         0.141     1.030 r  top_i/idma0/inst/StreamingDataflowPartition_0_IODMA_hls_0/inst/gmem_m_axi_U/bus_read/rreq_burst_conv/rs_req/data_p1_reg[34]/Q
                         net (fo=2, routed)           0.190     1.220    top_i/idma0/inst/StreamingDataflowPartition_0_IODMA_hls_0/inst/gmem_m_axi_U/bus_read/rreq_burst_conv/rs_req/data_p1_reg[75]_0[31]
    SLICE_X49Y50         LUT3 (Prop_lut3_I0_O)        0.045     1.265 r  top_i/idma0/inst/StreamingDataflowPartition_0_IODMA_hls_0/inst/gmem_m_axi_U/bus_read/rreq_burst_conv/rs_req/sect_cnt[22]_i_1/O
                         net (fo=1, routed)           0.000     1.265    top_i/idma0/inst/StreamingDataflowPartition_0_IODMA_hls_0/inst/gmem_m_axi_U/bus_read/rreq_burst_conv/rs_req_n_38
    SLICE_X49Y50         FDRE                                         r  top_i/idma0/inst/StreamingDataflowPartition_0_IODMA_hls_0/inst/gmem_m_axi_U/bus_read/rreq_burst_conv/sect_cnt_reg[22]/D
  -------------------------------------------------------------------    -------------------

                         (clock clk_fpga_0 rise edge)
                                                      0.000     0.000 r  
    PS7_X0Y0             PS7                          0.000     0.000 r  top_i/zynq_ps/inst/PS7_i/FCLKCLK[0]
                         net (fo=1, routed)           0.337     0.337    top_i/zynq_ps/inst/FCLK_CLK_unbuffered[0]
    BUFGCTRL_X0Y16       BUFG (Prop_bufg_I_O)         0.029     0.366 r  top_i/zynq_ps/inst/buffer_fclk_clk_0.FCLK_CLK_0_BUFG/O
                         net (fo=12912, routed)       0.825     1.191    top_i/idma0/inst/StreamingDataflowPartition_0_IODMA_hls_0/inst/gmem_m_axi_U/bus_read/rreq_burst_conv/ap_clk
    SLICE_X49Y50         FDRE                                         r  top_i/idma0/inst/StreamingDataflowPartition_0_IODMA_hls_0/inst/gmem_m_axi_U/bus_read/rreq_burst_conv/sect_cnt_reg[22]/C
                         clock pessimism             -0.035     1.156    
    SLICE_X49Y50         FDRE (Hold_fdre_C_D)         0.092     1.248    top_i/idma0/inst/StreamingDataflowPartition_0_IODMA_hls_0/inst/gmem_m_axi_U/bus_read/rreq_burst_conv/sect_cnt_reg[22]
  -------------------------------------------------------------------
                         required time                         -1.248    
                         arrival time                           1.265    
  -------------------------------------------------------------------
                         slack                                  0.017    

Slack (MET) :             0.019ns  (arrival time - required time)
  Source:                 top_i/odma0/inst/StreamingDataflowPartition_2_IODMA_hls_0/inst/gmem_m_axi_U/bus_write/wreq_throttle/rs_req/data_p1_reg[63]/C
                            (rising edge-triggered cell FDRE clocked by clk_fpga_0  {rise@0.000ns fall@5.000ns period=10.000ns})
  Destination:            top_i/smartconnect_0/inst/s01_entry_pipeline/s01_mmu/inst/aw_sreg/m_vector_i_reg[1124]/D
                            (rising edge-triggered cell FDRE clocked by clk_fpga_0  {rise@0.000ns fall@5.000ns period=10.000ns})
  Path Group:             clk_fpga_0
  Path Type:              Hold (Min at Fast Process Corner)
  Requirement:            0.000ns  (clk_fpga_0 rise@0.000ns - clk_fpga_0 rise@0.000ns)
  Data Path Delay:        0.402ns  (logic 0.208ns (51.770%)  route 0.194ns (48.230%))
  Logic Levels:           1  (LUT3=1)
  Clock Path Skew:        0.275ns (DCD - SCD - CPR)
    Destination Clock Delay (DCD):    1.219ns
    Source Clock Delay      (SCD):    0.914ns
    Clock Pessimism Removal (CPR):    0.030ns

    Location             Delay type                Incr(ns)  Path(ns)    Netlist Resource(s)
  -------------------------------------------------------------------    -------------------
                         (clock clk_fpga_0 rise edge)
                                                      0.000     0.000 r  
    PS7_X0Y0             PS7                          0.000     0.000 r  top_i/zynq_ps/inst/PS7_i/FCLKCLK[0]
                         net (fo=1, routed)           0.310     0.310    top_i/zynq_ps/inst/FCLK_CLK_unbuffered[0]
    BUFGCTRL_X0Y16       BUFG (Prop_bufg_I_O)         0.026     0.336 r  top_i/zynq_ps/inst/buffer_fclk_clk_0.FCLK_CLK_0_BUFG/O
                         net (fo=12912, routed)       0.578     0.914    top_i/odma0/inst/StreamingDataflowPartition_2_IODMA_hls_0/inst/gmem_m_axi_U/bus_write/wreq_throttle/rs_req/ap_clk
    SLICE_X58Y50         FDRE                                         r  top_i/odma0/inst/StreamingDataflowPartition_2_IODMA_hls_0/inst/gmem_m_axi_U/bus_write/wreq_throttle/rs_req/data_p1_reg[63]/C
  -------------------------------------------------------------------    -------------------
    SLICE_X58Y50         FDRE (Prop_fdre_C_Q)         0.164     1.078 r  top_i/odma0/inst/StreamingDataflowPartition_2_IODMA_hls_0/inst/gmem_m_axi_U/bus_write/wreq_throttle/rs_req/data_p1_reg[63]/Q
                         net (fo=2, routed)           0.194     1.271    top_i/smartconnect_0/inst/s01_entry_pipeline/s01_mmu/inst/aw_sreg/skid_buffer_reg[1144]_0[69]
    SLICE_X56Y49         LUT3 (Prop_lut3_I1_O)        0.044     1.315 r  top_i/smartconnect_0/inst/s01_entry_pipeline/s01_mmu/inst/aw_sreg/m_vector_i[1124]_i_1__2/O
                         net (fo=1, routed)           0.000     1.315    top_i/smartconnect_0/inst/s01_entry_pipeline/s01_mmu/inst/aw_sreg/m_vector_i[1124]_i_1__2_n_0
    SLICE_X56Y49         FDRE                                         r  top_i/smartconnect_0/inst/s01_entry_pipeline/s01_mmu/inst/aw_sreg/m_vector_i_reg[1124]/D
  -------------------------------------------------------------------    -------------------

                         (clock clk_fpga_0 rise edge)
                                                      0.000     0.000 r  
    PS7_X0Y0             PS7                          0.000     0.000 r  top_i/zynq_ps/inst/PS7_i/FCLKCLK[0]
                         net (fo=1, routed)           0.337     0.337    top_i/zynq_ps/inst/FCLK_CLK_unbuffered[0]
    BUFGCTRL_X0Y16       BUFG (Prop_bufg_I_O)         0.029     0.366 r  top_i/zynq_ps/inst/buffer_fclk_clk_0.FCLK_CLK_0_BUFG/O
                         net (fo=12912, routed)       0.853     1.219    top_i/smartconnect_0/inst/s01_entry_pipeline/s01_mmu/inst/aw_sreg/aclk
    SLICE_X56Y49         FDRE                                         r  top_i/smartconnect_0/inst/s01_entry_pipeline/s01_mmu/inst/aw_sreg/m_vector_i_reg[1124]/C
                         clock pessimism             -0.030     1.189    
    SLICE_X56Y49         FDRE (Hold_fdre_C_D)         0.107     1.296    top_i/smartconnect_0/inst/s01_entry_pipeline/s01_mmu/inst/aw_sreg/m_vector_i_reg[1124]
  -------------------------------------------------------------------
                         required time                         -1.296    
                         arrival time                           1.315    
  -------------------------------------------------------------------
                         slack                                  0.019    

Slack (MET) :             0.028ns  (arrival time - required time)
  Source:                 top_i/StreamingDataflowPartition_1/inst/StreamingDataflowPartition_1_MVAU_hls_0/StreamingDataflowPartition_1_MVAU_hls_0_wstrm/inst/core/genUnpumped.mem/blkMem.Dat3_reg[46]/C
                            (rising edge-triggered cell FDRE clocked by clk_fpga_0  {rise@0.000ns fall@5.000ns period=10.000ns})
  Destination:            top_i/StreamingDataflowPartition_1/inst/StreamingDataflowPartition_1_MVAU_hls_0/StreamingDataflowPartition_1_MVAU_hls_0_wstrm/inst/core/genUnpumped.mem/blkStreamOut.OSrl_reg[6][46]_srl7/D
                            (rising edge-triggered cell SRL16E clocked by clk_fpga_0  {rise@0.000ns fall@5.000ns period=10.000ns})
  Path Group:             clk_fpga_0
  Path Type:              Hold (Min at Fast Process Corner)
  Requirement:            0.000ns  (clk_fpga_0 rise@0.000ns - clk_fpga_0 rise@0.000ns)
  Data Path Delay:        0.399ns  (logic 0.164ns (41.059%)  route 0.235ns (58.941%))
  Logic Levels:           0  
  Clock Path Skew:        0.262ns (DCD - SCD - CPR)
    Destination Clock Delay (DCD):    1.180ns
    Source Clock Delay      (SCD):    0.883ns
    Clock Pessimism Removal (CPR):    0.035ns

    Location             Delay type                Incr(ns)  Path(ns)    Netlist Resource(s)
  -------------------------------------------------------------------    -------------------
                         (clock clk_fpga_0 rise edge)
                                                      0.000     0.000 r  
    PS7_X0Y0             PS7                          0.000     0.000 r  top_i/zynq_ps/inst/PS7_i/FCLKCLK[0]
                         net (fo=1, routed)           0.310     0.310    top_i/zynq_ps/inst/FCLK_CLK_unbuffered[0]
    BUFGCTRL_X0Y16       BUFG (Prop_bufg_I_O)         0.026     0.336 r  top_i/zynq_ps/inst/buffer_fclk_clk_0.FCLK_CLK_0_BUFG/O
                         net (fo=12912, routed)       0.547     0.883    top_i/StreamingDataflowPartition_1/inst/StreamingDataflowPartition_1_MVAU_hls_0/StreamingDataflowPartition_1_MVAU_hls_0_wstrm/inst/core/genUnpumped.mem/ap_clk
    SLICE_X50Y66         FDRE                                         r  top_i/StreamingDataflowPartition_1/inst/StreamingDataflowPartition_1_MVAU_hls_0/StreamingDataflowPartition_1_MVAU_hls_0_wstrm/inst/core/genUnpumped.mem/blkMem.Dat3_reg[46]/C
  -------------------------------------------------------------------    -------------------
    SLICE_X50Y66         FDRE (Prop_fdre_C_Q)         0.164     1.047 r  top_i/StreamingDataflowPartition_1/inst/StreamingDataflowPartition_1_MVAU_hls_0/StreamingDataflowPartition_1_MVAU_hls_0_wstrm/inst/core/genUnpumped.mem/blkMem.Dat3_reg[46]/Q
                         net (fo=1, routed)           0.235     1.282    top_i/StreamingDataflowPartition_1/inst/StreamingDataflowPartition_1_MVAU_hls_0/StreamingDataflowPartition_1_MVAU_hls_0_wstrm/inst/core/genUnpumped.mem/mem_q0[46]
    SLICE_X46Y69         SRL16E                                       r  top_i/StreamingDataflowPartition_1/inst/StreamingDataflowPartition_1_MVAU_hls_0/StreamingDataflowPartition_1_MVAU_hls_0_wstrm/inst/core/genUnpumped.mem/blkStreamOut.OSrl_reg[6][46]_srl7/D
  -------------------------------------------------------------------    -------------------

                         (clock clk_fpga_0 rise edge)
                                                      0.000     0.000 r  
    PS7_X0Y0             PS7                          0.000     0.000 r  top_i/zynq_ps/inst/PS7_i/FCLKCLK[0]
                         net (fo=1, routed)           0.337     0.337    top_i/zynq_ps/inst/FCLK_CLK_unbuffered[0]
    BUFGCTRL_X0Y16       BUFG (Prop_bufg_I_O)         0.029     0.366 r  top_i/zynq_ps/inst/buffer_fclk_clk_0.FCLK_CLK_0_BUFG/O
                         net (fo=12912, routed)       0.814     1.180    top_i/StreamingDataflowPartition_1/inst/StreamingDataflowPartition_1_MVAU_hls_0/StreamingDataflowPartition_1_MVAU_hls_0_wstrm/inst/core/genUnpumped.mem/ap_clk
    SLICE_X46Y69         SRL16E                                       r  top_i/StreamingDataflowPartition_1/inst/StreamingDataflowPartition_1_MVAU_hls_0/StreamingDataflowPartition_1_MVAU_hls_0_wstrm/inst/core/genUnpumped.mem/blkStreamOut.OSrl_reg[6][46]_srl7/CLK
                         clock pessimism             -0.035     1.145    
    SLICE_X46Y69         SRL16E (Hold_srl16e_CLK_D)
                                                      0.109     1.254    top_i/StreamingDataflowPartition_1/inst/StreamingDataflowPartition_1_MVAU_hls_0/StreamingDataflowPartition_1_MVAU_hls_0_wstrm/inst/core/genUnpumped.mem/blkStreamOut.OSrl_reg[6][46]_srl7
  -------------------------------------------------------------------
                         required time                         -1.254    
                         arrival time                           1.282    
  -------------------------------------------------------------------
                         slack                                  0.028    

Slack (MET) :             0.030ns  (arrival time - required time)
  Source:                 top_i/idma0/inst/StreamingDataflowPartition_0_IODMA_hls_0/inst/gmem_m_axi_U/load_unit/tmp_addr_reg[18]/C
                            (rising edge-triggered cell FDRE clocked by clk_fpga_0  {rise@0.000ns fall@5.000ns period=10.000ns})
  Destination:            top_i/idma0/inst/StreamingDataflowPartition_0_IODMA_hls_0/inst/gmem_m_axi_U/bus_read/rreq_burst_conv/rs_req/data_p2_reg[18]/D
                            (rising edge-triggered cell FDRE clocked by clk_fpga_0  {rise@0.000ns fall@5.000ns period=10.000ns})
  Path Group:             clk_fpga_0
  Path Type:              Hold (Min at Fast Process Corner)
  Requirement:            0.000ns  (clk_fpga_0 rise@0.000ns - clk_fpga_0 rise@0.000ns)
  Data Path Delay:        0.364ns  (logic 0.141ns (38.776%)  route 0.223ns (61.224%))
  Logic Levels:           0  
  Clock Path Skew:        0.258ns (DCD - SCD - CPR)
    Destination Clock Delay (DCD):    1.192ns
    Source Clock Delay      (SCD):    0.899ns
    Clock Pessimism Removal (CPR):    0.035ns

    Location             Delay type                Incr(ns)  Path(ns)    Netlist Resource(s)
  -------------------------------------------------------------------    -------------------
                         (clock clk_fpga_0 rise edge)
                                                      0.000     0.000 r  
    PS7_X0Y0             PS7                          0.000     0.000 r  top_i/zynq_ps/inst/PS7_i/FCLKCLK[0]
                         net (fo=1, routed)           0.310     0.310    top_i/zynq_ps/inst/FCLK_CLK_unbuffered[0]
    BUFGCTRL_X0Y16       BUFG (Prop_bufg_I_O)         0.026     0.336 r  top_i/zynq_ps/inst/buffer_fclk_clk_0.FCLK_CLK_0_BUFG/O
                         net (fo=12912, routed)       0.563     0.899    top_i/idma0/inst/StreamingDataflowPartition_0_IODMA_hls_0/inst/gmem_m_axi_U/load_unit/ap_clk
    SLICE_X47Y47         FDRE                                         r  top_i/idma0/inst/StreamingDataflowPartition_0_IODMA_hls_0/inst/gmem_m_axi_U/load_unit/tmp_addr_reg[18]/C
  -------------------------------------------------------------------    -------------------
    SLICE_X47Y47         FDRE (Prop_fdre_C_Q)         0.141     1.040 r  top_i/idma0/inst/StreamingDataflowPartition_0_IODMA_hls_0/inst/gmem_m_axi_U/load_unit/tmp_addr_reg[18]/Q
                         net (fo=2, routed)           0.223     1.262    top_i/idma0/inst/StreamingDataflowPartition_0_IODMA_hls_0/inst/gmem_m_axi_U/bus_read/rreq_burst_conv/rs_req/data_p2_reg[95]_0[15]
    SLICE_X51Y47         FDRE                                         r  top_i/idma0/inst/StreamingDataflowPartition_0_IODMA_hls_0/inst/gmem_m_axi_U/bus_read/rreq_burst_conv/rs_req/data_p2_reg[18]/D
  -------------------------------------------------------------------    -------------------

                         (clock clk_fpga_0 rise edge)
                                                      0.000     0.000 r  
    PS7_X0Y0             PS7                          0.000     0.000 r  top_i/zynq_ps/inst/PS7_i/FCLKCLK[0]
                         net (fo=1, routed)           0.337     0.337    top_i/zynq_ps/inst/FCLK_CLK_unbuffered[0]
    BUFGCTRL_X0Y16       BUFG (Prop_bufg_I_O)         0.029     0.366 r  top_i/zynq_ps/inst/buffer_fclk_clk_0.FCLK_CLK_0_BUFG/O
                         net (fo=12912, routed)       0.826     1.192    top_i/idma0/inst/StreamingDataflowPartition_0_IODMA_hls_0/inst/gmem_m_axi_U/bus_read/rreq_burst_conv/rs_req/ap_clk
    SLICE_X51Y47         FDRE                                         r  top_i/idma0/inst/StreamingDataflowPartition_0_IODMA_hls_0/inst/gmem_m_axi_U/bus_read/rreq_burst_conv/rs_req/data_p2_reg[18]/C
                         clock pessimism             -0.035     1.157    
    SLICE_X51Y47         FDRE (Hold_fdre_C_D)         0.075     1.232    top_i/idma0/inst/StreamingDataflowPartition_0_IODMA_hls_0/inst/gmem_m_axi_U/bus_read/rreq_burst_conv/rs_req/data_p2_reg[18]
  -------------------------------------------------------------------
                         required time                         -1.232    
                         arrival time                           1.262    
  -------------------------------------------------------------------
                         slack                                  0.030    

Slack (MET) :             0.033ns  (arrival time - required time)
  Source:                 top_i/idma0/inst/StreamingDataflowPartition_0_IODMA_hls_0/inst/gmem_m_axi_U/bus_read/rreq_burst_conv/rs_req/data_p1_reg[29]/C
                            (rising edge-triggered cell FDRE clocked by clk_fpga_0  {rise@0.000ns fall@5.000ns period=10.000ns})
  Destination:            top_i/idma0/inst/StreamingDataflowPartition_0_IODMA_hls_0/inst/gmem_m_axi_U/bus_read/rreq_burst_conv/start_addr_reg[29]/D
                            (rising edge-triggered cell FDRE clocked by clk_fpga_0  {rise@0.000ns fall@5.000ns period=10.000ns})
  Path Group:             clk_fpga_0
  Path Type:              Hold (Min at Fast Process Corner)
  Requirement:            0.000ns  (clk_fpga_0 rise@0.000ns - clk_fpga_0 rise@0.000ns)
  Data Path Delay:        0.365ns  (logic 0.141ns (38.609%)  route 0.224ns (61.391%))
  Logic Levels:           0  
  Clock Path Skew:        0.273ns (DCD - SCD - CPR)
    Destination Clock Delay (DCD):    1.192ns
    Source Clock Delay      (SCD):    0.889ns
    Clock Pessimism Removal (CPR):    0.030ns

    Location             Delay type                Incr(ns)  Path(ns)    Netlist Resource(s)
  -------------------------------------------------------------------    -------------------
                         (clock clk_fpga_0 rise edge)
                                                      0.000     0.000 r  
    PS7_X0Y0             PS7                          0.000     0.000 r  top_i/zynq_ps/inst/PS7_i/FCLKCLK[0]
                         net (fo=1, routed)           0.310     0.310    top_i/zynq_ps/inst/FCLK_CLK_unbuffered[0]
    BUFGCTRL_X0Y16       BUFG (Prop_bufg_I_O)         0.026     0.336 r  top_i/zynq_ps/inst/buffer_fclk_clk_0.FCLK_CLK_0_BUFG/O
                         net (fo=12912, routed)       0.553     0.889    top_i/idma0/inst/StreamingDataflowPartition_0_IODMA_hls_0/inst/gmem_m_axi_U/bus_read/rreq_burst_conv/rs_req/ap_clk
    SLICE_X52Y50         FDRE                                         r  top_i/idma0/inst/StreamingDataflowPartition_0_IODMA_hls_0/inst/gmem_m_axi_U/bus_read/rreq_burst_conv/rs_req/data_p1_reg[29]/C
  -------------------------------------------------------------------    -------------------
    SLICE_X52Y50         FDRE (Prop_fdre_C_Q)         0.141     1.030 r  top_i/idma0/inst/StreamingDataflowPartition_0_IODMA_hls_0/inst/gmem_m_axi_U/bus_read/rreq_burst_conv/rs_req/data_p1_reg[29]/Q
                         net (fo=2, routed)           0.224     1.254    top_i/idma0/inst/StreamingDataflowPartition_0_IODMA_hls_0/inst/gmem_m_axi_U/bus_read/rreq_burst_conv/rs_req_n_100
    SLICE_X50Y48         FDRE                                         r  top_i/idma0/inst/StreamingDataflowPartition_0_IODMA_hls_0/inst/gmem_m_axi_U/bus_read/rreq_burst_conv/start_addr_reg[29]/D
  -------------------------------------------------------------------    -------------------

                         (clock clk_fpga_0 rise edge)
                                                      0.000     0.000 r  
    PS7_X0Y0             PS7                          0.000     0.000 r  top_i/zynq_ps/inst/PS7_i/FCLKCLK[0]
                         net (fo=1, routed)           0.337     0.337    top_i/zynq_ps/inst/FCLK_CLK_unbuffered[0]
    BUFGCTRL_X0Y16       BUFG (Prop_bufg_I_O)         0.029     0.366 r  top_i/zynq_ps/inst/buffer_fclk_clk_0.FCLK_CLK_0_BUFG/O
                         net (fo=12912, routed)       0.826     1.192    top_i/idma0/inst/StreamingDataflowPartition_0_IODMA_hls_0/inst/gmem_m_axi_U/bus_read/rreq_burst_conv/ap_clk
    SLICE_X50Y48         FDRE                                         r  top_i/idma0/inst/StreamingDataflowPartition_0_IODMA_hls_0/inst/gmem_m_axi_U/bus_read/rreq_burst_conv/start_addr_reg[29]/C
                         clock pessimism             -0.030     1.162    
    SLICE_X50Y48         FDRE (Hold_fdre_C_D)         0.059     1.221    top_i/idma0/inst/StreamingDataflowPartition_0_IODMA_hls_0/inst/gmem_m_axi_U/bus_read/rreq_burst_conv/start_addr_reg[29]
  -------------------------------------------------------------------
                         required time                         -1.221    
                         arrival time                           1.254    
  -------------------------------------------------------------------
                         slack                                  0.033    

Slack (MET) :             0.033ns  (arrival time - required time)
  Source:                 top_i/idma0/inst/StreamingDataflowPartition_0_IODMA_hls_0/inst/gmem_m_axi_U/load_unit/tmp_addr_reg[9]/C
                            (rising edge-triggered cell FDRE clocked by clk_fpga_0  {rise@0.000ns fall@5.000ns period=10.000ns})
  Destination:            top_i/idma0/inst/StreamingDataflowPartition_0_IODMA_hls_0/inst/gmem_m_axi_U/bus_read/rreq_burst_conv/rs_req/data_p2_reg[9]/D
                            (rising edge-triggered cell FDRE clocked by clk_fpga_0  {rise@0.000ns fall@5.000ns period=10.000ns})
  Path Group:             clk_fpga_0
  Path Type:              Hold (Min at Fast Process Corner)
  Requirement:            0.000ns  (clk_fpga_0 rise@0.000ns - clk_fpga_0 rise@0.000ns)
  Data Path Delay:        0.315ns  (logic 0.148ns (46.921%)  route 0.167ns (53.079%))
  Logic Levels:           0  
  Clock Path Skew:        0.266ns (DCD - SCD - CPR)
    Destination Clock Delay (DCD):    1.194ns
    Source Clock Delay      (SCD):    0.893ns
    Clock Pessimism Removal (CPR):    0.035ns

    Location             Delay type                Incr(ns)  Path(ns)    Netlist Resource(s)
  -------------------------------------------------------------------    -------------------
                         (clock clk_fpga_0 rise edge)
                                                      0.000     0.000 r  
    PS7_X0Y0             PS7                          0.000     0.000 r  top_i/zynq_ps/inst/PS7_i/FCLKCLK[0]
                         net (fo=1, routed)           0.310     0.310    top_i/zynq_ps/inst/FCLK_CLK_unbuffered[0]
    BUFGCTRL_X0Y16       BUFG (Prop_bufg_I_O)         0.026     0.336 r  top_i/zynq_ps/inst/buffer_fclk_clk_0.FCLK_CLK_0_BUFG/O
                         net (fo=12912, routed)       0.557     0.893    top_i/idma0/inst/StreamingDataflowPartition_0_IODMA_hls_0/inst/gmem_m_axi_U/load_unit/ap_clk
    SLICE_X50Y41         FDRE                                         r  top_i/idma0/inst/StreamingDataflowPartition_0_IODMA_hls_0/inst/gmem_m_axi_U/load_unit/tmp_addr_reg[9]/C
  -------------------------------------------------------------------    -------------------
    SLICE_X50Y41         FDRE (Prop_fdre_C_Q)         0.148     1.041 r  top_i/idma0/inst/StreamingDataflowPartition_0_IODMA_hls_0/inst/gmem_m_axi_U/load_unit/tmp_addr_reg[9]/Q
                         net (fo=2, routed)           0.167     1.208    top_i/idma0/inst/StreamingDataflowPartition_0_IODMA_hls_0/inst/gmem_m_axi_U/bus_read/rreq_burst_conv/rs_req/data_p2_reg[95]_0[6]
    SLICE_X49Y41         FDRE                                         r  top_i/idma0/inst/StreamingDataflowPartition_0_IODMA_hls_0/inst/gmem_m_axi_U/bus_read/rreq_burst_conv/rs_req/data_p2_reg[9]/D
  -------------------------------------------------------------------    -------------------

                         (clock clk_fpga_0 rise edge)
                                                      0.000     0.000 r  
    PS7_X0Y0             PS7                          0.000     0.000 r  top_i/zynq_ps/inst/PS7_i/FCLKCLK[0]
                         net (fo=1, routed)           0.337     0.337    top_i/zynq_ps/inst/FCLK_CLK_unbuffered[0]
    BUFGCTRL_X0Y16       BUFG (Prop_bufg_I_O)         0.029     0.366 r  top_i/zynq_ps/inst/buffer_fclk_clk_0.FCLK_CLK_0_BUFG/O
                         net (fo=12912, routed)       0.828     1.194    top_i/idma0/inst/StreamingDataflowPartition_0_IODMA_hls_0/inst/gmem_m_axi_U/bus_read/rreq_burst_conv/rs_req/ap_clk
    SLICE_X49Y41         FDRE                                         r  top_i/idma0/inst/StreamingDataflowPartition_0_IODMA_hls_0/inst/gmem_m_axi_U/bus_read/rreq_burst_conv/rs_req/data_p2_reg[9]/C
                         clock pessimism             -0.035     1.159    
    SLICE_X49Y41         FDRE (Hold_fdre_C_D)         0.016     1.175    top_i/idma0/inst/StreamingDataflowPartition_0_IODMA_hls_0/inst/gmem_m_axi_U/bus_read/rreq_burst_conv/rs_req/data_p2_reg[9]
  -------------------------------------------------------------------
                         required time                         -1.175    
                         arrival time                           1.208    
  -------------------------------------------------------------------
                         slack                                  0.033    

Slack (MET) :             0.034ns  (arrival time - required time)
  Source:                 top_i/idma0/inst/StreamingDataflowPartition_0_IODMA_hls_0/inst/numReps_c_U/U_StreamingDataflowPartition_0_IODMA_hls_0_fifo_w32_d2_S_ShiftReg/SRL_SIG_reg[0][10]/C
                            (rising edge-triggered cell FDRE clocked by clk_fpga_0  {rise@0.000ns fall@5.000ns period=10.000ns})
  Destination:            top_i/idma0/inst/StreamingDataflowPartition_0_IODMA_hls_0/inst/numReps_c_U/U_StreamingDataflowPartition_0_IODMA_hls_0_fifo_w32_d2_S_ShiftReg/SRL_SIG_reg[1][10]/D
                            (rising edge-triggered cell FDRE clocked by clk_fpga_0  {rise@0.000ns fall@5.000ns period=10.000ns})
  Path Group:             clk_fpga_0
  Path Type:              Hold (Min at Fast Process Corner)
  Requirement:            0.000ns  (clk_fpga_0 rise@0.000ns - clk_fpga_0 rise@0.000ns)
  Data Path Delay:        0.361ns  (logic 0.141ns (39.087%)  route 0.220ns (60.913%))
  Logic Levels:           0  
  Clock Path Skew:        0.260ns (DCD - SCD - CPR)
    Destination Clock Delay (DCD):    1.184ns
    Source Clock Delay      (SCD):    0.889ns
    Clock Pessimism Removal (CPR):    0.035ns

    Location             Delay type                Incr(ns)  Path(ns)    Netlist Resource(s)
  -------------------------------------------------------------------    -------------------
                         (clock clk_fpga_0 rise edge)
                                                      0.000     0.000 r  
    PS7_X0Y0             PS7                          0.000     0.000 r  top_i/zynq_ps/inst/PS7_i/FCLKCLK[0]
                         net (fo=1, routed)           0.310     0.310    top_i/zynq_ps/inst/FCLK_CLK_unbuffered[0]
    BUFGCTRL_X0Y16       BUFG (Prop_bufg_I_O)         0.026     0.336 r  top_i/zynq_ps/inst/buffer_fclk_clk_0.FCLK_CLK_0_BUFG/O
                         net (fo=12912, routed)       0.553     0.889    top_i/idma0/inst/StreamingDataflowPartition_0_IODMA_hls_0/inst/numReps_c_U/U_StreamingDataflowPartition_0_IODMA_hls_0_fifo_w32_d2_S_ShiftReg/ap_clk
    SLICE_X48Y60         FDRE                                         r  top_i/idma0/inst/StreamingDataflowPartition_0_IODMA_hls_0/inst/numReps_c_U/U_StreamingDataflowPartition_0_IODMA_hls_0_fifo_w32_d2_S_ShiftReg/SRL_SIG_reg[0][10]/C
  -------------------------------------------------------------------    -------------------
    SLICE_X48Y60         FDRE (Prop_fdre_C_Q)         0.141     1.030 r  top_i/idma0/inst/StreamingDataflowPartition_0_IODMA_hls_0/inst/numReps_c_U/U_StreamingDataflowPartition_0_IODMA_hls_0_fifo_w32_d2_S_ShiftReg/SRL_SIG_reg[0][10]/Q
                         net (fo=2, routed)           0.220     1.249    top_i/idma0/inst/StreamingDataflowPartition_0_IODMA_hls_0/inst/numReps_c_U/U_StreamingDataflowPartition_0_IODMA_hls_0_fifo_w32_d2_S_ShiftReg/SRL_SIG_reg_n_0_[0][10]
    SLICE_X51Y61         FDRE                                         r  top_i/idma0/inst/StreamingDataflowPartition_0_IODMA_hls_0/inst/numReps_c_U/U_StreamingDataflowPartition_0_IODMA_hls_0_fifo_w32_d2_S_ShiftReg/SRL_SIG_reg[1][10]/D
  -------------------------------------------------------------------    -------------------

                         (clock clk_fpga_0 rise edge)
                                                      0.000     0.000 r  
    PS7_X0Y0             PS7                          0.000     0.000 r  top_i/zynq_ps/inst/PS7_i/FCLKCLK[0]
                         net (fo=1, routed)           0.337     0.337    top_i/zynq_ps/inst/FCLK_CLK_unbuffered[0]
    BUFGCTRL_X0Y16       BUFG (Prop_bufg_I_O)         0.029     0.366 r  top_i/zynq_ps/inst/buffer_fclk_clk_0.FCLK_CLK_0_BUFG/O
                         net (fo=12912, routed)       0.818     1.184    top_i/idma0/inst/StreamingDataflowPartition_0_IODMA_hls_0/inst/numReps_c_U/U_StreamingDataflowPartition_0_IODMA_hls_0_fifo_w32_d2_S_ShiftReg/ap_clk
    SLICE_X51Y61         FDRE                                         r  top_i/idma0/inst/StreamingDataflowPartition_0_IODMA_hls_0/inst/numReps_c_U/U_StreamingDataflowPartition_0_IODMA_hls_0_fifo_w32_d2_S_ShiftReg/SRL_SIG_reg[1][10]/C
                         clock pessimism             -0.035     1.149    
    SLICE_X51Y61         FDRE (Hold_fdre_C_D)         0.066     1.215    top_i/idma0/inst/StreamingDataflowPartition_0_IODMA_hls_0/inst/numReps_c_U/U_StreamingDataflowPartition_0_IODMA_hls_0_fifo_w32_d2_S_ShiftReg/SRL_SIG_reg[1][10]
  -------------------------------------------------------------------
                         required time                         -1.215    
                         arrival time                           1.249    
  -------------------------------------------------------------------
                         slack                                  0.034    

Slack (MET) :             0.037ns  (arrival time - required time)
  Source:                 top_i/odma0/inst/StreamingDataflowPartition_2_IODMA_hls_0/inst/gmem_m_axi_U/bus_write/wreq_throttle/data_fifo/U_fifo_srl/dout_reg[6]/C
                            (rising edge-triggered cell FDRE clocked by clk_fpga_0  {rise@0.000ns fall@5.000ns period=10.000ns})
  Destination:            top_i/smartconnect_0/inst/s01_entry_pipeline/s01_mmu/inst/w_sreg/skid_buffer_reg[1031]/D
                            (rising edge-triggered cell FDRE clocked by clk_fpga_0  {rise@0.000ns fall@5.000ns period=10.000ns})
  Path Group:             clk_fpga_0
  Path Type:              Hold (Min at Fast Process Corner)
  Requirement:            0.000ns  (clk_fpga_0 rise@0.000ns - clk_fpga_0 rise@0.000ns)
  Data Path Delay:        0.321ns  (logic 0.148ns (46.080%)  route 0.173ns (53.920%))
  Logic Levels:           0  
  Clock Path Skew:        0.266ns (DCD - SCD - CPR)
    Destination Clock Delay (DCD):    1.191ns
    Source Clock Delay      (SCD):    0.890ns
    Clock Pessimism Removal (CPR):    0.035ns

    Location             Delay type                Incr(ns)  Path(ns)    Netlist Resource(s)
  -------------------------------------------------------------------    -------------------
                         (clock clk_fpga_0 rise edge)
                                                      0.000     0.000 r  
    PS7_X0Y0             PS7                          0.000     0.000 r  top_i/zynq_ps/inst/PS7_i/FCLKCLK[0]
                         net (fo=1, routed)           0.310     0.310    top_i/zynq_ps/inst/FCLK_CLK_unbuffered[0]
    BUFGCTRL_X0Y16       BUFG (Prop_bufg_I_O)         0.026     0.336 r  top_i/zynq_ps/inst/buffer_fclk_clk_0.FCLK_CLK_0_BUFG/O
                         net (fo=12912, routed)       0.554     0.890    top_i/odma0/inst/StreamingDataflowPartition_2_IODMA_hls_0/inst/gmem_m_axi_U/bus_write/wreq_throttle/data_fifo/U_fifo_srl/ap_clk
    SLICE_X50Y36         FDRE                                         r  top_i/odma0/inst/StreamingDataflowPartition_2_IODMA_hls_0/inst/gmem_m_axi_U/bus_write/wreq_throttle/data_fifo/U_fifo_srl/dout_reg[6]/C
  -------------------------------------------------------------------    -------------------
    SLICE_X50Y36         FDRE (Prop_fdre_C_Q)         0.148     1.038 r  top_i/odma0/inst/StreamingDataflowPartition_2_IODMA_hls_0/inst/gmem_m_axi_U/bus_write/wreq_throttle/data_fifo/U_fifo_srl/dout_reg[6]/Q
                         net (fo=2, routed)           0.173     1.211    top_i/smartconnect_0/inst/s01_entry_pipeline/s01_mmu/inst/w_sreg/D[7]
    SLICE_X48Y37         FDRE                                         r  top_i/smartconnect_0/inst/s01_entry_pipeline/s01_mmu/inst/w_sreg/skid_buffer_reg[1031]/D
  -------------------------------------------------------------------    -------------------

                         (clock clk_fpga_0 rise edge)
                                                      0.000     0.000 r  
    PS7_X0Y0             PS7                          0.000     0.000 r  top_i/zynq_ps/inst/PS7_i/FCLKCLK[0]
                         net (fo=1, routed)           0.337     0.337    top_i/zynq_ps/inst/FCLK_CLK_unbuffered[0]
    BUFGCTRL_X0Y16       BUFG (Prop_bufg_I_O)         0.029     0.366 r  top_i/zynq_ps/inst/buffer_fclk_clk_0.FCLK_CLK_0_BUFG/O
                         net (fo=12912, routed)       0.825     1.191    top_i/smartconnect_0/inst/s01_entry_pipeline/s01_mmu/inst/w_sreg/aclk
    SLICE_X48Y37         FDRE                                         r  top_i/smartconnect_0/inst/s01_entry_pipeline/s01_mmu/inst/w_sreg/skid_buffer_reg[1031]/C
                         clock pessimism             -0.035     1.156    
    SLICE_X48Y37         FDRE (Hold_fdre_C_D)         0.018     1.174    top_i/smartconnect_0/inst/s01_entry_pipeline/s01_mmu/inst/w_sreg/skid_buffer_reg[1031]
  -------------------------------------------------------------------
                         required time                         -1.174    
                         arrival time                           1.211    
  -------------------------------------------------------------------
                         slack                                  0.037    

Slack (MET) :             0.038ns  (arrival time - required time)
  Source:                 top_i/smartconnect_0/inst/s01_entry_pipeline/s01_mmu/inst/aw_sreg/skid_buffer_reg[1083]/C
                            (rising edge-triggered cell FDRE clocked by clk_fpga_0  {rise@0.000ns fall@5.000ns period=10.000ns})
  Destination:            top_i/smartconnect_0/inst/s01_entry_pipeline/s01_mmu/inst/aw_sreg/m_vector_i_reg[1083]/D
                            (rising edge-triggered cell FDRE clocked by clk_fpga_0  {rise@0.000ns fall@5.000ns period=10.000ns})
  Path Group:             clk_fpga_0
  Path Type:              Hold (Min at Fast Process Corner)
  Requirement:            0.000ns  (clk_fpga_0 rise@0.000ns - clk_fpga_0 rise@0.000ns)
  Data Path Delay:        0.404ns  (logic 0.186ns (46.054%)  route 0.218ns (53.946%))
  Logic Levels:           1  (LUT3=1)
  Clock Path Skew:        0.275ns (DCD - SCD - CPR)
    Destination Clock Delay (DCD):    1.219ns
    Source Clock Delay      (SCD):    0.914ns
    Clock Pessimism Removal (CPR):    0.030ns

    Location             Delay type                Incr(ns)  Path(ns)    Netlist Resource(s)
  -------------------------------------------------------------------    -------------------
                         (clock clk_fpga_0 rise edge)
                                                      0.000     0.000 r  
    PS7_X0Y0             PS7                          0.000     0.000 r  top_i/zynq_ps/inst/PS7_i/FCLKCLK[0]
                         net (fo=1, routed)           0.310     0.310    top_i/zynq_ps/inst/FCLK_CLK_unbuffered[0]
    BUFGCTRL_X0Y16       BUFG (Prop_bufg_I_O)         0.026     0.336 r  top_i/zynq_ps/inst/buffer_fclk_clk_0.FCLK_CLK_0_BUFG/O
                         net (fo=12912, routed)       0.578     0.914    top_i/smartconnect_0/inst/s01_entry_pipeline/s01_mmu/inst/aw_sreg/aclk
    SLICE_X56Y50         FDRE                                         r  top_i/smartconnect_0/inst/s01_entry_pipeline/s01_mmu/inst/aw_sreg/skid_buffer_reg[1083]/C
  -------------------------------------------------------------------    -------------------
    SLICE_X56Y50         FDRE (Prop_fdre_C_Q)         0.141     1.055 r  top_i/smartconnect_0/inst/s01_entry_pipeline/s01_mmu/inst/aw_sreg/skid_buffer_reg[1083]/Q
                         net (fo=1, routed)           0.218     1.272    top_i/smartconnect_0/inst/s01_entry_pipeline/s01_mmu/inst/aw_sreg/skid_buffer_reg_n_0_[1083]
    SLICE_X56Y49         LUT3 (Prop_lut3_I0_O)        0.045     1.317 r  top_i/smartconnect_0/inst/s01_entry_pipeline/s01_mmu/inst/aw_sreg/m_vector_i[1083]_i_1__2/O
                         net (fo=1, routed)           0.000     1.317    top_i/smartconnect_0/inst/s01_entry_pipeline/s01_mmu/inst/aw_sreg/m_vector_i[1083]_i_1__2_n_0
    SLICE_X56Y49         FDRE                                         r  top_i/smartconnect_0/inst/s01_entry_pipeline/s01_mmu/inst/aw_sreg/m_vector_i_reg[1083]/D
  -------------------------------------------------------------------    -------------------

                         (clock clk_fpga_0 rise edge)
                                                      0.000     0.000 r  
    PS7_X0Y0             PS7                          0.000     0.000 r  top_i/zynq_ps/inst/PS7_i/FCLKCLK[0]
                         net (fo=1, routed)           0.337     0.337    top_i/zynq_ps/inst/FCLK_CLK_unbuffered[0]
    BUFGCTRL_X0Y16       BUFG (Prop_bufg_I_O)         0.029     0.366 r  top_i/zynq_ps/inst/buffer_fclk_clk_0.FCLK_CLK_0_BUFG/O
                         net (fo=12912, routed)       0.853     1.219    top_i/smartconnect_0/inst/s01_entry_pipeline/s01_mmu/inst/aw_sreg/aclk
    SLICE_X56Y49         FDRE                                         r  top_i/smartconnect_0/inst/s01_entry_pipeline/s01_mmu/inst/aw_sreg/m_vector_i_reg[1083]/C
                         clock pessimism             -0.030     1.189    
    SLICE_X56Y49         FDRE (Hold_fdre_C_D)         0.091     1.280    top_i/smartconnect_0/inst/s01_entry_pipeline/s01_mmu/inst/aw_sreg/m_vector_i_reg[1083]
  -------------------------------------------------------------------
                         required time                         -1.280    
                         arrival time                           1.317    
  -------------------------------------------------------------------
                         slack                                  0.038    

Slack (MET) :             0.038ns  (arrival time - required time)
  Source:                 top_i/idma0/inst/StreamingDataflowPartition_0_IODMA_hls_0/inst/gmem_m_axi_U/load_unit/tmp_addr_reg[25]/C
                            (rising edge-triggered cell FDRE clocked by clk_fpga_0  {rise@0.000ns fall@5.000ns period=10.000ns})
  Destination:            top_i/idma0/inst/StreamingDataflowPartition_0_IODMA_hls_0/inst/gmem_m_axi_U/bus_read/rreq_burst_conv/rs_req/data_p2_reg[25]/D
                            (rising edge-triggered cell FDRE clocked by clk_fpga_0  {rise@0.000ns fall@5.000ns period=10.000ns})
  Path Group:             clk_fpga_0
  Path Type:              Hold (Min at Fast Process Corner)
  Requirement:            0.000ns  (clk_fpga_0 rise@0.000ns - clk_fpga_0 rise@0.000ns)
  Data Path Delay:        0.369ns  (logic 0.141ns (38.263%)  route 0.228ns (61.737%))
  Logic Levels:           0  
  Clock Path Skew:        0.260ns (DCD - SCD - CPR)
    Destination Clock Delay (DCD):    1.187ns
    Source Clock Delay      (SCD):    0.892ns
    Clock Pessimism Removal (CPR):    0.035ns

    Location             Delay type                Incr(ns)  Path(ns)    Netlist Resource(s)
  -------------------------------------------------------------------    -------------------
                         (clock clk_fpga_0 rise edge)
                                                      0.000     0.000 r  
    PS7_X0Y0             PS7                          0.000     0.000 r  top_i/zynq_ps/inst/PS7_i/FCLKCLK[0]
                         net (fo=1, routed)           0.310     0.310    top_i/zynq_ps/inst/FCLK_CLK_unbuffered[0]
    BUFGCTRL_X0Y16       BUFG (Prop_bufg_I_O)         0.026     0.336 r  top_i/zynq_ps/inst/buffer_fclk_clk_0.FCLK_CLK_0_BUFG/O
                         net (fo=12912, routed)       0.556     0.892    top_i/idma0/inst/StreamingDataflowPartition_0_IODMA_hls_0/inst/gmem_m_axi_U/load_unit/ap_clk
    SLICE_X48Y52         FDRE                                         r  top_i/idma0/inst/StreamingDataflowPartition_0_IODMA_hls_0/inst/gmem_m_axi_U/load_unit/tmp_addr_reg[25]/C
  -------------------------------------------------------------------    -------------------
    SLICE_X48Y52         FDRE (Prop_fdre_C_Q)         0.141     1.033 r  top_i/idma0/inst/StreamingDataflowPartition_0_IODMA_hls_0/inst/gmem_m_axi_U/load_unit/tmp_addr_reg[25]/Q
                         net (fo=2, routed)           0.228     1.260    top_i/idma0/inst/StreamingDataflowPartition_0_IODMA_hls_0/inst/gmem_m_axi_U/bus_read/rreq_burst_conv/rs_req/data_p2_reg[95]_0[22]
    SLICE_X51Y50         FDRE                                         r  top_i/idma0/inst/StreamingDataflowPartition_0_IODMA_hls_0/inst/gmem_m_axi_U/bus_read/rreq_burst_conv/rs_req/data_p2_reg[25]/D
  -------------------------------------------------------------------    -------------------

                         (clock clk_fpga_0 rise edge)
                                                      0.000     0.000 r  
    PS7_X0Y0             PS7                          0.000     0.000 r  top_i/zynq_ps/inst/PS7_i/FCLKCLK[0]
                         net (fo=1, routed)           0.337     0.337    top_i/zynq_ps/inst/FCLK_CLK_unbuffered[0]
    BUFGCTRL_X0Y16       BUFG (Prop_bufg_I_O)         0.029     0.366 r  top_i/zynq_ps/inst/buffer_fclk_clk_0.FCLK_CLK_0_BUFG/O
                         net (fo=12912, routed)       0.821     1.187    top_i/idma0/inst/StreamingDataflowPartition_0_IODMA_hls_0/inst/gmem_m_axi_U/bus_read/rreq_burst_conv/rs_req/ap_clk
    SLICE_X51Y50         FDRE                                         r  top_i/idma0/inst/StreamingDataflowPartition_0_IODMA_hls_0/inst/gmem_m_axi_U/bus_read/rreq_burst_conv/rs_req/data_p2_reg[25]/C
                         clock pessimism             -0.035     1.152    
    SLICE_X51Y50         FDRE (Hold_fdre_C_D)         0.070     1.222    top_i/idma0/inst/StreamingDataflowPartition_0_IODMA_hls_0/inst/gmem_m_axi_U/bus_read/rreq_burst_conv/rs_req/data_p2_reg[25]
  -------------------------------------------------------------------
                         required time                         -1.222    
                         arrival time                           1.260    
  -------------------------------------------------------------------
                         slack                                  0.038    





Pulse Width Checks
--------------------------------------------------------------------------------------
Clock Name:         clk_fpga_0
Waveform(ns):       { 0.000 5.000 }
Period(ns):         10.000
Sources:            { top_i/zynq_ps/inst/PS7_i/FCLKCLK[0] }

Check Type        Corner  Lib Pin             Reference Pin  Required(ns)  Actual(ns)  Slack(ns)  Location        Pin
Min Period        n/a     RAMB36E1/CLKARDCLK  n/a            2.944         10.000      7.056      RAMB36_X3Y4     top_i/idma0/inst/StreamingDataflowPartition_0_IODMA_hls_0/inst/gmem_m_axi_U/load_unit/buff_rdata/U_fifo_mem/mem_reg/CLKARDCLK
Min Period        n/a     RAMB36E1/CLKBWRCLK  n/a            2.944         10.000      7.056      RAMB36_X3Y4     top_i/idma0/inst/StreamingDataflowPartition_0_IODMA_hls_0/inst/gmem_m_axi_U/load_unit/buff_rdata/U_fifo_mem/mem_reg/CLKBWRCLK
Min Period        n/a     RAMB18E1/CLKARDCLK  n/a            2.944         10.000      7.056      RAMB18_X4Y14    top_i/odma0/inst/StreamingDataflowPartition_2_IODMA_hls_0/inst/gmem_m_axi_U/store_unit/buff_wdata/U_fifo_mem/mem_reg/CLKARDCLK
Min Period        n/a     RAMB36E1/CLKARDCLK  n/a            2.576         10.000      7.424      RAMB36_X3Y14    top_i/StreamingDataflowPartition_1/inst/StreamingDataflowPartition_1_MVAU_hls_0/StreamingDataflowPartition_1_MVAU_hls_0_wstrm/inst/core/genUnpumped.mem/blkMem.Mem_reg_0/CLKARDCLK
Min Period        n/a     RAMB36E1/CLKARDCLK  n/a            2.576         10.000      7.424      RAMB36_X3Y13    top_i/StreamingDataflowPartition_1/inst/StreamingDataflowPartition_1_MVAU_hls_0/StreamingDataflowPartition_1_MVAU_hls_0_wstrm/inst/core/genUnpumped.mem/blkMem.Mem_reg_1/CLKARDCLK
Min Period        n/a     RAMB18E1/CLKARDCLK  n/a            2.576         10.000      7.424      RAMB18_X3Y36    top_i/StreamingDataflowPartition_1/inst/StreamingDataflowPartition_1_MVAU_hls_1/StreamingDataflowPartition_1_MVAU_hls_1_wstrm/inst/core/genUnpumped.mem/blkMem.Mem_reg/CLKARDCLK
Min Period        n/a     RAMB18E1/CLKARDCLK  n/a            2.576         10.000      7.424      RAMB18_X2Y34    top_i/StreamingDataflowPartition_1/inst/StreamingDataflowPartition_1_MVAU_hls_2/StreamingDataflowPartition_1_MVAU_hls_2_wstrm/inst/core/genUnpumped.mem/blkMem.Mem_reg/CLKARDCLK
Min Period        n/a     RAMB18E1/CLKARDCLK  n/a            2.576         10.000      7.424      RAMB18_X2Y32    top_i/StreamingDataflowPartition_1/inst/StreamingDataflowPartition_1_MVAU_hls_3/StreamingDataflowPartition_1_MVAU_hls_3_wstrm/inst/core/genUnpumped.mem/blkMem.Mem_reg/CLKARDCLK
Min Period        n/a     RAMB18E1/CLKBWRCLK  n/a            2.576         10.000      7.424      RAMB18_X4Y14    top_i/odma0/inst/StreamingDataflowPartition_2_IODMA_hls_0/inst/gmem_m_axi_U/store_unit/buff_wdata/U_fifo_mem/mem_reg/CLKBWRCLK
Min Period        n/a     BUFG/I              n/a            2.155         10.000      7.845      BUFGCTRL_X0Y16  top_i/zynq_ps/inst/buffer_fclk_clk_0.FCLK_CLK_0_BUFG/I
Low Pulse Width   Slow    RAMD32/CLK          n/a            1.250         5.000       3.750      SLICE_X26Y34    top_i/smartconnect_0/inst/m00_nodes/m00_ar_node/inst/inst_mi_handler/gen_normal_area.inst_fifo_node_payld/gen_xpm_memory_fifo.inst_fifo/gen_mem_rep[0].inst_xpm_memory/xpm_memory_base_inst/gen_wr_a.gen_word_narrow.mem_reg_0_31_0_5/RAMA/CLK
Low Pulse Width   Fast    RAMD32/CLK          n/a            1.250         5.000       3.750      SLICE_X26Y34    top_i/smartconnect_0/inst/m00_nodes/m00_ar_node/inst/inst_mi_handler/gen_normal_area.inst_fifo_node_payld/gen_xpm_memory_fifo.inst_fifo/gen_mem_rep[0].inst_xpm_memory/xpm_memory_base_inst/gen_wr_a.gen_word_narrow.mem_reg_0_31_0_5/RAMA/CLK
Low Pulse Width   Slow    RAMD32/CLK          n/a            1.250         5.000       3.750      SLICE_X26Y34    top_i/smartconnect_0/inst/m00_nodes/m00_ar_node/inst/inst_mi_handler/gen_normal_area.inst_fifo_node_payld/gen_xpm_memory_fifo.inst_fifo/gen_mem_rep[0].inst_xpm_memory/xpm_memory_base_inst/gen_wr_a.gen_word_narrow.mem_reg_0_31_0_5/RAMA_D1/CLK
Low Pulse Width   Fast    RAMD32/CLK          n/a            1.250         5.000       3.750      SLICE_X26Y34    top_i/smartconnect_0/inst/m00_nodes/m00_ar_node/inst/inst_mi_handler/gen_normal_area.inst_fifo_node_payld/gen_xpm_memory_fifo.inst_fifo/gen_mem_rep[0].inst_xpm_memory/xpm_memory_base_inst/gen_wr_a.gen_word_narrow.mem_reg_0_31_0_5/RAMA_D1/CLK
Low Pulse Width   Slow    RAMD32/CLK          n/a            1.250         5.000       3.750      SLICE_X26Y34    top_i/smartconnect_0/inst/m00_nodes/m00_ar_node/inst/inst_mi_handler/gen_normal_area.inst_fifo_node_payld/gen_xpm_memory_fifo.inst_fifo/gen_mem_rep[0].inst_xpm_memory/xpm_memory_base_inst/gen_wr_a.gen_word_narrow.mem_reg_0_31_0_5/RAMB/CLK
Low Pulse Width   Fast    RAMD32/CLK          n/a            1.250         5.000       3.750      SLICE_X26Y34    top_i/smartconnect_0/inst/m00_nodes/m00_ar_node/inst/inst_mi_handler/gen_normal_area.inst_fifo_node_payld/gen_xpm_memory_fifo.inst_fifo/gen_mem_rep[0].inst_xpm_memory/xpm_memory_base_inst/gen_wr_a.gen_word_narrow.mem_reg_0_31_0_5/RAMB/CLK
Low Pulse Width   Slow    RAMD32/CLK          n/a            1.250         5.000       3.750      SLICE_X26Y34    top_i/smartconnect_0/inst/m00_nodes/m00_ar_node/inst/inst_mi_handler/gen_normal_area.inst_fifo_node_payld/gen_xpm_memory_fifo.inst_fifo/gen_mem_rep[0].inst_xpm_memory/xpm_memory_base_inst/gen_wr_a.gen_word_narrow.mem_reg_0_31_0_5/RAMB_D1/CLK
Low Pulse Width   Fast    RAMD32/CLK          n/a            1.250         5.000       3.750      SLICE_X26Y34    top_i/smartconnect_0/inst/m00_nodes/m00_ar_node/inst/inst_mi_handler/gen_normal_area.inst_fifo_node_payld/gen_xpm_memory_fifo.inst_fifo/gen_mem_rep[0].inst_xpm_memory/xpm_memory_base_inst/gen_wr_a.gen_word_narrow.mem_reg_0_31_0_5/RAMB_D1/CLK
Low Pulse Width   Slow    RAMD32/CLK          n/a            1.250         5.000       3.750      SLICE_X26Y34    top_i/smartconnect_0/inst/m00_nodes/m00_ar_node/inst/inst_mi_handler/gen_normal_area.inst_fifo_node_payld/gen_xpm_memory_fifo.inst_fifo/gen_mem_rep[0].inst_xpm_memory/xpm_memory_base_inst/gen_wr_a.gen_word_narrow.mem_reg_0_31_0_5/RAMC/CLK
Low Pulse Width   Fast    RAMD32/CLK          n/a            1.250         5.000       3.750      SLICE_X26Y34    top_i/smartconnect_0/inst/m00_nodes/m00_ar_node/inst/inst_mi_handler/gen_normal_area.inst_fifo_node_payld/gen_xpm_memory_fifo.inst_fifo/gen_mem_rep[0].inst_xpm_memory/xpm_memory_base_inst/gen_wr_a.gen_word_narrow.mem_reg_0_31_0_5/RAMC/CLK
High Pulse Width  Slow    RAMD32/CLK          n/a            1.250         5.000       3.750      SLICE_X26Y34    top_i/smartconnect_0/inst/m00_nodes/m00_ar_node/inst/inst_mi_handler/gen_normal_area.inst_fifo_node_payld/gen_xpm_memory_fifo.inst_fifo/gen_mem_rep[0].inst_xpm_memory/xpm_memory_base_inst/gen_wr_a.gen_word_narrow.mem_reg_0_31_0_5/RAMA/CLK
High Pulse Width  Fast    RAMD32/CLK          n/a            1.250         5.000       3.750      SLICE_X26Y34    top_i/smartconnect_0/inst/m00_nodes/m00_ar_node/inst/inst_mi_handler/gen_normal_area.inst_fifo_node_payld/gen_xpm_memory_fifo.inst_fifo/gen_mem_rep[0].inst_xpm_memory/xpm_memory_base_inst/gen_wr_a.gen_word_narrow.mem_reg_0_31_0_5/RAMA/CLK
High Pulse Width  Slow    RAMD32/CLK          n/a            1.250         5.000       3.750      SLICE_X26Y34    top_i/smartconnect_0/inst/m00_nodes/m00_ar_node/inst/inst_mi_handler/gen_normal_area.inst_fifo_node_payld/gen_xpm_memory_fifo.inst_fifo/gen_mem_rep[0].inst_xpm_memory/xpm_memory_base_inst/gen_wr_a.gen_word_narrow.mem_reg_0_31_0_5/RAMA_D1/CLK
High Pulse Width  Fast    RAMD32/CLK          n/a            1.250         5.000       3.750      SLICE_X26Y34    top_i/smartconnect_0/inst/m00_nodes/m00_ar_node/inst/inst_mi_handler/gen_normal_area.inst_fifo_node_payld/gen_xpm_memory_fifo.inst_fifo/gen_mem_rep[0].inst_xpm_memory/xpm_memory_base_inst/gen_wr_a.gen_word_narrow.mem_reg_0_31_0_5/RAMA_D1/CLK
High Pulse Width  Slow    RAMD32/CLK          n/a            1.250         5.000       3.750      SLICE_X26Y34    top_i/smartconnect_0/inst/m00_nodes/m00_ar_node/inst/inst_mi_handler/gen_normal_area.inst_fifo_node_payld/gen_xpm_memory_fifo.inst_fifo/gen_mem_rep[0].inst_xpm_memory/xpm_memory_base_inst/gen_wr_a.gen_word_narrow.mem_reg_0_31_0_5/RAMB/CLK
High Pulse Width  Fast    RAMD32/CLK          n/a            1.250         5.000       3.750      SLICE_X26Y34    top_i/smartconnect_0/inst/m00_nodes/m00_ar_node/inst/inst_mi_handler/gen_normal_area.inst_fifo_node_payld/gen_xpm_memory_fifo.inst_fifo/gen_mem_rep[0].inst_xpm_memory/xpm_memory_base_inst/gen_wr_a.gen_word_narrow.mem_reg_0_31_0_5/RAMB/CLK
High Pulse Width  Slow    RAMD32/CLK          n/a            1.250         5.000       3.750      SLICE_X26Y34    top_i/smartconnect_0/inst/m00_nodes/m00_ar_node/inst/inst_mi_handler/gen_normal_area.inst_fifo_node_payld/gen_xpm_memory_fifo.inst_fifo/gen_mem_rep[0].inst_xpm_memory/xpm_memory_base_inst/gen_wr_a.gen_word_narrow.mem_reg_0_31_0_5/RAMB_D1/CLK
High Pulse Width  Fast    RAMD32/CLK          n/a            1.250         5.000       3.750      SLICE_X26Y34    top_i/smartconnect_0/inst/m00_nodes/m00_ar_node/inst/inst_mi_handler/gen_normal_area.inst_fifo_node_payld/gen_xpm_memory_fifo.inst_fifo/gen_mem_rep[0].inst_xpm_memory/xpm_memory_base_inst/gen_wr_a.gen_word_narrow.mem_reg_0_31_0_5/RAMB_D1/CLK
High Pulse Width  Slow    RAMD32/CLK          n/a            1.250         5.000       3.750      SLICE_X26Y34    top_i/smartconnect_0/inst/m00_nodes/m00_ar_node/inst/inst_mi_handler/gen_normal_area.inst_fifo_node_payld/gen_xpm_memory_fifo.inst_fifo/gen_mem_rep[0].inst_xpm_memory/xpm_memory_base_inst/gen_wr_a.gen_word_narrow.mem_reg_0_31_0_5/RAMC/CLK
High Pulse Width  Fast    RAMD32/CLK          n/a            1.250         5.000       3.750      SLICE_X26Y34    top_i/smartconnect_0/inst/m00_nodes/m00_ar_node/inst/inst_mi_handler/gen_normal_area.inst_fifo_node_payld/gen_xpm_memory_fifo.inst_fifo/gen_mem_rep[0].inst_xpm_memory/xpm_memory_base_inst/gen_wr_a.gen_word_narrow.mem_reg_0_31_0_5/RAMC/CLK



--------------------------------------------------------------------------------------
Path Group:  (none)
From Clock:  
  To Clock:  clk_fpga_0

Max Delay             1 Endpoint
Min Delay             1 Endpoint
--------------------------------------------------------------------------------------


Max Delay Paths
--------------------------------------------------------------------------------------
Slack:                    inf
  Source:                 top_i/zynq_ps/inst/PS7_i/FCLKRESETN[0]
                            (internal pin)
  Destination:            top_i/rst_zynq_ps_100M/U0/EXT_LPF/ACTIVE_LOW_EXT.ACT_LO_EXT/GENERATE_LEVEL_P_S_CDC.SINGLE_BIT.CROSS_PLEVEL_IN2SCNDRY_IN_cdc_to/D
                            (rising edge-triggered cell FDRE clocked by clk_fpga_0  {rise@0.000ns fall@5.000ns period=10.000ns})
  Path Group:             (none)
  Path Type:              Setup (Max at Slow Process Corner)
  Data Path Delay:        2.128ns  (logic 0.124ns (5.826%)  route 2.004ns (94.174%))
  Logic Levels:           1  (LUT1=1)
  Clock Uncertainty:      0.152ns  ((TSJ^2 + TIJ^2)^1/2 + DJ) / 2 + PE
    Total System Jitter     (TSJ):    0.050ns
    Total Input Jitter      (TIJ):    0.300ns
    Discrete Jitter          (DJ):    0.000ns
    Phase Error              (PE):    0.000ns
  Timing Exception:       False Path

    Location             Delay type                Incr(ns)  Path(ns)    Netlist Resource(s)
  -------------------------------------------------------------------    -------------------
    PS7_X0Y0             PS7                          0.000     0.000 f  top_i/zynq_ps/inst/PS7_i/FCLKRESETN[0]
                         net (fo=1, routed)           2.004     2.004    top_i/rst_zynq_ps_100M/U0/EXT_LPF/ACTIVE_LOW_EXT.ACT_LO_EXT/ext_reset_in
    SLICE_X44Y100        LUT1 (Prop_lut1_I0_O)        0.124     2.128 r  top_i/rst_zynq_ps_100M/U0/EXT_LPF/ACTIVE_LOW_EXT.ACT_LO_EXT/GENERATE_LEVEL_P_S_CDC.SINGLE_BIT.CROSS_PLEVEL_IN2SCNDRY_IN_cdc_to_i_1/O
                         net (fo=1, routed)           0.000     2.128    top_i/rst_zynq_ps_100M/U0/EXT_LPF/ACTIVE_LOW_EXT.ACT_LO_EXT/exr_d1
    SLICE_X44Y100        FDRE                                         r  top_i/rst_zynq_ps_100M/U0/EXT_LPF/ACTIVE_LOW_EXT.ACT_LO_EXT/GENERATE_LEVEL_P_S_CDC.SINGLE_BIT.CROSS_PLEVEL_IN2SCNDRY_IN_cdc_to/D
  -------------------------------------------------------------------    -------------------

                         (clock clk_fpga_0 rise edge)
                                                      0.000     0.000 r  
    PS7_X0Y0             PS7                          0.000     0.000 r  top_i/zynq_ps/inst/PS7_i/FCLKCLK[0]
                         net (fo=1, routed)           1.088     1.088    top_i/zynq_ps/inst/FCLK_CLK_unbuffered[0]
    BUFGCTRL_X0Y16       BUFG (Prop_bufg_I_O)         0.091     1.179 r  top_i/zynq_ps/inst/buffer_fclk_clk_0.FCLK_CLK_0_BUFG/O
                         net (fo=12912, routed)       1.653     2.832    top_i/rst_zynq_ps_100M/U0/EXT_LPF/ACTIVE_LOW_EXT.ACT_LO_EXT/slowest_sync_clk
    SLICE_X44Y100        FDRE                                         r  top_i/rst_zynq_ps_100M/U0/EXT_LPF/ACTIVE_LOW_EXT.ACT_LO_EXT/GENERATE_LEVEL_P_S_CDC.SINGLE_BIT.CROSS_PLEVEL_IN2SCNDRY_IN_cdc_to/C





Min Delay Paths
--------------------------------------------------------------------------------------
Slack:                    inf
  Source:                 top_i/zynq_ps/inst/PS7_i/FCLKRESETN[0]
                            (internal pin)
  Destination:            top_i/rst_zynq_ps_100M/U0/EXT_LPF/ACTIVE_LOW_EXT.ACT_LO_EXT/GENERATE_LEVEL_P_S_CDC.SINGLE_BIT.CROSS_PLEVEL_IN2SCNDRY_IN_cdc_to/D
                            (rising edge-triggered cell FDRE clocked by clk_fpga_0  {rise@0.000ns fall@5.000ns period=10.000ns})
  Path Group:             (none)
  Path Type:              Hold (Min at Fast Process Corner)
  Data Path Delay:        0.858ns  (logic 0.045ns (5.243%)  route 0.813ns (94.757%))
  Logic Levels:           1  (LUT1=1)
  Clock Uncertainty:      0.152ns  ((TSJ^2 + TIJ^2)^1/2 + DJ) / 2 + PE
    Total System Jitter     (TSJ):    0.050ns
    Total Input Jitter      (TIJ):    0.300ns
    Discrete Jitter          (DJ):    0.000ns
    Phase Error              (PE):    0.000ns
  Timing Exception:       False Path

    Location             Delay type                Incr(ns)  Path(ns)    Netlist Resource(s)
  -------------------------------------------------------------------    -------------------
    PS7_X0Y0             PS7                          0.000     0.000 f  top_i/zynq_ps/inst/PS7_i/FCLKRESETN[0]
                         net (fo=1, routed)           0.813     0.813    top_i/rst_zynq_ps_100M/U0/EXT_LPF/ACTIVE_LOW_EXT.ACT_LO_EXT/ext_reset_in
    SLICE_X44Y100        LUT1 (Prop_lut1_I0_O)        0.045     0.858 r  top_i/rst_zynq_ps_100M/U0/EXT_LPF/ACTIVE_LOW_EXT.ACT_LO_EXT/GENERATE_LEVEL_P_S_CDC.SINGLE_BIT.CROSS_PLEVEL_IN2SCNDRY_IN_cdc_to_i_1/O
                         net (fo=1, routed)           0.000     0.858    top_i/rst_zynq_ps_100M/U0/EXT_LPF/ACTIVE_LOW_EXT.ACT_LO_EXT/exr_d1
    SLICE_X44Y100        FDRE                                         r  top_i/rst_zynq_ps_100M/U0/EXT_LPF/ACTIVE_LOW_EXT.ACT_LO_EXT/GENERATE_LEVEL_P_S_CDC.SINGLE_BIT.CROSS_PLEVEL_IN2SCNDRY_IN_cdc_to/D
  -------------------------------------------------------------------    -------------------

                         (clock clk_fpga_0 rise edge)
                                                      0.000     0.000 r  
    PS7_X0Y0             PS7                          0.000     0.000 r  top_i/zynq_ps/inst/PS7_i/FCLKCLK[0]
                         net (fo=1, routed)           0.337     0.337    top_i/zynq_ps/inst/FCLK_CLK_unbuffered[0]
    BUFGCTRL_X0Y16       BUFG (Prop_bufg_I_O)         0.029     0.366 r  top_i/zynq_ps/inst/buffer_fclk_clk_0.FCLK_CLK_0_BUFG/O
                         net (fo=12912, routed)       0.911     1.277    top_i/rst_zynq_ps_100M/U0/EXT_LPF/ACTIVE_LOW_EXT.ACT_LO_EXT/slowest_sync_clk
    SLICE_X44Y100        FDRE                                         r  top_i/rst_zynq_ps_100M/U0/EXT_LPF/ACTIVE_LOW_EXT.ACT_LO_EXT/GENERATE_LEVEL_P_S_CDC.SINGLE_BIT.CROSS_PLEVEL_IN2SCNDRY_IN_cdc_to/C





--------------------------------------------------------------------------------------
Path Group:  (none)
From Clock:  clk_fpga_0
  To Clock:  clk_fpga_0

Max Delay            67 Endpoints
Min Delay            67 Endpoints
--------------------------------------------------------------------------------------


Max Delay Paths
--------------------------------------------------------------------------------------
Slack:                    inf
  Source:                 top_i/rst_zynq_ps_100M/U0/ACTIVE_LOW_PR_OUT_DFF[0].FDRE_PER_N/C
                            (rising edge-triggered cell FDRE clocked by clk_fpga_0  {rise@0.000ns fall@5.000ns period=10.000ns})
  Destination:            top_i/smartconnect_0/inst/clk_map/psr_aclk/U0/EXT_LPF/ACTIVE_LOW_AUX.ACT_LO_AUX/GENERATE_LEVEL_P_S_CDC.SINGLE_BIT.CROSS_PLEVEL_IN2SCNDRY_IN_cdc_to/D
                            (rising edge-triggered cell FDRE clocked by clk_fpga_0  {rise@0.000ns fall@5.000ns period=10.000ns})
  Path Group:             (none)
  Path Type:              Setup (Max at Slow Process Corner)
  Data Path Delay:        7.389ns  (logic 0.642ns (8.688%)  route 6.747ns (91.312%))
  Logic Levels:           1  (LUT1=1)
  Clock Path Skew:        -0.416ns (DCD - SCD + CPR)
    Destination Clock Delay (DCD):    2.721ns
    Source Clock Delay      (SCD):    3.137ns
    Clock Pessimism Removal (CPR):    0.000ns
  Clock Uncertainty:      0.154ns  ((TSJ^2 + TIJ^2)^1/2 + DJ) / 2 + PE
    Total System Jitter     (TSJ):    0.071ns
    Total Input Jitter      (TIJ):    0.300ns
    Discrete Jitter          (DJ):    0.000ns
    Phase Error              (PE):    0.000ns
  Timing Exception:       False Path

    Location             Delay type                Incr(ns)  Path(ns)    Netlist Resource(s)
  -------------------------------------------------------------------    -------------------
                         (clock clk_fpga_0 rise edge)
                                                      0.000     0.000 r  
    PS7_X0Y0             PS7                          0.000     0.000 r  top_i/zynq_ps/inst/PS7_i/FCLKCLK[0]
                         net (fo=1, routed)           1.193     1.193    top_i/zynq_ps/inst/FCLK_CLK_unbuffered[0]
    BUFGCTRL_X0Y16       BUFG (Prop_bufg_I_O)         0.101     1.294 r  top_i/zynq_ps/inst/buffer_fclk_clk_0.FCLK_CLK_0_BUFG/O
                         net (fo=12912, routed)       1.843     3.137    top_i/rst_zynq_ps_100M/U0/slowest_sync_clk
    SLICE_X42Y103        FDRE                                         r  top_i/rst_zynq_ps_100M/U0/ACTIVE_LOW_PR_OUT_DFF[0].FDRE_PER_N/C
  -------------------------------------------------------------------    -------------------
    SLICE_X42Y103        FDRE (Prop_fdre_C_Q)         0.518     3.655 f  top_i/rst_zynq_ps_100M/U0/ACTIVE_LOW_PR_OUT_DFF[0].FDRE_PER_N/Q
                         net (fo=71, routed)          6.747    10.402    top_i/smartconnect_0/inst/clk_map/psr_aclk/U0/EXT_LPF/ACTIVE_LOW_AUX.ACT_LO_AUX/aresetn
    SLICE_X75Y24         LUT1 (Prop_lut1_I0_O)        0.124    10.526 r  top_i/smartconnect_0/inst/clk_map/psr_aclk/U0/EXT_LPF/ACTIVE_LOW_AUX.ACT_LO_AUX/GENERATE_LEVEL_P_S_CDC.SINGLE_BIT.CROSS_PLEVEL_IN2SCNDRY_IN_cdc_to_i_1/O
                         net (fo=1, routed)           0.000    10.526    top_i/smartconnect_0/inst/clk_map/psr_aclk/U0/EXT_LPF/ACTIVE_LOW_AUX.ACT_LO_AUX/asr_d1
    SLICE_X75Y24         FDRE                                         r  top_i/smartconnect_0/inst/clk_map/psr_aclk/U0/EXT_LPF/ACTIVE_LOW_AUX.ACT_LO_AUX/GENERATE_LEVEL_P_S_CDC.SINGLE_BIT.CROSS_PLEVEL_IN2SCNDRY_IN_cdc_to/D
  -------------------------------------------------------------------    -------------------

                         (clock clk_fpga_0 rise edge)
                                                      0.000     0.000 r  
    PS7_X0Y0             PS7                          0.000     0.000 r  top_i/zynq_ps/inst/PS7_i/FCLKCLK[0]
                         net (fo=1, routed)           1.088     1.088    top_i/zynq_ps/inst/FCLK_CLK_unbuffered[0]
    BUFGCTRL_X0Y16       BUFG (Prop_bufg_I_O)         0.091     1.179 r  top_i/zynq_ps/inst/buffer_fclk_clk_0.FCLK_CLK_0_BUFG/O
                         net (fo=12912, routed)       1.542     2.721    top_i/smartconnect_0/inst/clk_map/psr_aclk/U0/EXT_LPF/ACTIVE_LOW_AUX.ACT_LO_AUX/aclk
    SLICE_X75Y24         FDRE                                         r  top_i/smartconnect_0/inst/clk_map/psr_aclk/U0/EXT_LPF/ACTIVE_LOW_AUX.ACT_LO_AUX/GENERATE_LEVEL_P_S_CDC.SINGLE_BIT.CROSS_PLEVEL_IN2SCNDRY_IN_cdc_to/C

Slack:                    inf
  Source:                 top_i/smartconnect_0/inst/clk_map/psr_aclk/U0/ACTIVE_LOW_BSR_OUT_DFF[0].FDRE_BSR_N/C
                            (rising edge-triggered cell FDRE clocked by clk_fpga_0  {rise@0.000ns fall@5.000ns period=10.000ns})
  Destination:            top_i/smartconnect_0/inst/s01_nodes/s01_w_node/inst/s_sc_xpm_cdc_async_rst_inst/arststages_ff_reg[0]/CLR
                            (recovery check against rising-edge clock clk_fpga_0  {rise@0.000ns fall@5.000ns period=10.000ns})
  Path Group:             (none)
  Path Type:              Recovery (Max at Slow Process Corner)
  Data Path Delay:        6.647ns  (logic 0.580ns (8.726%)  route 6.067ns (91.274%))
  Logic Levels:           1  (LUT1=1)
  Clock Path Skew:        -0.262ns (DCD - SCD + CPR)
    Destination Clock Delay (DCD):    2.747ns
    Source Clock Delay      (SCD):    3.009ns
    Clock Pessimism Removal (CPR):    0.000ns
  Clock Uncertainty:      0.154ns  ((TSJ^2 + TIJ^2)^1/2 + DJ) / 2 + PE
    Total System Jitter     (TSJ):    0.071ns
    Total Input Jitter      (TIJ):    0.300ns
    Discrete Jitter          (DJ):    0.000ns
    Phase Error              (PE):    0.000ns
  Timing Exception:       False Path

    Location             Delay type                Incr(ns)  Path(ns)    Netlist Resource(s)
  -------------------------------------------------------------------    -------------------
                         (clock clk_fpga_0 rise edge)
                                                      0.000     0.000 r  
    PS7_X0Y0             PS7                          0.000     0.000 r  top_i/zynq_ps/inst/PS7_i/FCLKCLK[0]
                         net (fo=1, routed)           1.193     1.193    top_i/zynq_ps/inst/FCLK_CLK_unbuffered[0]
    BUFGCTRL_X0Y16       BUFG (Prop_bufg_I_O)         0.101     1.294 r  top_i/zynq_ps/inst/buffer_fclk_clk_0.FCLK_CLK_0_BUFG/O
                         net (fo=12912, routed)       1.715     3.009    top_i/smartconnect_0/inst/clk_map/psr_aclk/U0/aclk
    SLICE_X77Y24         FDRE                                         r  top_i/smartconnect_0/inst/clk_map/psr_aclk/U0/ACTIVE_LOW_BSR_OUT_DFF[0].FDRE_BSR_N/C
  -------------------------------------------------------------------    -------------------
    SLICE_X77Y24         FDRE (Prop_fdre_C_Q)         0.456     3.465 r  top_i/smartconnect_0/inst/clk_map/psr_aclk/U0/ACTIVE_LOW_BSR_OUT_DFF[0].FDRE_BSR_N/Q
                         net (fo=22, routed)          5.289     8.754    top_i/smartconnect_0/inst/s01_nodes/s01_w_node/inst/s_sc_xpm_cdc_async_rst_inst/src_arst
    SLICE_X17Y28         LUT1 (Prop_lut1_I0_O)        0.124     8.878 f  top_i/smartconnect_0/inst/s01_nodes/s01_w_node/inst/s_sc_xpm_cdc_async_rst_inst/arststages_ff[2]_i_1/O
                         net (fo=3, routed)           0.778     9.656    top_i/smartconnect_0/inst/s01_nodes/s01_w_node/inst/s_sc_xpm_cdc_async_rst_inst/reset_pol
    SLICE_X17Y28         FDCE                                         f  top_i/smartconnect_0/inst/s01_nodes/s01_w_node/inst/s_sc_xpm_cdc_async_rst_inst/arststages_ff_reg[0]/CLR
  -------------------------------------------------------------------    -------------------

                         (clock clk_fpga_0 rise edge)
                                                      0.000     0.000 r  
    PS7_X0Y0             PS7                          0.000     0.000 r  top_i/zynq_ps/inst/PS7_i/FCLKCLK[0]
                         net (fo=1, routed)           1.088     1.088    top_i/zynq_ps/inst/FCLK_CLK_unbuffered[0]
    BUFGCTRL_X0Y16       BUFG (Prop_bufg_I_O)         0.091     1.179 r  top_i/zynq_ps/inst/buffer_fclk_clk_0.FCLK_CLK_0_BUFG/O
                         net (fo=12912, routed)       1.568     2.747    top_i/smartconnect_0/inst/s01_nodes/s01_w_node/inst/s_sc_xpm_cdc_async_rst_inst/dest_clk
    SLICE_X17Y28         FDCE                                         r  top_i/smartconnect_0/inst/s01_nodes/s01_w_node/inst/s_sc_xpm_cdc_async_rst_inst/arststages_ff_reg[0]/C

Slack:                    inf
  Source:                 top_i/smartconnect_0/inst/clk_map/psr_aclk/U0/ACTIVE_LOW_BSR_OUT_DFF[0].FDRE_BSR_N/C
                            (rising edge-triggered cell FDRE clocked by clk_fpga_0  {rise@0.000ns fall@5.000ns period=10.000ns})
  Destination:            top_i/smartconnect_0/inst/s01_nodes/s01_w_node/inst/s_sc_xpm_cdc_async_rst_inst/arststages_ff_reg[1]/CLR
                            (recovery check against rising-edge clock clk_fpga_0  {rise@0.000ns fall@5.000ns period=10.000ns})
  Path Group:             (none)
  Path Type:              Recovery (Max at Slow Process Corner)
  Data Path Delay:        6.647ns  (logic 0.580ns (8.726%)  route 6.067ns (91.274%))
  Logic Levels:           1  (LUT1=1)
  Clock Path Skew:        -0.262ns (DCD - SCD + CPR)
    Destination Clock Delay (DCD):    2.747ns
    Source Clock Delay      (SCD):    3.009ns
    Clock Pessimism Removal (CPR):    0.000ns
  Clock Uncertainty:      0.154ns  ((TSJ^2 + TIJ^2)^1/2 + DJ) / 2 + PE
    Total System Jitter     (TSJ):    0.071ns
    Total Input Jitter      (TIJ):    0.300ns
    Discrete Jitter          (DJ):    0.000ns
    Phase Error              (PE):    0.000ns
  Timing Exception:       False Path

    Location             Delay type                Incr(ns)  Path(ns)    Netlist Resource(s)
  -------------------------------------------------------------------    -------------------
                         (clock clk_fpga_0 rise edge)
                                                      0.000     0.000 r  
    PS7_X0Y0             PS7                          0.000     0.000 r  top_i/zynq_ps/inst/PS7_i/FCLKCLK[0]
                         net (fo=1, routed)           1.193     1.193    top_i/zynq_ps/inst/FCLK_CLK_unbuffered[0]
    BUFGCTRL_X0Y16       BUFG (Prop_bufg_I_O)         0.101     1.294 r  top_i/zynq_ps/inst/buffer_fclk_clk_0.FCLK_CLK_0_BUFG/O
                         net (fo=12912, routed)       1.715     3.009    top_i/smartconnect_0/inst/clk_map/psr_aclk/U0/aclk
    SLICE_X77Y24         FDRE                                         r  top_i/smartconnect_0/inst/clk_map/psr_aclk/U0/ACTIVE_LOW_BSR_OUT_DFF[0].FDRE_BSR_N/C
  -------------------------------------------------------------------    -------------------
    SLICE_X77Y24         FDRE (Prop_fdre_C_Q)         0.456     3.465 r  top_i/smartconnect_0/inst/clk_map/psr_aclk/U0/ACTIVE_LOW_BSR_OUT_DFF[0].FDRE_BSR_N/Q
                         net (fo=22, routed)          5.289     8.754    top_i/smartconnect_0/inst/s01_nodes/s01_w_node/inst/s_sc_xpm_cdc_async_rst_inst/src_arst
    SLICE_X17Y28         LUT1 (Prop_lut1_I0_O)        0.124     8.878 f  top_i/smartconnect_0/inst/s01_nodes/s01_w_node/inst/s_sc_xpm_cdc_async_rst_inst/arststages_ff[2]_i_1/O
                         net (fo=3, routed)           0.778     9.656    top_i/smartconnect_0/inst/s01_nodes/s01_w_node/inst/s_sc_xpm_cdc_async_rst_inst/reset_pol
    SLICE_X17Y28         FDCE                                         f  top_i/smartconnect_0/inst/s01_nodes/s01_w_node/inst/s_sc_xpm_cdc_async_rst_inst/arststages_ff_reg[1]/CLR
  -------------------------------------------------------------------    -------------------

                         (clock clk_fpga_0 rise edge)
                                                      0.000     0.000 r  
    PS7_X0Y0             PS7                          0.000     0.000 r  top_i/zynq_ps/inst/PS7_i/FCLKCLK[0]
                         net (fo=1, routed)           1.088     1.088    top_i/zynq_ps/inst/FCLK_CLK_unbuffered[0]
    BUFGCTRL_X0Y16       BUFG (Prop_bufg_I_O)         0.091     1.179 r  top_i/zynq_ps/inst/buffer_fclk_clk_0.FCLK_CLK_0_BUFG/O
                         net (fo=12912, routed)       1.568     2.747    top_i/smartconnect_0/inst/s01_nodes/s01_w_node/inst/s_sc_xpm_cdc_async_rst_inst/dest_clk
    SLICE_X17Y28         FDCE                                         r  top_i/smartconnect_0/inst/s01_nodes/s01_w_node/inst/s_sc_xpm_cdc_async_rst_inst/arststages_ff_reg[1]/C

Slack:                    inf
  Source:                 top_i/smartconnect_0/inst/clk_map/psr_aclk/U0/ACTIVE_LOW_BSR_OUT_DFF[0].FDRE_BSR_N/C
                            (rising edge-triggered cell FDRE clocked by clk_fpga_0  {rise@0.000ns fall@5.000ns period=10.000ns})
  Destination:            top_i/smartconnect_0/inst/s01_nodes/s01_w_node/inst/s_sc_xpm_cdc_async_rst_inst/arststages_ff_reg[2]/CLR
                            (recovery check against rising-edge clock clk_fpga_0  {rise@0.000ns fall@5.000ns period=10.000ns})
  Path Group:             (none)
  Path Type:              Recovery (Max at Slow Process Corner)
  Data Path Delay:        6.647ns  (logic 0.580ns (8.726%)  route 6.067ns (91.274%))
  Logic Levels:           1  (LUT1=1)
  Clock Path Skew:        -0.262ns (DCD - SCD + CPR)
    Destination Clock Delay (DCD):    2.747ns
    Source Clock Delay      (SCD):    3.009ns
    Clock Pessimism Removal (CPR):    0.000ns
  Clock Uncertainty:      0.154ns  ((TSJ^2 + TIJ^2)^1/2 + DJ) / 2 + PE
    Total System Jitter     (TSJ):    0.071ns
    Total Input Jitter      (TIJ):    0.300ns
    Discrete Jitter          (DJ):    0.000ns
    Phase Error              (PE):    0.000ns
  Timing Exception:       False Path

    Location             Delay type                Incr(ns)  Path(ns)    Netlist Resource(s)
  -------------------------------------------------------------------    -------------------
                         (clock clk_fpga_0 rise edge)
                                                      0.000     0.000 r  
    PS7_X0Y0             PS7                          0.000     0.000 r  top_i/zynq_ps/inst/PS7_i/FCLKCLK[0]
                         net (fo=1, routed)           1.193     1.193    top_i/zynq_ps/inst/FCLK_CLK_unbuffered[0]
    BUFGCTRL_X0Y16       BUFG (Prop_bufg_I_O)         0.101     1.294 r  top_i/zynq_ps/inst/buffer_fclk_clk_0.FCLK_CLK_0_BUFG/O
                         net (fo=12912, routed)       1.715     3.009    top_i/smartconnect_0/inst/clk_map/psr_aclk/U0/aclk
    SLICE_X77Y24         FDRE                                         r  top_i/smartconnect_0/inst/clk_map/psr_aclk/U0/ACTIVE_LOW_BSR_OUT_DFF[0].FDRE_BSR_N/C
  -------------------------------------------------------------------    -------------------
    SLICE_X77Y24         FDRE (Prop_fdre_C_Q)         0.456     3.465 r  top_i/smartconnect_0/inst/clk_map/psr_aclk/U0/ACTIVE_LOW_BSR_OUT_DFF[0].FDRE_BSR_N/Q
                         net (fo=22, routed)          5.289     8.754    top_i/smartconnect_0/inst/s01_nodes/s01_w_node/inst/s_sc_xpm_cdc_async_rst_inst/src_arst
    SLICE_X17Y28         LUT1 (Prop_lut1_I0_O)        0.124     8.878 f  top_i/smartconnect_0/inst/s01_nodes/s01_w_node/inst/s_sc_xpm_cdc_async_rst_inst/arststages_ff[2]_i_1/O
                         net (fo=3, routed)           0.778     9.656    top_i/smartconnect_0/inst/s01_nodes/s01_w_node/inst/s_sc_xpm_cdc_async_rst_inst/reset_pol
    SLICE_X17Y28         FDCE                                         f  top_i/smartconnect_0/inst/s01_nodes/s01_w_node/inst/s_sc_xpm_cdc_async_rst_inst/arststages_ff_reg[2]/CLR
  -------------------------------------------------------------------    -------------------

                         (clock clk_fpga_0 rise edge)
                                                      0.000     0.000 r  
    PS7_X0Y0             PS7                          0.000     0.000 r  top_i/zynq_ps/inst/PS7_i/FCLKCLK[0]
                         net (fo=1, routed)           1.088     1.088    top_i/zynq_ps/inst/FCLK_CLK_unbuffered[0]
    BUFGCTRL_X0Y16       BUFG (Prop_bufg_I_O)         0.091     1.179 r  top_i/zynq_ps/inst/buffer_fclk_clk_0.FCLK_CLK_0_BUFG/O
                         net (fo=12912, routed)       1.568     2.747    top_i/smartconnect_0/inst/s01_nodes/s01_w_node/inst/s_sc_xpm_cdc_async_rst_inst/dest_clk
    SLICE_X17Y28         FDCE                                         r  top_i/smartconnect_0/inst/s01_nodes/s01_w_node/inst/s_sc_xpm_cdc_async_rst_inst/arststages_ff_reg[2]/C

Slack:                    inf
  Source:                 top_i/smartconnect_0/inst/clk_map/psr_aclk/U0/ACTIVE_LOW_BSR_OUT_DFF[0].FDRE_BSR_N/C
                            (rising edge-triggered cell FDRE clocked by clk_fpga_0  {rise@0.000ns fall@5.000ns period=10.000ns})
  Destination:            top_i/smartconnect_0/inst/m00_exit_pipeline/m00_exit/inst/xpm_cdc_async_rst_inst/arststages_ff_reg[0]/CLR
                            (recovery check against rising-edge clock clk_fpga_0  {rise@0.000ns fall@5.000ns period=10.000ns})
  Path Group:             (none)
  Path Type:              Recovery (Max at Slow Process Corner)
  Data Path Delay:        6.294ns  (logic 0.580ns (9.216%)  route 5.714ns (90.784%))
  Logic Levels:           1  (LUT1=1)
  Clock Path Skew:        -0.256ns (DCD - SCD + CPR)
    Destination Clock Delay (DCD):    2.753ns
    Source Clock Delay      (SCD):    3.009ns
    Clock Pessimism Removal (CPR):    0.000ns
  Clock Uncertainty:      0.154ns  ((TSJ^2 + TIJ^2)^1/2 + DJ) / 2 + PE
    Total System Jitter     (TSJ):    0.071ns
    Total Input Jitter      (TIJ):    0.300ns
    Discrete Jitter          (DJ):    0.000ns
    Phase Error              (PE):    0.000ns
  Timing Exception:       False Path

    Location             Delay type                Incr(ns)  Path(ns)    Netlist Resource(s)
  -------------------------------------------------------------------    -------------------
                         (clock clk_fpga_0 rise edge)
                                                      0.000     0.000 r  
    PS7_X0Y0             PS7                          0.000     0.000 r  top_i/zynq_ps/inst/PS7_i/FCLKCLK[0]
                         net (fo=1, routed)           1.193     1.193    top_i/zynq_ps/inst/FCLK_CLK_unbuffered[0]
    BUFGCTRL_X0Y16       BUFG (Prop_bufg_I_O)         0.101     1.294 r  top_i/zynq_ps/inst/buffer_fclk_clk_0.FCLK_CLK_0_BUFG/O
                         net (fo=12912, routed)       1.715     3.009    top_i/smartconnect_0/inst/clk_map/psr_aclk/U0/aclk
    SLICE_X77Y24         FDRE                                         r  top_i/smartconnect_0/inst/clk_map/psr_aclk/U0/ACTIVE_LOW_BSR_OUT_DFF[0].FDRE_BSR_N/C
  -------------------------------------------------------------------    -------------------
    SLICE_X77Y24         FDRE (Prop_fdre_C_Q)         0.456     3.465 r  top_i/smartconnect_0/inst/clk_map/psr_aclk/U0/ACTIVE_LOW_BSR_OUT_DFF[0].FDRE_BSR_N/Q
                         net (fo=22, routed)          4.964     8.429    top_i/smartconnect_0/inst/m00_exit_pipeline/m00_exit/inst/xpm_cdc_async_rst_inst/src_arst
    SLICE_X11Y30         LUT1 (Prop_lut1_I0_O)        0.124     8.553 f  top_i/smartconnect_0/inst/m00_exit_pipeline/m00_exit/inst/xpm_cdc_async_rst_inst/arststages_ff[2]_i_1/O
                         net (fo=3, routed)           0.749     9.303    top_i/smartconnect_0/inst/m00_exit_pipeline/m00_exit/inst/xpm_cdc_async_rst_inst/reset_pol
    SLICE_X11Y32         FDCE                                         f  top_i/smartconnect_0/inst/m00_exit_pipeline/m00_exit/inst/xpm_cdc_async_rst_inst/arststages_ff_reg[0]/CLR
  -------------------------------------------------------------------    -------------------

                         (clock clk_fpga_0 rise edge)
                                                      0.000     0.000 r  
    PS7_X0Y0             PS7                          0.000     0.000 r  top_i/zynq_ps/inst/PS7_i/FCLKCLK[0]
                         net (fo=1, routed)           1.088     1.088    top_i/zynq_ps/inst/FCLK_CLK_unbuffered[0]
    BUFGCTRL_X0Y16       BUFG (Prop_bufg_I_O)         0.091     1.179 r  top_i/zynq_ps/inst/buffer_fclk_clk_0.FCLK_CLK_0_BUFG/O
                         net (fo=12912, routed)       1.573     2.753    top_i/smartconnect_0/inst/m00_exit_pipeline/m00_exit/inst/xpm_cdc_async_rst_inst/dest_clk
    SLICE_X11Y32         FDCE                                         r  top_i/smartconnect_0/inst/m00_exit_pipeline/m00_exit/inst/xpm_cdc_async_rst_inst/arststages_ff_reg[0]/C

Slack:                    inf
  Source:                 top_i/smartconnect_0/inst/clk_map/psr_aclk/U0/ACTIVE_LOW_BSR_OUT_DFF[0].FDRE_BSR_N/C
                            (rising edge-triggered cell FDRE clocked by clk_fpga_0  {rise@0.000ns fall@5.000ns period=10.000ns})
  Destination:            top_i/smartconnect_0/inst/m00_exit_pipeline/m00_exit/inst/xpm_cdc_async_rst_inst/arststages_ff_reg[1]/CLR
                            (recovery check against rising-edge clock clk_fpga_0  {rise@0.000ns fall@5.000ns period=10.000ns})
  Path Group:             (none)
  Path Type:              Recovery (Max at Slow Process Corner)
  Data Path Delay:        6.294ns  (logic 0.580ns (9.216%)  route 5.714ns (90.784%))
  Logic Levels:           1  (LUT1=1)
  Clock Path Skew:        -0.256ns (DCD - SCD + CPR)
    Destination Clock Delay (DCD):    2.753ns
    Source Clock Delay      (SCD):    3.009ns
    Clock Pessimism Removal (CPR):    0.000ns
  Clock Uncertainty:      0.154ns  ((TSJ^2 + TIJ^2)^1/2 + DJ) / 2 + PE
    Total System Jitter     (TSJ):    0.071ns
    Total Input Jitter      (TIJ):    0.300ns
    Discrete Jitter          (DJ):    0.000ns
    Phase Error              (PE):    0.000ns
  Timing Exception:       False Path

    Location             Delay type                Incr(ns)  Path(ns)    Netlist Resource(s)
  -------------------------------------------------------------------    -------------------
                         (clock clk_fpga_0 rise edge)
                                                      0.000     0.000 r  
    PS7_X0Y0             PS7                          0.000     0.000 r  top_i/zynq_ps/inst/PS7_i/FCLKCLK[0]
                         net (fo=1, routed)           1.193     1.193    top_i/zynq_ps/inst/FCLK_CLK_unbuffered[0]
    BUFGCTRL_X0Y16       BUFG (Prop_bufg_I_O)         0.101     1.294 r  top_i/zynq_ps/inst/buffer_fclk_clk_0.FCLK_CLK_0_BUFG/O
                         net (fo=12912, routed)       1.715     3.009    top_i/smartconnect_0/inst/clk_map/psr_aclk/U0/aclk
    SLICE_X77Y24         FDRE                                         r  top_i/smartconnect_0/inst/clk_map/psr_aclk/U0/ACTIVE_LOW_BSR_OUT_DFF[0].FDRE_BSR_N/C
  -------------------------------------------------------------------    -------------------
    SLICE_X77Y24         FDRE (Prop_fdre_C_Q)         0.456     3.465 r  top_i/smartconnect_0/inst/clk_map/psr_aclk/U0/ACTIVE_LOW_BSR_OUT_DFF[0].FDRE_BSR_N/Q
                         net (fo=22, routed)          4.964     8.429    top_i/smartconnect_0/inst/m00_exit_pipeline/m00_exit/inst/xpm_cdc_async_rst_inst/src_arst
    SLICE_X11Y30         LUT1 (Prop_lut1_I0_O)        0.124     8.553 f  top_i/smartconnect_0/inst/m00_exit_pipeline/m00_exit/inst/xpm_cdc_async_rst_inst/arststages_ff[2]_i_1/O
                         net (fo=3, routed)           0.749     9.303    top_i/smartconnect_0/inst/m00_exit_pipeline/m00_exit/inst/xpm_cdc_async_rst_inst/reset_pol
    SLICE_X11Y32         FDCE                                         f  top_i/smartconnect_0/inst/m00_exit_pipeline/m00_exit/inst/xpm_cdc_async_rst_inst/arststages_ff_reg[1]/CLR
  -------------------------------------------------------------------    -------------------

                         (clock clk_fpga_0 rise edge)
                                                      0.000     0.000 r  
    PS7_X0Y0             PS7                          0.000     0.000 r  top_i/zynq_ps/inst/PS7_i/FCLKCLK[0]
                         net (fo=1, routed)           1.088     1.088    top_i/zynq_ps/inst/FCLK_CLK_unbuffered[0]
    BUFGCTRL_X0Y16       BUFG (Prop_bufg_I_O)         0.091     1.179 r  top_i/zynq_ps/inst/buffer_fclk_clk_0.FCLK_CLK_0_BUFG/O
                         net (fo=12912, routed)       1.573     2.753    top_i/smartconnect_0/inst/m00_exit_pipeline/m00_exit/inst/xpm_cdc_async_rst_inst/dest_clk
    SLICE_X11Y32         FDCE                                         r  top_i/smartconnect_0/inst/m00_exit_pipeline/m00_exit/inst/xpm_cdc_async_rst_inst/arststages_ff_reg[1]/C

Slack:                    inf
  Source:                 top_i/smartconnect_0/inst/clk_map/psr_aclk/U0/ACTIVE_LOW_BSR_OUT_DFF[0].FDRE_BSR_N/C
                            (rising edge-triggered cell FDRE clocked by clk_fpga_0  {rise@0.000ns fall@5.000ns period=10.000ns})
  Destination:            top_i/smartconnect_0/inst/m00_exit_pipeline/m00_exit/inst/xpm_cdc_async_rst_inst/arststages_ff_reg[2]/CLR
                            (recovery check against rising-edge clock clk_fpga_0  {rise@0.000ns fall@5.000ns period=10.000ns})
  Path Group:             (none)
  Path Type:              Recovery (Max at Slow Process Corner)
  Data Path Delay:        6.294ns  (logic 0.580ns (9.216%)  route 5.714ns (90.784%))
  Logic Levels:           1  (LUT1=1)
  Clock Path Skew:        -0.256ns (DCD - SCD + CPR)
    Destination Clock Delay (DCD):    2.753ns
    Source Clock Delay      (SCD):    3.009ns
    Clock Pessimism Removal (CPR):    0.000ns
  Clock Uncertainty:      0.154ns  ((TSJ^2 + TIJ^2)^1/2 + DJ) / 2 + PE
    Total System Jitter     (TSJ):    0.071ns
    Total Input Jitter      (TIJ):    0.300ns
    Discrete Jitter          (DJ):    0.000ns
    Phase Error              (PE):    0.000ns
  Timing Exception:       False Path

    Location             Delay type                Incr(ns)  Path(ns)    Netlist Resource(s)
  -------------------------------------------------------------------    -------------------
                         (clock clk_fpga_0 rise edge)
                                                      0.000     0.000 r  
    PS7_X0Y0             PS7                          0.000     0.000 r  top_i/zynq_ps/inst/PS7_i/FCLKCLK[0]
                         net (fo=1, routed)           1.193     1.193    top_i/zynq_ps/inst/FCLK_CLK_unbuffered[0]
    BUFGCTRL_X0Y16       BUFG (Prop_bufg_I_O)         0.101     1.294 r  top_i/zynq_ps/inst/buffer_fclk_clk_0.FCLK_CLK_0_BUFG/O
                         net (fo=12912, routed)       1.715     3.009    top_i/smartconnect_0/inst/clk_map/psr_aclk/U0/aclk
    SLICE_X77Y24         FDRE                                         r  top_i/smartconnect_0/inst/clk_map/psr_aclk/U0/ACTIVE_LOW_BSR_OUT_DFF[0].FDRE_BSR_N/C
  -------------------------------------------------------------------    -------------------
    SLICE_X77Y24         FDRE (Prop_fdre_C_Q)         0.456     3.465 r  top_i/smartconnect_0/inst/clk_map/psr_aclk/U0/ACTIVE_LOW_BSR_OUT_DFF[0].FDRE_BSR_N/Q
                         net (fo=22, routed)          4.964     8.429    top_i/smartconnect_0/inst/m00_exit_pipeline/m00_exit/inst/xpm_cdc_async_rst_inst/src_arst
    SLICE_X11Y30         LUT1 (Prop_lut1_I0_O)        0.124     8.553 f  top_i/smartconnect_0/inst/m00_exit_pipeline/m00_exit/inst/xpm_cdc_async_rst_inst/arststages_ff[2]_i_1/O
                         net (fo=3, routed)           0.749     9.303    top_i/smartconnect_0/inst/m00_exit_pipeline/m00_exit/inst/xpm_cdc_async_rst_inst/reset_pol
    SLICE_X11Y32         FDCE                                         f  top_i/smartconnect_0/inst/m00_exit_pipeline/m00_exit/inst/xpm_cdc_async_rst_inst/arststages_ff_reg[2]/CLR
  -------------------------------------------------------------------    -------------------

                         (clock clk_fpga_0 rise edge)
                                                      0.000     0.000 r  
    PS7_X0Y0             PS7                          0.000     0.000 r  top_i/zynq_ps/inst/PS7_i/FCLKCLK[0]
                         net (fo=1, routed)           1.088     1.088    top_i/zynq_ps/inst/FCLK_CLK_unbuffered[0]
    BUFGCTRL_X0Y16       BUFG (Prop_bufg_I_O)         0.091     1.179 r  top_i/zynq_ps/inst/buffer_fclk_clk_0.FCLK_CLK_0_BUFG/O
                         net (fo=12912, routed)       1.573     2.753    top_i/smartconnect_0/inst/m00_exit_pipeline/m00_exit/inst/xpm_cdc_async_rst_inst/dest_clk
    SLICE_X11Y32         FDCE                                         r  top_i/smartconnect_0/inst/m00_exit_pipeline/m00_exit/inst/xpm_cdc_async_rst_inst/arststages_ff_reg[2]/C

Slack:                    inf
  Source:                 top_i/smartconnect_0/inst/clk_map/psr_aclk/U0/ACTIVE_LOW_BSR_OUT_DFF[0].FDRE_BSR_N/C
                            (rising edge-triggered cell FDRE clocked by clk_fpga_0  {rise@0.000ns fall@5.000ns period=10.000ns})
  Destination:            top_i/smartconnect_0/inst/m00_nodes/m00_r_node/inst/s_sc_xpm_cdc_async_rst_inst/arststages_ff_reg[0]/CLR
                            (recovery check against rising-edge clock clk_fpga_0  {rise@0.000ns fall@5.000ns period=10.000ns})
  Path Group:             (none)
  Path Type:              Recovery (Max at Slow Process Corner)
  Data Path Delay:        6.106ns  (logic 0.610ns (9.990%)  route 5.496ns (90.010%))
  Logic Levels:           1  (LUT1=1)
  Clock Path Skew:        -0.259ns (DCD - SCD + CPR)
    Destination Clock Delay (DCD):    2.750ns
    Source Clock Delay      (SCD):    3.009ns
    Clock Pessimism Removal (CPR):    0.000ns
  Clock Uncertainty:      0.154ns  ((TSJ^2 + TIJ^2)^1/2 + DJ) / 2 + PE
    Total System Jitter     (TSJ):    0.071ns
    Total Input Jitter      (TIJ):    0.300ns
    Discrete Jitter          (DJ):    0.000ns
    Phase Error              (PE):    0.000ns
  Timing Exception:       False Path

    Location             Delay type                Incr(ns)  Path(ns)    Netlist Resource(s)
  -------------------------------------------------------------------    -------------------
                         (clock clk_fpga_0 rise edge)
                                                      0.000     0.000 r  
    PS7_X0Y0             PS7                          0.000     0.000 r  top_i/zynq_ps/inst/PS7_i/FCLKCLK[0]
                         net (fo=1, routed)           1.193     1.193    top_i/zynq_ps/inst/FCLK_CLK_unbuffered[0]
    BUFGCTRL_X0Y16       BUFG (Prop_bufg_I_O)         0.101     1.294 r  top_i/zynq_ps/inst/buffer_fclk_clk_0.FCLK_CLK_0_BUFG/O
                         net (fo=12912, routed)       1.715     3.009    top_i/smartconnect_0/inst/clk_map/psr_aclk/U0/aclk
    SLICE_X77Y24         FDRE                                         r  top_i/smartconnect_0/inst/clk_map/psr_aclk/U0/ACTIVE_LOW_BSR_OUT_DFF[0].FDRE_BSR_N/C
  -------------------------------------------------------------------    -------------------
    SLICE_X77Y24         FDRE (Prop_fdre_C_Q)         0.456     3.465 r  top_i/smartconnect_0/inst/clk_map/psr_aclk/U0/ACTIVE_LOW_BSR_OUT_DFF[0].FDRE_BSR_N/Q
                         net (fo=22, routed)          4.964     8.429    top_i/smartconnect_0/inst/m00_nodes/m00_r_node/inst/s_sc_xpm_cdc_async_rst_inst/src_arst
    SLICE_X11Y30         LUT1 (Prop_lut1_I0_O)        0.154     8.583 f  top_i/smartconnect_0/inst/m00_nodes/m00_r_node/inst/s_sc_xpm_cdc_async_rst_inst/arststages_ff[2]_i_1/O
                         net (fo=3, routed)           0.532     9.115    top_i/smartconnect_0/inst/m00_nodes/m00_r_node/inst/s_sc_xpm_cdc_async_rst_inst/reset_pol
    SLICE_X11Y30         FDCE                                         f  top_i/smartconnect_0/inst/m00_nodes/m00_r_node/inst/s_sc_xpm_cdc_async_rst_inst/arststages_ff_reg[0]/CLR
  -------------------------------------------------------------------    -------------------

                         (clock clk_fpga_0 rise edge)
                                                      0.000     0.000 r  
    PS7_X0Y0             PS7                          0.000     0.000 r  top_i/zynq_ps/inst/PS7_i/FCLKCLK[0]
                         net (fo=1, routed)           1.088     1.088    top_i/zynq_ps/inst/FCLK_CLK_unbuffered[0]
    BUFGCTRL_X0Y16       BUFG (Prop_bufg_I_O)         0.091     1.179 r  top_i/zynq_ps/inst/buffer_fclk_clk_0.FCLK_CLK_0_BUFG/O
                         net (fo=12912, routed)       1.570     2.749    top_i/smartconnect_0/inst/m00_nodes/m00_r_node/inst/s_sc_xpm_cdc_async_rst_inst/dest_clk
    SLICE_X11Y30         FDCE                                         r  top_i/smartconnect_0/inst/m00_nodes/m00_r_node/inst/s_sc_xpm_cdc_async_rst_inst/arststages_ff_reg[0]/C

Slack:                    inf
  Source:                 top_i/smartconnect_0/inst/clk_map/psr_aclk/U0/ACTIVE_LOW_BSR_OUT_DFF[0].FDRE_BSR_N/C
                            (rising edge-triggered cell FDRE clocked by clk_fpga_0  {rise@0.000ns fall@5.000ns period=10.000ns})
  Destination:            top_i/smartconnect_0/inst/m00_nodes/m00_r_node/inst/s_sc_xpm_cdc_async_rst_inst/arststages_ff_reg[1]/CLR
                            (recovery check against rising-edge clock clk_fpga_0  {rise@0.000ns fall@5.000ns period=10.000ns})
  Path Group:             (none)
  Path Type:              Recovery (Max at Slow Process Corner)
  Data Path Delay:        6.106ns  (logic 0.610ns (9.990%)  route 5.496ns (90.010%))
  Logic Levels:           1  (LUT1=1)
  Clock Path Skew:        -0.259ns (DCD - SCD + CPR)
    Destination Clock Delay (DCD):    2.750ns
    Source Clock Delay      (SCD):    3.009ns
    Clock Pessimism Removal (CPR):    0.000ns
  Clock Uncertainty:      0.154ns  ((TSJ^2 + TIJ^2)^1/2 + DJ) / 2 + PE
    Total System Jitter     (TSJ):    0.071ns
    Total Input Jitter      (TIJ):    0.300ns
    Discrete Jitter          (DJ):    0.000ns
    Phase Error              (PE):    0.000ns
  Timing Exception:       False Path

    Location             Delay type                Incr(ns)  Path(ns)    Netlist Resource(s)
  -------------------------------------------------------------------    -------------------
                         (clock clk_fpga_0 rise edge)
                                                      0.000     0.000 r  
    PS7_X0Y0             PS7                          0.000     0.000 r  top_i/zynq_ps/inst/PS7_i/FCLKCLK[0]
                         net (fo=1, routed)           1.193     1.193    top_i/zynq_ps/inst/FCLK_CLK_unbuffered[0]
    BUFGCTRL_X0Y16       BUFG (Prop_bufg_I_O)         0.101     1.294 r  top_i/zynq_ps/inst/buffer_fclk_clk_0.FCLK_CLK_0_BUFG/O
                         net (fo=12912, routed)       1.715     3.009    top_i/smartconnect_0/inst/clk_map/psr_aclk/U0/aclk
    SLICE_X77Y24         FDRE                                         r  top_i/smartconnect_0/inst/clk_map/psr_aclk/U0/ACTIVE_LOW_BSR_OUT_DFF[0].FDRE_BSR_N/C
  -------------------------------------------------------------------    -------------------
    SLICE_X77Y24         FDRE (Prop_fdre_C_Q)         0.456     3.465 r  top_i/smartconnect_0/inst/clk_map/psr_aclk/U0/ACTIVE_LOW_BSR_OUT_DFF[0].FDRE_BSR_N/Q
                         net (fo=22, routed)          4.964     8.429    top_i/smartconnect_0/inst/m00_nodes/m00_r_node/inst/s_sc_xpm_cdc_async_rst_inst/src_arst
    SLICE_X11Y30         LUT1 (Prop_lut1_I0_O)        0.154     8.583 f  top_i/smartconnect_0/inst/m00_nodes/m00_r_node/inst/s_sc_xpm_cdc_async_rst_inst/arststages_ff[2]_i_1/O
                         net (fo=3, routed)           0.532     9.115    top_i/smartconnect_0/inst/m00_nodes/m00_r_node/inst/s_sc_xpm_cdc_async_rst_inst/reset_pol
    SLICE_X11Y30         FDCE                                         f  top_i/smartconnect_0/inst/m00_nodes/m00_r_node/inst/s_sc_xpm_cdc_async_rst_inst/arststages_ff_reg[1]/CLR
  -------------------------------------------------------------------    -------------------

                         (clock clk_fpga_0 rise edge)
                                                      0.000     0.000 r  
    PS7_X0Y0             PS7                          0.000     0.000 r  top_i/zynq_ps/inst/PS7_i/FCLKCLK[0]
                         net (fo=1, routed)           1.088     1.088    top_i/zynq_ps/inst/FCLK_CLK_unbuffered[0]
    BUFGCTRL_X0Y16       BUFG (Prop_bufg_I_O)         0.091     1.179 r  top_i/zynq_ps/inst/buffer_fclk_clk_0.FCLK_CLK_0_BUFG/O
                         net (fo=12912, routed)       1.570     2.749    top_i/smartconnect_0/inst/m00_nodes/m00_r_node/inst/s_sc_xpm_cdc_async_rst_inst/dest_clk
    SLICE_X11Y30         FDCE                                         r  top_i/smartconnect_0/inst/m00_nodes/m00_r_node/inst/s_sc_xpm_cdc_async_rst_inst/arststages_ff_reg[1]/C

Slack:                    inf
  Source:                 top_i/smartconnect_0/inst/clk_map/psr_aclk/U0/ACTIVE_LOW_BSR_OUT_DFF[0].FDRE_BSR_N/C
                            (rising edge-triggered cell FDRE clocked by clk_fpga_0  {rise@0.000ns fall@5.000ns period=10.000ns})
  Destination:            top_i/smartconnect_0/inst/m00_nodes/m00_r_node/inst/s_sc_xpm_cdc_async_rst_inst/arststages_ff_reg[2]/CLR
                            (recovery check against rising-edge clock clk_fpga_0  {rise@0.000ns fall@5.000ns period=10.000ns})
  Path Group:             (none)
  Path Type:              Recovery (Max at Slow Process Corner)
  Data Path Delay:        6.106ns  (logic 0.610ns (9.990%)  route 5.496ns (90.010%))
  Logic Levels:           1  (LUT1=1)
  Clock Path Skew:        -0.259ns (DCD - SCD + CPR)
    Destination Clock Delay (DCD):    2.750ns
    Source Clock Delay      (SCD):    3.009ns
    Clock Pessimism Removal (CPR):    0.000ns
  Clock Uncertainty:      0.154ns  ((TSJ^2 + TIJ^2)^1/2 + DJ) / 2 + PE
    Total System Jitter     (TSJ):    0.071ns
    Total Input Jitter      (TIJ):    0.300ns
    Discrete Jitter          (DJ):    0.000ns
    Phase Error              (PE):    0.000ns
  Timing Exception:       False Path

    Location             Delay type                Incr(ns)  Path(ns)    Netlist Resource(s)
  -------------------------------------------------------------------    -------------------
                         (clock clk_fpga_0 rise edge)
                                                      0.000     0.000 r  
    PS7_X0Y0             PS7                          0.000     0.000 r  top_i/zynq_ps/inst/PS7_i/FCLKCLK[0]
                         net (fo=1, routed)           1.193     1.193    top_i/zynq_ps/inst/FCLK_CLK_unbuffered[0]
    BUFGCTRL_X0Y16       BUFG (Prop_bufg_I_O)         0.101     1.294 r  top_i/zynq_ps/inst/buffer_fclk_clk_0.FCLK_CLK_0_BUFG/O
                         net (fo=12912, routed)       1.715     3.009    top_i/smartconnect_0/inst/clk_map/psr_aclk/U0/aclk
    SLICE_X77Y24         FDRE                                         r  top_i/smartconnect_0/inst/clk_map/psr_aclk/U0/ACTIVE_LOW_BSR_OUT_DFF[0].FDRE_BSR_N/C
  -------------------------------------------------------------------    -------------------
    SLICE_X77Y24         FDRE (Prop_fdre_C_Q)         0.456     3.465 r  top_i/smartconnect_0/inst/clk_map/psr_aclk/U0/ACTIVE_LOW_BSR_OUT_DFF[0].FDRE_BSR_N/Q
                         net (fo=22, routed)          4.964     8.429    top_i/smartconnect_0/inst/m00_nodes/m00_r_node/inst/s_sc_xpm_cdc_async_rst_inst/src_arst
    SLICE_X11Y30         LUT1 (Prop_lut1_I0_O)        0.154     8.583 f  top_i/smartconnect_0/inst/m00_nodes/m00_r_node/inst/s_sc_xpm_cdc_async_rst_inst/arststages_ff[2]_i_1/O
                         net (fo=3, routed)           0.532     9.115    top_i/smartconnect_0/inst/m00_nodes/m00_r_node/inst/s_sc_xpm_cdc_async_rst_inst/reset_pol
    SLICE_X11Y30         FDCE                                         f  top_i/smartconnect_0/inst/m00_nodes/m00_r_node/inst/s_sc_xpm_cdc_async_rst_inst/arststages_ff_reg[2]/CLR
  -------------------------------------------------------------------    -------------------

                         (clock clk_fpga_0 rise edge)
                                                      0.000     0.000 r  
    PS7_X0Y0             PS7                          0.000     0.000 r  top_i/zynq_ps/inst/PS7_i/FCLKCLK[0]
                         net (fo=1, routed)           1.088     1.088    top_i/zynq_ps/inst/FCLK_CLK_unbuffered[0]
    BUFGCTRL_X0Y16       BUFG (Prop_bufg_I_O)         0.091     1.179 r  top_i/zynq_ps/inst/buffer_fclk_clk_0.FCLK_CLK_0_BUFG/O
                         net (fo=12912, routed)       1.570     2.749    top_i/smartconnect_0/inst/m00_nodes/m00_r_node/inst/s_sc_xpm_cdc_async_rst_inst/dest_clk
    SLICE_X11Y30         FDCE                                         r  top_i/smartconnect_0/inst/m00_nodes/m00_r_node/inst/s_sc_xpm_cdc_async_rst_inst/arststages_ff_reg[2]/C





Min Delay Paths
--------------------------------------------------------------------------------------
Slack:                    inf
  Source:                 top_i/smartconnect_0/inst/clk_map/psr_aclk/U0/ACTIVE_LOW_BSR_OUT_DFF[0].FDRE_BSR_N/C
                            (rising edge-triggered cell FDRE clocked by clk_fpga_0  {rise@0.000ns fall@5.000ns period=10.000ns})
  Destination:            top_i/smartconnect_0/inst/s01_entry_pipeline/s01_transaction_regulator/inst/xpm_cdc_async_rst_inst/arststages_ff_reg[0]/CLR
                            (removal check against rising-edge clock clk_fpga_0  {rise@0.000ns fall@5.000ns period=10.000ns})
  Path Group:             (none)
  Path Type:              Removal (Min at Fast Process Corner)
  Data Path Delay:        0.792ns  (logic 0.185ns (23.363%)  route 0.607ns (76.637%))
  Logic Levels:           1  (LUT1=1)
  Clock Path Skew:        0.297ns (DCD - SCD - CPR)
    Destination Clock Delay (DCD):    1.208ns
    Source Clock Delay      (SCD):    0.911ns
    Clock Pessimism Removal (CPR):    -0.000ns
  Clock Uncertainty:      0.154ns  ((TSJ^2 + TIJ^2)^1/2 + DJ) / 2 + PE
    Total System Jitter     (TSJ):    0.071ns
    Total Input Jitter      (TIJ):    0.300ns
    Discrete Jitter          (DJ):    0.000ns
    Phase Error              (PE):    0.000ns
  Timing Exception:       False Path

    Location             Delay type                Incr(ns)  Path(ns)    Netlist Resource(s)
  -------------------------------------------------------------------    -------------------
                         (clock clk_fpga_0 rise edge)
                                                      0.000     0.000 r  
    PS7_X0Y0             PS7                          0.000     0.000 r  top_i/zynq_ps/inst/PS7_i/FCLKCLK[0]
                         net (fo=1, routed)           0.310     0.310    top_i/zynq_ps/inst/FCLK_CLK_unbuffered[0]
    BUFGCTRL_X0Y16       BUFG (Prop_bufg_I_O)         0.026     0.336 r  top_i/zynq_ps/inst/buffer_fclk_clk_0.FCLK_CLK_0_BUFG/O
                         net (fo=12912, routed)       0.575     0.911    top_i/smartconnect_0/inst/clk_map/psr_aclk/U0/aclk
    SLICE_X77Y24         FDRE                                         r  top_i/smartconnect_0/inst/clk_map/psr_aclk/U0/ACTIVE_LOW_BSR_OUT_DFF[0].FDRE_BSR_N/C
  -------------------------------------------------------------------    -------------------
    SLICE_X77Y24         FDRE (Prop_fdre_C_Q)         0.141     1.052 r  top_i/smartconnect_0/inst/clk_map/psr_aclk/U0/ACTIVE_LOW_BSR_OUT_DFF[0].FDRE_BSR_N/Q
                         net (fo=22, routed)          0.397     1.449    top_i/smartconnect_0/inst/s01_entry_pipeline/s01_transaction_regulator/inst/xpm_cdc_async_rst_inst/src_arst
    SLICE_X73Y26         LUT1 (Prop_lut1_I0_O)        0.044     1.493 f  top_i/smartconnect_0/inst/s01_entry_pipeline/s01_transaction_regulator/inst/xpm_cdc_async_rst_inst/arststages_ff[2]_i_1/O
                         net (fo=3, routed)           0.210     1.702    top_i/smartconnect_0/inst/s01_entry_pipeline/s01_transaction_regulator/inst/xpm_cdc_async_rst_inst/reset_pol
    SLICE_X73Y27         FDCE                                         f  top_i/smartconnect_0/inst/s01_entry_pipeline/s01_transaction_regulator/inst/xpm_cdc_async_rst_inst/arststages_ff_reg[0]/CLR
  -------------------------------------------------------------------    -------------------

                         (clock clk_fpga_0 rise edge)
                                                      0.000     0.000 r  
    PS7_X0Y0             PS7                          0.000     0.000 r  top_i/zynq_ps/inst/PS7_i/FCLKCLK[0]
                         net (fo=1, routed)           0.337     0.337    top_i/zynq_ps/inst/FCLK_CLK_unbuffered[0]
    BUFGCTRL_X0Y16       BUFG (Prop_bufg_I_O)         0.029     0.366 r  top_i/zynq_ps/inst/buffer_fclk_clk_0.FCLK_CLK_0_BUFG/O
                         net (fo=12912, routed)       0.842     1.208    top_i/smartconnect_0/inst/s01_entry_pipeline/s01_transaction_regulator/inst/xpm_cdc_async_rst_inst/dest_clk
    SLICE_X73Y27         FDCE                                         r  top_i/smartconnect_0/inst/s01_entry_pipeline/s01_transaction_regulator/inst/xpm_cdc_async_rst_inst/arststages_ff_reg[0]/C

Slack:                    inf
  Source:                 top_i/smartconnect_0/inst/clk_map/psr_aclk/U0/ACTIVE_LOW_BSR_OUT_DFF[0].FDRE_BSR_N/C
                            (rising edge-triggered cell FDRE clocked by clk_fpga_0  {rise@0.000ns fall@5.000ns period=10.000ns})
  Destination:            top_i/smartconnect_0/inst/s01_entry_pipeline/s01_transaction_regulator/inst/xpm_cdc_async_rst_inst/arststages_ff_reg[1]/CLR
                            (removal check against rising-edge clock clk_fpga_0  {rise@0.000ns fall@5.000ns period=10.000ns})
  Path Group:             (none)
  Path Type:              Removal (Min at Fast Process Corner)
  Data Path Delay:        0.792ns  (logic 0.185ns (23.363%)  route 0.607ns (76.637%))
  Logic Levels:           1  (LUT1=1)
  Clock Path Skew:        0.297ns (DCD - SCD - CPR)
    Destination Clock Delay (DCD):    1.208ns
    Source Clock Delay      (SCD):    0.911ns
    Clock Pessimism Removal (CPR):    -0.000ns
  Clock Uncertainty:      0.154ns  ((TSJ^2 + TIJ^2)^1/2 + DJ) / 2 + PE
    Total System Jitter     (TSJ):    0.071ns
    Total Input Jitter      (TIJ):    0.300ns
    Discrete Jitter          (DJ):    0.000ns
    Phase Error              (PE):    0.000ns
  Timing Exception:       False Path

    Location             Delay type                Incr(ns)  Path(ns)    Netlist Resource(s)
  -------------------------------------------------------------------    -------------------
                         (clock clk_fpga_0 rise edge)
                                                      0.000     0.000 r  
    PS7_X0Y0             PS7                          0.000     0.000 r  top_i/zynq_ps/inst/PS7_i/FCLKCLK[0]
                         net (fo=1, routed)           0.310     0.310    top_i/zynq_ps/inst/FCLK_CLK_unbuffered[0]
    BUFGCTRL_X0Y16       BUFG (Prop_bufg_I_O)         0.026     0.336 r  top_i/zynq_ps/inst/buffer_fclk_clk_0.FCLK_CLK_0_BUFG/O
                         net (fo=12912, routed)       0.575     0.911    top_i/smartconnect_0/inst/clk_map/psr_aclk/U0/aclk
    SLICE_X77Y24         FDRE                                         r  top_i/smartconnect_0/inst/clk_map/psr_aclk/U0/ACTIVE_LOW_BSR_OUT_DFF[0].FDRE_BSR_N/C
  -------------------------------------------------------------------    -------------------
    SLICE_X77Y24         FDRE (Prop_fdre_C_Q)         0.141     1.052 r  top_i/smartconnect_0/inst/clk_map/psr_aclk/U0/ACTIVE_LOW_BSR_OUT_DFF[0].FDRE_BSR_N/Q
                         net (fo=22, routed)          0.397     1.449    top_i/smartconnect_0/inst/s01_entry_pipeline/s01_transaction_regulator/inst/xpm_cdc_async_rst_inst/src_arst
    SLICE_X73Y26         LUT1 (Prop_lut1_I0_O)        0.044     1.493 f  top_i/smartconnect_0/inst/s01_entry_pipeline/s01_transaction_regulator/inst/xpm_cdc_async_rst_inst/arststages_ff[2]_i_1/O
                         net (fo=3, routed)           0.210     1.702    top_i/smartconnect_0/inst/s01_entry_pipeline/s01_transaction_regulator/inst/xpm_cdc_async_rst_inst/reset_pol
    SLICE_X73Y27         FDCE                                         f  top_i/smartconnect_0/inst/s01_entry_pipeline/s01_transaction_regulator/inst/xpm_cdc_async_rst_inst/arststages_ff_reg[1]/CLR
  -------------------------------------------------------------------    -------------------

                         (clock clk_fpga_0 rise edge)
                                                      0.000     0.000 r  
    PS7_X0Y0             PS7                          0.000     0.000 r  top_i/zynq_ps/inst/PS7_i/FCLKCLK[0]
                         net (fo=1, routed)           0.337     0.337    top_i/zynq_ps/inst/FCLK_CLK_unbuffered[0]
    BUFGCTRL_X0Y16       BUFG (Prop_bufg_I_O)         0.029     0.366 r  top_i/zynq_ps/inst/buffer_fclk_clk_0.FCLK_CLK_0_BUFG/O
                         net (fo=12912, routed)       0.842     1.208    top_i/smartconnect_0/inst/s01_entry_pipeline/s01_transaction_regulator/inst/xpm_cdc_async_rst_inst/dest_clk
    SLICE_X73Y27         FDCE                                         r  top_i/smartconnect_0/inst/s01_entry_pipeline/s01_transaction_regulator/inst/xpm_cdc_async_rst_inst/arststages_ff_reg[1]/C

Slack:                    inf
  Source:                 top_i/smartconnect_0/inst/clk_map/psr_aclk/U0/ACTIVE_LOW_BSR_OUT_DFF[0].FDRE_BSR_N/C
                            (rising edge-triggered cell FDRE clocked by clk_fpga_0  {rise@0.000ns fall@5.000ns period=10.000ns})
  Destination:            top_i/smartconnect_0/inst/s01_entry_pipeline/s01_transaction_regulator/inst/xpm_cdc_async_rst_inst/arststages_ff_reg[2]/CLR
                            (removal check against rising-edge clock clk_fpga_0  {rise@0.000ns fall@5.000ns period=10.000ns})
  Path Group:             (none)
  Path Type:              Removal (Min at Fast Process Corner)
  Data Path Delay:        0.792ns  (logic 0.185ns (23.363%)  route 0.607ns (76.637%))
  Logic Levels:           1  (LUT1=1)
  Clock Path Skew:        0.297ns (DCD - SCD - CPR)
    Destination Clock Delay (DCD):    1.208ns
    Source Clock Delay      (SCD):    0.911ns
    Clock Pessimism Removal (CPR):    -0.000ns
  Clock Uncertainty:      0.154ns  ((TSJ^2 + TIJ^2)^1/2 + DJ) / 2 + PE
    Total System Jitter     (TSJ):    0.071ns
    Total Input Jitter      (TIJ):    0.300ns
    Discrete Jitter          (DJ):    0.000ns
    Phase Error              (PE):    0.000ns
  Timing Exception:       False Path

    Location             Delay type                Incr(ns)  Path(ns)    Netlist Resource(s)
  -------------------------------------------------------------------    -------------------
                         (clock clk_fpga_0 rise edge)
                                                      0.000     0.000 r  
    PS7_X0Y0             PS7                          0.000     0.000 r  top_i/zynq_ps/inst/PS7_i/FCLKCLK[0]
                         net (fo=1, routed)           0.310     0.310    top_i/zynq_ps/inst/FCLK_CLK_unbuffered[0]
    BUFGCTRL_X0Y16       BUFG (Prop_bufg_I_O)         0.026     0.336 r  top_i/zynq_ps/inst/buffer_fclk_clk_0.FCLK_CLK_0_BUFG/O
                         net (fo=12912, routed)       0.575     0.911    top_i/smartconnect_0/inst/clk_map/psr_aclk/U0/aclk
    SLICE_X77Y24         FDRE                                         r  top_i/smartconnect_0/inst/clk_map/psr_aclk/U0/ACTIVE_LOW_BSR_OUT_DFF[0].FDRE_BSR_N/C
  -------------------------------------------------------------------    -------------------
    SLICE_X77Y24         FDRE (Prop_fdre_C_Q)         0.141     1.052 r  top_i/smartconnect_0/inst/clk_map/psr_aclk/U0/ACTIVE_LOW_BSR_OUT_DFF[0].FDRE_BSR_N/Q
                         net (fo=22, routed)          0.397     1.449    top_i/smartconnect_0/inst/s01_entry_pipeline/s01_transaction_regulator/inst/xpm_cdc_async_rst_inst/src_arst
    SLICE_X73Y26         LUT1 (Prop_lut1_I0_O)        0.044     1.493 f  top_i/smartconnect_0/inst/s01_entry_pipeline/s01_transaction_regulator/inst/xpm_cdc_async_rst_inst/arststages_ff[2]_i_1/O
                         net (fo=3, routed)           0.210     1.702    top_i/smartconnect_0/inst/s01_entry_pipeline/s01_transaction_regulator/inst/xpm_cdc_async_rst_inst/reset_pol
    SLICE_X73Y27         FDCE                                         f  top_i/smartconnect_0/inst/s01_entry_pipeline/s01_transaction_regulator/inst/xpm_cdc_async_rst_inst/arststages_ff_reg[2]/CLR
  -------------------------------------------------------------------    -------------------

                         (clock clk_fpga_0 rise edge)
                                                      0.000     0.000 r  
    PS7_X0Y0             PS7                          0.000     0.000 r  top_i/zynq_ps/inst/PS7_i/FCLKCLK[0]
                         net (fo=1, routed)           0.337     0.337    top_i/zynq_ps/inst/FCLK_CLK_unbuffered[0]
    BUFGCTRL_X0Y16       BUFG (Prop_bufg_I_O)         0.029     0.366 r  top_i/zynq_ps/inst/buffer_fclk_clk_0.FCLK_CLK_0_BUFG/O
                         net (fo=12912, routed)       0.842     1.208    top_i/smartconnect_0/inst/s01_entry_pipeline/s01_transaction_regulator/inst/xpm_cdc_async_rst_inst/dest_clk
    SLICE_X73Y27         FDCE                                         r  top_i/smartconnect_0/inst/s01_entry_pipeline/s01_transaction_regulator/inst/xpm_cdc_async_rst_inst/arststages_ff_reg[2]/C

Slack:                    inf
  Source:                 top_i/smartconnect_0/inst/clk_map/psr_aclk/U0/ACTIVE_LOW_BSR_OUT_DFF[0].FDRE_BSR_N/C
                            (rising edge-triggered cell FDRE clocked by clk_fpga_0  {rise@0.000ns fall@5.000ns period=10.000ns})
  Destination:            top_i/smartconnect_0/inst/s00_nodes/s00_b_node/inst/s_sc_xpm_cdc_async_rst_inst/arststages_ff_reg[0]/CLR
                            (removal check against rising-edge clock clk_fpga_0  {rise@0.000ns fall@5.000ns period=10.000ns})
  Path Group:             (none)
  Path Type:              Removal (Min at Fast Process Corner)
  Data Path Delay:        0.792ns  (logic 0.190ns (23.986%)  route 0.602ns (76.014%))
  Logic Levels:           1  (LUT1=1)
  Clock Path Skew:        0.297ns (DCD - SCD - CPR)
    Destination Clock Delay (DCD):    1.208ns
    Source Clock Delay      (SCD):    0.911ns
    Clock Pessimism Removal (CPR):    -0.000ns
  Clock Uncertainty:      0.154ns  ((TSJ^2 + TIJ^2)^1/2 + DJ) / 2 + PE
    Total System Jitter     (TSJ):    0.071ns
    Total Input Jitter      (TIJ):    0.300ns
    Discrete Jitter          (DJ):    0.000ns
    Phase Error              (PE):    0.000ns
  Timing Exception:       False Path

    Location             Delay type                Incr(ns)  Path(ns)    Netlist Resource(s)
  -------------------------------------------------------------------    -------------------
                         (clock clk_fpga_0 rise edge)
                                                      0.000     0.000 r  
    PS7_X0Y0             PS7                          0.000     0.000 r  top_i/zynq_ps/inst/PS7_i/FCLKCLK[0]
                         net (fo=1, routed)           0.310     0.310    top_i/zynq_ps/inst/FCLK_CLK_unbuffered[0]
    BUFGCTRL_X0Y16       BUFG (Prop_bufg_I_O)         0.026     0.336 r  top_i/zynq_ps/inst/buffer_fclk_clk_0.FCLK_CLK_0_BUFG/O
                         net (fo=12912, routed)       0.575     0.911    top_i/smartconnect_0/inst/clk_map/psr_aclk/U0/aclk
    SLICE_X77Y24         FDRE                                         r  top_i/smartconnect_0/inst/clk_map/psr_aclk/U0/ACTIVE_LOW_BSR_OUT_DFF[0].FDRE_BSR_N/C
  -------------------------------------------------------------------    -------------------
    SLICE_X77Y24         FDRE (Prop_fdre_C_Q)         0.141     1.052 r  top_i/smartconnect_0/inst/clk_map/psr_aclk/U0/ACTIVE_LOW_BSR_OUT_DFF[0].FDRE_BSR_N/Q
                         net (fo=22, routed)          0.425     1.477    top_i/smartconnect_0/inst/s00_nodes/s00_b_node/inst/s_sc_xpm_cdc_async_rst_inst/src_arst
    SLICE_X62Y20         LUT1 (Prop_lut1_I0_O)        0.049     1.526 f  top_i/smartconnect_0/inst/s00_nodes/s00_b_node/inst/s_sc_xpm_cdc_async_rst_inst/arststages_ff[2]_i_1/O
                         net (fo=3, routed)           0.177     1.703    top_i/smartconnect_0/inst/s00_nodes/s00_b_node/inst/s_sc_xpm_cdc_async_rst_inst/reset_pol
    SLICE_X62Y20         FDCE                                         f  top_i/smartconnect_0/inst/s00_nodes/s00_b_node/inst/s_sc_xpm_cdc_async_rst_inst/arststages_ff_reg[0]/CLR
  -------------------------------------------------------------------    -------------------

                         (clock clk_fpga_0 rise edge)
                                                      0.000     0.000 r  
    PS7_X0Y0             PS7                          0.000     0.000 r  top_i/zynq_ps/inst/PS7_i/FCLKCLK[0]
                         net (fo=1, routed)           0.337     0.337    top_i/zynq_ps/inst/FCLK_CLK_unbuffered[0]
    BUFGCTRL_X0Y16       BUFG (Prop_bufg_I_O)         0.029     0.366 r  top_i/zynq_ps/inst/buffer_fclk_clk_0.FCLK_CLK_0_BUFG/O
                         net (fo=12912, routed)       0.842     1.208    top_i/smartconnect_0/inst/s00_nodes/s00_b_node/inst/s_sc_xpm_cdc_async_rst_inst/dest_clk
    SLICE_X62Y20         FDCE                                         r  top_i/smartconnect_0/inst/s00_nodes/s00_b_node/inst/s_sc_xpm_cdc_async_rst_inst/arststages_ff_reg[0]/C

Slack:                    inf
  Source:                 top_i/smartconnect_0/inst/clk_map/psr_aclk/U0/ACTIVE_LOW_BSR_OUT_DFF[0].FDRE_BSR_N/C
                            (rising edge-triggered cell FDRE clocked by clk_fpga_0  {rise@0.000ns fall@5.000ns period=10.000ns})
  Destination:            top_i/smartconnect_0/inst/s00_nodes/s00_b_node/inst/s_sc_xpm_cdc_async_rst_inst/arststages_ff_reg[1]/CLR
                            (removal check against rising-edge clock clk_fpga_0  {rise@0.000ns fall@5.000ns period=10.000ns})
  Path Group:             (none)
  Path Type:              Removal (Min at Fast Process Corner)
  Data Path Delay:        0.792ns  (logic 0.190ns (23.986%)  route 0.602ns (76.014%))
  Logic Levels:           1  (LUT1=1)
  Clock Path Skew:        0.297ns (DCD - SCD - CPR)
    Destination Clock Delay (DCD):    1.208ns
    Source Clock Delay      (SCD):    0.911ns
    Clock Pessimism Removal (CPR):    -0.000ns
  Clock Uncertainty:      0.154ns  ((TSJ^2 + TIJ^2)^1/2 + DJ) / 2 + PE
    Total System Jitter     (TSJ):    0.071ns
    Total Input Jitter      (TIJ):    0.300ns
    Discrete Jitter          (DJ):    0.000ns
    Phase Error              (PE):    0.000ns
  Timing Exception:       False Path

    Location             Delay type                Incr(ns)  Path(ns)    Netlist Resource(s)
  -------------------------------------------------------------------    -------------------
                         (clock clk_fpga_0 rise edge)
                                                      0.000     0.000 r  
    PS7_X0Y0             PS7                          0.000     0.000 r  top_i/zynq_ps/inst/PS7_i/FCLKCLK[0]
                         net (fo=1, routed)           0.310     0.310    top_i/zynq_ps/inst/FCLK_CLK_unbuffered[0]
    BUFGCTRL_X0Y16       BUFG (Prop_bufg_I_O)         0.026     0.336 r  top_i/zynq_ps/inst/buffer_fclk_clk_0.FCLK_CLK_0_BUFG/O
                         net (fo=12912, routed)       0.575     0.911    top_i/smartconnect_0/inst/clk_map/psr_aclk/U0/aclk
    SLICE_X77Y24         FDRE                                         r  top_i/smartconnect_0/inst/clk_map/psr_aclk/U0/ACTIVE_LOW_BSR_OUT_DFF[0].FDRE_BSR_N/C
  -------------------------------------------------------------------    -------------------
    SLICE_X77Y24         FDRE (Prop_fdre_C_Q)         0.141     1.052 r  top_i/smartconnect_0/inst/clk_map/psr_aclk/U0/ACTIVE_LOW_BSR_OUT_DFF[0].FDRE_BSR_N/Q
                         net (fo=22, routed)          0.425     1.477    top_i/smartconnect_0/inst/s00_nodes/s00_b_node/inst/s_sc_xpm_cdc_async_rst_inst/src_arst
    SLICE_X62Y20         LUT1 (Prop_lut1_I0_O)        0.049     1.526 f  top_i/smartconnect_0/inst/s00_nodes/s00_b_node/inst/s_sc_xpm_cdc_async_rst_inst/arststages_ff[2]_i_1/O
                         net (fo=3, routed)           0.177     1.703    top_i/smartconnect_0/inst/s00_nodes/s00_b_node/inst/s_sc_xpm_cdc_async_rst_inst/reset_pol
    SLICE_X62Y20         FDCE                                         f  top_i/smartconnect_0/inst/s00_nodes/s00_b_node/inst/s_sc_xpm_cdc_async_rst_inst/arststages_ff_reg[1]/CLR
  -------------------------------------------------------------------    -------------------

                         (clock clk_fpga_0 rise edge)
                                                      0.000     0.000 r  
    PS7_X0Y0             PS7                          0.000     0.000 r  top_i/zynq_ps/inst/PS7_i/FCLKCLK[0]
                         net (fo=1, routed)           0.337     0.337    top_i/zynq_ps/inst/FCLK_CLK_unbuffered[0]
    BUFGCTRL_X0Y16       BUFG (Prop_bufg_I_O)         0.029     0.366 r  top_i/zynq_ps/inst/buffer_fclk_clk_0.FCLK_CLK_0_BUFG/O
                         net (fo=12912, routed)       0.842     1.208    top_i/smartconnect_0/inst/s00_nodes/s00_b_node/inst/s_sc_xpm_cdc_async_rst_inst/dest_clk
    SLICE_X62Y20         FDCE                                         r  top_i/smartconnect_0/inst/s00_nodes/s00_b_node/inst/s_sc_xpm_cdc_async_rst_inst/arststages_ff_reg[1]/C

Slack:                    inf
  Source:                 top_i/smartconnect_0/inst/clk_map/psr_aclk/U0/ACTIVE_LOW_BSR_OUT_DFF[0].FDRE_BSR_N/C
                            (rising edge-triggered cell FDRE clocked by clk_fpga_0  {rise@0.000ns fall@5.000ns period=10.000ns})
  Destination:            top_i/smartconnect_0/inst/s00_nodes/s00_b_node/inst/s_sc_xpm_cdc_async_rst_inst/arststages_ff_reg[2]/CLR
                            (removal check against rising-edge clock clk_fpga_0  {rise@0.000ns fall@5.000ns period=10.000ns})
  Path Group:             (none)
  Path Type:              Removal (Min at Fast Process Corner)
  Data Path Delay:        0.792ns  (logic 0.190ns (23.986%)  route 0.602ns (76.014%))
  Logic Levels:           1  (LUT1=1)
  Clock Path Skew:        0.297ns (DCD - SCD - CPR)
    Destination Clock Delay (DCD):    1.208ns
    Source Clock Delay      (SCD):    0.911ns
    Clock Pessimism Removal (CPR):    -0.000ns
  Clock Uncertainty:      0.154ns  ((TSJ^2 + TIJ^2)^1/2 + DJ) / 2 + PE
    Total System Jitter     (TSJ):    0.071ns
    Total Input Jitter      (TIJ):    0.300ns
    Discrete Jitter          (DJ):    0.000ns
    Phase Error              (PE):    0.000ns
  Timing Exception:       False Path

    Location             Delay type                Incr(ns)  Path(ns)    Netlist Resource(s)
  -------------------------------------------------------------------    -------------------
                         (clock clk_fpga_0 rise edge)
                                                      0.000     0.000 r  
    PS7_X0Y0             PS7                          0.000     0.000 r  top_i/zynq_ps/inst/PS7_i/FCLKCLK[0]
                         net (fo=1, routed)           0.310     0.310    top_i/zynq_ps/inst/FCLK_CLK_unbuffered[0]
    BUFGCTRL_X0Y16       BUFG (Prop_bufg_I_O)         0.026     0.336 r  top_i/zynq_ps/inst/buffer_fclk_clk_0.FCLK_CLK_0_BUFG/O
                         net (fo=12912, routed)       0.575     0.911    top_i/smartconnect_0/inst/clk_map/psr_aclk/U0/aclk
    SLICE_X77Y24         FDRE                                         r  top_i/smartconnect_0/inst/clk_map/psr_aclk/U0/ACTIVE_LOW_BSR_OUT_DFF[0].FDRE_BSR_N/C
  -------------------------------------------------------------------    -------------------
    SLICE_X77Y24         FDRE (Prop_fdre_C_Q)         0.141     1.052 r  top_i/smartconnect_0/inst/clk_map/psr_aclk/U0/ACTIVE_LOW_BSR_OUT_DFF[0].FDRE_BSR_N/Q
                         net (fo=22, routed)          0.425     1.477    top_i/smartconnect_0/inst/s00_nodes/s00_b_node/inst/s_sc_xpm_cdc_async_rst_inst/src_arst
    SLICE_X62Y20         LUT1 (Prop_lut1_I0_O)        0.049     1.526 f  top_i/smartconnect_0/inst/s00_nodes/s00_b_node/inst/s_sc_xpm_cdc_async_rst_inst/arststages_ff[2]_i_1/O
                         net (fo=3, routed)           0.177     1.703    top_i/smartconnect_0/inst/s00_nodes/s00_b_node/inst/s_sc_xpm_cdc_async_rst_inst/reset_pol
    SLICE_X62Y20         FDCE                                         f  top_i/smartconnect_0/inst/s00_nodes/s00_b_node/inst/s_sc_xpm_cdc_async_rst_inst/arststages_ff_reg[2]/CLR
  -------------------------------------------------------------------    -------------------

                         (clock clk_fpga_0 rise edge)
                                                      0.000     0.000 r  
    PS7_X0Y0             PS7                          0.000     0.000 r  top_i/zynq_ps/inst/PS7_i/FCLKCLK[0]
                         net (fo=1, routed)           0.337     0.337    top_i/zynq_ps/inst/FCLK_CLK_unbuffered[0]
    BUFGCTRL_X0Y16       BUFG (Prop_bufg_I_O)         0.029     0.366 r  top_i/zynq_ps/inst/buffer_fclk_clk_0.FCLK_CLK_0_BUFG/O
                         net (fo=12912, routed)       0.842     1.208    top_i/smartconnect_0/inst/s00_nodes/s00_b_node/inst/s_sc_xpm_cdc_async_rst_inst/dest_clk
    SLICE_X62Y20         FDCE                                         r  top_i/smartconnect_0/inst/s00_nodes/s00_b_node/inst/s_sc_xpm_cdc_async_rst_inst/arststages_ff_reg[2]/C

Slack:                    inf
  Source:                 top_i/smartconnect_0/inst/clk_map/psr_aclk/U0/ACTIVE_LOW_BSR_OUT_DFF[0].FDRE_BSR_N/C
                            (rising edge-triggered cell FDRE clocked by clk_fpga_0  {rise@0.000ns fall@5.000ns period=10.000ns})
  Destination:            top_i/smartconnect_0/inst/m00_nodes/m00_b_node/inst/s_sc_xpm_cdc_async_rst_inst/arststages_ff_reg[0]/CLR
                            (removal check against rising-edge clock clk_fpga_0  {rise@0.000ns fall@5.000ns period=10.000ns})
  Path Group:             (none)
  Path Type:              Removal (Min at Fast Process Corner)
  Data Path Delay:        0.870ns  (logic 0.186ns (21.390%)  route 0.684ns (78.610%))
  Logic Levels:           1  (LUT1=1)
  Clock Path Skew:        0.301ns (DCD - SCD - CPR)
    Destination Clock Delay (DCD):    1.212ns
    Source Clock Delay      (SCD):    0.911ns
    Clock Pessimism Removal (CPR):    -0.000ns
  Clock Uncertainty:      0.154ns  ((TSJ^2 + TIJ^2)^1/2 + DJ) / 2 + PE
    Total System Jitter     (TSJ):    0.071ns
    Total Input Jitter      (TIJ):    0.300ns
    Discrete Jitter          (DJ):    0.000ns
    Phase Error              (PE):    0.000ns
  Timing Exception:       False Path

    Location             Delay type                Incr(ns)  Path(ns)    Netlist Resource(s)
  -------------------------------------------------------------------    -------------------
                         (clock clk_fpga_0 rise edge)
                                                      0.000     0.000 r  
    PS7_X0Y0             PS7                          0.000     0.000 r  top_i/zynq_ps/inst/PS7_i/FCLKCLK[0]
                         net (fo=1, routed)           0.310     0.310    top_i/zynq_ps/inst/FCLK_CLK_unbuffered[0]
    BUFGCTRL_X0Y16       BUFG (Prop_bufg_I_O)         0.026     0.336 r  top_i/zynq_ps/inst/buffer_fclk_clk_0.FCLK_CLK_0_BUFG/O
                         net (fo=12912, routed)       0.575     0.911    top_i/smartconnect_0/inst/clk_map/psr_aclk/U0/aclk
    SLICE_X77Y24         FDRE                                         r  top_i/smartconnect_0/inst/clk_map/psr_aclk/U0/ACTIVE_LOW_BSR_OUT_DFF[0].FDRE_BSR_N/C
  -------------------------------------------------------------------    -------------------
    SLICE_X77Y24         FDRE (Prop_fdre_C_Q)         0.141     1.052 r  top_i/smartconnect_0/inst/clk_map/psr_aclk/U0/ACTIVE_LOW_BSR_OUT_DFF[0].FDRE_BSR_N/Q
                         net (fo=22, routed)          0.425     1.477    top_i/smartconnect_0/inst/m00_nodes/m00_b_node/inst/s_sc_xpm_cdc_async_rst_inst/src_arst
    SLICE_X62Y20         LUT1 (Prop_lut1_I0_O)        0.045     1.522 f  top_i/smartconnect_0/inst/m00_nodes/m00_b_node/inst/s_sc_xpm_cdc_async_rst_inst/arststages_ff[2]_i_1/O
                         net (fo=3, routed)           0.258     1.780    top_i/smartconnect_0/inst/m00_nodes/m00_b_node/inst/s_sc_xpm_cdc_async_rst_inst/reset_pol
    SLICE_X60Y16         FDCE                                         f  top_i/smartconnect_0/inst/m00_nodes/m00_b_node/inst/s_sc_xpm_cdc_async_rst_inst/arststages_ff_reg[0]/CLR
  -------------------------------------------------------------------    -------------------

                         (clock clk_fpga_0 rise edge)
                                                      0.000     0.000 r  
    PS7_X0Y0             PS7                          0.000     0.000 r  top_i/zynq_ps/inst/PS7_i/FCLKCLK[0]
                         net (fo=1, routed)           0.337     0.337    top_i/zynq_ps/inst/FCLK_CLK_unbuffered[0]
    BUFGCTRL_X0Y16       BUFG (Prop_bufg_I_O)         0.029     0.366 r  top_i/zynq_ps/inst/buffer_fclk_clk_0.FCLK_CLK_0_BUFG/O
                         net (fo=12912, routed)       0.846     1.212    top_i/smartconnect_0/inst/m00_nodes/m00_b_node/inst/s_sc_xpm_cdc_async_rst_inst/dest_clk
    SLICE_X60Y16         FDCE                                         r  top_i/smartconnect_0/inst/m00_nodes/m00_b_node/inst/s_sc_xpm_cdc_async_rst_inst/arststages_ff_reg[0]/C

Slack:                    inf
  Source:                 top_i/smartconnect_0/inst/clk_map/psr_aclk/U0/ACTIVE_LOW_BSR_OUT_DFF[0].FDRE_BSR_N/C
                            (rising edge-triggered cell FDRE clocked by clk_fpga_0  {rise@0.000ns fall@5.000ns period=10.000ns})
  Destination:            top_i/smartconnect_0/inst/m00_nodes/m00_b_node/inst/s_sc_xpm_cdc_async_rst_inst/arststages_ff_reg[1]/CLR
                            (removal check against rising-edge clock clk_fpga_0  {rise@0.000ns fall@5.000ns period=10.000ns})
  Path Group:             (none)
  Path Type:              Removal (Min at Fast Process Corner)
  Data Path Delay:        0.870ns  (logic 0.186ns (21.390%)  route 0.684ns (78.610%))
  Logic Levels:           1  (LUT1=1)
  Clock Path Skew:        0.301ns (DCD - SCD - CPR)
    Destination Clock Delay (DCD):    1.212ns
    Source Clock Delay      (SCD):    0.911ns
    Clock Pessimism Removal (CPR):    -0.000ns
  Clock Uncertainty:      0.154ns  ((TSJ^2 + TIJ^2)^1/2 + DJ) / 2 + PE
    Total System Jitter     (TSJ):    0.071ns
    Total Input Jitter      (TIJ):    0.300ns
    Discrete Jitter          (DJ):    0.000ns
    Phase Error              (PE):    0.000ns
  Timing Exception:       False Path

    Location             Delay type                Incr(ns)  Path(ns)    Netlist Resource(s)
  -------------------------------------------------------------------    -------------------
                         (clock clk_fpga_0 rise edge)
                                                      0.000     0.000 r  
    PS7_X0Y0             PS7                          0.000     0.000 r  top_i/zynq_ps/inst/PS7_i/FCLKCLK[0]
                         net (fo=1, routed)           0.310     0.310    top_i/zynq_ps/inst/FCLK_CLK_unbuffered[0]
    BUFGCTRL_X0Y16       BUFG (Prop_bufg_I_O)         0.026     0.336 r  top_i/zynq_ps/inst/buffer_fclk_clk_0.FCLK_CLK_0_BUFG/O
                         net (fo=12912, routed)       0.575     0.911    top_i/smartconnect_0/inst/clk_map/psr_aclk/U0/aclk
    SLICE_X77Y24         FDRE                                         r  top_i/smartconnect_0/inst/clk_map/psr_aclk/U0/ACTIVE_LOW_BSR_OUT_DFF[0].FDRE_BSR_N/C
  -------------------------------------------------------------------    -------------------
    SLICE_X77Y24         FDRE (Prop_fdre_C_Q)         0.141     1.052 r  top_i/smartconnect_0/inst/clk_map/psr_aclk/U0/ACTIVE_LOW_BSR_OUT_DFF[0].FDRE_BSR_N/Q
                         net (fo=22, routed)          0.425     1.477    top_i/smartconnect_0/inst/m00_nodes/m00_b_node/inst/s_sc_xpm_cdc_async_rst_inst/src_arst
    SLICE_X62Y20         LUT1 (Prop_lut1_I0_O)        0.045     1.522 f  top_i/smartconnect_0/inst/m00_nodes/m00_b_node/inst/s_sc_xpm_cdc_async_rst_inst/arststages_ff[2]_i_1/O
                         net (fo=3, routed)           0.258     1.780    top_i/smartconnect_0/inst/m00_nodes/m00_b_node/inst/s_sc_xpm_cdc_async_rst_inst/reset_pol
    SLICE_X60Y16         FDCE                                         f  top_i/smartconnect_0/inst/m00_nodes/m00_b_node/inst/s_sc_xpm_cdc_async_rst_inst/arststages_ff_reg[1]/CLR
  -------------------------------------------------------------------    -------------------

                         (clock clk_fpga_0 rise edge)
                                                      0.000     0.000 r  
    PS7_X0Y0             PS7                          0.000     0.000 r  top_i/zynq_ps/inst/PS7_i/FCLKCLK[0]
                         net (fo=1, routed)           0.337     0.337    top_i/zynq_ps/inst/FCLK_CLK_unbuffered[0]
    BUFGCTRL_X0Y16       BUFG (Prop_bufg_I_O)         0.029     0.366 r  top_i/zynq_ps/inst/buffer_fclk_clk_0.FCLK_CLK_0_BUFG/O
                         net (fo=12912, routed)       0.846     1.212    top_i/smartconnect_0/inst/m00_nodes/m00_b_node/inst/s_sc_xpm_cdc_async_rst_inst/dest_clk
    SLICE_X60Y16         FDCE                                         r  top_i/smartconnect_0/inst/m00_nodes/m00_b_node/inst/s_sc_xpm_cdc_async_rst_inst/arststages_ff_reg[1]/C

Slack:                    inf
  Source:                 top_i/smartconnect_0/inst/clk_map/psr_aclk/U0/ACTIVE_LOW_BSR_OUT_DFF[0].FDRE_BSR_N/C
                            (rising edge-triggered cell FDRE clocked by clk_fpga_0  {rise@0.000ns fall@5.000ns period=10.000ns})
  Destination:            top_i/smartconnect_0/inst/m00_nodes/m00_b_node/inst/s_sc_xpm_cdc_async_rst_inst/arststages_ff_reg[2]/CLR
                            (removal check against rising-edge clock clk_fpga_0  {rise@0.000ns fall@5.000ns period=10.000ns})
  Path Group:             (none)
  Path Type:              Removal (Min at Fast Process Corner)
  Data Path Delay:        0.870ns  (logic 0.186ns (21.390%)  route 0.684ns (78.610%))
  Logic Levels:           1  (LUT1=1)
  Clock Path Skew:        0.301ns (DCD - SCD - CPR)
    Destination Clock Delay (DCD):    1.212ns
    Source Clock Delay      (SCD):    0.911ns
    Clock Pessimism Removal (CPR):    -0.000ns
  Clock Uncertainty:      0.154ns  ((TSJ^2 + TIJ^2)^1/2 + DJ) / 2 + PE
    Total System Jitter     (TSJ):    0.071ns
    Total Input Jitter      (TIJ):    0.300ns
    Discrete Jitter          (DJ):    0.000ns
    Phase Error              (PE):    0.000ns
  Timing Exception:       False Path

    Location             Delay type                Incr(ns)  Path(ns)    Netlist Resource(s)
  -------------------------------------------------------------------    -------------------
                         (clock clk_fpga_0 rise edge)
                                                      0.000     0.000 r  
    PS7_X0Y0             PS7                          0.000     0.000 r  top_i/zynq_ps/inst/PS7_i/FCLKCLK[0]
                         net (fo=1, routed)           0.310     0.310    top_i/zynq_ps/inst/FCLK_CLK_unbuffered[0]
    BUFGCTRL_X0Y16       BUFG (Prop_bufg_I_O)         0.026     0.336 r  top_i/zynq_ps/inst/buffer_fclk_clk_0.FCLK_CLK_0_BUFG/O
                         net (fo=12912, routed)       0.575     0.911    top_i/smartconnect_0/inst/clk_map/psr_aclk/U0/aclk
    SLICE_X77Y24         FDRE                                         r  top_i/smartconnect_0/inst/clk_map/psr_aclk/U0/ACTIVE_LOW_BSR_OUT_DFF[0].FDRE_BSR_N/C
  -------------------------------------------------------------------    -------------------
    SLICE_X77Y24         FDRE (Prop_fdre_C_Q)         0.141     1.052 r  top_i/smartconnect_0/inst/clk_map/psr_aclk/U0/ACTIVE_LOW_BSR_OUT_DFF[0].FDRE_BSR_N/Q
                         net (fo=22, routed)          0.425     1.477    top_i/smartconnect_0/inst/m00_nodes/m00_b_node/inst/s_sc_xpm_cdc_async_rst_inst/src_arst
    SLICE_X62Y20         LUT1 (Prop_lut1_I0_O)        0.045     1.522 f  top_i/smartconnect_0/inst/m00_nodes/m00_b_node/inst/s_sc_xpm_cdc_async_rst_inst/arststages_ff[2]_i_1/O
                         net (fo=3, routed)           0.258     1.780    top_i/smartconnect_0/inst/m00_nodes/m00_b_node/inst/s_sc_xpm_cdc_async_rst_inst/reset_pol
    SLICE_X60Y16         FDCE                                         f  top_i/smartconnect_0/inst/m00_nodes/m00_b_node/inst/s_sc_xpm_cdc_async_rst_inst/arststages_ff_reg[2]/CLR
  -------------------------------------------------------------------    -------------------

                         (clock clk_fpga_0 rise edge)
                                                      0.000     0.000 r  
    PS7_X0Y0             PS7                          0.000     0.000 r  top_i/zynq_ps/inst/PS7_i/FCLKCLK[0]
                         net (fo=1, routed)           0.337     0.337    top_i/zynq_ps/inst/FCLK_CLK_unbuffered[0]
    BUFGCTRL_X0Y16       BUFG (Prop_bufg_I_O)         0.029     0.366 r  top_i/zynq_ps/inst/buffer_fclk_clk_0.FCLK_CLK_0_BUFG/O
                         net (fo=12912, routed)       0.846     1.212    top_i/smartconnect_0/inst/m00_nodes/m00_b_node/inst/s_sc_xpm_cdc_async_rst_inst/dest_clk
    SLICE_X60Y16         FDCE                                         r  top_i/smartconnect_0/inst/m00_nodes/m00_b_node/inst/s_sc_xpm_cdc_async_rst_inst/arststages_ff_reg[2]/C

Slack:                    inf
  Source:                 top_i/smartconnect_0/inst/clk_map/psr_aclk/U0/ACTIVE_LOW_BSR_OUT_DFF[0].FDRE_BSR_N/C
                            (rising edge-triggered cell FDRE clocked by clk_fpga_0  {rise@0.000ns fall@5.000ns period=10.000ns})
  Destination:            top_i/smartconnect_0/inst/s01_entry_pipeline/s01_si_converter/inst/xpm_cdc_async_rst_inst/arststages_ff_reg[0]/CLR
                            (removal check against rising-edge clock clk_fpga_0  {rise@0.000ns fall@5.000ns period=10.000ns})
  Path Group:             (none)
  Path Type:              Removal (Min at Fast Process Corner)
  Data Path Delay:        0.871ns  (logic 0.186ns (21.349%)  route 0.685ns (78.651%))
  Logic Levels:           1  (LUT1=1)
  Clock Path Skew:        0.295ns (DCD - SCD - CPR)
    Destination Clock Delay (DCD):    1.206ns
    Source Clock Delay      (SCD):    0.911ns
    Clock Pessimism Removal (CPR):    -0.000ns
  Clock Uncertainty:      0.154ns  ((TSJ^2 + TIJ^2)^1/2 + DJ) / 2 + PE
    Total System Jitter     (TSJ):    0.071ns
    Total Input Jitter      (TIJ):    0.300ns
    Discrete Jitter          (DJ):    0.000ns
    Phase Error              (PE):    0.000ns
  Timing Exception:       False Path

    Location             Delay type                Incr(ns)  Path(ns)    Netlist Resource(s)
  -------------------------------------------------------------------    -------------------
                         (clock clk_fpga_0 rise edge)
                                                      0.000     0.000 r  
    PS7_X0Y0             PS7                          0.000     0.000 r  top_i/zynq_ps/inst/PS7_i/FCLKCLK[0]
                         net (fo=1, routed)           0.310     0.310    top_i/zynq_ps/inst/FCLK_CLK_unbuffered[0]
    BUFGCTRL_X0Y16       BUFG (Prop_bufg_I_O)         0.026     0.336 r  top_i/zynq_ps/inst/buffer_fclk_clk_0.FCLK_CLK_0_BUFG/O
                         net (fo=12912, routed)       0.575     0.911    top_i/smartconnect_0/inst/clk_map/psr_aclk/U0/aclk
    SLICE_X77Y24         FDRE                                         r  top_i/smartconnect_0/inst/clk_map/psr_aclk/U0/ACTIVE_LOW_BSR_OUT_DFF[0].FDRE_BSR_N/C
  -------------------------------------------------------------------    -------------------
    SLICE_X77Y24         FDRE (Prop_fdre_C_Q)         0.141     1.052 r  top_i/smartconnect_0/inst/clk_map/psr_aclk/U0/ACTIVE_LOW_BSR_OUT_DFF[0].FDRE_BSR_N/Q
                         net (fo=22, routed)          0.397     1.449    top_i/smartconnect_0/inst/s01_entry_pipeline/s01_si_converter/inst/xpm_cdc_async_rst_inst/src_arst
    SLICE_X73Y26         LUT1 (Prop_lut1_I0_O)        0.045     1.494 f  top_i/smartconnect_0/inst/s01_entry_pipeline/s01_si_converter/inst/xpm_cdc_async_rst_inst/arststages_ff[2]_i_1/O
                         net (fo=3, routed)           0.288     1.782    top_i/smartconnect_0/inst/s01_entry_pipeline/s01_si_converter/inst/xpm_cdc_async_rst_inst/reset_pol
    SLICE_X73Y26         FDCE                                         f  top_i/smartconnect_0/inst/s01_entry_pipeline/s01_si_converter/inst/xpm_cdc_async_rst_inst/arststages_ff_reg[0]/CLR
  -------------------------------------------------------------------    -------------------

                         (clock clk_fpga_0 rise edge)
                                                      0.000     0.000 r  
    PS7_X0Y0             PS7                          0.000     0.000 r  top_i/zynq_ps/inst/PS7_i/FCLKCLK[0]
                         net (fo=1, routed)           0.337     0.337    top_i/zynq_ps/inst/FCLK_CLK_unbuffered[0]
    BUFGCTRL_X0Y16       BUFG (Prop_bufg_I_O)         0.029     0.366 r  top_i/zynq_ps/inst/buffer_fclk_clk_0.FCLK_CLK_0_BUFG/O
                         net (fo=12912, routed)       0.840     1.206    top_i/smartconnect_0/inst/s01_entry_pipeline/s01_si_converter/inst/xpm_cdc_async_rst_inst/dest_clk
    SLICE_X73Y26         FDCE                                         r  top_i/smartconnect_0/inst/s01_entry_pipeline/s01_si_converter/inst/xpm_cdc_async_rst_inst/arststages_ff_reg[0]/C





