[2026-08-01 22:16:26,702]INFO:Intermediate outputs will be generated in /home/neuralnetwork01/Schreibtisch/s7s/nn/task3/Task-3-data/FINN_TMP
[2026-08-01 22:16:26,702]INFO:Final outputs will be generated in /home/neuralnetwork01/Schreibtisch/s7s/nn/task3/Task-3-data/output_custom
[2026-08-01 22:16:26,702]INFO:Build log is at /home/neuralnetwork01/Schreibtisch/s7s/nn/task3/Task-3-data/output_custom/build_dataflow.log
[2026-08-01 22:16:26,702]INFO:Building dataflow accelerator from /home/neuralnetwork01/Schreibtisch/s7s/nn/task3/Task-3-data/models/tfc-w1a1.onnx
[2026-08-01 22:16:26,704]WARNING:/home/neuralnetwork01/miniconda3/envs/nnlab/lib/python3.11/site-packages/qonnx/core/modelwrapper.py:120: UserWarning: Some old-style domain attributes were automatically converted to new-style,
                i.e. domain=finn to domain=qonnx.custom_op.<general|fpgadataflow|...>
  warnings.warn(

[2026-08-01 22:16:26,706]INFO:Running step: step_qonnx_to_finn [1/20]
[2026-08-01 22:16:26,711]INFO:Running step: step_tidy_up [2/20]
[2026-08-01 22:16:26,747]INFO:Running step: step_streamline [3/20]
[2026-08-01 22:16:28,300]INFO:Running step: step_convert_to_hw [4/20]
[2026-08-01 22:16:28,311]WARNING:MultiThreshold (MultiThreshold_0) layout () does not match input tensor layout (['N', 'C']).
[2026-08-01 22:16:28,311]WARNING:MultiThreshold (MultiThreshold_0) layout () does not match output tensor layout (['N', 'C']).
[2026-08-01 22:16:28,326]INFO:Running step: step_create_dataflow_partition [5/20]
[2026-08-01 22:16:28,346]INFO:Running step: step_specialize_layers [6/20]
[2026-08-01 22:16:28,354]INFO:Running step: step_target_fps_parallelization [7/20]
[2026-08-01 22:16:28,359]INFO:Running step: step_apply_folding_config [8/20]
[2026-08-01 22:16:28,366]INFO:Running step: step_minimize_bit_width [9/20]
[2026-08-01 22:16:28,374]WARNING:Clipping some thresholds in MVAU_hls_1
[2026-08-01 22:16:28,376]WARNING:Clipping some thresholds in MVAU_hls_2
[2026-08-01 22:16:28,388]INFO:Running step: step_transpose_decomposition [10/20]
[2026-08-01 22:16:28,393]INFO:Running step: step_generate_estimate_reports [11/20]
[2026-08-01 22:16:28,421]INFO:Running step: step_set_fifo_depths [12/20]
[2026-08-01 22:32:08,164]INFO:Vivado Simulator v2023.2
Copyright 1986-2022 Xilinx, Inc. All Rights Reserved.
Copyright 2022-2023 Advanced Micro Devices, Inc. All Rights Reserved.
Running: /Software/xilinx/Vivado/2023.2/bin/unwrapped/lnx64.o/xelab work.glbl work.finn_design_wrapper -relax -prj rtlsim.prj -dll -s finn_design_wrapper -define FINN_SIMULATION -L smartconnect_v1_0 -L axi_protocol_checker_v1_1_12 -L axi_protocol_checker_v1_1_13 -L axis_protocol_checker_v1_1_11 -L axis_protocol_checker_v1_1_12 -L xil_defaultlib -L unisims_ver -L xpm -L floating_point_v7_1_16 -L floating_point_v7_0_21 -L floating_point_v7_1_18 -L floating_point_v7_1_15 -L floating_point_v7_1_19 
Multi-threading is on. Using 10 slave threads.
INFO: [VRFC 10-2263] Analyzing Verilog file "/Software/xilinx/Vivado/2023.2/data/verilog/src/glbl.v" into library work
INFO: [VRFC 10-311] analyzing module glbl
INFO: [VRFC 10-2263] Analyzing Verilog file "/home/neuralnetwork01/Schreibtisch/s7s/nn/task3/Task-3-data/FINN_TMP/vivado_stitch_proj_uv91tzjc/finn_vivado_stitch_proj.gen/sources_1/bd/finn_design/ip/finn_design_StreamingFIFO_rtl_0_0/synth/finn_design_StreamingFIFO_rtl_0_0.v" into library work
INFO: [VRFC 10-311] analyzing module finn_design_StreamingFIFO_rtl_0_0
INFO: [VRFC 10-2263] Analyzing Verilog file "/home/neuralnetwork01/Schreibtisch/s7s/nn/task3/Task-3-data/FINN_TMP/vivado_stitch_proj_uv91tzjc/finn_vivado_stitch_proj.gen/sources_1/bd/finn_design/ip/finn_design_Reshape_rtl_0_0/synth/finn_design_Reshape_rtl_0_0.v" into library work
INFO: [VRFC 10-311] analyzing module finn_design_Reshape_rtl_0_0
INFO: [VRFC 10-2263] Analyzing Verilog file "/home/neuralnetwork01/Schreibtisch/s7s/nn/task3/Task-3-data/FINN_TMP/vivado_stitch_proj_uv91tzjc/finn_vivado_stitch_proj.gen/sources_1/bd/finn_design/ip/finn_design_StreamingFIFO_rtl_1_0/synth/finn_design_StreamingFIFO_rtl_1_0.v" into library work
INFO: [VRFC 10-311] analyzing module finn_design_StreamingFIFO_rtl_1_0
INFO: [VRFC 10-2263] Analyzing Verilog file "/home/neuralnetwork01/Schreibtisch/s7s/nn/task3/Task-3-data/FINN_TMP/vivado_stitch_proj_uv91tzjc/finn_vivado_stitch_proj.gen/sources_1/bd/finn_design/ip/finn_design_Thresholding_rtl_0_0/synth/finn_design_Thresholding_rtl_0_0.v" into library work
INFO: [VRFC 10-311] analyzing module finn_design_Thresholding_rtl_0_0
INFO: [VRFC 10-2263] Analyzing Verilog file "/home/neuralnetwork01/Schreibtisch/s7s/nn/task3/Task-3-data/FINN_TMP/vivado_stitch_proj_uv91tzjc/finn_vivado_stitch_proj.gen/sources_1/bd/finn_design/ip/finn_design_StreamingFIFO_rtl_2_0/synth/finn_design_StreamingFIFO_rtl_2_0.v" into library work
INFO: [VRFC 10-311] analyzing module finn_design_StreamingFIFO_rtl_2_0
INFO: [VRFC 10-2263] Analyzing Verilog file "/home/neuralnetwork01/Schreibtisch/s7s/nn/task3/Task-3-data/FINN_TMP/vivado_stitch_proj_uv91tzjc/finn_vivado_stitch_proj.gen/sources_1/bd/finn_design/ip/finn_design_StreamingDataWidthConverter_rtl_0_0/synth/finn_design_StreamingDataWidthConverter_rtl_0_0.v" into library work
INFO: [VRFC 10-311] analyzing module finn_design_StreamingDataWidthConverter_rtl_0_0
INFO: [VRFC 10-2263] Analyzing Verilog file "/home/neuralnetwork01/Schreibtisch/s7s/nn/task3/Task-3-data/FINN_TMP/vivado_stitch_proj_uv91tzjc/finn_vivado_stitch_proj.gen/sources_1/bd/finn_design/ip/finn_design_StreamingFIFO_rtl_3_0/synth/finn_design_StreamingFIFO_rtl_3_0.v" into library work
INFO: [VRFC 10-311] analyzing module finn_design_StreamingFIFO_rtl_3_0
INFO: [VRFC 10-2263] Analyzing Verilog file "/home/neuralnetwork01/Schreibtisch/s7s/nn/task3/Task-3-data/FINN_TMP/vivado_stitch_proj_uv91tzjc/finn_vivado_stitch_proj.gen/sources_1/bd/finn_design/ipshared/9e1f/hdl/verilog/MVAU_hls_0_flow_control_loop_pipe_sequential_init.v" into library work
INFO: [VRFC 10-311] analyzing module MVAU_hls_0_flow_control_loop_pipe_sequential_init
INFO: [VRFC 10-2263] Analyzing Verilog file "/home/neuralnetwork01/Schreibtisch/s7s/nn/task3/Task-3-data/FINN_TMP/vivado_stitch_proj_uv91tzjc/finn_vivado_stitch_proj.gen/sources_1/bd/finn_design/ipshared/9e1f/hdl/verilog/MVAU_hls_0_Matrix_Vector_Activate_Stream_Batch.v" into library work
INFO: [VRFC 10-311] analyzing module MVAU_hls_0_Matrix_Vector_Activate_Stream_Batch
INFO: [VRFC 10-2263] Analyzing Verilog file "/home/neuralnetwork01/Schreibtisch/s7s/nn/task3/Task-3-data/FINN_TMP/vivado_stitch_proj_uv91tzjc/finn_vivado_stitch_proj.gen/sources_1/bd/finn_design/ipshared/9e1f/hdl/verilog/MVAU_hls_0_regslice_both.v" into library work
INFO: [VRFC 10-311] analyzing module MVAU_hls_0_regslice_both
INFO: [VRFC 10-311] analyzing module MVAU_hls_0_regslice_both_w1
INFO: [VRFC 10-2263] Analyzing Verilog file "/home/neuralnetwork01/Schreibtisch/s7s/nn/task3/Task-3-data/FINN_TMP/vivado_stitch_proj_uv91tzjc/finn_vivado_stitch_proj.gen/sources_1/bd/finn_design/ipshared/9e1f/hdl/verilog/MVAU_hls_0_sparsemux_15_3_112_1_1.v" into library work
INFO: [VRFC 10-311] analyzing module MVAU_hls_0_sparsemux_15_3_112_1_1
INFO: [VRFC 10-2263] Analyzing Verilog file "/home/neuralnetwork01/Schreibtisch/s7s/nn/task3/Task-3-data/FINN_TMP/vivado_stitch_proj_uv91tzjc/finn_vivado_stitch_proj.gen/sources_1/bd/finn_design/ipshared/9e1f/hdl/verilog/MVAU_hls_0.v" into library work
INFO: [VRFC 10-311] analyzing module MVAU_hls_0
INFO: [VRFC 10-2263] Analyzing Verilog file "/home/neuralnetwork01/Schreibtisch/s7s/nn/task3/Task-3-data/FINN_TMP/vivado_stitch_proj_uv91tzjc/finn_vivado_stitch_proj.gen/sources_1/bd/finn_design/ip/finn_design_MVAU_hls_0_0/synth/finn_design_MVAU_hls_0_0.v" into library work
INFO: [VRFC 10-311] analyzing module finn_design_MVAU_hls_0_0
INFO: [VRFC 10-2263] Analyzing Verilog file "/home/neuralnetwork01/Schreibtisch/s7s/nn/task3/Task-3-data/FINN_TMP/vivado_stitch_proj_uv91tzjc/finn_vivado_stitch_proj.gen/sources_1/bd/finn_design/ip/finn_design_MVAU_hls_0_wstrm_0/synth/finn_design_MVAU_hls_0_wstrm_0.v" into library work
INFO: [VRFC 10-311] analyzing module finn_design_MVAU_hls_0_wstrm_0
INFO: [VRFC 10-2263] Analyzing Verilog file "/home/neuralnetwork01/Schreibtisch/s7s/nn/task3/Task-3-data/FINN_TMP/vivado_stitch_proj_uv91tzjc/finn_vivado_stitch_proj.gen/sources_1/bd/finn_design/ip/finn_design_StreamingFIFO_rtl_4_0/synth/finn_design_StreamingFIFO_rtl_4_0.v" into library work
INFO: [VRFC 10-311] analyzing module finn_design_StreamingFIFO_rtl_4_0
INFO: [VRFC 10-2263] Analyzing Verilog file "/home/neuralnetwork01/Schreibtisch/s7s/nn/task3/Task-3-data/FINN_TMP/vivado_stitch_proj_uv91tzjc/finn_vivado_stitch_proj.gen/sources_1/bd/finn_design/ipshared/6416/hdl/verilog/MVAU_hls_1_flow_control_loop_pipe_sequential_init.v" into library work
INFO: [VRFC 10-311] analyzing module MVAU_hls_1_flow_control_loop_pipe_sequential_init
INFO: [VRFC 10-2263] Analyzing Verilog file "/home/neuralnetwork01/Schreibtisch/s7s/nn/task3/Task-3-data/FINN_TMP/vivado_stitch_proj_uv91tzjc/finn_vivado_stitch_proj.gen/sources_1/bd/finn_design/ipshared/6416/hdl/verilog/MVAU_hls_1_Matrix_Vector_Activate_Stream_Batch.v" into library work
INFO: [VRFC 10-311] analyzing module MVAU_hls_1_Matrix_Vector_Activate_Stream_Batch
INFO: [VRFC 10-2263] Analyzing Verilog file "/home/neuralnetwork01/Schreibtisch/s7s/nn/task3/Task-3-data/FINN_TMP/vivado_stitch_proj_uv91tzjc/finn_vivado_stitch_proj.gen/sources_1/bd/finn_design/ipshared/6416/hdl/verilog/MVAU_hls_1_regslice_both.v" into library work
INFO: [VRFC 10-311] analyzing module MVAU_hls_1_regslice_both
INFO: [VRFC 10-311] analyzing module MVAU_hls_1_regslice_both_w1
INFO: [VRFC 10-2263] Analyzing Verilog file "/home/neuralnetwork01/Schreibtisch/s7s/nn/task3/Task-3-data/FINN_TMP/vivado_stitch_proj_uv91tzjc/finn_vivado_stitch_proj.gen/sources_1/bd/finn_design/ipshared/6416/hdl/verilog/MVAU_hls_1.v" into library work
INFO: [VRFC 10-311] analyzing module MVAU_hls_1
INFO: [VRFC 10-2263] Analyzing Verilog file "/home/neuralnetwork01/Schreibtisch/s7s/nn/task3/Task-3-data/FINN_TMP/vivado_stitch_proj_uv91tzjc/finn_vivado_stitch_proj.gen/sources_1/bd/finn_design/ip/finn_design_MVAU_hls_1_0/synth/finn_design_MVAU_hls_1_0.v" into library work
INFO: [VRFC 10-311] analyzing module finn_design_MVAU_hls_1_0
INFO: [VRFC 10-2263] Analyzing Verilog file "/home/neuralnetwork01/Schreibtisch/s7s/nn/task3/Task-3-data/FINN_TMP/vivado_stitch_proj_uv91tzjc/finn_vivado_stitch_proj.gen/sources_1/bd/finn_design/ip/finn_design_MVAU_hls_1_wstrm_0/synth/finn_design_MVAU_hls_1_wstrm_0.v" into library work
INFO: [VRFC 10-311] analyzing module finn_design_MVAU_hls_1_wstrm_0
INFO: [VRFC 10-2263] Analyzing Verilog file "/home/neuralnetwork01/Schreibtisch/s7s/nn/task3/Task-3-data/FINN_TMP/vivado_stitch_proj_uv91tzjc/finn_vivado_stitch_proj.gen/sources_1/bd/finn_design/ip/finn_design_StreamingFIFO_rtl_5_0/synth/finn_design_StreamingFIFO_rtl_5_0.v" into library work
INFO: [VRFC 10-311] analyzing module finn_design_StreamingFIFO_rtl_5_0
INFO: [VRFC 10-2263] Analyzing Verilog file "/home/neuralnetwork01/Schreibtisch/s7s/nn/task3/Task-3-data/FINN_TMP/vivado_stitch_proj_uv91tzjc/finn_vivado_stitch_proj.gen/sources_1/bd/finn_design/ipshared/dd7d/hdl/verilog/MVAU_hls_2_flow_control_loop_pipe_sequential_init.v" into library work
INFO: [VRFC 10-311] analyzing module MVAU_hls_2_flow_control_loop_pipe_sequential_init
INFO: [VRFC 10-2263] Analyzing Verilog file "/home/neuralnetwork01/Schreibtisch/s7s/nn/task3/Task-3-data/FINN_TMP/vivado_stitch_proj_uv91tzjc/finn_vivado_stitch_proj.gen/sources_1/bd/finn_design/ipshared/dd7d/hdl/verilog/MVAU_hls_2_Matrix_Vector_Activate_Stream_Batch.v" into library work
INFO: [VRFC 10-311] analyzing module MVAU_hls_2_Matrix_Vector_Activate_Stream_Batch
INFO: [VRFC 10-2263] Analyzing Verilog file "/home/neuralnetwork01/Schreibtisch/s7s/nn/task3/Task-3-data/FINN_TMP/vivado_stitch_proj_uv91tzjc/finn_vivado_stitch_proj.gen/sources_1/bd/finn_design/ipshared/dd7d/hdl/verilog/MVAU_hls_2_regslice_both.v" into library work
INFO: [VRFC 10-311] analyzing module MVAU_hls_2_regslice_both
INFO: [VRFC 10-311] analyzing module MVAU_hls_2_regslice_both_w1
INFO: [VRFC 10-2263] Analyzing Verilog file "/home/neuralnetwork01/Schreibtisch/s7s/nn/task3/Task-3-data/FINN_TMP/vivado_stitch_proj_uv91tzjc/finn_vivado_stitch_proj.gen/sources_1/bd/finn_design/ipshared/dd7d/hdl/verilog/MVAU_hls_2.v" into library work
INFO: [VRFC 10-311] analyzing module MVAU_hls_2
INFO: [VRFC 10-2263] Analyzing Verilog file "/home/neuralnetwork01/Schreibtisch/s7s/nn/task3/Task-3-data/FINN_TMP/vivado_stitch_proj_uv91tzjc/finn_vivado_stitch_proj.gen/sources_1/bd/finn_design/ip/finn_design_MVAU_hls_2_0/synth/finn_design_MVAU_hls_2_0.v" into library work
INFO: [VRFC 10-311] analyzing module finn_design_MVAU_hls_2_0
INFO: [VRFC 10-2263] Analyzing Verilog file "/home/neuralnetwork01/Schreibtisch/s7s/nn/task3/Task-3-data/FINN_TMP/vivado_stitch_proj_uv91tzjc/finn_vivado_stitch_proj.gen/sources_1/bd/finn_design/ip/finn_design_MVAU_hls_2_wstrm_0/synth/finn_design_MVAU_hls_2_wstrm_0.v" into library work
INFO: [VRFC 10-311] analyzing module finn_design_MVAU_hls_2_wstrm_0
INFO: [VRFC 10-2263] Analyzing Verilog file "/home/neuralnetwork01/Schreibtisch/s7s/nn/task3/Task-3-data/FINN_TMP/vivado_stitch_proj_uv91tzjc/finn_vivado_stitch_proj.gen/sources_1/bd/finn_design/ip/finn_design_StreamingFIFO_rtl_6_0/synth/finn_design_StreamingFIFO_rtl_6_0.v" into library work
INFO: [VRFC 10-311] analyzing module finn_design_StreamingFIFO_rtl_6_0
INFO: [VRFC 10-2263] Analyzing Verilog file "/home/neuralnetwork01/Schreibtisch/s7s/nn/task3/Task-3-data/FINN_TMP/vivado_stitch_proj_uv91tzjc/finn_vivado_stitch_proj.gen/sources_1/bd/finn_design/ipshared/c717/hdl/verilog/MVAU_hls_3_flow_control_loop_pipe_sequential_init.v" into library work
INFO: [VRFC 10-311] analyzing module MVAU_hls_3_flow_control_loop_pipe_sequential_init
INFO: [VRFC 10-2263] Analyzing Verilog file "/home/neuralnetwork01/Schreibtisch/s7s/nn/task3/Task-3-data/FINN_TMP/vivado_stitch_proj_uv91tzjc/finn_vivado_stitch_proj.gen/sources_1/bd/finn_design/ipshared/c717/hdl/verilog/MVAU_hls_3_Matrix_Vector_Activate_Stream_Batch.v" into library work
INFO: [VRFC 10-311] analyzing module MVAU_hls_3_Matrix_Vector_Activate_Stream_Batch
INFO: [VRFC 10-2263] Analyzing Verilog file "/home/neuralnetwork01/Schreibtisch/s7s/nn/task3/Task-3-data/FINN_TMP/vivado_stitch_proj_uv91tzjc/finn_vivado_stitch_proj.gen/sources_1/bd/finn_design/ipshared/c717/hdl/verilog/MVAU_hls_3_regslice_both.v" into library work
INFO: [VRFC 10-311] analyzing module MVAU_hls_3_regslice_both
INFO: [VRFC 10-311] analyzing module MVAU_hls_3_regslice_both_w1
INFO: [VRFC 10-2263] Analyzing Verilog file "/home/neuralnetwork01/Schreibtisch/s7s/nn/task3/Task-3-data/FINN_TMP/vivado_stitch_proj_uv91tzjc/finn_vivado_stitch_proj.gen/sources_1/bd/finn_design/ipshared/c717/hdl/verilog/MVAU_hls_3.v" into library work
INFO: [VRFC 10-311] analyzing module MVAU_hls_3
INFO: [VRFC 10-2263] Analyzing Verilog file "/home/neuralnetwork01/Schreibtisch/s7s/nn/task3/Task-3-data/FINN_TMP/vivado_stitch_proj_uv91tzjc/finn_vivado_stitch_proj.gen/sources_1/bd/finn_design/ip/finn_design_MVAU_hls_3_0/synth/finn_design_MVAU_hls_3_0.v" into library work
INFO: [VRFC 10-311] analyzing module finn_design_MVAU_hls_3_0
INFO: [VRFC 10-2263] Analyzing Verilog file "/home/neuralnetwork01/Schreibtisch/s7s/nn/task3/Task-3-data/FINN_TMP/vivado_stitch_proj_uv91tzjc/finn_vivado_stitch_proj.gen/sources_1/bd/finn_design/ip/finn_design_MVAU_hls_3_wstrm_0/synth/finn_design_MVAU_hls_3_wstrm_0.v" into library work
INFO: [VRFC 10-311] analyzing module finn_design_MVAU_hls_3_wstrm_0
INFO: [VRFC 10-2263] Analyzing Verilog file "/home/neuralnetwork01/Schreibtisch/s7s/nn/task3/Task-3-data/FINN_TMP/vivado_stitch_proj_uv91tzjc/finn_vivado_stitch_proj.gen/sources_1/bd/finn_design/ip/finn_design_StreamingFIFO_rtl_7_0/synth/finn_design_StreamingFIFO_rtl_7_0.v" into library work
INFO: [VRFC 10-311] analyzing module finn_design_StreamingFIFO_rtl_7_0
INFO: [VRFC 10-2263] Analyzing Verilog file "/home/neuralnetwork01/Schreibtisch/s7s/nn/task3/Task-3-data/FINN_TMP/vivado_stitch_proj_uv91tzjc/finn_vivado_stitch_proj.gen/sources_1/bd/finn_design/ip/finn_design_StreamingDataWidthConverter_rtl_1_0/synth/finn_design_StreamingDataWidthConverter_rtl_1_0.v" into library work
INFO: [VRFC 10-311] analyzing module finn_design_StreamingDataWidthConverter_rtl_1_0
INFO: [VRFC 10-2263] Analyzing Verilog file "/home/neuralnetwork01/Schreibtisch/s7s/nn/task3/Task-3-data/FINN_TMP/vivado_stitch_proj_uv91tzjc/finn_vivado_stitch_proj.gen/sources_1/bd/finn_design/ip/finn_design_StreamingFIFO_rtl_8_0/synth/finn_design_StreamingFIFO_rtl_8_0.v" into library work
INFO: [VRFC 10-311] analyzing module finn_design_StreamingFIFO_rtl_8_0
INFO: [VRFC 10-2263] Analyzing Verilog file "/home/neuralnetwork01/Schreibtisch/s7s/nn/task3/Task-3-data/FINN_TMP/vivado_stitch_proj_uv91tzjc/finn_vivado_stitch_proj.gen/sources_1/bd/finn_design/ipshared/ee83/hdl/verilog/LabelSelect_hls_0_flow_control_loop_pipe_sequential_init.v" into library work
INFO: [VRFC 10-311] analyzing module LabelSelect_hls_0_flow_control_loop_pipe_sequential_init
INFO: [VRFC 10-2263] Analyzing Verilog file "/home/neuralnetwork01/Schreibtisch/s7s/nn/task3/Task-3-data/FINN_TMP/vivado_stitch_proj_uv91tzjc/finn_vivado_stitch_proj.gen/sources_1/bd/finn_design/ipshared/ee83/hdl/verilog/LabelSelect_hls_0_LabelSelect_hls_0_Pipeline_VITIS_LOOP_199_3.v" into library work
INFO: [VRFC 10-311] analyzing module LabelSelect_hls_0_LabelSelect_hls_0_Pipeline_VITIS_LOOP_199_3
INFO: [VRFC 10-2263] Analyzing Verilog file "/home/neuralnetwork01/Schreibtisch/s7s/nn/task3/Task-3-data/FINN_TMP/vivado_stitch_proj_uv91tzjc/finn_vivado_stitch_proj.gen/sources_1/bd/finn_design/ipshared/ee83/hdl/verilog/LabelSelect_hls_0_regslice_both.v" into library work
INFO: [VRFC 10-311] analyzing module LabelSelect_hls_0_regslice_both
INFO: [VRFC 10-311] analyzing module LabelSelect_hls_0_regslice_both_w1
INFO: [VRFC 10-2263] Analyzing Verilog file "/home/neuralnetwork01/Schreibtisch/s7s/nn/task3/Task-3-data/FINN_TMP/vivado_stitch_proj_uv91tzjc/finn_vivado_stitch_proj.gen/sources_1/bd/finn_design/ipshared/ee83/hdl/verilog/LabelSelect_hls_0.v" into library work
INFO: [VRFC 10-311] analyzing module LabelSelect_hls_0
INFO: [VRFC 10-2263] Analyzing Verilog file "/home/neuralnetwork01/Schreibtisch/s7s/nn/task3/Task-3-data/FINN_TMP/vivado_stitch_proj_uv91tzjc/finn_vivado_stitch_proj.gen/sources_1/bd/finn_design/ip/finn_design_LabelSelect_hls_0_0/synth/finn_design_LabelSelect_hls_0_0.v" into library work
INFO: [VRFC 10-311] analyzing module finn_design_LabelSelect_hls_0_0
INFO: [VRFC 10-2263] Analyzing Verilog file "/home/neuralnetwork01/Schreibtisch/s7s/nn/task3/Task-3-data/FINN_TMP/vivado_stitch_proj_uv91tzjc/finn_vivado_stitch_proj.gen/sources_1/bd/finn_design/ip/finn_design_StreamingFIFO_rtl_9_0/synth/finn_design_StreamingFIFO_rtl_9_0.v" into library work
INFO: [VRFC 10-311] analyzing module finn_design_StreamingFIFO_rtl_9_0
INFO: [VRFC 10-2263] Analyzing Verilog file "/home/neuralnetwork01/Schreibtisch/s7s/nn/task3/Task-3-data/FINN_TMP/vivado_stitch_proj_uv91tzjc/finn_vivado_stitch_proj.gen/sources_1/bd/finn_design/synth/finn_design.v" into library work
INFO: [VRFC 10-311] analyzing module MVAU_hls_0_imp_7OH4JA
INFO: [VRFC 10-311] analyzing module MVAU_hls_1_imp_ZIW0NT
INFO: [VRFC 10-311] analyzing module MVAU_hls_2_imp_1WP2WTL
INFO: [VRFC 10-311] analyzing module MVAU_hls_3_imp_U0RWZQ
INFO: [VRFC 10-311] analyzing module finn_design
INFO: [VRFC 10-2263] Analyzing SystemVerilog file "/home/neuralnetwork01/Schreibtisch/s7s/nn/task3/Task-3-data/FINN_TMP/code_gen_ipgen_StreamingFIFO_rtl_0_r9nc8dar/fifo_gauge.sv" into library work
INFO: [VRFC 10-311] analyzing module fifo_gauge
WARNING: [VRFC 10-3467] initial value of parameter 'WIDTH' is omitted [/home/neuralnetwork01/Schreibtisch/s7s/nn/task3/Task-3-data/FINN_TMP/code_gen_ipgen_StreamingFIFO_rtl_0_r9nc8dar/fifo_gauge.sv:36]
WARNING: [VRFC 10-587] dynamic variables shall not be written with non-blocking assignments [/home/neuralnetwork01/Schreibtisch/s7s/nn/task3/Task-3-data/FINN_TMP/code_gen_ipgen_StreamingFIFO_rtl_0_r9nc8dar/fifo_gauge.sv:64]
INFO: [VRFC 10-2263] Analyzing Verilog file "/home/neuralnetwork01/Schreibtisch/s7s/nn/task3/Task-3-data/FINN_TMP/code_gen_ipgen_StreamingFIFO_rtl_0_r9nc8dar/Q_srl.v" into library work
INFO: [VRFC 10-311] analyzing module Q_srl
INFO: [VRFC 10-2263] Analyzing Verilog file "/home/neuralnetwork01/Schreibtisch/s7s/nn/task3/Task-3-data/FINN_TMP/code_gen_ipgen_StreamingFIFO_rtl_0_r9nc8dar/StreamingFIFO_rtl_0.v" into library work
INFO: [VRFC 10-311] analyzing module StreamingFIFO_rtl_0
INFO: [VRFC 10-2263] Analyzing SystemVerilog file "/home/neuralnetwork01/Schreibtisch/s7s/nn/task3/Task-3-data/FINN_TMP/code_gen_ipgen_Reshape_rtl_0_mw9donsl/dwc.sv" into library work
INFO: [VRFC 10-311] analyzing module dwc
WARNING: [VRFC 10-3467] initial value of parameter 'IBITS' is omitted [/home/neuralnetwork01/Schreibtisch/s7s/nn/task3/Task-3-data/FINN_TMP/code_gen_ipgen_Reshape_rtl_0_mw9donsl/dwc.sv:35]
WARNING: [VRFC 10-3467] initial value of parameter 'OBITS' is omitted [/home/neuralnetwork01/Schreibtisch/s7s/nn/task3/Task-3-data/FINN_TMP/code_gen_ipgen_Reshape_rtl_0_mw9donsl/dwc.sv:36]
INFO: [VRFC 10-2263] Analyzing SystemVerilog file "/home/neuralnetwork01/Schreibtisch/s7s/nn/task3/Task-3-data/FINN_TMP/code_gen_ipgen_Reshape_rtl_0_mw9donsl/dwc_axi.sv" into library work
INFO: [VRFC 10-311] analyzing module dwc_axi
WARNING: [VRFC 10-3467] initial value of parameter 'IBITS' is omitted [/home/neuralnetwork01/Schreibtisch/s7s/nn/task3/Task-3-data/FINN_TMP/code_gen_ipgen_Reshape_rtl_0_mw9donsl/dwc_axi.sv:35]
WARNING: [VRFC 10-3467] initial value of parameter 'OBITS' is omitted [/home/neuralnetwork01/Schreibtisch/s7s/nn/task3/Task-3-data/FINN_TMP/code_gen_ipgen_Reshape_rtl_0_mw9donsl/dwc_axi.sv:36]
INFO: [VRFC 10-2263] Analyzing Verilog file "/home/neuralnetwork01/Schreibtisch/s7s/nn/task3/Task-3-data/FINN_TMP/code_gen_ipgen_Reshape_rtl_0_mw9donsl/Reshape_rtl_0.v" into library work
INFO: [VRFC 10-311] analyzing module Reshape_rtl_0
INFO: [VRFC 10-2263] Analyzing SystemVerilog file "/home/neuralnetwork01/Schreibtisch/s7s/nn/task3/Task-3-data/FINN_TMP/code_gen_ipgen_StreamingFIFO_rtl_1_o2v2xkwi/fifo_gauge.sv" into library work
INFO: [VRFC 10-311] analyzing module fifo_gauge
WARNING: [VRFC 10-3467] initial value of parameter 'WIDTH' is omitted [/home/neuralnetwork01/Schreibtisch/s7s/nn/task3/Task-3-data/FINN_TMP/code_gen_ipgen_StreamingFIFO_rtl_1_o2v2xkwi/fifo_gauge.sv:36]
WARNING: [VRFC 10-587] dynamic variables shall not be written with non-blocking assignments [/home/neuralnetwork01/Schreibtisch/s7s/nn/task3/Task-3-data/FINN_TMP/code_gen_ipgen_StreamingFIFO_rtl_1_o2v2xkwi/fifo_gauge.sv:64]
WARNING: [VRFC 10-3609] overwriting previous definition of module 'fifo_gauge' [/home/neuralnetwork01/Schreibtisch/s7s/nn/task3/Task-3-data/FINN_TMP/code_gen_ipgen_StreamingFIFO_rtl_1_o2v2xkwi/fifo_gauge.sv:35]
INFO: [VRFC 10-2263] Analyzing Verilog file "/home/neuralnetwork01/Schreibtisch/s7s/nn/task3/Task-3-data/FINN_TMP/code_gen_ipgen_StreamingFIFO_rtl_1_o2v2xkwi/Q_srl.v" into library work
INFO: [VRFC 10-311] analyzing module Q_srl
WARNING: [VRFC 10-3609] overwriting previous definition of module 'Q_srl' [/home/neuralnetwork01/Schreibtisch/s7s/nn/task3/Task-3-data/FINN_TMP/code_gen_ipgen_StreamingFIFO_rtl_1_o2v2xkwi/Q_srl.v:72]
INFO: [VRFC 10-2263] Analyzing Verilog file "/home/neuralnetwork01/Schreibtisch/s7s/nn/task3/Task-3-data/FINN_TMP/code_gen_ipgen_StreamingFIFO_rtl_1_o2v2xkwi/StreamingFIFO_rtl_1.v" into library work
INFO: [VRFC 10-311] analyzing module StreamingFIFO_rtl_1
INFO: [VRFC 10-2263] Analyzing SystemVerilog file "/home/neuralnetwork01/Schreibtisch/s7s/nn/task3/Task-3-data/FINN_TMP/vivado_stitch_proj_uv91tzjc/ip/verilog/rtl_ops/Thresholding_rtl_0/axilite.sv" into library work
INFO: [VRFC 10-311] analyzing module axilite
WARNING: [VRFC 10-3467] initial value of parameter 'ADDR_WIDTH' is omitted [/home/neuralnetwork01/Schreibtisch/s7s/nn/task3/Task-3-data/FINN_TMP/vivado_stitch_proj_uv91tzjc/ip/verilog/rtl_ops/Thresholding_rtl_0/axilite.sv:33]
WARNING: [VRFC 10-3467] initial value of parameter 'DATA_WIDTH' is omitted [/home/neuralnetwork01/Schreibtisch/s7s/nn/task3/Task-3-data/FINN_TMP/vivado_stitch_proj_uv91tzjc/ip/verilog/rtl_ops/Thresholding_rtl_0/axilite.sv:34]
WARNING: [VRFC 10-3467] initial value of parameter 'IP_DATA_WIDTH' is omitted [/home/neuralnetwork01/Schreibtisch/s7s/nn/task3/Task-3-data/FINN_TMP/vivado_stitch_proj_uv91tzjc/ip/verilog/rtl_ops/Thresholding_rtl_0/axilite.sv:35]
WARNING: [VRFC 10-3380] identifier 'snk_re' is used before its declaration [/home/neuralnetwork01/Schreibtisch/s7s/nn/task3/Task-3-data/FINN_TMP/vivado_stitch_proj_uv91tzjc/ip/verilog/rtl_ops/Thresholding_rtl_0/axilite.sv:112]
INFO: [VRFC 10-2263] Analyzing SystemVerilog file "/home/neuralnetwork01/Schreibtisch/s7s/nn/task3/Task-3-data/FINN_TMP/vivado_stitch_proj_uv91tzjc/ip/verilog/rtl_ops/Thresholding_rtl_0/thresholding.sv" into library work
INFO: [VRFC 10-311] analyzing module thresholding
WARNING: [VRFC 10-3467] initial value of parameter 'K' is omitted [/home/neuralnetwork01/Schreibtisch/s7s/nn/task3/Task-3-data/FINN_TMP/vivado_stitch_proj_uv91tzjc/ip/verilog/rtl_ops/Thresholding_rtl_0/thresholding.sv:55]
WARNING: [VRFC 10-3467] initial value of parameter 'N' is omitted [/home/neuralnetwork01/Schreibtisch/s7s/nn/task3/Task-3-data/FINN_TMP/vivado_stitch_proj_uv91tzjc/ip/verilog/rtl_ops/Thresholding_rtl_0/thresholding.sv:56]
WARNING: [VRFC 10-3467] initial value of parameter 'C' is omitted [/home/neuralnetwork01/Schreibtisch/s7s/nn/task3/Task-3-data/FINN_TMP/vivado_stitch_proj_uv91tzjc/ip/verilog/rtl_ops/Thresholding_rtl_0/thresholding.sv:57]
WARNING: [VRFC 10-3467] initial value of parameter 'PE' is omitted [/home/neuralnetwork01/Schreibtisch/s7s/nn/task3/Task-3-data/FINN_TMP/vivado_stitch_proj_uv91tzjc/ip/verilog/rtl_ops/Thresholding_rtl_0/thresholding.sv:58]
INFO: [VRFC 10-2263] Analyzing SystemVerilog file "/home/neuralnetwork01/Schreibtisch/s7s/nn/task3/Task-3-data/FINN_TMP/vivado_stitch_proj_uv91tzjc/ip/verilog/rtl_ops/Thresholding_rtl_0/thresholding_axi.sv" into library work
INFO: [VRFC 10-311] analyzing module thresholding_axi
WARNING: [VRFC 10-3467] initial value of parameter 'WI' is omitted [/home/neuralnetwork01/Schreibtisch/s7s/nn/task3/Task-3-data/FINN_TMP/vivado_stitch_proj_uv91tzjc/ip/verilog/rtl_ops/Thresholding_rtl_0/thresholding_axi.sv:42]
WARNING: [VRFC 10-3467] initial value of parameter 'WT' is omitted [/home/neuralnetwork01/Schreibtisch/s7s/nn/task3/Task-3-data/FINN_TMP/vivado_stitch_proj_uv91tzjc/ip/verilog/rtl_ops/Thresholding_rtl_0/thresholding_axi.sv:43]
WARNING: [VRFC 10-3467] initial value of parameter 'N' is omitted [/home/neuralnetwork01/Schreibtisch/s7s/nn/task3/Task-3-data/FINN_TMP/vivado_stitch_proj_uv91tzjc/ip/verilog/rtl_ops/Thresholding_rtl_0/thresholding_axi.sv:44]
WARNING: [VRFC 10-3467] initial value of parameter 'USE_AXILITE' is omitted [/home/neuralnetwork01/Schreibtisch/s7s/nn/task3/Task-3-data/FINN_TMP/vivado_stitch_proj_uv91tzjc/ip/verilog/rtl_ops/Thresholding_rtl_0/thresholding_axi.sv:56]
INFO: [VRFC 10-2263] Analyzing Verilog file "/home/neuralnetwork01/Schreibtisch/s7s/nn/task3/Task-3-data/FINN_TMP/vivado_stitch_proj_uv91tzjc/ip/verilog/rtl_ops/Thresholding_rtl_0/Thresholding_rtl_0.v" into library work
INFO: [VRFC 10-311] analyzing module Thresholding_rtl_0
INFO: [VRFC 10-2263] Analyzing SystemVerilog file "/home/neuralnetwork01/Schreibtisch/s7s/nn/task3/Task-3-data/FINN_TMP/code_gen_ipgen_StreamingFIFO_rtl_2_03msoxuq/fifo_gauge.sv" into library work
INFO: [VRFC 10-311] analyzing module fifo_gauge
WARNING: [VRFC 10-3467] initial value of parameter 'WIDTH' is omitted [/home/neuralnetwork01/Schreibtisch/s7s/nn/task3/Task-3-data/FINN_TMP/code_gen_ipgen_StreamingFIFO_rtl_2_03msoxuq/fifo_gauge.sv:36]
WARNING: [VRFC 10-587] dynamic variables shall not be written with non-blocking assignments [/home/neuralnetwork01/Schreibtisch/s7s/nn/task3/Task-3-data/FINN_TMP/code_gen_ipgen_StreamingFIFO_rtl_2_03msoxuq/fifo_gauge.sv:64]
WARNING: [VRFC 10-3609] overwriting previous definition of module 'fifo_gauge' [/home/neuralnetwork01/Schreibtisch/s7s/nn/task3/Task-3-data/FINN_TMP/code_gen_ipgen_StreamingFIFO_rtl_2_03msoxuq/fifo_gauge.sv:35]
INFO: [VRFC 10-2263] Analyzing Verilog file "/home/neuralnetwork01/Schreibtisch/s7s/nn/task3/Task-3-data/FINN_TMP/code_gen_ipgen_StreamingFIFO_rtl_2_03msoxuq/Q_srl.v" into library work
INFO: [VRFC 10-311] analyzing module Q_srl
WARNING: [VRFC 10-3609] overwriting previous definition of module 'Q_srl' [/home/neuralnetwork01/Schreibtisch/s7s/nn/task3/Task-3-data/FINN_TMP/code_gen_ipgen_StreamingFIFO_rtl_2_03msoxuq/Q_srl.v:72]
INFO: [VRFC 10-2263] Analyzing Verilog file "/home/neuralnetwork01/Schreibtisch/s7s/nn/task3/Task-3-data/FINN_TMP/code_gen_ipgen_StreamingFIFO_rtl_2_03msoxuq/StreamingFIFO_rtl_2.v" into library work
INFO: [VRFC 10-311] analyzing module StreamingFIFO_rtl_2
INFO: [VRFC 10-2263] Analyzing SystemVerilog file "/home/neuralnetwork01/Schreibtisch/s7s/nn/task3/Task-3-data/FINN_TMP/code_gen_ipgen_StreamingDataWidthConverter_rtl_0_73hsxm4z/dwc_axi.sv" into library work
INFO: [VRFC 10-311] analyzing module dwc_axi
WARNING: [VRFC 10-3467] initial value of parameter 'IBITS' is omitted [/home/neuralnetwork01/Schreibtisch/s7s/nn/task3/Task-3-data/FINN_TMP/code_gen_ipgen_StreamingDataWidthConverter_rtl_0_73hsxm4z/dwc_axi.sv:35]
WARNING: [VRFC 10-3467] initial value of parameter 'OBITS' is omitted [/home/neuralnetwork01/Schreibtisch/s7s/nn/task3/Task-3-data/FINN_TMP/code_gen_ipgen_StreamingDataWidthConverter_rtl_0_73hsxm4z/dwc_axi.sv:36]
WARNING: [VRFC 10-3609] overwriting previous definition of module 'dwc_axi' [/home/neuralnetwork01/Schreibtisch/s7s/nn/task3/Task-3-data/FINN_TMP/code_gen_ipgen_StreamingDataWidthConverter_rtl_0_73hsxm4z/dwc_axi.sv:34]
INFO: [VRFC 10-2263] Analyzing SystemVerilog file "/home/neuralnetwork01/Schreibtisch/s7s/nn/task3/Task-3-data/FINN_TMP/code_gen_ipgen_StreamingDataWidthConverter_rtl_0_73hsxm4z/dwc.sv" into library work
INFO: [VRFC 10-311] analyzing module dwc
WARNING: [VRFC 10-3467] initial value of parameter 'IBITS' is omitted [/home/neuralnetwork01/Schreibtisch/s7s/nn/task3/Task-3-data/FINN_TMP/code_gen_ipgen_StreamingDataWidthConverter_rtl_0_73hsxm4z/dwc.sv:35]
WARNING: [VRFC 10-3467] initial value of parameter 'OBITS' is omitted [/home/neuralnetwork01/Schreibtisch/s7s/nn/task3/Task-3-data/FINN_TMP/code_gen_ipgen_StreamingDataWidthConverter_rtl_0_73hsxm4z/dwc.sv:36]
WARNING: [VRFC 10-3609] overwriting previous definition of module 'dwc' [/home/neuralnetwork01/Schreibtisch/s7s/nn/task3/Task-3-data/FINN_TMP/code_gen_ipgen_StreamingDataWidthConverter_rtl_0_73hsxm4z/dwc.sv:34]
INFO: [VRFC 10-2263] Analyzing Verilog file "/home/neuralnetwork01/Schreibtisch/s7s/nn/task3/Task-3-data/FINN_TMP/code_gen_ipgen_StreamingDataWidthConverter_rtl_0_73hsxm4z/StreamingDataWidthConverter_rtl_0.v" into library work
INFO: [VRFC 10-311] analyzing module StreamingDataWidthConverter_rtl_0
INFO: [VRFC 10-2263] Analyzing SystemVerilog file "/home/neuralnetwork01/Schreibtisch/s7s/nn/task3/Task-3-data/FINN_TMP/code_gen_ipgen_StreamingFIFO_rtl_3_e70lp5m5/fifo_gauge.sv" into library work
INFO: [VRFC 10-311] analyzing module fifo_gauge
WARNING: [VRFC 10-3467] initial value of parameter 'WIDTH' is omitted [/home/neuralnetwork01/Schreibtisch/s7s/nn/task3/Task-3-data/FINN_TMP/code_gen_ipgen_StreamingFIFO_rtl_3_e70lp5m5/fifo_gauge.sv:36]
WARNING: [VRFC 10-587] dynamic variables shall not be written with non-blocking assignments [/home/neuralnetwork01/Schreibtisch/s7s/nn/task3/Task-3-data/FINN_TMP/code_gen_ipgen_StreamingFIFO_rtl_3_e70lp5m5/fifo_gauge.sv:64]
WARNING: [VRFC 10-3609] overwriting previous definition of module 'fifo_gauge' [/home/neuralnetwork01/Schreibtisch/s7s/nn/task3/Task-3-data/FINN_TMP/code_gen_ipgen_StreamingFIFO_rtl_3_e70lp5m5/fifo_gauge.sv:35]
INFO: [VRFC 10-2263] Analyzing Verilog file "/home/neuralnetwork01/Schreibtisch/s7s/nn/task3/Task-3-data/FINN_TMP/code_gen_ipgen_StreamingFIFO_rtl_3_e70lp5m5/Q_srl.v" into library work
INFO: [VRFC 10-311] analyzing module Q_srl
WARNING: [VRFC 10-3609] overwriting previous definition of module 'Q_srl' [/home/neuralnetwork01/Schreibtisch/s7s/nn/task3/Task-3-data/FINN_TMP/code_gen_ipgen_StreamingFIFO_rtl_3_e70lp5m5/Q_srl.v:72]
INFO: [VRFC 10-2263] Analyzing Verilog file "/home/neuralnetwork01/Schreibtisch/s7s/nn/task3/Task-3-data/FINN_TMP/code_gen_ipgen_StreamingFIFO_rtl_3_e70lp5m5/StreamingFIFO_rtl_3.v" into library work
INFO: [VRFC 10-311] analyzing module StreamingFIFO_rtl_3
INFO: [VRFC 10-2263] Analyzing Verilog file "/home/neuralnetwork01/Schreibtisch/s7s/nn/task3/Task-3-data/FINN_TMP/vivado_stitch_proj_uv91tzjc/ip/verilog/rtl_ops/MVAU_hls_0/MVAU_hls_0_memstream_wrapper.v" into library work
INFO: [VRFC 10-311] analyzing module MVAU_hls_0_memstream_wrapper
INFO: [VRFC 10-2263] Analyzing SystemVerilog file "/home/neuralnetwork01/Schreibtisch/s7s/nn/task3/Task-3-data/FINN_TMP/vivado_stitch_proj_uv91tzjc/ip/verilog/rtl_ops/MVAU_hls_0/axilite.sv" into library work
INFO: [VRFC 10-311] analyzing module axilite
WARNING: [VRFC 10-3467] initial value of parameter 'ADDR_WIDTH' is omitted [/home/neuralnetwork01/Schreibtisch/s7s/nn/task3/Task-3-data/FINN_TMP/vivado_stitch_proj_uv91tzjc/ip/verilog/rtl_ops/MVAU_hls_0/axilite.sv:33]
WARNING: [VRFC 10-3467] initial value of parameter 'DATA_WIDTH' is omitted [/home/neuralnetwork01/Schreibtisch/s7s/nn/task3/Task-3-data/FINN_TMP/vivado_stitch_proj_uv91tzjc/ip/verilog/rtl_ops/MVAU_hls_0/axilite.sv:34]
WARNING: [VRFC 10-3467] initial value of parameter 'IP_DATA_WIDTH' is omitted [/home/neuralnetwork01/Schreibtisch/s7s/nn/task3/Task-3-data/FINN_TMP/vivado_stitch_proj_uv91tzjc/ip/verilog/rtl_ops/MVAU_hls_0/axilite.sv:35]
WARNING: [VRFC 10-3380] identifier 'snk_re' is used before its declaration [/home/neuralnetwork01/Schreibtisch/s7s/nn/task3/Task-3-data/FINN_TMP/vivado_stitch_proj_uv91tzjc/ip/verilog/rtl_ops/MVAU_hls_0/axilite.sv:112]
WARNING: [VRFC 10-3609] overwriting previous definition of module 'axilite' [/home/neuralnetwork01/Schreibtisch/s7s/nn/task3/Task-3-data/FINN_TMP/vivado_stitch_proj_uv91tzjc/ip/verilog/rtl_ops/MVAU_hls_0/axilite.sv:32]
INFO: [VRFC 10-2263] Analyzing SystemVerilog file "/home/neuralnetwork01/Schreibtisch/s7s/nn/task3/Task-3-data/FINN_TMP/vivado_stitch_proj_uv91tzjc/ip/verilog/rtl_ops/MVAU_hls_0/memstream_axi.sv" into library work
INFO: [VRFC 10-311] analyzing module memstream_axi
WARNING: [VRFC 10-3467] initial value of parameter 'SETS' is omitted [/home/neuralnetwork01/Schreibtisch/s7s/nn/task3/Task-3-data/FINN_TMP/vivado_stitch_proj_uv91tzjc/ip/verilog/rtl_ops/MVAU_hls_0/memstream_axi.sv:34]
WARNING: [VRFC 10-3467] initial value of parameter 'DEPTH' is omitted [/home/neuralnetwork01/Schreibtisch/s7s/nn/task3/Task-3-data/FINN_TMP/vivado_stitch_proj_uv91tzjc/ip/verilog/rtl_ops/MVAU_hls_0/memstream_axi.sv:35]
WARNING: [VRFC 10-3467] initial value of parameter 'WIDTH' is omitted [/home/neuralnetwork01/Schreibtisch/s7s/nn/task3/Task-3-data/FINN_TMP/vivado_stitch_proj_uv91tzjc/ip/verilog/rtl_ops/MVAU_hls_0/memstream_axi.sv:36]
INFO: [VRFC 10-2263] Analyzing SystemVerilog file "/home/neuralnetwork01/Schreibtisch/s7s/nn/task3/Task-3-data/FINN_TMP/vivado_stitch_proj_uv91tzjc/ip/verilog/rtl_ops/MVAU_hls_0/memstream.sv" into library work
INFO: [VRFC 10-311] analyzing module memstream
WARNING: [VRFC 10-3467] initial value of parameter 'SETS' is omitted [/home/neuralnetwork01/Schreibtisch/s7s/nn/task3/Task-3-data/FINN_TMP/vivado_stitch_proj_uv91tzjc/ip/verilog/rtl_ops/MVAU_hls_0/memstream.sv:34]
WARNING: [VRFC 10-3467] initial value of parameter 'DEPTH' is omitted [/home/neuralnetwork01/Schreibtisch/s7s/nn/task3/Task-3-data/FINN_TMP/vivado_stitch_proj_uv91tzjc/ip/verilog/rtl_ops/MVAU_hls_0/memstream.sv:35]
WARNING: [VRFC 10-3467] initial value of parameter 'WIDTH' is omitted [/home/neuralnetwork01/Schreibtisch/s7s/nn/task3/Task-3-data/FINN_TMP/vivado_stitch_proj_uv91tzjc/ip/verilog/rtl_ops/MVAU_hls_0/memstream.sv:36]
INFO: [VRFC 10-2263] Analyzing SystemVerilog file "/home/neuralnetwork01/Schreibtisch/s7s/nn/task3/Task-3-data/FINN_TMP/code_gen_ipgen_StreamingFIFO_rtl_4_cl46s34r/fifo_gauge.sv" into library work
INFO: [VRFC 10-311] analyzing module fifo_gauge
WARNING: [VRFC 10-3467] initial value of parameter 'WIDTH' is omitted [/home/neuralnetwork01/Schreibtisch/s7s/nn/task3/Task-3-data/FINN_TMP/code_gen_ipgen_StreamingFIFO_rtl_4_cl46s34r/fifo_gauge.sv:36]
WARNING: [VRFC 10-587] dynamic variables shall not be written with non-blocking assignments [/home/neuralnetwork01/Schreibtisch/s7s/nn/task3/Task-3-data/FINN_TMP/code_gen_ipgen_StreamingFIFO_rtl_4_cl46s34r/fifo_gauge.sv:64]
WARNING: [VRFC 10-3609] overwriting previous definition of module 'fifo_gauge' [/home/neuralnetwork01/Schreibtisch/s7s/nn/task3/Task-3-data/FINN_TMP/code_gen_ipgen_StreamingFIFO_rtl_4_cl46s34r/fifo_gauge.sv:35]
INFO: [VRFC 10-2263] Analyzing Verilog file "/home/neuralnetwork01/Schreibtisch/s7s/nn/task3/Task-3-data/FINN_TMP/code_gen_ipgen_StreamingFIFO_rtl_4_cl46s34r/Q_srl.v" into library work
INFO: [VRFC 10-311] analyzing module Q_srl
WARNING: [VRFC 10-3609] overwriting previous definition of module 'Q_srl' [/home/neuralnetwork01/Schreibtisch/s7s/nn/task3/Task-3-data/FINN_TMP/code_gen_ipgen_StreamingFIFO_rtl_4_cl46s34r/Q_srl.v:72]
INFO: [VRFC 10-2263] Analyzing Verilog file "/home/neuralnetwork01/Schreibtisch/s7s/nn/task3/Task-3-data/FINN_TMP/code_gen_ipgen_StreamingFIFO_rtl_4_cl46s34r/StreamingFIFO_rtl_4.v" into library work
INFO: [VRFC 10-311] analyzing module StreamingFIFO_rtl_4
INFO: [VRFC 10-2263] Analyzing Verilog file "/home/neuralnetwork01/Schreibtisch/s7s/nn/task3/Task-3-data/FINN_TMP/vivado_stitch_proj_uv91tzjc/ip/verilog/rtl_ops/MVAU_hls_1/MVAU_hls_1_memstream_wrapper.v" into library work
INFO: [VRFC 10-311] analyzing module MVAU_hls_1_memstream_wrapper
INFO: [VRFC 10-2263] Analyzing SystemVerilog file "/home/neuralnetwork01/Schreibtisch/s7s/nn/task3/Task-3-data/FINN_TMP/vivado_stitch_proj_uv91tzjc/ip/verilog/rtl_ops/MVAU_hls_1/axilite.sv" into library work
INFO: [VRFC 10-311] analyzing module axilite
WARNING: [VRFC 10-3467] initial value of parameter 'ADDR_WIDTH' is omitted [/home/neuralnetwork01/Schreibtisch/s7s/nn/task3/Task-3-data/FINN_TMP/vivado_stitch_proj_uv91tzjc/ip/verilog/rtl_ops/MVAU_hls_1/axilite.sv:33]
WARNING: [VRFC 10-3467] initial value of parameter 'DATA_WIDTH' is omitted [/home/neuralnetwork01/Schreibtisch/s7s/nn/task3/Task-3-data/FINN_TMP/vivado_stitch_proj_uv91tzjc/ip/verilog/rtl_ops/MVAU_hls_1/axilite.sv:34]
WARNING: [VRFC 10-3467] initial value of parameter 'IP_DATA_WIDTH' is omitted [/home/neuralnetwork01/Schreibtisch/s7s/nn/task3/Task-3-data/FINN_TMP/vivado_stitch_proj_uv91tzjc/ip/verilog/rtl_ops/MVAU_hls_1/axilite.sv:35]
WARNING: [VRFC 10-3380] identifier 'snk_re' is used before its declaration [/home/neuralnetwork01/Schreibtisch/s7s/nn/task3/Task-3-data/FINN_TMP/vivado_stitch_proj_uv91tzjc/ip/verilog/rtl_ops/MVAU_hls_1/axilite.sv:112]
WARNING: [VRFC 10-3609] overwriting previous definition of module 'axilite' [/home/neuralnetwork01/Schreibtisch/s7s/nn/task3/Task-3-data/FINN_TMP/vivado_stitch_proj_uv91tzjc/ip/verilog/rtl_ops/MVAU_hls_1/axilite.sv:32]
INFO: [VRFC 10-2263] Analyzing SystemVerilog file "/home/neuralnetwork01/Schreibtisch/s7s/nn/task3/Task-3-data/FINN_TMP/vivado_stitch_proj_uv91tzjc/ip/verilog/rtl_ops/MVAU_hls_1/memstream_axi.sv" into library work
INFO: [VRFC 10-311] analyzing module memstream_axi
WARNING: [VRFC 10-3467] initial value of parameter 'SETS' is omitted [/home/neuralnetwork01/Schreibtisch/s7s/nn/task3/Task-3-data/FINN_TMP/vivado_stitch_proj_uv91tzjc/ip/verilog/rtl_ops/MVAU_hls_1/memstream_axi.sv:34]
WARNING: [VRFC 10-3467] initial value of parameter 'DEPTH' is omitted [/home/neuralnetwork01/Schreibtisch/s7s/nn/task3/Task-3-data/FINN_TMP/vivado_stitch_proj_uv91tzjc/ip/verilog/rtl_ops/MVAU_hls_1/memstream_axi.sv:35]
WARNING: [VRFC 10-3467] initial value of parameter 'WIDTH' is omitted [/home/neuralnetwork01/Schreibtisch/s7s/nn/task3/Task-3-data/FINN_TMP/vivado_stitch_proj_uv91tzjc/ip/verilog/rtl_ops/MVAU_hls_1/memstream_axi.sv:36]
WARNING: [VRFC 10-3609] overwriting previous definition of module 'memstream_axi' [/home/neuralnetwork01/Schreibtisch/s7s/nn/task3/Task-3-data/FINN_TMP/vivado_stitch_proj_uv91tzjc/ip/verilog/rtl_ops/MVAU_hls_1/memstream_axi.sv:33]
INFO: [VRFC 10-2263] Analyzing SystemVerilog file "/home/neuralnetwork01/Schreibtisch/s7s/nn/task3/Task-3-data/FINN_TMP/vivado_stitch_proj_uv91tzjc/ip/verilog/rtl_ops/MVAU_hls_1/memstream.sv" into library work
INFO: [VRFC 10-311] analyzing module memstream
WARNING: [VRFC 10-3467] initial value of parameter 'SETS' is omitted [/home/neuralnetwork01/Schreibtisch/s7s/nn/task3/Task-3-data/FINN_TMP/vivado_stitch_proj_uv91tzjc/ip/verilog/rtl_ops/MVAU_hls_1/memstream.sv:34]
WARNING: [VRFC 10-3467] initial value of parameter 'DEPTH' is omitted [/home/neuralnetwork01/Schreibtisch/s7s/nn/task3/Task-3-data/FINN_TMP/vivado_stitch_proj_uv91tzjc/ip/verilog/rtl_ops/MVAU_hls_1/memstream.sv:35]
WARNING: [VRFC 10-3467] initial value of parameter 'WIDTH' is omitted [/home/neuralnetwork01/Schreibtisch/s7s/nn/task3/Task-3-data/FINN_TMP/vivado_stitch_proj_uv91tzjc/ip/verilog/rtl_ops/MVAU_hls_1/memstream.sv:36]
WARNING: [VRFC 10-3609] overwriting previous definition of module 'memstream' [/home/neuralnetwork01/Schreibtisch/s7s/nn/task3/Task-3-data/FINN_TMP/vivado_stitch_proj_uv91tzjc/ip/verilog/rtl_ops/MVAU_hls_1/memstream.sv:33]
INFO: [VRFC 10-2263] Analyzing SystemVerilog file "/home/neuralnetwork01/Schreibtisch/s7s/nn/task3/Task-3-data/FINN_TMP/code_gen_ipgen_StreamingFIFO_rtl_5_da3b5g9l/fifo_gauge.sv" into library work
INFO: [VRFC 10-311] analyzing module fifo_gauge
WARNING: [VRFC 10-3467] initial value of parameter 'WIDTH' is omitted [/home/neuralnetwork01/Schreibtisch/s7s/nn/task3/Task-3-data/FINN_TMP/code_gen_ipgen_StreamingFIFO_rtl_5_da3b5g9l/fifo_gauge.sv:36]
WARNING: [VRFC 10-587] dynamic variables shall not be written with non-blocking assignments [/home/neuralnetwork01/Schreibtisch/s7s/nn/task3/Task-3-data/FINN_TMP/code_gen_ipgen_StreamingFIFO_rtl_5_da3b5g9l/fifo_gauge.sv:64]
WARNING: [VRFC 10-3609] overwriting previous definition of module 'fifo_gauge' [/home/neuralnetwork01/Schreibtisch/s7s/nn/task3/Task-3-data/FINN_TMP/code_gen_ipgen_StreamingFIFO_rtl_5_da3b5g9l/fifo_gauge.sv:35]
INFO: [VRFC 10-2263] Analyzing Verilog file "/home/neuralnetwork01/Schreibtisch/s7s/nn/task3/Task-3-data/FINN_TMP/code_gen_ipgen_StreamingFIFO_rtl_5_da3b5g9l/Q_srl.v" into library work
INFO: [VRFC 10-311] analyzing module Q_srl
WARNING: [VRFC 10-3609] overwriting previous definition of module 'Q_srl' [/home/neuralnetwork01/Schreibtisch/s7s/nn/task3/Task-3-data/FINN_TMP/code_gen_ipgen_StreamingFIFO_rtl_5_da3b5g9l/Q_srl.v:72]
INFO: [VRFC 10-2263] Analyzing Verilog file "/home/neuralnetwork01/Schreibtisch/s7s/nn/task3/Task-3-data/FINN_TMP/code_gen_ipgen_StreamingFIFO_rtl_5_da3b5g9l/StreamingFIFO_rtl_5.v" into library work
INFO: [VRFC 10-311] analyzing module StreamingFIFO_rtl_5
INFO: [VRFC 10-2263] Analyzing Verilog file "/home/neuralnetwork01/Schreibtisch/s7s/nn/task3/Task-3-data/FINN_TMP/vivado_stitch_proj_uv91tzjc/ip/verilog/rtl_ops/MVAU_hls_2/MVAU_hls_2_memstream_wrapper.v" into library work
INFO: [VRFC 10-311] analyzing module MVAU_hls_2_memstream_wrapper
INFO: [VRFC 10-2263] Analyzing SystemVerilog file "/home/neuralnetwork01/Schreibtisch/s7s/nn/task3/Task-3-data/FINN_TMP/vivado_stitch_proj_uv91tzjc/ip/verilog/rtl_ops/MVAU_hls_2/axilite.sv" into library work
INFO: [VRFC 10-311] analyzing module axilite
WARNING: [VRFC 10-3467] initial value of parameter 'ADDR_WIDTH' is omitted [/home/neuralnetwork01/Schreibtisch/s7s/nn/task3/Task-3-data/FINN_TMP/vivado_stitch_proj_uv91tzjc/ip/verilog/rtl_ops/MVAU_hls_2/axilite.sv:33]
WARNING: [VRFC 10-3467] initial value of parameter 'DATA_WIDTH' is omitted [/home/neuralnetwork01/Schreibtisch/s7s/nn/task3/Task-3-data/FINN_TMP/vivado_stitch_proj_uv91tzjc/ip/verilog/rtl_ops/MVAU_hls_2/axilite.sv:34]
WARNING: [VRFC 10-3467] initial value of parameter 'IP_DATA_WIDTH' is omitted [/home/neuralnetwork01/Schreibtisch/s7s/nn/task3/Task-3-data/FINN_TMP/vivado_stitch_proj_uv91tzjc/ip/verilog/rtl_ops/MVAU_hls_2/axilite.sv:35]
WARNING: [VRFC 10-3380] identifier 'snk_re' is used before its declaration [/home/neuralnetwork01/Schreibtisch/s7s/nn/task3/Task-3-data/FINN_TMP/vivado_stitch_proj_uv91tzjc/ip/verilog/rtl_ops/MVAU_hls_2/axilite.sv:112]
WARNING: [VRFC 10-3609] overwriting previous definition of module 'axilite' [/home/neuralnetwork01/Schreibtisch/s7s/nn/task3/Task-3-data/FINN_TMP/vivado_stitch_proj_uv91tzjc/ip/verilog/rtl_ops/MVAU_hls_2/axilite.sv:32]
INFO: [VRFC 10-2263] Analyzing SystemVerilog file "/home/neuralnetwork01/Schreibtisch/s7s/nn/task3/Task-3-data/FINN_TMP/vivado_stitch_proj_uv91tzjc/ip/verilog/rtl_ops/MVAU_hls_2/memstream_axi.sv" into library work
INFO: [VRFC 10-311] analyzing module memstream_axi
WARNING: [VRFC 10-3467] initial value of parameter 'SETS' is omitted [/home/neuralnetwork01/Schreibtisch/s7s/nn/task3/Task-3-data/FINN_TMP/vivado_stitch_proj_uv91tzjc/ip/verilog/rtl_ops/MVAU_hls_2/memstream_axi.sv:34]
WARNING: [VRFC 10-3467] initial value of parameter 'DEPTH' is omitted [/home/neuralnetwork01/Schreibtisch/s7s/nn/task3/Task-3-data/FINN_TMP/vivado_stitch_proj_uv91tzjc/ip/verilog/rtl_ops/MVAU_hls_2/memstream_axi.sv:35]
WARNING: [VRFC 10-3467] initial value of parameter 'WIDTH' is omitted [/home/neuralnetwork01/Schreibtisch/s7s/nn/task3/Task-3-data/FINN_TMP/vivado_stitch_proj_uv91tzjc/ip/verilog/rtl_ops/MVAU_hls_2/memstream_axi.sv:36]
WARNING: [VRFC 10-3609] overwriting previous definition of module 'memstream_axi' [/home/neuralnetwork01/Schreibtisch/s7s/nn/task3/Task-3-data/FINN_TMP/vivado_stitch_proj_uv91tzjc/ip/verilog/rtl_ops/MVAU_hls_2/memstream_axi.sv:33]
INFO: [VRFC 10-2263] Analyzing SystemVerilog file "/home/neuralnetwork01/Schreibtisch/s7s/nn/task3/Task-3-data/FINN_TMP/vivado_stitch_proj_uv91tzjc/ip/verilog/rtl_ops/MVAU_hls_2/memstream.sv" into library work
INFO: [VRFC 10-311] analyzing module memstream
WARNING: [VRFC 10-3467] initial value of parameter 'SETS' is omitted [/home/neuralnetwork01/Schreibtisch/s7s/nn/task3/Task-3-data/FINN_TMP/vivado_stitch_proj_uv91tzjc/ip/verilog/rtl_ops/MVAU_hls_2/memstream.sv:34]
WARNING: [VRFC 10-3467] initial value of parameter 'DEPTH' is omitted [/home/neuralnetwork01/Schreibtisch/s7s/nn/task3/Task-3-data/FINN_TMP/vivado_stitch_proj_uv91tzjc/ip/verilog/rtl_ops/MVAU_hls_2/memstream.sv:35]
WARNING: [VRFC 10-3467] initial value of parameter 'WIDTH' is omitted [/home/neuralnetwork01/Schreibtisch/s7s/nn/task3/Task-3-data/FINN_TMP/vivado_stitch_proj_uv91tzjc/ip/verilog/rtl_ops/MVAU_hls_2/memstream.sv:36]
WARNING: [VRFC 10-3609] overwriting previous definition of module 'memstream' [/home/neuralnetwork01/Schreibtisch/s7s/nn/task3/Task-3-data/FINN_TMP/vivado_stitch_proj_uv91tzjc/ip/verilog/rtl_ops/MVAU_hls_2/memstream.sv:33]
INFO: [VRFC 10-2263] Analyzing SystemVerilog file "/home/neuralnetwork01/Schreibtisch/s7s/nn/task3/Task-3-data/FINN_TMP/code_gen_ipgen_StreamingFIFO_rtl_6_i0jhtx10/fifo_gauge.sv" into library work
INFO: [VRFC 10-311] analyzing module fifo_gauge
WARNING: [VRFC 10-3467] initial value of parameter 'WIDTH' is omitted [/home/neuralnetwork01/Schreibtisch/s7s/nn/task3/Task-3-data/FINN_TMP/code_gen_ipgen_StreamingFIFO_rtl_6_i0jhtx10/fifo_gauge.sv:36]
WARNING: [VRFC 10-587] dynamic variables shall not be written with non-blocking assignments [/home/neuralnetwork01/Schreibtisch/s7s/nn/task3/Task-3-data/FINN_TMP/code_gen_ipgen_StreamingFIFO_rtl_6_i0jhtx10/fifo_gauge.sv:64]
WARNING: [VRFC 10-3609] overwriting previous definition of module 'fifo_gauge' [/home/neuralnetwork01/Schreibtisch/s7s/nn/task3/Task-3-data/FINN_TMP/code_gen_ipgen_StreamingFIFO_rtl_6_i0jhtx10/fifo_gauge.sv:35]
INFO: [VRFC 10-2263] Analyzing Verilog file "/home/neuralnetwork01/Schreibtisch/s7s/nn/task3/Task-3-data/FINN_TMP/code_gen_ipgen_StreamingFIFO_rtl_6_i0jhtx10/Q_srl.v" into library work
INFO: [VRFC 10-311] analyzing module Q_srl
WARNING: [VRFC 10-3609] overwriting previous definition of module 'Q_srl' [/home/neuralnetwork01/Schreibtisch/s7s/nn/task3/Task-3-data/FINN_TMP/code_gen_ipgen_StreamingFIFO_rtl_6_i0jhtx10/Q_srl.v:72]
INFO: [VRFC 10-2263] Analyzing Verilog file "/home/neuralnetwork01/Schreibtisch/s7s/nn/task3/Task-3-data/FINN_TMP/code_gen_ipgen_StreamingFIFO_rtl_6_i0jhtx10/StreamingFIFO_rtl_6.v" into library work
INFO: [VRFC 10-311] analyzing module StreamingFIFO_rtl_6
INFO: [VRFC 10-2263] Analyzing Verilog file "/home/neuralnetwork01/Schreibtisch/s7s/nn/task3/Task-3-data/FINN_TMP/vivado_stitch_proj_uv91tzjc/ip/verilog/rtl_ops/MVAU_hls_3/MVAU_hls_3_memstream_wrapper.v" into library work
INFO: [VRFC 10-311] analyzing module MVAU_hls_3_memstream_wrapper
INFO: [VRFC 10-2263] Analyzing SystemVerilog file "/home/neuralnetwork01/Schreibtisch/s7s/nn/task3/Task-3-data/FINN_TMP/vivado_stitch_proj_uv91tzjc/ip/verilog/rtl_ops/MVAU_hls_3/axilite.sv" into library work
INFO: [VRFC 10-311] analyzing module axilite
WARNING: [VRFC 10-3467] initial value of parameter 'ADDR_WIDTH' is omitted [/home/neuralnetwork01/Schreibtisch/s7s/nn/task3/Task-3-data/FINN_TMP/vivado_stitch_proj_uv91tzjc/ip/verilog/rtl_ops/MVAU_hls_3/axilite.sv:33]
WARNING: [VRFC 10-3467] initial value of parameter 'DATA_WIDTH' is omitted [/home/neuralnetwork01/Schreibtisch/s7s/nn/task3/Task-3-data/FINN_TMP/vivado_stitch_proj_uv91tzjc/ip/verilog/rtl_ops/MVAU_hls_3/axilite.sv:34]
WARNING: [VRFC 10-3467] initial value of parameter 'IP_DATA_WIDTH' is omitted [/home/neuralnetwork01/Schreibtisch/s7s/nn/task3/Task-3-data/FINN_TMP/vivado_stitch_proj_uv91tzjc/ip/verilog/rtl_ops/MVAU_hls_3/axilite.sv:35]
WARNING: [VRFC 10-3380] identifier 'snk_re' is used before its declaration [/home/neuralnetwork01/Schreibtisch/s7s/nn/task3/Task-3-data/FINN_TMP/vivado_stitch_proj_uv91tzjc/ip/verilog/rtl_ops/MVAU_hls_3/axilite.sv:112]
WARNING: [VRFC 10-3609] overwriting previous definition of module 'axilite' [/home/neuralnetwork01/Schreibtisch/s7s/nn/task3/Task-3-data/FINN_TMP/vivado_stitch_proj_uv91tzjc/ip/verilog/rtl_ops/MVAU_hls_3/axilite.sv:32]
INFO: [VRFC 10-2263] Analyzing SystemVerilog file "/home/neuralnetwork01/Schreibtisch/s7s/nn/task3/Task-3-data/FINN_TMP/vivado_stitch_proj_uv91tzjc/ip/verilog/rtl_ops/MVAU_hls_3/memstream_axi.sv" into library work
INFO: [VRFC 10-311] analyzing module memstream_axi
WARNING: [VRFC 10-3467] initial value of parameter 'SETS' is omitted [/home/neuralnetwork01/Schreibtisch/s7s/nn/task3/Task-3-data/FINN_TMP/vivado_stitch_proj_uv91tzjc/ip/verilog/rtl_ops/MVAU_hls_3/memstream_axi.sv:34]
WARNING: [VRFC 10-3467] initial value of parameter 'DEPTH' is omitted [/home/neuralnetwork01/Schreibtisch/s7s/nn/task3/Task-3-data/FINN_TMP/vivado_stitch_proj_uv91tzjc/ip/verilog/rtl_ops/MVAU_hls_3/memstream_axi.sv:35]
WARNING: [VRFC 10-3467] initial value of parameter 'WIDTH' is omitted [/home/neuralnetwork01/Schreibtisch/s7s/nn/task3/Task-3-data/FINN_TMP/vivado_stitch_proj_uv91tzjc/ip/verilog/rtl_ops/MVAU_hls_3/memstream_axi.sv:36]
WARNING: [VRFC 10-3609] overwriting previous definition of module 'memstream_axi' [/home/neuralnetwork01/Schreibtisch/s7s/nn/task3/Task-3-data/FINN_TMP/vivado_stitch_proj_uv91tzjc/ip/verilog/rtl_ops/MVAU_hls_3/memstream_axi.sv:33]
INFO: [VRFC 10-2263] Analyzing SystemVerilog file "/home/neuralnetwork01/Schreibtisch/s7s/nn/task3/Task-3-data/FINN_TMP/vivado_stitch_proj_uv91tzjc/ip/verilog/rtl_ops/MVAU_hls_3/memstream.sv" into library work
INFO: [VRFC 10-311] analyzing module memstream
WARNING: [VRFC 10-3467] initial value of parameter 'SETS' is omitted [/home/neuralnetwork01/Schreibtisch/s7s/nn/task3/Task-3-data/FINN_TMP/vivado_stitch_proj_uv91tzjc/ip/verilog/rtl_ops/MVAU_hls_3/memstream.sv:34]
WARNING: [VRFC 10-3467] initial value of parameter 'DEPTH' is omitted [/home/neuralnetwork01/Schreibtisch/s7s/nn/task3/Task-3-data/FINN_TMP/vivado_stitch_proj_uv91tzjc/ip/verilog/rtl_ops/MVAU_hls_3/memstream.sv:35]
WARNING: [VRFC 10-3467] initial value of parameter 'WIDTH' is omitted [/home/neuralnetwork01/Schreibtisch/s7s/nn/task3/Task-3-data/FINN_TMP/vivado_stitch_proj_uv91tzjc/ip/verilog/rtl_ops/MVAU_hls_3/memstream.sv:36]
WARNING: [VRFC 10-3609] overwriting previous definition of module 'memstream' [/home/neuralnetwork01/Schreibtisch/s7s/nn/task3/Task-3-data/FINN_TMP/vivado_stitch_proj_uv91tzjc/ip/verilog/rtl_ops/MVAU_hls_3/memstream.sv:33]
INFO: [VRFC 10-2263] Analyzing SystemVerilog file "/home/neuralnetwork01/Schreibtisch/s7s/nn/task3/Task-3-data/FINN_TMP/code_gen_ipgen_StreamingFIFO_rtl_7_70d0b24b/fifo_gauge.sv" into library work
INFO: [VRFC 10-311] analyzing module fifo_gauge
WARNING: [VRFC 10-3467] initial value of parameter 'WIDTH' is omitted [/home/neuralnetwork01/Schreibtisch/s7s/nn/task3/Task-3-data/FINN_TMP/code_gen_ipgen_StreamingFIFO_rtl_7_70d0b24b/fifo_gauge.sv:36]
WARNING: [VRFC 10-587] dynamic variables shall not be written with non-blocking assignments [/home/neuralnetwork01/Schreibtisch/s7s/nn/task3/Task-3-data/FINN_TMP/code_gen_ipgen_StreamingFIFO_rtl_7_70d0b24b/fifo_gauge.sv:64]
WARNING: [VRFC 10-3609] overwriting previous definition of module 'fifo_gauge' [/home/neuralnetwork01/Schreibtisch/s7s/nn/task3/Task-3-data/FINN_TMP/code_gen_ipgen_StreamingFIFO_rtl_7_70d0b24b/fifo_gauge.sv:35]
INFO: [VRFC 10-2263] Analyzing Verilog file "/home/neuralnetwork01/Schreibtisch/s7s/nn/task3/Task-3-data/FINN_TMP/code_gen_ipgen_StreamingFIFO_rtl_7_70d0b24b/Q_srl.v" into library work
INFO: [VRFC 10-311] analyzing module Q_srl
WARNING: [VRFC 10-3609] overwriting previous definition of module 'Q_srl' [/home/neuralnetwork01/Schreibtisch/s7s/nn/task3/Task-3-data/FINN_TMP/code_gen_ipgen_StreamingFIFO_rtl_7_70d0b24b/Q_srl.v:72]
INFO: [VRFC 10-2263] Analyzing Verilog file "/home/neuralnetwork01/Schreibtisch/s7s/nn/task3/Task-3-data/FINN_TMP/code_gen_ipgen_StreamingFIFO_rtl_7_70d0b24b/StreamingFIFO_rtl_7.v" into library work
INFO: [VRFC 10-311] analyzing module StreamingFIFO_rtl_7
INFO: [VRFC 10-2263] Analyzing SystemVerilog file "/home/neuralnetwork01/Schreibtisch/s7s/nn/task3/Task-3-data/FINN_TMP/code_gen_ipgen_StreamingDataWidthConverter_rtl_1_vvipu1b6/dwc_axi.sv" into library work
INFO: [VRFC 10-311] analyzing module dwc_axi
WARNING: [VRFC 10-3467] initial value of parameter 'IBITS' is omitted [/home/neuralnetwork01/Schreibtisch/s7s/nn/task3/Task-3-data/FINN_TMP/code_gen_ipgen_StreamingDataWidthConverter_rtl_1_vvipu1b6/dwc_axi.sv:35]
WARNING: [VRFC 10-3467] initial value of parameter 'OBITS' is omitted [/home/neuralnetwork01/Schreibtisch/s7s/nn/task3/Task-3-data/FINN_TMP/code_gen_ipgen_StreamingDataWidthConverter_rtl_1_vvipu1b6/dwc_axi.sv:36]
WARNING: [VRFC 10-3609] overwriting previous definition of module 'dwc_axi' [/home/neuralnetwork01/Schreibtisch/s7s/nn/task3/Task-3-data/FINN_TMP/code_gen_ipgen_StreamingDataWidthConverter_rtl_1_vvipu1b6/dwc_axi.sv:34]
INFO: [VRFC 10-2263] Analyzing SystemVerilog file "/home/neuralnetwork01/Schreibtisch/s7s/nn/task3/Task-3-data/FINN_TMP/code_gen_ipgen_StreamingDataWidthConverter_rtl_1_vvipu1b6/dwc.sv" into library work
INFO: [VRFC 10-311] analyzing module dwc
WARNING: [VRFC 10-3467] initial value of parameter 'IBITS' is omitted [/home/neuralnetwork01/Schreibtisch/s7s/nn/task3/Task-3-data/FINN_TMP/code_gen_ipgen_StreamingDataWidthConverter_rtl_1_vvipu1b6/dwc.sv:35]
WARNING: [VRFC 10-3467] initial value of parameter 'OBITS' is omitted [/home/neuralnetwork01/Schreibtisch/s7s/nn/task3/Task-3-data/FINN_TMP/code_gen_ipgen_StreamingDataWidthConverter_rtl_1_vvipu1b6/dwc.sv:36]
WARNING: [VRFC 10-3609] overwriting previous definition of module 'dwc' [/home/neuralnetwork01/Schreibtisch/s7s/nn/task3/Task-3-data/FINN_TMP/code_gen_ipgen_StreamingDataWidthConverter_rtl_1_vvipu1b6/dwc.sv:34]
INFO: [VRFC 10-2263] Analyzing Verilog file "/home/neuralnetwork01/Schreibtisch/s7s/nn/task3/Task-3-data/FINN_TMP/code_gen_ipgen_StreamingDataWidthConverter_rtl_1_vvipu1b6/StreamingDataWidthConverter_rtl_1.v" into library work
INFO: [VRFC 10-311] analyzing module StreamingDataWidthConverter_rtl_1
INFO: [VRFC 10-2263] Analyzing SystemVerilog file "/home/neuralnetwork01/Schreibtisch/s7s/nn/task3/Task-3-data/FINN_TMP/code_gen_ipgen_StreamingFIFO_rtl_8_vnvlfagp/fifo_gauge.sv" into library work
INFO: [VRFC 10-311] analyzing module fifo_gauge
WARNING: [VRFC 10-3467] initial value of parameter 'WIDTH' is omitted [/home/neuralnetwork01/Schreibtisch/s7s/nn/task3/Task-3-data/FINN_TMP/code_gen_ipgen_StreamingFIFO_rtl_8_vnvlfagp/fifo_gauge.sv:36]
WARNING: [VRFC 10-587] dynamic variables shall not be written with non-blocking assignments [/home/neuralnetwork01/Schreibtisch/s7s/nn/task3/Task-3-data/FINN_TMP/code_gen_ipgen_StreamingFIFO_rtl_8_vnvlfagp/fifo_gauge.sv:64]
WARNING: [VRFC 10-3609] overwriting previous definition of module 'fifo_gauge' [/home/neuralnetwork01/Schreibtisch/s7s/nn/task3/Task-3-data/FINN_TMP/code_gen_ipgen_StreamingFIFO_rtl_8_vnvlfagp/fifo_gauge.sv:35]
INFO: [VRFC 10-2263] Analyzing Verilog file "/home/neuralnetwork01/Schreibtisch/s7s/nn/task3/Task-3-data/FINN_TMP/code_gen_ipgen_StreamingFIFO_rtl_8_vnvlfagp/Q_srl.v" into library work
INFO: [VRFC 10-311] analyzing module Q_srl
WARNING: [VRFC 10-3609] overwriting previous definition of module 'Q_srl' [/home/neuralnetwork01/Schreibtisch/s7s/nn/task3/Task-3-data/FINN_TMP/code_gen_ipgen_StreamingFIFO_rtl_8_vnvlfagp/Q_srl.v:72]
INFO: [VRFC 10-2263] Analyzing Verilog file "/home/neuralnetwork01/Schreibtisch/s7s/nn/task3/Task-3-data/FINN_TMP/code_gen_ipgen_StreamingFIFO_rtl_8_vnvlfagp/StreamingFIFO_rtl_8.v" into library work
INFO: [VRFC 10-311] analyzing module StreamingFIFO_rtl_8
INFO: [VRFC 10-2263] Analyzing SystemVerilog file "/home/neuralnetwork01/Schreibtisch/s7s/nn/task3/Task-3-data/FINN_TMP/code_gen_ipgen_StreamingFIFO_rtl_9_7z25au35/fifo_gauge.sv" into library work
INFO: [VRFC 10-311] analyzing module fifo_gauge
WARNING: [VRFC 10-3467] initial value of parameter 'WIDTH' is omitted [/home/neuralnetwork01/Schreibtisch/s7s/nn/task3/Task-3-data/FINN_TMP/code_gen_ipgen_StreamingFIFO_rtl_9_7z25au35/fifo_gauge.sv:36]
WARNING: [VRFC 10-587] dynamic variables shall not be written with non-blocking assignments [/home/neuralnetwork01/Schreibtisch/s7s/nn/task3/Task-3-data/FINN_TMP/code_gen_ipgen_StreamingFIFO_rtl_9_7z25au35/fifo_gauge.sv:64]
WARNING: [VRFC 10-3609] overwriting previous definition of module 'fifo_gauge' [/home/neuralnetwork01/Schreibtisch/s7s/nn/task3/Task-3-data/FINN_TMP/code_gen_ipgen_StreamingFIFO_rtl_9_7z25au35/fifo_gauge.sv:35]
INFO: [VRFC 10-2263] Analyzing Verilog file "/home/neuralnetwork01/Schreibtisch/s7s/nn/task3/Task-3-data/FINN_TMP/code_gen_ipgen_StreamingFIFO_rtl_9_7z25au35/Q_srl.v" into library work
INFO: [VRFC 10-311] analyzing module Q_srl
WARNING: [VRFC 10-3609] overwriting previous definition of module 'Q_srl' [/home/neuralnetwork01/Schreibtisch/s7s/nn/task3/Task-3-data/FINN_TMP/code_gen_ipgen_StreamingFIFO_rtl_9_7z25au35/Q_srl.v:72]
INFO: [VRFC 10-2263] Analyzing Verilog file "/home/neuralnetwork01/Schreibtisch/s7s/nn/task3/Task-3-data/FINN_TMP/code_gen_ipgen_StreamingFIFO_rtl_9_7z25au35/StreamingFIFO_rtl_9.v" into library work
INFO: [VRFC 10-311] analyzing module StreamingFIFO_rtl_9
INFO: [VRFC 10-2263] Analyzing Verilog file "/home/neuralnetwork01/Schreibtisch/s7s/nn/task3/Task-3-data/FINN_TMP/vivado_stitch_proj_uv91tzjc/finn_vivado_stitch_proj.gen/sources_1/bd/finn_design/hdl/finn_design_wrapper.v" into library work
INFO: [VRFC 10-311] analyzing module finn_design_wrapper
Starting static elaboration
Pass Through NonSizing Optimizer
WARNING: [VRFC 10-3091] actual bit length 32 differs from formal bit length 4 for port 'config_address' [/home/neuralnetwork01/Schreibtisch/s7s/nn/task3/Task-3-data/FINN_TMP/vivado_stitch_proj_uv91tzjc/ip/verilog/rtl_ops/MVAU_hls_3/memstream_axi.sv:164]
WARNING: [VRFC 10-3091] actual bit length 3584 differs from formal bit length 1 for port 'sidx' [/home/neuralnetwork01/Schreibtisch/s7s/nn/task3/Task-3-data/FINN_TMP/vivado_stitch_proj_uv91tzjc/ip/verilog/rtl_ops/MVAU_hls_3/memstream_axi.sv:171]
Completed static elaboration
Starting simulation data flow analysis
WARNING: [XSIM 43-4099] "/home/neuralnetwork01/Schreibtisch/s7s/nn/task3/Task-3-data/FINN_TMP/vivado_stitch_proj_uv91tzjc/finn_vivado_stitch_proj.gen/sources_1/bd/finn_design/ip/finn_design_LabelSelect_hls_0_0/synth/finn_design_LabelSelect_hls_0_0.v" Line 53. Module finn_design_LabelSelect_hls_0_0 doesn't have a timescale but at least one module in design has a timescale.
WARNING: [XSIM 43-4099] "/home/neuralnetwork01/Schreibtisch/s7s/nn/task3/Task-3-data/FINN_TMP/vivado_stitch_proj_uv91tzjc/finn_vivado_stitch_proj.gen/sources_1/bd/finn_design/ip/finn_design_MVAU_hls_0_0/synth/finn_design_MVAU_hls_0_0.v" Line 53. Module finn_design_MVAU_hls_0_0 doesn't have a timescale but at least one module in design has a timescale.
WARNING: [XSIM 43-4099] "/home/neuralnetwork01/Schreibtisch/s7s/nn/task3/Task-3-data/FINN_TMP/vivado_stitch_proj_uv91tzjc/finn_vivado_stitch_proj.gen/sources_1/bd/finn_design/ip/finn_design_MVAU_hls_0_wstrm_0/synth/finn_design_MVAU_hls_0_wstrm_0.v" Line 53. Module finn_design_MVAU_hls_0_wstrm_0 doesn't have a timescale but at least one module in design has a timescale.
WARNING: [XSIM 43-4099] "/home/neuralnetwork01/Schreibtisch/s7s/nn/task3/Task-3-data/FINN_TMP/vivado_stitch_proj_uv91tzjc/ip/verilog/rtl_ops/MVAU_hls_0/MVAU_hls_0_memstream_wrapper.v" Line 32. Module MVAU_hls_0_memstream_wrapper(AXILITE_ADDR_WIDTH=13,SET_BITS=1) doesn't have a timescale but at least one module in design has a timescale.
WARNING: [XSIM 43-4099] "/home/neuralnetwork01/Schreibtisch/s7s/nn/task3/Task-3-data/FINN_TMP/vivado_stitch_proj_uv91tzjc/ip/verilog/rtl_ops/MVAU_hls_3/memstream_axi.sv" Line 33. Module memstream_axi(SETS=32'b01,DEPTH=32'b01110,WIDTH=32'b0111000000000,INIT_FILE="/home/neuralnetwork01/Schreibtisch/s7s/nn/task3/Task-3-data/FINN_TMP/code_gen_ipgen_MVAU_hls_0_urqtbuce/memblock.dat",PUMPED_MEMORY=1'b0) doesn't have a timescale but at least one module in design has a timescale.
WARNING: [XSIM 43-4099] "/home/neuralnetwork01/Schreibtisch/s7s/nn/task3/Task-3-data/FINN_TMP/vivado_stitch_proj_uv91tzjc/ip/verilog/rtl_ops/MVAU_hls_3/axilite.sv" Line 32. Module axilite(ADDR_WIDTH=32'b01101,DATA_WIDTH=32'b0100000,IP_DATA_WIDTH=32'b0111000000000) doesn't have a timescale but at least one module in design has a timescale.
WARNING: [XSIM 43-4099] "/home/neuralnetwork01/Schreibtisch/s7s/nn/task3/Task-3-data/FINN_TMP/vivado_stitch_proj_uv91tzjc/ip/verilog/rtl_ops/MVAU_hls_3/memstream.sv" Line 33. Module memstream(SETS=32'b01,DEPTH=32'b01110,WIDTH=32'b0111000000000,INIT_FILE="/home/neuralnetwork01/Schreibtisch/s7s/nn/task3/Task-3-data/FINN_TMP/code_gen_ipgen_MVAU_hls_0_urqtbuce/memblock.dat") doesn't have a timescale but at least one module in design has a timescale.
WARNING: [XSIM 43-4099] "/home/neuralnetwork01/Schreibtisch/s7s/nn/task3/Task-3-data/FINN_TMP/vivado_stitch_proj_uv91tzjc/finn_vivado_stitch_proj.gen/sources_1/bd/finn_design/ip/finn_design_MVAU_hls_1_0/synth/finn_design_MVAU_hls_1_0.v" Line 53. Module finn_design_MVAU_hls_1_0 doesn't have a timescale but at least one module in design has a timescale.
WARNING: [XSIM 43-4099] "/home/neuralnetwork01/Schreibtisch/s7s/nn/task3/Task-3-data/FINN_TMP/vivado_stitch_proj_uv91tzjc/finn_vivado_stitch_proj.gen/sources_1/bd/finn_design/ip/finn_design_MVAU_hls_1_wstrm_0/synth/finn_design_MVAU_hls_1_wstrm_0.v" Line 53. Module finn_design_MVAU_hls_1_wstrm_0 doesn't have a timescale but at least one module in design has a timescale.
WARNING: [XSIM 43-4099] "/home/neuralnetwork01/Schreibtisch/s7s/nn/task3/Task-3-data/FINN_TMP/vivado_stitch_proj_uv91tzjc/ip/verilog/rtl_ops/MVAU_hls_1/MVAU_hls_1_memstream_wrapper.v" Line 32. Module MVAU_hls_1_memstream_wrapper(AXILITE_ADDR_WIDTH=9,SET_BITS=1) doesn't have a timescale but at least one module in design has a timescale.
WARNING: [XSIM 43-4099] "/home/neuralnetwork01/Schreibtisch/s7s/nn/task3/Task-3-data/FINN_TMP/vivado_stitch_proj_uv91tzjc/ip/verilog/rtl_ops/MVAU_hls_3/memstream_axi.sv" Line 33. Module memstream_axi(SETS=32'b01,DEPTH=32'b0100,WIDTH=32'b010000000000,INIT_FILE="/home/neuralnetwork01/Schreibtisch/s7s/nn/task3/Task-3-data/FINN_TMP/code_gen_ipgen_MVAU_hls_1_u81gbskr/memblock.dat",PUMPED_MEMORY=1'b0) doesn't have a timescale but at least one module in design has a timescale.
WARNING: [XSIM 43-4099] "/home/neuralnetwork01/Schreibtisch/s7s/nn/task3/Task-3-data/FINN_TMP/vivado_stitch_proj_uv91tzjc/ip/verilog/rtl_ops/MVAU_hls_3/axilite.sv" Line 32. Module axilite(ADDR_WIDTH=32'b01001,DATA_WIDTH=32'b0100000,IP_DATA_WIDTH=32'b010000000000) doesn't have a timescale but at least one module in design has a timescale.
WARNING: [XSIM 43-4099] "/home/neuralnetwork01/Schreibtisch/s7s/nn/task3/Task-3-data/FINN_TMP/vivado_stitch_proj_uv91tzjc/ip/verilog/rtl_ops/MVAU_hls_3/memstream.sv" Line 33. Module memstream(SETS=32'b01,DEPTH=32'b0100,WIDTH=32'b010000000000,INIT_FILE="/home/neuralnetwork01/Schreibtisch/s7s/nn/task3/Task-3-data/FINN_TMP/code_gen_ipgen_MVAU_hls_1_u81gbskr/memblock.dat") doesn't have a timescale but at least one module in design has a timescale.
WARNING: [XSIM 43-4099] "/home/neuralnetwork01/Schreibtisch/s7s/nn/task3/Task-3-data/FINN_TMP/vivado_stitch_proj_uv91tzjc/finn_vivado_stitch_proj.gen/sources_1/bd/finn_design/ip/finn_design_MVAU_hls_2_0/synth/finn_design_MVAU_hls_2_0.v" Line 53. Module finn_design_MVAU_hls_2_0 doesn't have a timescale but at least one module in design has a timescale.
WARNING: [XSIM 43-4099] "/home/neuralnetwork01/Schreibtisch/s7s/nn/task3/Task-3-data/FINN_TMP/vivado_stitch_proj_uv91tzjc/finn_vivado_stitch_proj.gen/sources_1/bd/finn_design/ip/finn_design_MVAU_hls_2_wstrm_0/synth/finn_design_MVAU_hls_2_wstrm_0.v" Line 53. Module finn_design_MVAU_hls_2_wstrm_0 doesn't have a timescale but at least one module in design has a timescale.
WARNING: [XSIM 43-4099] "/home/neuralnetwork01/Schreibtisch/s7s/nn/task3/Task-3-data/FINN_TMP/vivado_stitch_proj_uv91tzjc/ip/verilog/rtl_ops/MVAU_hls_2/MVAU_hls_2_memstream_wrapper.v" Line 32. Module MVAU_hls_2_memstream_wrapper(AXILITE_ADDR_WIDTH=9,SET_BITS=1) doesn't have a timescale but at least one module in design has a timescale.
WARNING: [XSIM 43-4099] "/home/neuralnetwork01/Schreibtisch/s7s/nn/task3/Task-3-data/FINN_TMP/vivado_stitch_proj_uv91tzjc/ip/verilog/rtl_ops/MVAU_hls_3/memstream_axi.sv" Line 33. Module memstream_axi(SETS=32'b01,DEPTH=32'b0100,WIDTH=32'b010000000000,INIT_FILE="/home/neuralnetwork01/Schreibtisch/s7s/nn/task3/Task-3-data/FINN_TMP/code_gen_ipgen_MVAU_hls_2_vj2omip2/memblock.dat",PUMPED_MEMORY=1'b0) doesn't have a timescale but at least one module in design has a timescale.
WARNING: [XSIM 43-4099] "/home/neuralnetwork01/Schreibtisch/s7s/nn/task3/Task-3-data/FINN_TMP/vivado_stitch_proj_uv91tzjc/ip/verilog/rtl_ops/MVAU_hls_3/axilite.sv" Line 32. Module axilite(ADDR_WIDTH=32'b01001,DATA_WIDTH=32'b0100000,IP_DATA_WIDTH=32'b010000000000) doesn't have a timescale but at least one module in design has a timescale.
WARNING: [XSIM 43-4099] "/home/neuralnetwork01/Schreibtisch/s7s/nn/task3/Task-3-data/FINN_TMP/vivado_stitch_proj_uv91tzjc/ip/verilog/rtl_ops/MVAU_hls_3/memstream.sv" Line 33. Module memstream(SETS=32'b01,DEPTH=32'b0100,WIDTH=32'b010000000000,INIT_FILE="/home/neuralnetwork01/Schreibtisch/s7s/nn/task3/Task-3-data/FINN_TMP/code_gen_ipgen_MVAU_hls_2_vj2omip2/memblock.dat") doesn't have a timescale but at least one module in design has a timescale.
WARNING: [XSIM 43-4099] "/home/neuralnetwork01/Schreibtisch/s7s/nn/task3/Task-3-data/FINN_TMP/vivado_stitch_proj_uv91tzjc/finn_vivado_stitch_proj.gen/sources_1/bd/finn_design/ip/finn_design_MVAU_hls_3_0/synth/finn_design_MVAU_hls_3_0.v" Line 53. Module finn_design_MVAU_hls_3_0 doesn't have a timescale but at least one module in design has a timescale.
WARNING: [XSIM 43-4099] "/home/neuralnetwork01/Schreibtisch/s7s/nn/task3/Task-3-data/FINN_TMP/vivado_stitch_proj_uv91tzjc/finn_vivado_stitch_proj.gen/sources_1/bd/finn_design/ip/finn_design_MVAU_hls_3_wstrm_0/synth/finn_design_MVAU_hls_3_wstrm_0.v" Line 53. Module finn_design_MVAU_hls_3_wstrm_0 doesn't have a timescale but at least one module in design has a timescale.
WARNING: [XSIM 43-4099] "/home/neuralnetwork01/Schreibtisch/s7s/nn/task3/Task-3-data/FINN_TMP/vivado_stitch_proj_uv91tzjc/ip/verilog/rtl_ops/MVAU_hls_3/MVAU_hls_3_memstream_wrapper.v" Line 32. Module MVAU_hls_3_memstream_wrapper(AXILITE_ADDR_WIDTH=7,SET_BITS=1) doesn't have a timescale but at least one module in design has a timescale.
WARNING: [XSIM 43-4099] "/home/neuralnetwork01/Schreibtisch/s7s/nn/task3/Task-3-data/FINN_TMP/vivado_stitch_proj_uv91tzjc/ip/verilog/rtl_ops/MVAU_hls_3/memstream_axi.sv" Line 33. Module memstream_axi(SETS=32'b01,DEPTH=32'b010,WIDTH=32'b0101000000,INIT_FILE="/home/neuralnetwork01/Schreibtisch/s7s/nn/task3/Task-3-data/FINN_TMP/code_gen_ipgen_MVAU_hls_3_w309jxi_/memblock.dat",PUMPED_MEMORY=1'b0) doesn't have a timescale but at least one module in design has a timescale.
WARNING: [XSIM 43-4099] "/home/neuralnetwork01/Schreibtisch/s7s/nn/task3/Task-3-data/FINN_TMP/vivado_stitch_proj_uv91tzjc/ip/verilog/rtl_ops/MVAU_hls_3/axilite.sv" Line 32. Module axilite(ADDR_WIDTH=32'b0111,DATA_WIDTH=32'b0100000,IP_DATA_WIDTH=32'b0101000000) doesn't have a timescale but at least one module in design has a timescale.
WARNING: [XSIM 43-4099] "/home/neuralnetwork01/Schreibtisch/s7s/nn/task3/Task-3-data/FINN_TMP/vivado_stitch_proj_uv91tzjc/ip/verilog/rtl_ops/MVAU_hls_3/memstream.sv" Line 33. Module memstream(SETS=32'b01,DEPTH=32'b010,WIDTH=32'b0101000000,INIT_FILE="/home/neuralnetwork01/Schreibtisch/s7s/nn/task3/Task-3-data/FINN_TMP/code_gen_ipgen_MVAU_hls_3_w309jxi_/memblock.dat") doesn't have a timescale but at least one module in design has a timescale.
WARNING: [XSIM 43-4099] "/home/neuralnetwork01/Schreibtisch/s7s/nn/task3/Task-3-data/FINN_TMP/code_gen_ipgen_Reshape_rtl_0_mw9donsl/Reshape_rtl_0.v" Line 32. Module Reshape_rtl_0(AXI_IBITS=224,AXI_OBITS=224) doesn't have a timescale but at least one module in design has a timescale.
WARNING: [XSIM 43-4099] "/home/neuralnetwork01/Schreibtisch/s7s/nn/task3/Task-3-data/FINN_TMP/code_gen_ipgen_StreamingDataWidthConverter_rtl_1_vvipu1b6/dwc_axi.sv" Line 34. Module dwc_axi(IBITS=32'b011100000,OBITS=32'b011100000) doesn't have a timescale but at least one module in design has a timescale.
WARNING: [XSIM 43-4099] "/home/neuralnetwork01/Schreibtisch/s7s/nn/task3/Task-3-data/FINN_TMP/code_gen_ipgen_StreamingDataWidthConverter_rtl_1_vvipu1b6/dwc.sv" Line 34. Module dwc(IBITS=32'b011100000,OBITS=32'b011100000) doesn't have a timescale but at least one module in design has a timescale.
WARNING: [XSIM 43-4099] "/home/neuralnetwork01/Schreibtisch/s7s/nn/task3/Task-3-data/FINN_TMP/code_gen_ipgen_StreamingDataWidthConverter_rtl_0_73hsxm4z/StreamingDataWidthConverter_rtl_0.v" Line 32. Module StreamingDataWidthConverter_rtl_0(AXI_IBITS=32,AXI_OBITS=112) doesn't have a timescale but at least one module in design has a timescale.
WARNING: [XSIM 43-4099] "/home/neuralnetwork01/Schreibtisch/s7s/nn/task3/Task-3-data/FINN_TMP/code_gen_ipgen_StreamingDataWidthConverter_rtl_1_vvipu1b6/dwc_axi.sv" Line 34. Module dwc_axi(IBITS=32'b011100,OBITS=32'b01110000) doesn't have a timescale but at least one module in design has a timescale.
WARNING: [XSIM 43-4099] "/home/neuralnetwork01/Schreibtisch/s7s/nn/task3/Task-3-data/FINN_TMP/code_gen_ipgen_StreamingDataWidthConverter_rtl_1_vvipu1b6/dwc.sv" Line 34. Module dwc(IBITS=32'b011100,OBITS=32'b01110000) doesn't have a timescale but at least one module in design has a timescale.
WARNING: [XSIM 43-4099] "/home/neuralnetwork01/Schreibtisch/s7s/nn/task3/Task-3-data/FINN_TMP/code_gen_ipgen_StreamingDataWidthConverter_rtl_1_vvipu1b6/StreamingDataWidthConverter_rtl_1.v" Line 32. Module StreamingDataWidthConverter_rtl_1(AXI_IBITS=72,AXI_OBITS=40) doesn't have a timescale but at least one module in design has a timescale.
WARNING: [XSIM 43-4099] "/home/neuralnetwork01/Schreibtisch/s7s/nn/task3/Task-3-data/FINN_TMP/code_gen_ipgen_StreamingDataWidthConverter_rtl_1_vvipu1b6/dwc_axi.sv" Line 34. Module dwc_axi(IBITS=32'b01000110,OBITS=32'b0100011) doesn't have a timescale but at least one module in design has a timescale.
WARNING: [XSIM 43-4099] "/home/neuralnetwork01/Schreibtisch/s7s/nn/task3/Task-3-data/FINN_TMP/code_gen_ipgen_StreamingDataWidthConverter_rtl_1_vvipu1b6/dwc.sv" Line 34. Module dwc(IBITS=32'b01000110,OBITS=32'b0100011) doesn't have a timescale but at least one module in design has a timescale.
WARNING: [XSIM 43-4099] "/home/neuralnetwork01/Schreibtisch/s7s/nn/task3/Task-3-data/FINN_TMP/vivado_stitch_proj_uv91tzjc/finn_vivado_stitch_proj.gen/sources_1/bd/finn_design/ip/finn_design_StreamingFIFO_rtl_0_0/synth/finn_design_StreamingFIFO_rtl_0_0.v" Line 53. Module finn_design_StreamingFIFO_rtl_0_0 doesn't have a timescale but at least one module in design has a timescale.
WARNING: [XSIM 43-4099] "/home/neuralnetwork01/Schreibtisch/s7s/nn/task3/Task-3-data/FINN_TMP/code_gen_ipgen_StreamingFIFO_rtl_0_r9nc8dar/StreamingFIFO_rtl_0.v" Line 32. Module StreamingFIFO_rtl_0 doesn't have a timescale but at least one module in design has a timescale.
WARNING: [XSIM 43-4099] "/home/neuralnetwork01/Schreibtisch/s7s/nn/task3/Task-3-data/FINN_TMP/code_gen_ipgen_StreamingFIFO_rtl_9_7z25au35/fifo_gauge.sv" Line 35. Module fifo_gauge(WIDTH=32'b011100000,COUNT_WIDTH=32'b0101) doesn't have a timescale but at least one module in design has a timescale.
WARNING: [XSIM 43-4099] "/home/neuralnetwork01/Schreibtisch/s7s/nn/task3/Task-3-data/FINN_TMP/vivado_stitch_proj_uv91tzjc/finn_vivado_stitch_proj.gen/sources_1/bd/finn_design/ip/finn_design_StreamingFIFO_rtl_1_0/synth/finn_design_StreamingFIFO_rtl_1_0.v" Line 53. Module finn_design_StreamingFIFO_rtl_1_0 doesn't have a timescale but at least one module in design has a timescale.
WARNING: [XSIM 43-4099] "/home/neuralnetwork01/Schreibtisch/s7s/nn/task3/Task-3-data/FINN_TMP/code_gen_ipgen_StreamingFIFO_rtl_1_o2v2xkwi/StreamingFIFO_rtl_1.v" Line 32. Module StreamingFIFO_rtl_1 doesn't have a timescale but at least one module in design has a timescale.
WARNING: [XSIM 43-4099] "/home/neuralnetwork01/Schreibtisch/s7s/nn/task3/Task-3-data/FINN_TMP/code_gen_ipgen_StreamingFIFO_rtl_9_7z25au35/fifo_gauge.sv" Line 35. Module fifo_gauge(WIDTH=32'b011100000,COUNT_WIDTH=32'b0101) doesn't have a timescale but at least one module in design has a timescale.
WARNING: [XSIM 43-4099] "/home/neuralnetwork01/Schreibtisch/s7s/nn/task3/Task-3-data/FINN_TMP/vivado_stitch_proj_uv91tzjc/finn_vivado_stitch_proj.gen/sources_1/bd/finn_design/ip/finn_design_StreamingFIFO_rtl_2_0/synth/finn_design_StreamingFIFO_rtl_2_0.v" Line 53. Module finn_design_StreamingFIFO_rtl_2_0 doesn't have a timescale but at least one module in design has a timescale.
WARNING: [XSIM 43-4099] "/home/neuralnetwork01/Schreibtisch/s7s/nn/task3/Task-3-data/FINN_TMP/code_gen_ipgen_StreamingFIFO_rtl_2_03msoxuq/StreamingFIFO_rtl_2.v" Line 32. Module StreamingFIFO_rtl_2 doesn't have a timescale but at least one module in design has a timescale.
WARNING: [XSIM 43-4099] "/home/neuralnetwork01/Schreibtisch/s7s/nn/task3/Task-3-data/FINN_TMP/code_gen_ipgen_StreamingFIFO_rtl_9_7z25au35/fifo_gauge.sv" Line 35. Module fifo_gauge(WIDTH=32'b0100000,COUNT_WIDTH=32'b0101) doesn't have a timescale but at least one module in design has a timescale.
WARNING: [XSIM 43-4099] "/home/neuralnetwork01/Schreibtisch/s7s/nn/task3/Task-3-data/FINN_TMP/vivado_stitch_proj_uv91tzjc/finn_vivado_stitch_proj.gen/sources_1/bd/finn_design/ip/finn_design_StreamingFIFO_rtl_3_0/synth/finn_design_StreamingFIFO_rtl_3_0.v" Line 53. Module finn_design_StreamingFIFO_rtl_3_0 doesn't have a timescale but at least one module in design has a timescale.
WARNING: [XSIM 43-4099] "/home/neuralnetwork01/Schreibtisch/s7s/nn/task3/Task-3-data/FINN_TMP/code_gen_ipgen_StreamingFIFO_rtl_3_e70lp5m5/StreamingFIFO_rtl_3.v" Line 32. Module StreamingFIFO_rtl_3 doesn't have a timescale but at least one module in design has a timescale.
WARNING: [XSIM 43-4099] "/home/neuralnetwork01/Schreibtisch/s7s/nn/task3/Task-3-data/FINN_TMP/code_gen_ipgen_StreamingFIFO_rtl_9_7z25au35/fifo_gauge.sv" Line 35. Module fifo_gauge(WIDTH=32'b01110000,COUNT_WIDTH=32'b011) doesn't have a timescale but at least one module in design has a timescale.
WARNING: [XSIM 43-4099] "/home/neuralnetwork01/Schreibtisch/s7s/nn/task3/Task-3-data/FINN_TMP/vivado_stitch_proj_uv91tzjc/finn_vivado_stitch_proj.gen/sources_1/bd/finn_design/ip/finn_design_StreamingFIFO_rtl_4_0/synth/finn_design_StreamingFIFO_rtl_4_0.v" Line 53. Module finn_design_StreamingFIFO_rtl_4_0 doesn't have a timescale but at least one module in design has a timescale.
WARNING: [XSIM 43-4099] "/home/neuralnetwork01/Schreibtisch/s7s/nn/task3/Task-3-data/FINN_TMP/code_gen_ipgen_StreamingFIFO_rtl_4_cl46s34r/StreamingFIFO_rtl_4.v" Line 32. Module StreamingFIFO_rtl_4 doesn't have a timescale but at least one module in design has a timescale.
WARNING: [XSIM 43-4099] "/home/neuralnetwork01/Schreibtisch/s7s/nn/task3/Task-3-data/FINN_TMP/code_gen_ipgen_StreamingFIFO_rtl_9_7z25au35/fifo_gauge.sv" Line 35. Module fifo_gauge(WIDTH=32'b0100000,COUNT_WIDTH=32'b011) doesn't have a timescale but at least one module in design has a timescale.
WARNING: [XSIM 43-4099] "/home/neuralnetwork01/Schreibtisch/s7s/nn/task3/Task-3-data/FINN_TMP/vivado_stitch_proj_uv91tzjc/finn_vivado_stitch_proj.gen/sources_1/bd/finn_design/ip/finn_design_StreamingFIFO_rtl_5_0/synth/finn_design_StreamingFIFO_rtl_5_0.v" Line 53. Module finn_design_StreamingFIFO_rtl_5_0 doesn't have a timescale but at least one module in design has a timescale.
WARNING: [XSIM 43-4099] "/home/neuralnetwork01/Schreibtisch/s7s/nn/task3/Task-3-data/FINN_TMP/code_gen_ipgen_StreamingFIFO_rtl_5_da3b5g9l/StreamingFIFO_rtl_5.v" Line 32. Module StreamingFIFO_rtl_5 doesn't have a timescale but at least one module in design has a timescale.
WARNING: [XSIM 43-4099] "/home/neuralnetwork01/Schreibtisch/s7s/nn/task3/Task-3-data/FINN_TMP/code_gen_ipgen_StreamingFIFO_rtl_9_7z25au35/fifo_gauge.sv" Line 35. Module fifo_gauge(WIDTH=32'b0100000,COUNT_WIDTH=32'b010) doesn't have a timescale but at least one module in design has a timescale.
WARNING: [XSIM 43-4099] "/home/neuralnetwork01/Schreibtisch/s7s/nn/task3/Task-3-data/FINN_TMP/vivado_stitch_proj_uv91tzjc/finn_vivado_stitch_proj.gen/sources_1/bd/finn_design/ip/finn_design_StreamingFIFO_rtl_6_0/synth/finn_design_StreamingFIFO_rtl_6_0.v" Line 53. Module finn_design_StreamingFIFO_rtl_6_0 doesn't have a timescale but at least one module in design has a timescale.
WARNING: [XSIM 43-4099] "/home/neuralnetwork01/Schreibtisch/s7s/nn/task3/Task-3-data/FINN_TMP/code_gen_ipgen_StreamingFIFO_rtl_6_i0jhtx10/StreamingFIFO_rtl_6.v" Line 32. Module StreamingFIFO_rtl_6 doesn't have a timescale but at least one module in design has a timescale.
WARNING: [XSIM 43-4099] "/home/neuralnetwork01/Schreibtisch/s7s/nn/task3/Task-3-data/FINN_TMP/code_gen_ipgen_StreamingFIFO_rtl_9_7z25au35/fifo_gauge.sv" Line 35. Module fifo_gauge(WIDTH=32'b0100000,COUNT_WIDTH=32'b010) doesn't have a timescale but at least one module in design has a timescale.
WARNING: [XSIM 43-4099] "/home/neuralnetwork01/Schreibtisch/s7s/nn/task3/Task-3-data/FINN_TMP/vivado_stitch_proj_uv91tzjc/finn_vivado_stitch_proj.gen/sources_1/bd/finn_design/ip/finn_design_StreamingFIFO_rtl_7_0/synth/finn_design_StreamingFIFO_rtl_7_0.v" Line 53. Module finn_design_StreamingFIFO_rtl_7_0 doesn't have a timescale but at least one module in design has a timescale.
WARNING: [XSIM 43-4099] "/home/neuralnetwork01/Schreibtisch/s7s/nn/task3/Task-3-data/FINN_TMP/code_gen_ipgen_StreamingFIFO_rtl_7_70d0b24b/StreamingFIFO_rtl_7.v" Line 32. Module StreamingFIFO_rtl_7 doesn't have a timescale but at least one module in design has a timescale.
WARNING: [XSIM 43-4099] "/home/neuralnetwork01/Schreibtisch/s7s/nn/task3/Task-3-data/FINN_TMP/code_gen_ipgen_StreamingFIFO_rtl_9_7z25au35/fifo_gauge.sv" Line 35. Module fifo_gauge(WIDTH=32'b01001000,COUNT_WIDTH=32'b010) doesn't have a timescale but at least one module in design has a timescale.
WARNING: [XSIM 43-4099] "/home/neuralnetwork01/Schreibtisch/s7s/nn/task3/Task-3-data/FINN_TMP/vivado_stitch_proj_uv91tzjc/finn_vivado_stitch_proj.gen/sources_1/bd/finn_design/ip/finn_design_StreamingFIFO_rtl_8_0/synth/finn_design_StreamingFIFO_rtl_8_0.v" Line 53. Module finn_design_StreamingFIFO_rtl_8_0 doesn't have a timescale but at least one module in design has a timescale.
WARNING: [XSIM 43-4099] "/home/neuralnetwork01/Schreibtisch/s7s/nn/task3/Task-3-data/FINN_TMP/code_gen_ipgen_StreamingFIFO_rtl_8_vnvlfagp/StreamingFIFO_rtl_8.v" Line 32. Module StreamingFIFO_rtl_8 doesn't have a timescale but at least one module in design has a timescale.
WARNING: [XSIM 43-4099] "/home/neuralnetwork01/Schreibtisch/s7s/nn/task3/Task-3-data/FINN_TMP/code_gen_ipgen_StreamingFIFO_rtl_9_7z25au35/fifo_gauge.sv" Line 35. Module fifo_gauge(WIDTH=32'b0101000,COUNT_WIDTH=32'b010) doesn't have a timescale but at least one module in design has a timescale.
WARNING: [XSIM 43-4099] "/home/neuralnetwork01/Schreibtisch/s7s/nn/task3/Task-3-data/FINN_TMP/vivado_stitch_proj_uv91tzjc/finn_vivado_stitch_proj.gen/sources_1/bd/finn_design/ip/finn_design_StreamingFIFO_rtl_9_0/synth/finn_design_StreamingFIFO_rtl_9_0.v" Line 53. Module finn_design_StreamingFIFO_rtl_9_0 doesn't have a timescale but at least one module in design has a timescale.
WARNING: [XSIM 43-4099] "/home/neuralnetwork01/Schreibtisch/s7s/nn/task3/Task-3-data/FINN_TMP/code_gen_ipgen_StreamingFIFO_rtl_9_7z25au35/StreamingFIFO_rtl_9.v" Line 32. Module StreamingFIFO_rtl_9 doesn't have a timescale but at least one module in design has a timescale.
WARNING: [XSIM 43-4099] "/home/neuralnetwork01/Schreibtisch/s7s/nn/task3/Task-3-data/FINN_TMP/code_gen_ipgen_StreamingFIFO_rtl_9_7z25au35/fifo_gauge.sv" Line 35. Module fifo_gauge(WIDTH=32'b01000,COUNT_WIDTH=32'b010) doesn't have a timescale but at least one module in design has a timescale.
WARNING: [XSIM 43-4099] "/home/neuralnetwork01/Schreibtisch/s7s/nn/task3/Task-3-data/FINN_TMP/vivado_stitch_proj_uv91tzjc/finn_vivado_stitch_proj.gen/sources_1/bd/finn_design/ip/finn_design_Thresholding_rtl_0_0/synth/finn_design_Thresholding_rtl_0_0.v" Line 53. Module finn_design_Thresholding_rtl_0_0 doesn't have a timescale but at least one module in design has a timescale.
WARNING: [XSIM 43-4099] "/home/neuralnetwork01/Schreibtisch/s7s/nn/task3/Task-3-data/FINN_TMP/vivado_stitch_proj_uv91tzjc/ip/verilog/rtl_ops/Thresholding_rtl_0/Thresholding_rtl_0.v" Line 35. Module Thresholding_rtl_0 doesn't have a timescale but at least one module in design has a timescale.
WARNING: [XSIM 43-4099] "/home/neuralnetwork01/Schreibtisch/s7s/nn/task3/Task-3-data/FINN_TMP/vivado_stitch_proj_uv91tzjc/ip/verilog/rtl_ops/Thresholding_rtl_0/thresholding_axi.sv" Line 41. Module thresholding_axi(WI=32'b01000,WT=32'b01001,N=32'b01,C=32'b011100,PE=32'b011100,SIGNED=1'b0,FPARG=1'b0,SETS=32'b01,THRESHOLDS_PATH="/home/neuralnetwork01/Schreibtisch/s7s/nn/task3/Task-3-data/FINN_TMP/code_gen_ipgen_Thresholding_rtl_0_l6eh_3b3/Thresholding_rtl_0_",USE_AXILITE=1'b0,DEPTH_TRIGGER_URAM=32'b0,DEPTH_TRIGGER_BRAM=32'b0,DEEP_PIPELINE=1'b1) doesn't have a timescale but at least one module in design has a timescale.
WARNING: [XSIM 43-4099] "/home/neuralnetwork01/Schreibtisch/s7s/nn/task3/Task-3-data/FINN_TMP/vivado_stitch_proj_uv91tzjc/ip/verilog/rtl_ops/Thresholding_rtl_0/thresholding.sv" Line 54. Module thresholding(K=32'b01001,N=32'b01,C=32'b011100,PE=32'b011100,SIGNED=1'b0,FPARG=1'b0,THRESHOLDS_PATH="/home/neuralnetwork01/Schreibtisch/s7s/nn/task3/Task-3-data/FINN_TMP/code_gen_ipgen_Thresholding_rtl_0_l6eh_3b3/Thresholding_rtl_0_",USE_CONFIG=1'b0,DEPTH_TRIGGER_URAM=32'b0,DEPTH_TRIGGER_BRAM=32'b0,DEEP_PIPELINE=1'b1) doesn't have a timescale but at least one module in design has a timescale.
WARNING: [XSIM 43-4099] "/home/neuralnetwork01/Schreibtisch/s7s/nn/task3/Task-3-data/FINN_TMP/vivado_stitch_proj_uv91tzjc/finn_vivado_stitch_proj.gen/sources_1/bd/finn_design/ip/finn_design_LabelSelect_hls_0_0/synth/finn_design_LabelSelect_hls_0_0.v" Line 53. Module finn_design_LabelSelect_hls_0_0 doesn't have a timescale but at least one module in design has a timescale.
WARNING: [XSIM 43-4099] "/home/neuralnetwork01/Schreibtisch/s7s/nn/task3/Task-3-data/FINN_TMP/vivado_stitch_proj_uv91tzjc/finn_vivado_stitch_proj.gen/sources_1/bd/finn_design/ip/finn_design_MVAU_hls_0_0/synth/finn_design_MVAU_hls_0_0.v" Line 53. Module finn_design_MVAU_hls_0_0 doesn't have a timescale but at least one module in design has a timescale.
WARNING: [XSIM 43-4099] "/home/neuralnetwork01/Schreibtisch/s7s/nn/task3/Task-3-data/FINN_TMP/vivado_stitch_proj_uv91tzjc/finn_vivado_stitch_proj.gen/sources_1/bd/finn_design/ip/finn_design_MVAU_hls_0_wstrm_0/synth/finn_design_MVAU_hls_0_wstrm_0.v" Line 53. Module finn_design_MVAU_hls_0_wstrm_0 doesn't have a timescale but at least one module in design has a timescale.
WARNING: [XSIM 43-4099] "/home/neuralnetwork01/Schreibtisch/s7s/nn/task3/Task-3-data/FINN_TMP/vivado_stitch_proj_uv91tzjc/ip/verilog/rtl_ops/MVAU_hls_0/MVAU_hls_0_memstream_wrapper.v" Line 32. Module MVAU_hls_0_memstream_wrapper(AXILITE_ADDR_WIDTH=13,SET_BITS=1) doesn't have a timescale but at least one module in design has a timescale.
WARNING: [XSIM 43-4099] "/home/neuralnetwork01/Schreibtisch/s7s/nn/task3/Task-3-data/FINN_TMP/vivado_stitch_proj_uv91tzjc/ip/verilog/rtl_ops/MVAU_hls_3/memstream_axi.sv" Line 33. Module memstream_axi(SETS=32'b01,DEPTH=32'b01110,WIDTH=32'b0111000000000,INIT_FILE="/home/neuralnetwork01/Schreibtisch/s7s/nn/task3/Task-3-data/FINN_TMP/code_gen_ipgen_MVAU_hls_0_urqtbuce/memblock.dat",PUMPED_MEMORY=1'b0) doesn't have a timescale but at least one module in design has a timescale.
WARNING: [XSIM 43-4099] "/home/neuralnetwork01/Schreibtisch/s7s/nn/task3/Task-3-data/FINN_TMP/vivado_stitch_proj_uv91tzjc/ip/verilog/rtl_ops/MVAU_hls_3/axilite.sv" Line 32. Module axilite(ADDR_WIDTH=32'b01101,DATA_WIDTH=32'b0100000,IP_DATA_WIDTH=32'b0111000000000) doesn't have a timescale but at least one module in design has a timescale.
WARNING: [XSIM 43-4099] "/home/neuralnetwork01/Schreibtisch/s7s/nn/task3/Task-3-data/FINN_TMP/vivado_stitch_proj_uv91tzjc/ip/verilog/rtl_ops/MVAU_hls_3/memstream.sv" Line 33. Module memstream(SETS=32'b01,DEPTH=32'b01110,WIDTH=32'b0111000000000,INIT_FILE="/home/neuralnetwork01/Schreibtisch/s7s/nn/task3/Task-3-data/FINN_TMP/code_gen_ipgen_MVAU_hls_0_urqtbuce/memblock.dat") doesn't have a timescale but at least one module in design has a timescale.
WARNING: [XSIM 43-4099] "/home/neuralnetwork01/Schreibtisch/s7s/nn/task3/Task-3-data/FINN_TMP/vivado_stitch_proj_uv91tzjc/finn_vivado_stitch_proj.gen/sources_1/bd/finn_design/ip/finn_design_MVAU_hls_1_0/synth/finn_design_MVAU_hls_1_0.v" Line 53. Module finn_design_MVAU_hls_1_0 doesn't have a timescale but at least one module in design has a timescale.
WARNING: [XSIM 43-4099] "/home/neuralnetwork01/Schreibtisch/s7s/nn/task3/Task-3-data/FINN_TMP/vivado_stitch_proj_uv91tzjc/finn_vivado_stitch_proj.gen/sources_1/bd/finn_design/ip/finn_design_MVAU_hls_1_wstrm_0/synth/finn_design_MVAU_hls_1_wstrm_0.v" Line 53. Module finn_design_MVAU_hls_1_wstrm_0 doesn't have a timescale but at least one module in design has a timescale.
WARNING: [XSIM 43-4099] "/home/neuralnetwork01/Schreibtisch/s7s/nn/task3/Task-3-data/FINN_TMP/vivado_stitch_proj_uv91tzjc/ip/verilog/rtl_ops/MVAU_hls_1/MVAU_hls_1_memstream_wrapper.v" Line 32. Module MVAU_hls_1_memstream_wrapper(AXILITE_ADDR_WIDTH=9,SET_BITS=1) doesn't have a timescale but at least one module in design has a timescale.
WARNING: [XSIM 43-4099] "/home/neuralnetwork01/Schreibtisch/s7s/nn/task3/Task-3-data/FINN_TMP/vivado_stitch_proj_uv91tzjc/ip/verilog/rtl_ops/MVAU_hls_3/memstream_axi.sv" Line 33. Module memstream_axi(SETS=32'b01,DEPTH=32'b0100,WIDTH=32'b010000000000,INIT_FILE="/home/neuralnetwork01/Schreibtisch/s7s/nn/task3/Task-3-data/FINN_TMP/code_gen_ipgen_MVAU_hls_1_u81gbskr/memblock.dat",PUMPED_MEMORY=1'b0) doesn't have a timescale but at least one module in design has a timescale.
WARNING: [XSIM 43-4099] "/home/neuralnetwork01/Schreibtisch/s7s/nn/task3/Task-3-data/FINN_TMP/vivado_stitch_proj_uv91tzjc/ip/verilog/rtl_ops/MVAU_hls_3/axilite.sv" Line 32. Module axilite(ADDR_WIDTH=32'b01001,DATA_WIDTH=32'b0100000,IP_DATA_WIDTH=32'b010000000000) doesn't have a timescale but at least one module in design has a timescale.
WARNING: [XSIM 43-4099] "/home/neuralnetwork01/Schreibtisch/s7s/nn/task3/Task-3-data/FINN_TMP/vivado_stitch_proj_uv91tzjc/ip/verilog/rtl_ops/MVAU_hls_3/memstream.sv" Line 33. Module memstream(SETS=32'b01,DEPTH=32'b0100,WIDTH=32'b010000000000,INIT_FILE="/home/neuralnetwork01/Schreibtisch/s7s/nn/task3/Task-3-data/FINN_TMP/code_gen_ipgen_MVAU_hls_1_u81gbskr/memblock.dat") doesn't have a timescale but at least one module in design has a timescale.
WARNING: [XSIM 43-4099] "/home/neuralnetwork01/Schreibtisch/s7s/nn/task3/Task-3-data/FINN_TMP/vivado_stitch_proj_uv91tzjc/finn_vivado_stitch_proj.gen/sources_1/bd/finn_design/ip/finn_design_MVAU_hls_2_0/synth/finn_design_MVAU_hls_2_0.v" Line 53. Module finn_design_MVAU_hls_2_0 doesn't have a timescale but at least one module in design has a timescale.
WARNING: [XSIM 43-4099] "/home/neuralnetwork01/Schreibtisch/s7s/nn/task3/Task-3-data/FINN_TMP/vivado_stitch_proj_uv91tzjc/finn_vivado_stitch_proj.gen/sources_1/bd/finn_design/ip/finn_design_MVAU_hls_2_wstrm_0/synth/finn_design_MVAU_hls_2_wstrm_0.v" Line 53. Module finn_design_MVAU_hls_2_wstrm_0 doesn't have a timescale but at least one module in design has a timescale.
WARNING: [XSIM 43-4099] "/home/neuralnetwork01/Schreibtisch/s7s/nn/task3/Task-3-data/FINN_TMP/vivado_stitch_proj_uv91tzjc/ip/verilog/rtl_ops/MVAU_hls_2/MVAU_hls_2_memstream_wrapper.v" Line 32. Module MVAU_hls_2_memstream_wrapper(AXILITE_ADDR_WIDTH=9,SET_BITS=1) doesn't have a timescale but at least one module in design has a timescale.
WARNING: [XSIM 43-4099] "/home/neuralnetwork01/Schreibtisch/s7s/nn/task3/Task-3-data/FINN_TMP/vivado_stitch_proj_uv91tzjc/ip/verilog/rtl_ops/MVAU_hls_3/memstream_axi.sv" Line 33. Module memstream_axi(SETS=32'b01,DEPTH=32'b0100,WIDTH=32'b010000000000,INIT_FILE="/home/neuralnetwork01/Schreibtisch/s7s/nn/task3/Task-3-data/FINN_TMP/code_gen_ipgen_MVAU_hls_2_vj2omip2/memblock.dat",PUMPED_MEMORY=1'b0) doesn't have a timescale but at least one module in design has a timescale.
WARNING: [XSIM 43-4099] "/home/neuralnetwork01/Schreibtisch/s7s/nn/task3/Task-3-data/FINN_TMP/vivado_stitch_proj_uv91tzjc/ip/verilog/rtl_ops/MVAU_hls_3/axilite.sv" Line 32. Module axilite(ADDR_WIDTH=32'b01001,DATA_WIDTH=32'b0100000,IP_DATA_WIDTH=32'b010000000000) doesn't have a timescale but at least one module in design has a timescale.
WARNING: [XSIM 43-4099] "/home/neuralnetwork01/Schreibtisch/s7s/nn/task3/Task-3-data/FINN_TMP/vivado_stitch_proj_uv91tzjc/ip/verilog/rtl_ops/MVAU_hls_3/memstream.sv" Line 33. Module memstream(SETS=32'b01,DEPTH=32'b0100,WIDTH=32'b010000000000,INIT_FILE="/home/neuralnetwork01/Schreibtisch/s7s/nn/task3/Task-3-data/FINN_TMP/code_gen_ipgen_MVAU_hls_2_vj2omip2/memblock.dat") doesn't have a timescale but at least one module in design has a timescale.
WARNING: [XSIM 43-4099] "/home/neuralnetwork01/Schreibtisch/s7s/nn/task3/Task-3-data/FINN_TMP/vivado_stitch_proj_uv91tzjc/finn_vivado_stitch_proj.gen/sources_1/bd/finn_design/ip/finn_design_MVAU_hls_3_0/synth/finn_design_MVAU_hls_3_0.v" Line 53. Module finn_design_MVAU_hls_3_0 doesn't have a timescale but at least one module in design has a timescale.
WARNING: [XSIM 43-4099] "/home/neuralnetwork01/Schreibtisch/s7s/nn/task3/Task-3-data/FINN_TMP/vivado_stitch_proj_uv91tzjc/finn_vivado_stitch_proj.gen/sources_1/bd/finn_design/ip/finn_design_MVAU_hls_3_wstrm_0/synth/finn_design_MVAU_hls_3_wstrm_0.v" Line 53. Module finn_design_MVAU_hls_3_wstrm_0 doesn't have a timescale but at least one module in design has a timescale.
WARNING: [XSIM 43-4099] "/home/neuralnetwork01/Schreibtisch/s7s/nn/task3/Task-3-data/FINN_TMP/vivado_stitch_proj_uv91tzjc/ip/verilog/rtl_ops/MVAU_hls_3/MVAU_hls_3_memstream_wrapper.v" Line 32. Module MVAU_hls_3_memstream_wrapper(AXILITE_ADDR_WIDTH=7,SET_BITS=1) doesn't have a timescale but at least one module in design has a timescale.
WARNING: [XSIM 43-4099] "/home/neuralnetwork01/Schreibtisch/s7s/nn/task3/Task-3-data/FINN_TMP/vivado_stitch_proj_uv91tzjc/ip/verilog/rtl_ops/MVAU_hls_3/memstream_axi.sv" Line 33. Module memstream_axi(SETS=32'b01,DEPTH=32'b010,WIDTH=32'b0101000000,INIT_FILE="/home/neuralnetwork01/Schreibtisch/s7s/nn/task3/Task-3-data/FINN_TMP/code_gen_ipgen_MVAU_hls_3_w309jxi_/memblock.dat",PUMPED_MEMORY=1'b0) doesn't have a timescale but at least one module in design has a timescale.
WARNING: [XSIM 43-4099] "/home/neuralnetwork01/Schreibtisch/s7s/nn/task3/Task-3-data/FINN_TMP/vivado_stitch_proj_uv91tzjc/ip/verilog/rtl_ops/MVAU_hls_3/axilite.sv" Line 32. Module axilite(ADDR_WIDTH=32'b0111,DATA_WIDTH=32'b0100000,IP_DATA_WIDTH=32'b0101000000) doesn't have a timescale but at least one module in design has a timescale.
WARNING: [XSIM 43-4099] "/home/neuralnetwork01/Schreibtisch/s7s/nn/task3/Task-3-data/FINN_TMP/vivado_stitch_proj_uv91tzjc/ip/verilog/rtl_ops/MVAU_hls_3/memstream.sv" Line 33. Module memstream(SETS=32'b01,DEPTH=32'b010,WIDTH=32'b0101000000,INIT_FILE="/home/neuralnetwork01/Schreibtisch/s7s/nn/task3/Task-3-data/FINN_TMP/code_gen_ipgen_MVAU_hls_3_w309jxi_/memblock.dat") doesn't have a timescale but at least one module in design has a timescale.
WARNING: [XSIM 43-4099] "/home/neuralnetwork01/Schreibtisch/s7s/nn/task3/Task-3-data/FINN_TMP/code_gen_ipgen_Reshape_rtl_0_mw9donsl/Reshape_rtl_0.v" Line 32. Module Reshape_rtl_0(AXI_IBITS=224,AXI_OBITS=224) doesn't have a timescale but at least one module in design has a timescale.
WARNING: [XSIM 43-4099] "/home/neuralnetwork01/Schreibtisch/s7s/nn/task3/Task-3-data/FINN_TMP/code_gen_ipgen_StreamingDataWidthConverter_rtl_1_vvipu1b6/dwc_axi.sv" Line 34. Module dwc_axi(IBITS=32'b011100000,OBITS=32'b011100000) doesn't have a timescale but at least one module in design has a timescale.
WARNING: [XSIM 43-4099] "/home/neuralnetwork01/Schreibtisch/s7s/nn/task3/Task-3-data/FINN_TMP/code_gen_ipgen_StreamingDataWidthConverter_rtl_1_vvipu1b6/dwc.sv" Line 34. Module dwc(IBITS=32'b011100000,OBITS=32'b011100000) doesn't have a timescale but at least one module in design has a timescale.
WARNING: [XSIM 43-4099] "/home/neuralnetwork01/Schreibtisch/s7s/nn/task3/Task-3-data/FINN_TMP/code_gen_ipgen_StreamingDataWidthConverter_rtl_0_73hsxm4z/StreamingDataWidthConverter_rtl_0.v" Line 32. Module StreamingDataWidthConverter_rtl_0(AXI_IBITS=32,AXI_OBITS=112) doesn't have a timescale but at least one module in design has a timescale.
WARNING: [XSIM 43-4099] "/home/neuralnetwork01/Schreibtisch/s7s/nn/task3/Task-3-data/FINN_TMP/code_gen_ipgen_StreamingDataWidthConverter_rtl_1_vvipu1b6/dwc_axi.sv" Line 34. Module dwc_axi(IBITS=32'b011100,OBITS=32'b01110000) doesn't have a timescale but at least one module in design has a timescale.
WARNING: [XSIM 43-4099] "/home/neuralnetwork01/Schreibtisch/s7s/nn/task3/Task-3-data/FINN_TMP/code_gen_ipgen_StreamingDataWidthConverter_rtl_1_vvipu1b6/dwc.sv" Line 34. Module dwc(IBITS=32'b011100,OBITS=32'b01110000) doesn't have a timescale but at least one module in design has a timescale.
WARNING: [XSIM 43-4099] "/home/neuralnetwork01/Schreibtisch/s7s/nn/task3/Task-3-data/FINN_TMP/code_gen_ipgen_StreamingDataWidthConverter_rtl_1_vvipu1b6/StreamingDataWidthConverter_rtl_1.v" Line 32. Module StreamingDataWidthConverter_rtl_1(AXI_IBITS=72,AXI_OBITS=40) doesn't have a timescale but at least one module in design has a timescale.
INFO: [Common 17-14] Message 'XSIM 43-4099' appears 100 times and further instances of the messages will be disabled. Use the Tcl command set_msg_config to change the current settings.
Completed simulation data flow analysis
Time Resolution for simulation is 1ps
Compiling module work.glbl
Compiling module work.LabelSelect_hls_0_flow_control_l...
Compiling module work.LabelSelect_hls_0_LabelSelect_hl...
Compiling module work.LabelSelect_hls_0_regslice_both(...
Compiling module work.LabelSelect_hls_0_regslice_both(...
Compiling module work.LabelSelect_hls_0
Compiling module work.finn_design_LabelSelect_hls_0_0
Compiling module work.MVAU_hls_0_sparsemux_15_3_112_1_...
Compiling module work.MVAU_hls_0_flow_control_loop_pip...
Compiling module work.MVAU_hls_0_Matrix_Vector_Activat...
Compiling module work.MVAU_hls_0_regslice_both(DataWid...
Compiling module work.MVAU_hls_0_regslice_both(DataWid...
Compiling module work.MVAU_hls_0_regslice_both
Compiling module work.MVAU_hls_0
Compiling module work.finn_design_MVAU_hls_0_0
Compiling module work.axilite(ADDR_WIDTH=32'b01101,DAT...
Compiling module work.memstream(SETS=32'b01,DEPTH=32'b...
Compiling module work.memstream_axi(SETS=32'b01,DEPTH=...
Compiling module work.MVAU_hls_0_memstream_wrapper(AXI...
Compiling module work.finn_design_MVAU_hls_0_wstrm_0
Compiling module work.MVAU_hls_0_imp_7OH4JA
Compiling module work.MVAU_hls_1_flow_control_loop_pip...
Compiling module work.MVAU_hls_1_Matrix_Vector_Activat...
Compiling module work.MVAU_hls_1_regslice_both
Compiling module work.MVAU_hls_1_regslice_both(DataWid...
Compiling module work.MVAU_hls_1
Compiling module work.finn_design_MVAU_hls_1_0
Compiling module work.axilite(ADDR_WIDTH=32'b01001,DAT...
Compiling module work.memstream(SETS=32'b01,DEPTH=32'b...
Compiling module work.memstream_axi(SETS=32'b01,DEPTH=...
Compiling module work.MVAU_hls_1_memstream_wrapper(AXI...
Compiling module work.finn_design_MVAU_hls_1_wstrm_0
Compiling module work.MVAU_hls_1_imp_ZIW0NT
Compiling module work.MVAU_hls_2_flow_control_loop_pip...
Compiling module work.MVAU_hls_2_Matrix_Vector_Activat...
Compiling module work.MVAU_hls_2_regslice_both
Compiling module work.MVAU_hls_2_regslice_both(DataWid...
Compiling module work.MVAU_hls_2
Compiling module work.finn_design_MVAU_hls_2_0
Compiling module work.memstream(SETS=32'b01,DEPTH=32'b...
Compiling module work.memstream_axi(SETS=32'b01,DEPTH=...
Compiling module work.MVAU_hls_2_memstream_wrapper(AXI...
Compiling module work.finn_design_MVAU_hls_2_wstrm_0
Compiling module work.MVAU_hls_2_imp_1WP2WTL
Compiling module work.MVAU_hls_3_flow_control_loop_pip...
Compiling module work.MVAU_hls_3_Matrix_Vector_Activat...
Compiling module work.MVAU_hls_3_regslice_both
Compiling module work.MVAU_hls_3_regslice_both(DataWid...
Compiling module work.MVAU_hls_3_regslice_both(DataWid...
Compiling module work.MVAU_hls_3
Compiling module work.finn_design_MVAU_hls_3_0
Compiling module work.axilite(ADDR_WIDTH=32'b0111,DATA...
Compiling module work.memstream(SETS=32'b01,DEPTH=32'b...
Compiling module work.memstream_axi(SETS=32'b01,DEPTH=...
Compiling module work.MVAU_hls_3_memstream_wrapper(AXI...
Compiling module work.finn_design_MVAU_hls_3_wstrm_0
Compiling module work.MVAU_hls_3_imp_U0RWZQ
Compiling module work.dwc(IBITS=32'b011100000,OBITS=32...
Compiling module work.dwc_axi(IBITS=32'b011100000,OBIT...
Compiling module work.Reshape_rtl_0(AXI_IBITS=224,AXI_...
Compiling module work.dwc(IBITS=32'b011100,OBITS=32'b0...
Compiling module work.dwc_axi(IBITS=32'b011100,OBITS=3...
Compiling module work.StreamingDataWidthConverter_rtl_...
Compiling module work.dwc(IBITS=32'b01000110,OBITS=32'...
Compiling module work.dwc_axi(IBITS=32'b01000110,OBITS...
Compiling module work.StreamingDataWidthConverter_rtl_...
Compiling module work.fifo_gauge(WIDTH=32'b011100000,C...
Compiling module work.StreamingFIFO_rtl_0
Compiling module work.finn_design_StreamingFIFO_rtl_0_...
Compiling module work.StreamingFIFO_rtl_1
Compiling module work.finn_design_StreamingFIFO_rtl_1_...
Compiling module work.fifo_gauge(WIDTH=32'b0100000,COU...
Compiling module work.StreamingFIFO_rtl_2
Compiling module work.finn_design_StreamingFIFO_rtl_2_...
Compiling module work.fifo_gauge(WIDTH=32'b01110000,CO...
Compiling module work.StreamingFIFO_rtl_3
Compiling module work.finn_design_StreamingFIFO_rtl_3_...
Compiling module work.fifo_gauge(WIDTH=32'b0100000,COU...
Compiling module work.StreamingFIFO_rtl_4
Compiling module work.finn_design_StreamingFIFO_rtl_4_...
Compiling module work.fifo_gauge(WIDTH=32'b0100000,COU...
Compiling module work.StreamingFIFO_rtl_5
Compiling module work.finn_design_StreamingFIFO_rtl_5_...
Compiling module work.StreamingFIFO_rtl_6
Compiling module work.finn_design_StreamingFIFO_rtl_6_...
Compiling module work.fifo_gauge(WIDTH=32'b01001000,CO...
Compiling module work.StreamingFIFO_rtl_7
Compiling module work.finn_design_StreamingFIFO_rtl_7_...
Compiling module work.fifo_gauge(WIDTH=32'b0101000,COU...
Compiling module work.StreamingFIFO_rtl_8
Compiling module work.finn_design_StreamingFIFO_rtl_8_...
Compiling module work.fifo_gauge(WIDTH=32'b01000,COUNT...
Compiling module work.StreamingFIFO_rtl_9
Compiling module work.finn_design_StreamingFIFO_rtl_9_...
Compiling module work.thresholding(K=32'b01001,N=32'b0...
Compiling module work.thresholding_axi(WI=32'b01000,WT...
Compiling module work.Thresholding_rtl_0
Compiling module work.finn_design_Thresholding_rtl_0_0
Compiling module work.finn_design
Compiling module work.finn_design_wrapper
Built XSI simulation shared library xsim.dir/finn_design_wrapper/xsimk.so
[2026-08-01 22:32:09,802]INFO:Using pre-existing code for Reshape_rtl_0
[2026-08-01 22:32:09,809]INFO:Using pre-existing code for Thresholding_rtl_0
[2026-08-01 22:32:09,816]INFO:Using pre-existing code for StreamingDataWidthConverter_rtl_0
[2026-08-01 22:32:09,822]INFO:Using pre-existing code for MVAU_hls_0
[2026-08-01 22:32:09,828]INFO:Using pre-existing code for MVAU_hls_1
[2026-08-01 22:32:09,835]INFO:Using pre-existing code for MVAU_hls_2
[2026-08-01 22:32:09,841]INFO:Using pre-existing code for MVAU_hls_3
[2026-08-01 22:32:09,847]INFO:Using pre-existing code for StreamingDataWidthConverter_rtl_1
[2026-08-01 22:32:09,854]INFO:Using pre-existing code for LabelSelect_hls_0
[2026-08-01 22:32:09,907]INFO:Using pre-existing IP for LabelSelect_hls_0
[2026-08-01 22:32:09,910]INFO:Using pre-existing IP for MVAU_hls_3
[2026-08-01 22:32:09,911]INFO:Using pre-existing IP for MVAU_hls_2
[2026-08-01 22:32:09,911]INFO:Using pre-existing IP for MVAU_hls_1
[2026-08-01 22:32:09,912]INFO:Using pre-existing IP for MVAU_hls_0
[2026-08-01 22:32:09,929]INFO:Running step: step_hw_codegen [13/20]
[2026-08-01 22:32:09,929]INFO:Using pre-existing code for StreamingFIFO_rtl_0
[2026-08-01 22:32:09,929]INFO:Using pre-existing code for Reshape_rtl_0
[2026-08-01 22:32:09,929]INFO:Using pre-existing code for StreamingFIFO_rtl_1
[2026-08-01 22:32:09,929]INFO:Using pre-existing code for Thresholding_rtl_0
[2026-08-01 22:32:09,930]INFO:Using pre-existing code for StreamingFIFO_rtl_2
[2026-08-01 22:32:09,930]INFO:Using pre-existing code for StreamingDataWidthConverter_rtl_0
[2026-08-01 22:32:09,930]INFO:Using pre-existing code for StreamingFIFO_rtl_3
[2026-08-01 22:32:09,930]INFO:Using pre-existing code for MVAU_hls_0
[2026-08-01 22:32:09,930]INFO:Using pre-existing code for StreamingFIFO_rtl_4
[2026-08-01 22:32:09,930]INFO:Using pre-existing code for MVAU_hls_1
[2026-08-01 22:32:09,930]INFO:Using pre-existing code for StreamingFIFO_rtl_5
[2026-08-01 22:32:09,930]INFO:Using pre-existing code for MVAU_hls_2
[2026-08-01 22:32:09,930]INFO:Using pre-existing code for StreamingFIFO_rtl_6
[2026-08-01 22:32:09,930]INFO:Using pre-existing code for MVAU_hls_3
[2026-08-01 22:32:09,930]INFO:Using pre-existing code for StreamingFIFO_rtl_7
[2026-08-01 22:32:09,930]INFO:Using pre-existing code for StreamingDataWidthConverter_rtl_1
[2026-08-01 22:32:09,930]INFO:Using pre-existing code for StreamingFIFO_rtl_8
[2026-08-01 22:32:09,930]INFO:Using pre-existing code for LabelSelect_hls_0
[2026-08-01 22:32:09,930]INFO:Using pre-existing code for StreamingFIFO_rtl_9
[2026-08-01 22:32:09,936]INFO:Running step: step_hw_ipgen [14/20]
[2026-08-01 22:32:09,981]INFO:Using pre-existing IP for LabelSelect_hls_0
[2026-08-01 22:32:09,983]INFO:Using pre-existing IP for MVAU_hls_3
[2026-08-01 22:32:09,984]INFO:Using pre-existing IP for MVAU_hls_2
[2026-08-01 22:32:09,984]INFO:Using pre-existing IP for MVAU_hls_1
[2026-08-01 22:32:09,985]INFO:Using pre-existing IP for MVAU_hls_0
[2026-08-01 22:32:10,607]INFO:Running step: step_create_stitched_ip [15/20]
[2026-08-01 22:33:04,364]INFO:Vivado stitched IP written into /home/neuralnetwork01/Schreibtisch/s7s/nn/task3/Task-3-data/output_custom/stitched_ip
[2026-08-01 22:33:04,368]INFO:Running step: step_measure_rtlsim_performance [16/20]
[2026-08-01 22:33:22,466]INFO:Vivado Simulator v2023.2
Copyright 1986-2022 Xilinx, Inc. All Rights Reserved.
Copyright 2022-2023 Advanced Micro Devices, Inc. All Rights Reserved.
Running: /Software/xilinx/Vivado/2023.2/bin/unwrapped/lnx64.o/xelab work.glbl work.finn_design_wrapper -relax -prj rtlsim.prj -dll -s finn_design_wrapper -define FINN_SIMULATION -L smartconnect_v1_0 -L axi_protocol_checker_v1_1_12 -L axi_protocol_checker_v1_1_13 -L axis_protocol_checker_v1_1_11 -L axis_protocol_checker_v1_1_12 -L xil_defaultlib -L unisims_ver -L xpm -L floating_point_v7_1_16 -L floating_point_v7_0_21 -L floating_point_v7_1_18 -L floating_point_v7_1_15 -L floating_point_v7_1_19 
Multi-threading is on. Using 10 slave threads.
INFO: [VRFC 10-2263] Analyzing Verilog file "/Software/xilinx/Vivado/2023.2/data/verilog/src/glbl.v" into library work
INFO: [VRFC 10-311] analyzing module glbl
INFO: [VRFC 10-2263] Analyzing Verilog file "/home/neuralnetwork01/Schreibtisch/s7s/nn/task3/Task-3-data/FINN_TMP/vivado_stitch_proj_bhskll7s/finn_vivado_stitch_proj.gen/sources_1/bd/finn_design/ip/finn_design_StreamingFIFO_rtl_0_0/synth/finn_design_StreamingFIFO_rtl_0_0.v" into library work
INFO: [VRFC 10-311] analyzing module finn_design_StreamingFIFO_rtl_0_0
INFO: [VRFC 10-2263] Analyzing Verilog file "/home/neuralnetwork01/Schreibtisch/s7s/nn/task3/Task-3-data/FINN_TMP/vivado_stitch_proj_bhskll7s/finn_vivado_stitch_proj.gen/sources_1/bd/finn_design/ip/finn_design_Reshape_rtl_0_0/synth/finn_design_Reshape_rtl_0_0.v" into library work
INFO: [VRFC 10-311] analyzing module finn_design_Reshape_rtl_0_0
INFO: [VRFC 10-2263] Analyzing Verilog file "/home/neuralnetwork01/Schreibtisch/s7s/nn/task3/Task-3-data/FINN_TMP/vivado_stitch_proj_bhskll7s/finn_vivado_stitch_proj.gen/sources_1/bd/finn_design/ip/finn_design_StreamingFIFO_rtl_1_0/synth/finn_design_StreamingFIFO_rtl_1_0.v" into library work
INFO: [VRFC 10-311] analyzing module finn_design_StreamingFIFO_rtl_1_0
INFO: [VRFC 10-2263] Analyzing Verilog file "/home/neuralnetwork01/Schreibtisch/s7s/nn/task3/Task-3-data/FINN_TMP/vivado_stitch_proj_bhskll7s/finn_vivado_stitch_proj.gen/sources_1/bd/finn_design/ip/finn_design_Thresholding_rtl_0_0/synth/finn_design_Thresholding_rtl_0_0.v" into library work
INFO: [VRFC 10-311] analyzing module finn_design_Thresholding_rtl_0_0
INFO: [VRFC 10-2263] Analyzing Verilog file "/home/neuralnetwork01/Schreibtisch/s7s/nn/task3/Task-3-data/FINN_TMP/vivado_stitch_proj_bhskll7s/finn_vivado_stitch_proj.gen/sources_1/bd/finn_design/ip/finn_design_StreamingFIFO_rtl_2_0/synth/finn_design_StreamingFIFO_rtl_2_0.v" into library work
INFO: [VRFC 10-311] analyzing module finn_design_StreamingFIFO_rtl_2_0
INFO: [VRFC 10-2263] Analyzing Verilog file "/home/neuralnetwork01/Schreibtisch/s7s/nn/task3/Task-3-data/FINN_TMP/vivado_stitch_proj_bhskll7s/finn_vivado_stitch_proj.gen/sources_1/bd/finn_design/ip/finn_design_StreamingDataWidthConverter_rtl_0_0/synth/finn_design_StreamingDataWidthConverter_rtl_0_0.v" into library work
INFO: [VRFC 10-311] analyzing module finn_design_StreamingDataWidthConverter_rtl_0_0
INFO: [VRFC 10-2263] Analyzing Verilog file "/home/neuralnetwork01/Schreibtisch/s7s/nn/task3/Task-3-data/FINN_TMP/vivado_stitch_proj_bhskll7s/finn_vivado_stitch_proj.gen/sources_1/bd/finn_design/ip/finn_design_StreamingFIFO_rtl_3_0/synth/finn_design_StreamingFIFO_rtl_3_0.v" into library work
INFO: [VRFC 10-311] analyzing module finn_design_StreamingFIFO_rtl_3_0
INFO: [VRFC 10-2263] Analyzing Verilog file "/home/neuralnetwork01/Schreibtisch/s7s/nn/task3/Task-3-data/FINN_TMP/vivado_stitch_proj_bhskll7s/finn_vivado_stitch_proj.gen/sources_1/bd/finn_design/ipshared/9e1f/hdl/verilog/MVAU_hls_0_flow_control_loop_pipe_sequential_init.v" into library work
INFO: [VRFC 10-311] analyzing module MVAU_hls_0_flow_control_loop_pipe_sequential_init
INFO: [VRFC 10-2263] Analyzing Verilog file "/home/neuralnetwork01/Schreibtisch/s7s/nn/task3/Task-3-data/FINN_TMP/vivado_stitch_proj_bhskll7s/finn_vivado_stitch_proj.gen/sources_1/bd/finn_design/ipshared/9e1f/hdl/verilog/MVAU_hls_0_Matrix_Vector_Activate_Stream_Batch.v" into library work
INFO: [VRFC 10-311] analyzing module MVAU_hls_0_Matrix_Vector_Activate_Stream_Batch
INFO: [VRFC 10-2263] Analyzing Verilog file "/home/neuralnetwork01/Schreibtisch/s7s/nn/task3/Task-3-data/FINN_TMP/vivado_stitch_proj_bhskll7s/finn_vivado_stitch_proj.gen/sources_1/bd/finn_design/ipshared/9e1f/hdl/verilog/MVAU_hls_0_regslice_both.v" into library work
INFO: [VRFC 10-311] analyzing module MVAU_hls_0_regslice_both
INFO: [VRFC 10-311] analyzing module MVAU_hls_0_regslice_both_w1
INFO: [VRFC 10-2263] Analyzing Verilog file "/home/neuralnetwork01/Schreibtisch/s7s/nn/task3/Task-3-data/FINN_TMP/vivado_stitch_proj_bhskll7s/finn_vivado_stitch_proj.gen/sources_1/bd/finn_design/ipshared/9e1f/hdl/verilog/MVAU_hls_0_sparsemux_15_3_112_1_1.v" into library work
INFO: [VRFC 10-311] analyzing module MVAU_hls_0_sparsemux_15_3_112_1_1
INFO: [VRFC 10-2263] Analyzing Verilog file "/home/neuralnetwork01/Schreibtisch/s7s/nn/task3/Task-3-data/FINN_TMP/vivado_stitch_proj_bhskll7s/finn_vivado_stitch_proj.gen/sources_1/bd/finn_design/ipshared/9e1f/hdl/verilog/MVAU_hls_0.v" into library work
INFO: [VRFC 10-311] analyzing module MVAU_hls_0
INFO: [VRFC 10-2263] Analyzing Verilog file "/home/neuralnetwork01/Schreibtisch/s7s/nn/task3/Task-3-data/FINN_TMP/vivado_stitch_proj_bhskll7s/finn_vivado_stitch_proj.gen/sources_1/bd/finn_design/ip/finn_design_MVAU_hls_0_0/synth/finn_design_MVAU_hls_0_0.v" into library work
INFO: [VRFC 10-311] analyzing module finn_design_MVAU_hls_0_0
INFO: [VRFC 10-2263] Analyzing Verilog file "/home/neuralnetwork01/Schreibtisch/s7s/nn/task3/Task-3-data/FINN_TMP/vivado_stitch_proj_bhskll7s/finn_vivado_stitch_proj.gen/sources_1/bd/finn_design/ip/finn_design_MVAU_hls_0_wstrm_0/synth/finn_design_MVAU_hls_0_wstrm_0.v" into library work
INFO: [VRFC 10-311] analyzing module finn_design_MVAU_hls_0_wstrm_0
INFO: [VRFC 10-2263] Analyzing Verilog file "/home/neuralnetwork01/Schreibtisch/s7s/nn/task3/Task-3-data/FINN_TMP/vivado_stitch_proj_bhskll7s/finn_vivado_stitch_proj.gen/sources_1/bd/finn_design/ip/finn_design_StreamingFIFO_rtl_4_0/synth/finn_design_StreamingFIFO_rtl_4_0.v" into library work
INFO: [VRFC 10-311] analyzing module finn_design_StreamingFIFO_rtl_4_0
INFO: [VRFC 10-2263] Analyzing Verilog file "/home/neuralnetwork01/Schreibtisch/s7s/nn/task3/Task-3-data/FINN_TMP/vivado_stitch_proj_bhskll7s/finn_vivado_stitch_proj.gen/sources_1/bd/finn_design/ipshared/6416/hdl/verilog/MVAU_hls_1_flow_control_loop_pipe_sequential_init.v" into library work
INFO: [VRFC 10-311] analyzing module MVAU_hls_1_flow_control_loop_pipe_sequential_init
INFO: [VRFC 10-2263] Analyzing Verilog file "/home/neuralnetwork01/Schreibtisch/s7s/nn/task3/Task-3-data/FINN_TMP/vivado_stitch_proj_bhskll7s/finn_vivado_stitch_proj.gen/sources_1/bd/finn_design/ipshared/6416/hdl/verilog/MVAU_hls_1_Matrix_Vector_Activate_Stream_Batch.v" into library work
INFO: [VRFC 10-311] analyzing module MVAU_hls_1_Matrix_Vector_Activate_Stream_Batch
INFO: [VRFC 10-2263] Analyzing Verilog file "/home/neuralnetwork01/Schreibtisch/s7s/nn/task3/Task-3-data/FINN_TMP/vivado_stitch_proj_bhskll7s/finn_vivado_stitch_proj.gen/sources_1/bd/finn_design/ipshared/6416/hdl/verilog/MVAU_hls_1_regslice_both.v" into library work
INFO: [VRFC 10-311] analyzing module MVAU_hls_1_regslice_both
INFO: [VRFC 10-311] analyzing module MVAU_hls_1_regslice_both_w1
INFO: [VRFC 10-2263] Analyzing Verilog file "/home/neuralnetwork01/Schreibtisch/s7s/nn/task3/Task-3-data/FINN_TMP/vivado_stitch_proj_bhskll7s/finn_vivado_stitch_proj.gen/sources_1/bd/finn_design/ipshared/6416/hdl/verilog/MVAU_hls_1.v" into library work
INFO: [VRFC 10-311] analyzing module MVAU_hls_1
INFO: [VRFC 10-2263] Analyzing Verilog file "/home/neuralnetwork01/Schreibtisch/s7s/nn/task3/Task-3-data/FINN_TMP/vivado_stitch_proj_bhskll7s/finn_vivado_stitch_proj.gen/sources_1/bd/finn_design/ip/finn_design_MVAU_hls_1_0/synth/finn_design_MVAU_hls_1_0.v" into library work
INFO: [VRFC 10-311] analyzing module finn_design_MVAU_hls_1_0
INFO: [VRFC 10-2263] Analyzing Verilog file "/home/neuralnetwork01/Schreibtisch/s7s/nn/task3/Task-3-data/FINN_TMP/vivado_stitch_proj_bhskll7s/finn_vivado_stitch_proj.gen/sources_1/bd/finn_design/ip/finn_design_MVAU_hls_1_wstrm_0/synth/finn_design_MVAU_hls_1_wstrm_0.v" into library work
INFO: [VRFC 10-311] analyzing module finn_design_MVAU_hls_1_wstrm_0
INFO: [VRFC 10-2263] Analyzing Verilog file "/home/neuralnetwork01/Schreibtisch/s7s/nn/task3/Task-3-data/FINN_TMP/vivado_stitch_proj_bhskll7s/finn_vivado_stitch_proj.gen/sources_1/bd/finn_design/ip/finn_design_StreamingFIFO_rtl_5_0/synth/finn_design_StreamingFIFO_rtl_5_0.v" into library work
INFO: [VRFC 10-311] analyzing module finn_design_StreamingFIFO_rtl_5_0
INFO: [VRFC 10-2263] Analyzing Verilog file "/home/neuralnetwork01/Schreibtisch/s7s/nn/task3/Task-3-data/FINN_TMP/vivado_stitch_proj_bhskll7s/finn_vivado_stitch_proj.gen/sources_1/bd/finn_design/ipshared/dd7d/hdl/verilog/MVAU_hls_2_flow_control_loop_pipe_sequential_init.v" into library work
INFO: [VRFC 10-311] analyzing module MVAU_hls_2_flow_control_loop_pipe_sequential_init
INFO: [VRFC 10-2263] Analyzing Verilog file "/home/neuralnetwork01/Schreibtisch/s7s/nn/task3/Task-3-data/FINN_TMP/vivado_stitch_proj_bhskll7s/finn_vivado_stitch_proj.gen/sources_1/bd/finn_design/ipshared/dd7d/hdl/verilog/MVAU_hls_2_Matrix_Vector_Activate_Stream_Batch.v" into library work
INFO: [VRFC 10-311] analyzing module MVAU_hls_2_Matrix_Vector_Activate_Stream_Batch
INFO: [VRFC 10-2263] Analyzing Verilog file "/home/neuralnetwork01/Schreibtisch/s7s/nn/task3/Task-3-data/FINN_TMP/vivado_stitch_proj_bhskll7s/finn_vivado_stitch_proj.gen/sources_1/bd/finn_design/ipshared/dd7d/hdl/verilog/MVAU_hls_2_regslice_both.v" into library work
INFO: [VRFC 10-311] analyzing module MVAU_hls_2_regslice_both
INFO: [VRFC 10-311] analyzing module MVAU_hls_2_regslice_both_w1
INFO: [VRFC 10-2263] Analyzing Verilog file "/home/neuralnetwork01/Schreibtisch/s7s/nn/task3/Task-3-data/FINN_TMP/vivado_stitch_proj_bhskll7s/finn_vivado_stitch_proj.gen/sources_1/bd/finn_design/ipshared/dd7d/hdl/verilog/MVAU_hls_2.v" into library work
INFO: [VRFC 10-311] analyzing module MVAU_hls_2
INFO: [VRFC 10-2263] Analyzing Verilog file "/home/neuralnetwork01/Schreibtisch/s7s/nn/task3/Task-3-data/FINN_TMP/vivado_stitch_proj_bhskll7s/finn_vivado_stitch_proj.gen/sources_1/bd/finn_design/ip/finn_design_MVAU_hls_2_0/synth/finn_design_MVAU_hls_2_0.v" into library work
INFO: [VRFC 10-311] analyzing module finn_design_MVAU_hls_2_0
INFO: [VRFC 10-2263] Analyzing Verilog file "/home/neuralnetwork01/Schreibtisch/s7s/nn/task3/Task-3-data/FINN_TMP/vivado_stitch_proj_bhskll7s/finn_vivado_stitch_proj.gen/sources_1/bd/finn_design/ip/finn_design_MVAU_hls_2_wstrm_0/synth/finn_design_MVAU_hls_2_wstrm_0.v" into library work
INFO: [VRFC 10-311] analyzing module finn_design_MVAU_hls_2_wstrm_0
INFO: [VRFC 10-2263] Analyzing Verilog file "/home/neuralnetwork01/Schreibtisch/s7s/nn/task3/Task-3-data/FINN_TMP/vivado_stitch_proj_bhskll7s/finn_vivado_stitch_proj.gen/sources_1/bd/finn_design/ip/finn_design_StreamingFIFO_rtl_6_0/synth/finn_design_StreamingFIFO_rtl_6_0.v" into library work
INFO: [VRFC 10-311] analyzing module finn_design_StreamingFIFO_rtl_6_0
INFO: [VRFC 10-2263] Analyzing Verilog file "/home/neuralnetwork01/Schreibtisch/s7s/nn/task3/Task-3-data/FINN_TMP/vivado_stitch_proj_bhskll7s/finn_vivado_stitch_proj.gen/sources_1/bd/finn_design/ipshared/c717/hdl/verilog/MVAU_hls_3_flow_control_loop_pipe_sequential_init.v" into library work
INFO: [VRFC 10-311] analyzing module MVAU_hls_3_flow_control_loop_pipe_sequential_init
INFO: [VRFC 10-2263] Analyzing Verilog file "/home/neuralnetwork01/Schreibtisch/s7s/nn/task3/Task-3-data/FINN_TMP/vivado_stitch_proj_bhskll7s/finn_vivado_stitch_proj.gen/sources_1/bd/finn_design/ipshared/c717/hdl/verilog/MVAU_hls_3_Matrix_Vector_Activate_Stream_Batch.v" into library work
INFO: [VRFC 10-311] analyzing module MVAU_hls_3_Matrix_Vector_Activate_Stream_Batch
INFO: [VRFC 10-2263] Analyzing Verilog file "/home/neuralnetwork01/Schreibtisch/s7s/nn/task3/Task-3-data/FINN_TMP/vivado_stitch_proj_bhskll7s/finn_vivado_stitch_proj.gen/sources_1/bd/finn_design/ipshared/c717/hdl/verilog/MVAU_hls_3_regslice_both.v" into library work
INFO: [VRFC 10-311] analyzing module MVAU_hls_3_regslice_both
INFO: [VRFC 10-311] analyzing module MVAU_hls_3_regslice_both_w1
INFO: [VRFC 10-2263] Analyzing Verilog file "/home/neuralnetwork01/Schreibtisch/s7s/nn/task3/Task-3-data/FINN_TMP/vivado_stitch_proj_bhskll7s/finn_vivado_stitch_proj.gen/sources_1/bd/finn_design/ipshared/c717/hdl/verilog/MVAU_hls_3.v" into library work
INFO: [VRFC 10-311] analyzing module MVAU_hls_3
INFO: [VRFC 10-2263] Analyzing Verilog file "/home/neuralnetwork01/Schreibtisch/s7s/nn/task3/Task-3-data/FINN_TMP/vivado_stitch_proj_bhskll7s/finn_vivado_stitch_proj.gen/sources_1/bd/finn_design/ip/finn_design_MVAU_hls_3_0/synth/finn_design_MVAU_hls_3_0.v" into library work
INFO: [VRFC 10-311] analyzing module finn_design_MVAU_hls_3_0
INFO: [VRFC 10-2263] Analyzing Verilog file "/home/neuralnetwork01/Schreibtisch/s7s/nn/task3/Task-3-data/FINN_TMP/vivado_stitch_proj_bhskll7s/finn_vivado_stitch_proj.gen/sources_1/bd/finn_design/ip/finn_design_MVAU_hls_3_wstrm_0/synth/finn_design_MVAU_hls_3_wstrm_0.v" into library work
INFO: [VRFC 10-311] analyzing module finn_design_MVAU_hls_3_wstrm_0
INFO: [VRFC 10-2263] Analyzing Verilog file "/home/neuralnetwork01/Schreibtisch/s7s/nn/task3/Task-3-data/FINN_TMP/vivado_stitch_proj_bhskll7s/finn_vivado_stitch_proj.gen/sources_1/bd/finn_design/ip/finn_design_StreamingFIFO_rtl_7_0/synth/finn_design_StreamingFIFO_rtl_7_0.v" into library work
INFO: [VRFC 10-311] analyzing module finn_design_StreamingFIFO_rtl_7_0
INFO: [VRFC 10-2263] Analyzing Verilog file "/home/neuralnetwork01/Schreibtisch/s7s/nn/task3/Task-3-data/FINN_TMP/vivado_stitch_proj_bhskll7s/finn_vivado_stitch_proj.gen/sources_1/bd/finn_design/ip/finn_design_StreamingDataWidthConverter_rtl_1_0/synth/finn_design_StreamingDataWidthConverter_rtl_1_0.v" into library work
INFO: [VRFC 10-311] analyzing module finn_design_StreamingDataWidthConverter_rtl_1_0
INFO: [VRFC 10-2263] Analyzing Verilog file "/home/neuralnetwork01/Schreibtisch/s7s/nn/task3/Task-3-data/FINN_TMP/vivado_stitch_proj_bhskll7s/finn_vivado_stitch_proj.gen/sources_1/bd/finn_design/ip/finn_design_StreamingFIFO_rtl_8_0/synth/finn_design_StreamingFIFO_rtl_8_0.v" into library work
INFO: [VRFC 10-311] analyzing module finn_design_StreamingFIFO_rtl_8_0
INFO: [VRFC 10-2263] Analyzing Verilog file "/home/neuralnetwork01/Schreibtisch/s7s/nn/task3/Task-3-data/FINN_TMP/vivado_stitch_proj_bhskll7s/finn_vivado_stitch_proj.gen/sources_1/bd/finn_design/ipshared/ee83/hdl/verilog/LabelSelect_hls_0_flow_control_loop_pipe_sequential_init.v" into library work
INFO: [VRFC 10-311] analyzing module LabelSelect_hls_0_flow_control_loop_pipe_sequential_init
INFO: [VRFC 10-2263] Analyzing Verilog file "/home/neuralnetwork01/Schreibtisch/s7s/nn/task3/Task-3-data/FINN_TMP/vivado_stitch_proj_bhskll7s/finn_vivado_stitch_proj.gen/sources_1/bd/finn_design/ipshared/ee83/hdl/verilog/LabelSelect_hls_0_LabelSelect_hls_0_Pipeline_VITIS_LOOP_199_3.v" into library work
INFO: [VRFC 10-311] analyzing module LabelSelect_hls_0_LabelSelect_hls_0_Pipeline_VITIS_LOOP_199_3
INFO: [VRFC 10-2263] Analyzing Verilog file "/home/neuralnetwork01/Schreibtisch/s7s/nn/task3/Task-3-data/FINN_TMP/vivado_stitch_proj_bhskll7s/finn_vivado_stitch_proj.gen/sources_1/bd/finn_design/ipshared/ee83/hdl/verilog/LabelSelect_hls_0_regslice_both.v" into library work
INFO: [VRFC 10-311] analyzing module LabelSelect_hls_0_regslice_both
INFO: [VRFC 10-311] analyzing module LabelSelect_hls_0_regslice_both_w1
INFO: [VRFC 10-2263] Analyzing Verilog file "/home/neuralnetwork01/Schreibtisch/s7s/nn/task3/Task-3-data/FINN_TMP/vivado_stitch_proj_bhskll7s/finn_vivado_stitch_proj.gen/sources_1/bd/finn_design/ipshared/ee83/hdl/verilog/LabelSelect_hls_0.v" into library work
INFO: [VRFC 10-311] analyzing module LabelSelect_hls_0
INFO: [VRFC 10-2263] Analyzing Verilog file "/home/neuralnetwork01/Schreibtisch/s7s/nn/task3/Task-3-data/FINN_TMP/vivado_stitch_proj_bhskll7s/finn_vivado_stitch_proj.gen/sources_1/bd/finn_design/ip/finn_design_LabelSelect_hls_0_0/synth/finn_design_LabelSelect_hls_0_0.v" into library work
INFO: [VRFC 10-311] analyzing module finn_design_LabelSelect_hls_0_0
INFO: [VRFC 10-2263] Analyzing Verilog file "/home/neuralnetwork01/Schreibtisch/s7s/nn/task3/Task-3-data/FINN_TMP/vivado_stitch_proj_bhskll7s/finn_vivado_stitch_proj.gen/sources_1/bd/finn_design/ip/finn_design_StreamingFIFO_rtl_9_0/synth/finn_design_StreamingFIFO_rtl_9_0.v" into library work
INFO: [VRFC 10-311] analyzing module finn_design_StreamingFIFO_rtl_9_0
INFO: [VRFC 10-2263] Analyzing Verilog file "/home/neuralnetwork01/Schreibtisch/s7s/nn/task3/Task-3-data/FINN_TMP/vivado_stitch_proj_bhskll7s/finn_vivado_stitch_proj.gen/sources_1/bd/finn_design/synth/finn_design.v" into library work
INFO: [VRFC 10-311] analyzing module MVAU_hls_0_imp_7OH4JA
INFO: [VRFC 10-311] analyzing module MVAU_hls_1_imp_ZIW0NT
INFO: [VRFC 10-311] analyzing module MVAU_hls_2_imp_1WP2WTL
INFO: [VRFC 10-311] analyzing module MVAU_hls_3_imp_U0RWZQ
INFO: [VRFC 10-311] analyzing module finn_design
INFO: [VRFC 10-2263] Analyzing SystemVerilog file "/home/neuralnetwork01/Schreibtisch/s7s/nn/task3/Task-3-data/FINN_TMP/code_gen_ipgen_StreamingFIFO_rtl_0_oju8fz0m/fifo_gauge.sv" into library work
INFO: [VRFC 10-311] analyzing module fifo_gauge
WARNING: [VRFC 10-3467] initial value of parameter 'WIDTH' is omitted [/home/neuralnetwork01/Schreibtisch/s7s/nn/task3/Task-3-data/FINN_TMP/code_gen_ipgen_StreamingFIFO_rtl_0_oju8fz0m/fifo_gauge.sv:36]
WARNING: [VRFC 10-587] dynamic variables shall not be written with non-blocking assignments [/home/neuralnetwork01/Schreibtisch/s7s/nn/task3/Task-3-data/FINN_TMP/code_gen_ipgen_StreamingFIFO_rtl_0_oju8fz0m/fifo_gauge.sv:64]
INFO: [VRFC 10-2263] Analyzing Verilog file "/home/neuralnetwork01/Schreibtisch/s7s/nn/task3/Task-3-data/FINN_TMP/code_gen_ipgen_StreamingFIFO_rtl_0_oju8fz0m/Q_srl.v" into library work
INFO: [VRFC 10-311] analyzing module Q_srl
INFO: [VRFC 10-2263] Analyzing Verilog file "/home/neuralnetwork01/Schreibtisch/s7s/nn/task3/Task-3-data/FINN_TMP/code_gen_ipgen_StreamingFIFO_rtl_0_oju8fz0m/StreamingFIFO_rtl_0.v" into library work
INFO: [VRFC 10-311] analyzing module StreamingFIFO_rtl_0
INFO: [VRFC 10-2263] Analyzing SystemVerilog file "/home/neuralnetwork01/Schreibtisch/s7s/nn/task3/Task-3-data/FINN_TMP/code_gen_ipgen_Reshape_rtl_0_mw9donsl/dwc.sv" into library work
INFO: [VRFC 10-311] analyzing module dwc
WARNING: [VRFC 10-3467] initial value of parameter 'IBITS' is omitted [/home/neuralnetwork01/Schreibtisch/s7s/nn/task3/Task-3-data/FINN_TMP/code_gen_ipgen_Reshape_rtl_0_mw9donsl/dwc.sv:35]
WARNING: [VRFC 10-3467] initial value of parameter 'OBITS' is omitted [/home/neuralnetwork01/Schreibtisch/s7s/nn/task3/Task-3-data/FINN_TMP/code_gen_ipgen_Reshape_rtl_0_mw9donsl/dwc.sv:36]
INFO: [VRFC 10-2263] Analyzing SystemVerilog file "/home/neuralnetwork01/Schreibtisch/s7s/nn/task3/Task-3-data/FINN_TMP/code_gen_ipgen_Reshape_rtl_0_mw9donsl/dwc_axi.sv" into library work
INFO: [VRFC 10-311] analyzing module dwc_axi
WARNING: [VRFC 10-3467] initial value of parameter 'IBITS' is omitted [/home/neuralnetwork01/Schreibtisch/s7s/nn/task3/Task-3-data/FINN_TMP/code_gen_ipgen_Reshape_rtl_0_mw9donsl/dwc_axi.sv:35]
WARNING: [VRFC 10-3467] initial value of parameter 'OBITS' is omitted [/home/neuralnetwork01/Schreibtisch/s7s/nn/task3/Task-3-data/FINN_TMP/code_gen_ipgen_Reshape_rtl_0_mw9donsl/dwc_axi.sv:36]
INFO: [VRFC 10-2263] Analyzing Verilog file "/home/neuralnetwork01/Schreibtisch/s7s/nn/task3/Task-3-data/FINN_TMP/code_gen_ipgen_Reshape_rtl_0_mw9donsl/Reshape_rtl_0.v" into library work
INFO: [VRFC 10-311] analyzing module Reshape_rtl_0
INFO: [VRFC 10-2263] Analyzing SystemVerilog file "/home/neuralnetwork01/Schreibtisch/s7s/nn/task3/Task-3-data/FINN_TMP/code_gen_ipgen_StreamingFIFO_rtl_1_7nkvwyq7/fifo_gauge.sv" into library work
INFO: [VRFC 10-311] analyzing module fifo_gauge
WARNING: [VRFC 10-3467] initial value of parameter 'WIDTH' is omitted [/home/neuralnetwork01/Schreibtisch/s7s/nn/task3/Task-3-data/FINN_TMP/code_gen_ipgen_StreamingFIFO_rtl_1_7nkvwyq7/fifo_gauge.sv:36]
WARNING: [VRFC 10-587] dynamic variables shall not be written with non-blocking assignments [/home/neuralnetwork01/Schreibtisch/s7s/nn/task3/Task-3-data/FINN_TMP/code_gen_ipgen_StreamingFIFO_rtl_1_7nkvwyq7/fifo_gauge.sv:64]
WARNING: [VRFC 10-3609] overwriting previous definition of module 'fifo_gauge' [/home/neuralnetwork01/Schreibtisch/s7s/nn/task3/Task-3-data/FINN_TMP/code_gen_ipgen_StreamingFIFO_rtl_1_7nkvwyq7/fifo_gauge.sv:35]
INFO: [VRFC 10-2263] Analyzing Verilog file "/home/neuralnetwork01/Schreibtisch/s7s/nn/task3/Task-3-data/FINN_TMP/code_gen_ipgen_StreamingFIFO_rtl_1_7nkvwyq7/Q_srl.v" into library work
INFO: [VRFC 10-311] analyzing module Q_srl
WARNING: [VRFC 10-3609] overwriting previous definition of module 'Q_srl' [/home/neuralnetwork01/Schreibtisch/s7s/nn/task3/Task-3-data/FINN_TMP/code_gen_ipgen_StreamingFIFO_rtl_1_7nkvwyq7/Q_srl.v:72]
INFO: [VRFC 10-2263] Analyzing Verilog file "/home/neuralnetwork01/Schreibtisch/s7s/nn/task3/Task-3-data/FINN_TMP/code_gen_ipgen_StreamingFIFO_rtl_1_7nkvwyq7/StreamingFIFO_rtl_1.v" into library work
INFO: [VRFC 10-311] analyzing module StreamingFIFO_rtl_1
INFO: [VRFC 10-2263] Analyzing SystemVerilog file "/home/neuralnetwork01/Schreibtisch/s7s/nn/task3/Task-3-data/FINN_TMP/vivado_stitch_proj_bhskll7s/ip/verilog/rtl_ops/Thresholding_rtl_0/axilite.sv" into library work
INFO: [VRFC 10-311] analyzing module axilite
WARNING: [VRFC 10-3467] initial value of parameter 'ADDR_WIDTH' is omitted [/home/neuralnetwork01/Schreibtisch/s7s/nn/task3/Task-3-data/FINN_TMP/vivado_stitch_proj_bhskll7s/ip/verilog/rtl_ops/Thresholding_rtl_0/axilite.sv:33]
WARNING: [VRFC 10-3467] initial value of parameter 'DATA_WIDTH' is omitted [/home/neuralnetwork01/Schreibtisch/s7s/nn/task3/Task-3-data/FINN_TMP/vivado_stitch_proj_bhskll7s/ip/verilog/rtl_ops/Thresholding_rtl_0/axilite.sv:34]
WARNING: [VRFC 10-3467] initial value of parameter 'IP_DATA_WIDTH' is omitted [/home/neuralnetwork01/Schreibtisch/s7s/nn/task3/Task-3-data/FINN_TMP/vivado_stitch_proj_bhskll7s/ip/verilog/rtl_ops/Thresholding_rtl_0/axilite.sv:35]
WARNING: [VRFC 10-3380] identifier 'snk_re' is used before its declaration [/home/neuralnetwork01/Schreibtisch/s7s/nn/task3/Task-3-data/FINN_TMP/vivado_stitch_proj_bhskll7s/ip/verilog/rtl_ops/Thresholding_rtl_0/axilite.sv:112]
INFO: [VRFC 10-2263] Analyzing SystemVerilog file "/home/neuralnetwork01/Schreibtisch/s7s/nn/task3/Task-3-data/FINN_TMP/vivado_stitch_proj_bhskll7s/ip/verilog/rtl_ops/Thresholding_rtl_0/thresholding.sv" into library work
INFO: [VRFC 10-311] analyzing module thresholding
WARNING: [VRFC 10-3467] initial value of parameter 'K' is omitted [/home/neuralnetwork01/Schreibtisch/s7s/nn/task3/Task-3-data/FINN_TMP/vivado_stitch_proj_bhskll7s/ip/verilog/rtl_ops/Thresholding_rtl_0/thresholding.sv:55]
WARNING: [VRFC 10-3467] initial value of parameter 'N' is omitted [/home/neuralnetwork01/Schreibtisch/s7s/nn/task3/Task-3-data/FINN_TMP/vivado_stitch_proj_bhskll7s/ip/verilog/rtl_ops/Thresholding_rtl_0/thresholding.sv:56]
WARNING: [VRFC 10-3467] initial value of parameter 'C' is omitted [/home/neuralnetwork01/Schreibtisch/s7s/nn/task3/Task-3-data/FINN_TMP/vivado_stitch_proj_bhskll7s/ip/verilog/rtl_ops/Thresholding_rtl_0/thresholding.sv:57]
WARNING: [VRFC 10-3467] initial value of parameter 'PE' is omitted [/home/neuralnetwork01/Schreibtisch/s7s/nn/task3/Task-3-data/FINN_TMP/vivado_stitch_proj_bhskll7s/ip/verilog/rtl_ops/Thresholding_rtl_0/thresholding.sv:58]
INFO: [VRFC 10-2263] Analyzing SystemVerilog file "/home/neuralnetwork01/Schreibtisch/s7s/nn/task3/Task-3-data/FINN_TMP/vivado_stitch_proj_bhskll7s/ip/verilog/rtl_ops/Thresholding_rtl_0/thresholding_axi.sv" into library work
INFO: [VRFC 10-311] analyzing module thresholding_axi
WARNING: [VRFC 10-3467] initial value of parameter 'WI' is omitted [/home/neuralnetwork01/Schreibtisch/s7s/nn/task3/Task-3-data/FINN_TMP/vivado_stitch_proj_bhskll7s/ip/verilog/rtl_ops/Thresholding_rtl_0/thresholding_axi.sv:42]
WARNING: [VRFC 10-3467] initial value of parameter 'WT' is omitted [/home/neuralnetwork01/Schreibtisch/s7s/nn/task3/Task-3-data/FINN_TMP/vivado_stitch_proj_bhskll7s/ip/verilog/rtl_ops/Thresholding_rtl_0/thresholding_axi.sv:43]
WARNING: [VRFC 10-3467] initial value of parameter 'N' is omitted [/home/neuralnetwork01/Schreibtisch/s7s/nn/task3/Task-3-data/FINN_TMP/vivado_stitch_proj_bhskll7s/ip/verilog/rtl_ops/Thresholding_rtl_0/thresholding_axi.sv:44]
WARNING: [VRFC 10-3467] initial value of parameter 'USE_AXILITE' is omitted [/home/neuralnetwork01/Schreibtisch/s7s/nn/task3/Task-3-data/FINN_TMP/vivado_stitch_proj_bhskll7s/ip/verilog/rtl_ops/Thresholding_rtl_0/thresholding_axi.sv:56]
INFO: [VRFC 10-2263] Analyzing Verilog file "/home/neuralnetwork01/Schreibtisch/s7s/nn/task3/Task-3-data/FINN_TMP/vivado_stitch_proj_bhskll7s/ip/verilog/rtl_ops/Thresholding_rtl_0/Thresholding_rtl_0.v" into library work
INFO: [VRFC 10-311] analyzing module Thresholding_rtl_0
INFO: [VRFC 10-2263] Analyzing SystemVerilog file "/home/neuralnetwork01/Schreibtisch/s7s/nn/task3/Task-3-data/FINN_TMP/code_gen_ipgen_StreamingFIFO_rtl_2_z_sobt2u/fifo_gauge.sv" into library work
INFO: [VRFC 10-311] analyzing module fifo_gauge
WARNING: [VRFC 10-3467] initial value of parameter 'WIDTH' is omitted [/home/neuralnetwork01/Schreibtisch/s7s/nn/task3/Task-3-data/FINN_TMP/code_gen_ipgen_StreamingFIFO_rtl_2_z_sobt2u/fifo_gauge.sv:36]
WARNING: [VRFC 10-587] dynamic variables shall not be written with non-blocking assignments [/home/neuralnetwork01/Schreibtisch/s7s/nn/task3/Task-3-data/FINN_TMP/code_gen_ipgen_StreamingFIFO_rtl_2_z_sobt2u/fifo_gauge.sv:64]
WARNING: [VRFC 10-3609] overwriting previous definition of module 'fifo_gauge' [/home/neuralnetwork01/Schreibtisch/s7s/nn/task3/Task-3-data/FINN_TMP/code_gen_ipgen_StreamingFIFO_rtl_2_z_sobt2u/fifo_gauge.sv:35]
INFO: [VRFC 10-2263] Analyzing Verilog file "/home/neuralnetwork01/Schreibtisch/s7s/nn/task3/Task-3-data/FINN_TMP/code_gen_ipgen_StreamingFIFO_rtl_2_z_sobt2u/Q_srl.v" into library work
INFO: [VRFC 10-311] analyzing module Q_srl
WARNING: [VRFC 10-3609] overwriting previous definition of module 'Q_srl' [/home/neuralnetwork01/Schreibtisch/s7s/nn/task3/Task-3-data/FINN_TMP/code_gen_ipgen_StreamingFIFO_rtl_2_z_sobt2u/Q_srl.v:72]
INFO: [VRFC 10-2263] Analyzing Verilog file "/home/neuralnetwork01/Schreibtisch/s7s/nn/task3/Task-3-data/FINN_TMP/code_gen_ipgen_StreamingFIFO_rtl_2_z_sobt2u/StreamingFIFO_rtl_2.v" into library work
INFO: [VRFC 10-311] analyzing module StreamingFIFO_rtl_2
INFO: [VRFC 10-2263] Analyzing SystemVerilog file "/home/neuralnetwork01/Schreibtisch/s7s/nn/task3/Task-3-data/FINN_TMP/code_gen_ipgen_StreamingDataWidthConverter_rtl_0_73hsxm4z/dwc_axi.sv" into library work
INFO: [VRFC 10-311] analyzing module dwc_axi
WARNING: [VRFC 10-3467] initial value of parameter 'IBITS' is omitted [/home/neuralnetwork01/Schreibtisch/s7s/nn/task3/Task-3-data/FINN_TMP/code_gen_ipgen_StreamingDataWidthConverter_rtl_0_73hsxm4z/dwc_axi.sv:35]
WARNING: [VRFC 10-3467] initial value of parameter 'OBITS' is omitted [/home/neuralnetwork01/Schreibtisch/s7s/nn/task3/Task-3-data/FINN_TMP/code_gen_ipgen_StreamingDataWidthConverter_rtl_0_73hsxm4z/dwc_axi.sv:36]
WARNING: [VRFC 10-3609] overwriting previous definition of module 'dwc_axi' [/home/neuralnetwork01/Schreibtisch/s7s/nn/task3/Task-3-data/FINN_TMP/code_gen_ipgen_StreamingDataWidthConverter_rtl_0_73hsxm4z/dwc_axi.sv:34]
INFO: [VRFC 10-2263] Analyzing SystemVerilog file "/home/neuralnetwork01/Schreibtisch/s7s/nn/task3/Task-3-data/FINN_TMP/code_gen_ipgen_StreamingDataWidthConverter_rtl_0_73hsxm4z/dwc.sv" into library work
INFO: [VRFC 10-311] analyzing module dwc
WARNING: [VRFC 10-3467] initial value of parameter 'IBITS' is omitted [/home/neuralnetwork01/Schreibtisch/s7s/nn/task3/Task-3-data/FINN_TMP/code_gen_ipgen_StreamingDataWidthConverter_rtl_0_73hsxm4z/dwc.sv:35]
WARNING: [VRFC 10-3467] initial value of parameter 'OBITS' is omitted [/home/neuralnetwork01/Schreibtisch/s7s/nn/task3/Task-3-data/FINN_TMP/code_gen_ipgen_StreamingDataWidthConverter_rtl_0_73hsxm4z/dwc.sv:36]
WARNING: [VRFC 10-3609] overwriting previous definition of module 'dwc' [/home/neuralnetwork01/Schreibtisch/s7s/nn/task3/Task-3-data/FINN_TMP/code_gen_ipgen_StreamingDataWidthConverter_rtl_0_73hsxm4z/dwc.sv:34]
INFO: [VRFC 10-2263] Analyzing Verilog file "/home/neuralnetwork01/Schreibtisch/s7s/nn/task3/Task-3-data/FINN_TMP/code_gen_ipgen_StreamingDataWidthConverter_rtl_0_73hsxm4z/StreamingDataWidthConverter_rtl_0.v" into library work
INFO: [VRFC 10-311] analyzing module StreamingDataWidthConverter_rtl_0
INFO: [VRFC 10-2263] Analyzing SystemVerilog file "/home/neuralnetwork01/Schreibtisch/s7s/nn/task3/Task-3-data/FINN_TMP/code_gen_ipgen_StreamingFIFO_rtl_3_7o3tz_9g/fifo_gauge.sv" into library work
INFO: [VRFC 10-311] analyzing module fifo_gauge
WARNING: [VRFC 10-3467] initial value of parameter 'WIDTH' is omitted [/home/neuralnetwork01/Schreibtisch/s7s/nn/task3/Task-3-data/FINN_TMP/code_gen_ipgen_StreamingFIFO_rtl_3_7o3tz_9g/fifo_gauge.sv:36]
WARNING: [VRFC 10-587] dynamic variables shall not be written with non-blocking assignments [/home/neuralnetwork01/Schreibtisch/s7s/nn/task3/Task-3-data/FINN_TMP/code_gen_ipgen_StreamingFIFO_rtl_3_7o3tz_9g/fifo_gauge.sv:64]
WARNING: [VRFC 10-3609] overwriting previous definition of module 'fifo_gauge' [/home/neuralnetwork01/Schreibtisch/s7s/nn/task3/Task-3-data/FINN_TMP/code_gen_ipgen_StreamingFIFO_rtl_3_7o3tz_9g/fifo_gauge.sv:35]
INFO: [VRFC 10-2263] Analyzing Verilog file "/home/neuralnetwork01/Schreibtisch/s7s/nn/task3/Task-3-data/FINN_TMP/code_gen_ipgen_StreamingFIFO_rtl_3_7o3tz_9g/Q_srl.v" into library work
INFO: [VRFC 10-311] analyzing module Q_srl
WARNING: [VRFC 10-3609] overwriting previous definition of module 'Q_srl' [/home/neuralnetwork01/Schreibtisch/s7s/nn/task3/Task-3-data/FINN_TMP/code_gen_ipgen_StreamingFIFO_rtl_3_7o3tz_9g/Q_srl.v:72]
INFO: [VRFC 10-2263] Analyzing Verilog file "/home/neuralnetwork01/Schreibtisch/s7s/nn/task3/Task-3-data/FINN_TMP/code_gen_ipgen_StreamingFIFO_rtl_3_7o3tz_9g/StreamingFIFO_rtl_3.v" into library work
INFO: [VRFC 10-311] analyzing module StreamingFIFO_rtl_3
INFO: [VRFC 10-2263] Analyzing Verilog file "/home/neuralnetwork01/Schreibtisch/s7s/nn/task3/Task-3-data/FINN_TMP/vivado_stitch_proj_bhskll7s/ip/verilog/rtl_ops/MVAU_hls_0/MVAU_hls_0_memstream_wrapper.v" into library work
INFO: [VRFC 10-311] analyzing module MVAU_hls_0_memstream_wrapper
INFO: [VRFC 10-2263] Analyzing SystemVerilog file "/home/neuralnetwork01/Schreibtisch/s7s/nn/task3/Task-3-data/FINN_TMP/vivado_stitch_proj_bhskll7s/ip/verilog/rtl_ops/MVAU_hls_0/axilite.sv" into library work
INFO: [VRFC 10-311] analyzing module axilite
WARNING: [VRFC 10-3467] initial value of parameter 'ADDR_WIDTH' is omitted [/home/neuralnetwork01/Schreibtisch/s7s/nn/task3/Task-3-data/FINN_TMP/vivado_stitch_proj_bhskll7s/ip/verilog/rtl_ops/MVAU_hls_0/axilite.sv:33]
WARNING: [VRFC 10-3467] initial value of parameter 'DATA_WIDTH' is omitted [/home/neuralnetwork01/Schreibtisch/s7s/nn/task3/Task-3-data/FINN_TMP/vivado_stitch_proj_bhskll7s/ip/verilog/rtl_ops/MVAU_hls_0/axilite.sv:34]
WARNING: [VRFC 10-3467] initial value of parameter 'IP_DATA_WIDTH' is omitted [/home/neuralnetwork01/Schreibtisch/s7s/nn/task3/Task-3-data/FINN_TMP/vivado_stitch_proj_bhskll7s/ip/verilog/rtl_ops/MVAU_hls_0/axilite.sv:35]
WARNING: [VRFC 10-3380] identifier 'snk_re' is used before its declaration [/home/neuralnetwork01/Schreibtisch/s7s/nn/task3/Task-3-data/FINN_TMP/vivado_stitch_proj_bhskll7s/ip/verilog/rtl_ops/MVAU_hls_0/axilite.sv:112]
WARNING: [VRFC 10-3609] overwriting previous definition of module 'axilite' [/home/neuralnetwork01/Schreibtisch/s7s/nn/task3/Task-3-data/FINN_TMP/vivado_stitch_proj_bhskll7s/ip/verilog/rtl_ops/MVAU_hls_0/axilite.sv:32]
INFO: [VRFC 10-2263] Analyzing SystemVerilog file "/home/neuralnetwork01/Schreibtisch/s7s/nn/task3/Task-3-data/FINN_TMP/vivado_stitch_proj_bhskll7s/ip/verilog/rtl_ops/MVAU_hls_0/memstream_axi.sv" into library work
INFO: [VRFC 10-311] analyzing module memstream_axi
WARNING: [VRFC 10-3467] initial value of parameter 'SETS' is omitted [/home/neuralnetwork01/Schreibtisch/s7s/nn/task3/Task-3-data/FINN_TMP/vivado_stitch_proj_bhskll7s/ip/verilog/rtl_ops/MVAU_hls_0/memstream_axi.sv:34]
WARNING: [VRFC 10-3467] initial value of parameter 'DEPTH' is omitted [/home/neuralnetwork01/Schreibtisch/s7s/nn/task3/Task-3-data/FINN_TMP/vivado_stitch_proj_bhskll7s/ip/verilog/rtl_ops/MVAU_hls_0/memstream_axi.sv:35]
WARNING: [VRFC 10-3467] initial value of parameter 'WIDTH' is omitted [/home/neuralnetwork01/Schreibtisch/s7s/nn/task3/Task-3-data/FINN_TMP/vivado_stitch_proj_bhskll7s/ip/verilog/rtl_ops/MVAU_hls_0/memstream_axi.sv:36]
INFO: [VRFC 10-2263] Analyzing SystemVerilog file "/home/neuralnetwork01/Schreibtisch/s7s/nn/task3/Task-3-data/FINN_TMP/vivado_stitch_proj_bhskll7s/ip/verilog/rtl_ops/MVAU_hls_0/memstream.sv" into library work
INFO: [VRFC 10-311] analyzing module memstream
WARNING: [VRFC 10-3467] initial value of parameter 'SETS' is omitted [/home/neuralnetwork01/Schreibtisch/s7s/nn/task3/Task-3-data/FINN_TMP/vivado_stitch_proj_bhskll7s/ip/verilog/rtl_ops/MVAU_hls_0/memstream.sv:34]
WARNING: [VRFC 10-3467] initial value of parameter 'DEPTH' is omitted [/home/neuralnetwork01/Schreibtisch/s7s/nn/task3/Task-3-data/FINN_TMP/vivado_stitch_proj_bhskll7s/ip/verilog/rtl_ops/MVAU_hls_0/memstream.sv:35]
WARNING: [VRFC 10-3467] initial value of parameter 'WIDTH' is omitted [/home/neuralnetwork01/Schreibtisch/s7s/nn/task3/Task-3-data/FINN_TMP/vivado_stitch_proj_bhskll7s/ip/verilog/rtl_ops/MVAU_hls_0/memstream.sv:36]
INFO: [VRFC 10-2263] Analyzing SystemVerilog file "/home/neuralnetwork01/Schreibtisch/s7s/nn/task3/Task-3-data/FINN_TMP/code_gen_ipgen_StreamingFIFO_rtl_4__ohwx6re/fifo_gauge.sv" into library work
INFO: [VRFC 10-311] analyzing module fifo_gauge
WARNING: [VRFC 10-3467] initial value of parameter 'WIDTH' is omitted [/home/neuralnetwork01/Schreibtisch/s7s/nn/task3/Task-3-data/FINN_TMP/code_gen_ipgen_StreamingFIFO_rtl_4__ohwx6re/fifo_gauge.sv:36]
WARNING: [VRFC 10-587] dynamic variables shall not be written with non-blocking assignments [/home/neuralnetwork01/Schreibtisch/s7s/nn/task3/Task-3-data/FINN_TMP/code_gen_ipgen_StreamingFIFO_rtl_4__ohwx6re/fifo_gauge.sv:64]
WARNING: [VRFC 10-3609] overwriting previous definition of module 'fifo_gauge' [/home/neuralnetwork01/Schreibtisch/s7s/nn/task3/Task-3-data/FINN_TMP/code_gen_ipgen_StreamingFIFO_rtl_4__ohwx6re/fifo_gauge.sv:35]
INFO: [VRFC 10-2263] Analyzing Verilog file "/home/neuralnetwork01/Schreibtisch/s7s/nn/task3/Task-3-data/FINN_TMP/code_gen_ipgen_StreamingFIFO_rtl_4__ohwx6re/Q_srl.v" into library work
INFO: [VRFC 10-311] analyzing module Q_srl
WARNING: [VRFC 10-3609] overwriting previous definition of module 'Q_srl' [/home/neuralnetwork01/Schreibtisch/s7s/nn/task3/Task-3-data/FINN_TMP/code_gen_ipgen_StreamingFIFO_rtl_4__ohwx6re/Q_srl.v:72]
INFO: [VRFC 10-2263] Analyzing Verilog file "/home/neuralnetwork01/Schreibtisch/s7s/nn/task3/Task-3-data/FINN_TMP/code_gen_ipgen_StreamingFIFO_rtl_4__ohwx6re/StreamingFIFO_rtl_4.v" into library work
INFO: [VRFC 10-311] analyzing module StreamingFIFO_rtl_4
INFO: [VRFC 10-2263] Analyzing Verilog file "/home/neuralnetwork01/Schreibtisch/s7s/nn/task3/Task-3-data/FINN_TMP/vivado_stitch_proj_bhskll7s/ip/verilog/rtl_ops/MVAU_hls_1/MVAU_hls_1_memstream_wrapper.v" into library work
INFO: [VRFC 10-311] analyzing module MVAU_hls_1_memstream_wrapper
INFO: [VRFC 10-2263] Analyzing SystemVerilog file "/home/neuralnetwork01/Schreibtisch/s7s/nn/task3/Task-3-data/FINN_TMP/vivado_stitch_proj_bhskll7s/ip/verilog/rtl_ops/MVAU_hls_1/axilite.sv" into library work
INFO: [VRFC 10-311] analyzing module axilite
WARNING: [VRFC 10-3467] initial value of parameter 'ADDR_WIDTH' is omitted [/home/neuralnetwork01/Schreibtisch/s7s/nn/task3/Task-3-data/FINN_TMP/vivado_stitch_proj_bhskll7s/ip/verilog/rtl_ops/MVAU_hls_1/axilite.sv:33]
WARNING: [VRFC 10-3467] initial value of parameter 'DATA_WIDTH' is omitted [/home/neuralnetwork01/Schreibtisch/s7s/nn/task3/Task-3-data/FINN_TMP/vivado_stitch_proj_bhskll7s/ip/verilog/rtl_ops/MVAU_hls_1/axilite.sv:34]
WARNING: [VRFC 10-3467] initial value of parameter 'IP_DATA_WIDTH' is omitted [/home/neuralnetwork01/Schreibtisch/s7s/nn/task3/Task-3-data/FINN_TMP/vivado_stitch_proj_bhskll7s/ip/verilog/rtl_ops/MVAU_hls_1/axilite.sv:35]
WARNING: [VRFC 10-3380] identifier 'snk_re' is used before its declaration [/home/neuralnetwork01/Schreibtisch/s7s/nn/task3/Task-3-data/FINN_TMP/vivado_stitch_proj_bhskll7s/ip/verilog/rtl_ops/MVAU_hls_1/axilite.sv:112]
WARNING: [VRFC 10-3609] overwriting previous definition of module 'axilite' [/home/neuralnetwork01/Schreibtisch/s7s/nn/task3/Task-3-data/FINN_TMP/vivado_stitch_proj_bhskll7s/ip/verilog/rtl_ops/MVAU_hls_1/axilite.sv:32]
INFO: [VRFC 10-2263] Analyzing SystemVerilog file "/home/neuralnetwork01/Schreibtisch/s7s/nn/task3/Task-3-data/FINN_TMP/vivado_stitch_proj_bhskll7s/ip/verilog/rtl_ops/MVAU_hls_1/memstream_axi.sv" into library work
INFO: [VRFC 10-311] analyzing module memstream_axi
WARNING: [VRFC 10-3467] initial value of parameter 'SETS' is omitted [/home/neuralnetwork01/Schreibtisch/s7s/nn/task3/Task-3-data/FINN_TMP/vivado_stitch_proj_bhskll7s/ip/verilog/rtl_ops/MVAU_hls_1/memstream_axi.sv:34]
WARNING: [VRFC 10-3467] initial value of parameter 'DEPTH' is omitted [/home/neuralnetwork01/Schreibtisch/s7s/nn/task3/Task-3-data/FINN_TMP/vivado_stitch_proj_bhskll7s/ip/verilog/rtl_ops/MVAU_hls_1/memstream_axi.sv:35]
WARNING: [VRFC 10-3467] initial value of parameter 'WIDTH' is omitted [/home/neuralnetwork01/Schreibtisch/s7s/nn/task3/Task-3-data/FINN_TMP/vivado_stitch_proj_bhskll7s/ip/verilog/rtl_ops/MVAU_hls_1/memstream_axi.sv:36]
WARNING: [VRFC 10-3609] overwriting previous definition of module 'memstream_axi' [/home/neuralnetwork01/Schreibtisch/s7s/nn/task3/Task-3-data/FINN_TMP/vivado_stitch_proj_bhskll7s/ip/verilog/rtl_ops/MVAU_hls_1/memstream_axi.sv:33]
INFO: [VRFC 10-2263] Analyzing SystemVerilog file "/home/neuralnetwork01/Schreibtisch/s7s/nn/task3/Task-3-data/FINN_TMP/vivado_stitch_proj_bhskll7s/ip/verilog/rtl_ops/MVAU_hls_1/memstream.sv" into library work
INFO: [VRFC 10-311] analyzing module memstream
WARNING: [VRFC 10-3467] initial value of parameter 'SETS' is omitted [/home/neuralnetwork01/Schreibtisch/s7s/nn/task3/Task-3-data/FINN_TMP/vivado_stitch_proj_bhskll7s/ip/verilog/rtl_ops/MVAU_hls_1/memstream.sv:34]
WARNING: [VRFC 10-3467] initial value of parameter 'DEPTH' is omitted [/home/neuralnetwork01/Schreibtisch/s7s/nn/task3/Task-3-data/FINN_TMP/vivado_stitch_proj_bhskll7s/ip/verilog/rtl_ops/MVAU_hls_1/memstream.sv:35]
WARNING: [VRFC 10-3467] initial value of parameter 'WIDTH' is omitted [/home/neuralnetwork01/Schreibtisch/s7s/nn/task3/Task-3-data/FINN_TMP/vivado_stitch_proj_bhskll7s/ip/verilog/rtl_ops/MVAU_hls_1/memstream.sv:36]
WARNING: [VRFC 10-3609] overwriting previous definition of module 'memstream' [/home/neuralnetwork01/Schreibtisch/s7s/nn/task3/Task-3-data/FINN_TMP/vivado_stitch_proj_bhskll7s/ip/verilog/rtl_ops/MVAU_hls_1/memstream.sv:33]
INFO: [VRFC 10-2263] Analyzing SystemVerilog file "/home/neuralnetwork01/Schreibtisch/s7s/nn/task3/Task-3-data/FINN_TMP/code_gen_ipgen_StreamingFIFO_rtl_5_xsge6c_i/fifo_gauge.sv" into library work
INFO: [VRFC 10-311] analyzing module fifo_gauge
WARNING: [VRFC 10-3467] initial value of parameter 'WIDTH' is omitted [/home/neuralnetwork01/Schreibtisch/s7s/nn/task3/Task-3-data/FINN_TMP/code_gen_ipgen_StreamingFIFO_rtl_5_xsge6c_i/fifo_gauge.sv:36]
WARNING: [VRFC 10-587] dynamic variables shall not be written with non-blocking assignments [/home/neuralnetwork01/Schreibtisch/s7s/nn/task3/Task-3-data/FINN_TMP/code_gen_ipgen_StreamingFIFO_rtl_5_xsge6c_i/fifo_gauge.sv:64]
WARNING: [VRFC 10-3609] overwriting previous definition of module 'fifo_gauge' [/home/neuralnetwork01/Schreibtisch/s7s/nn/task3/Task-3-data/FINN_TMP/code_gen_ipgen_StreamingFIFO_rtl_5_xsge6c_i/fifo_gauge.sv:35]
INFO: [VRFC 10-2263] Analyzing Verilog file "/home/neuralnetwork01/Schreibtisch/s7s/nn/task3/Task-3-data/FINN_TMP/code_gen_ipgen_StreamingFIFO_rtl_5_xsge6c_i/Q_srl.v" into library work
INFO: [VRFC 10-311] analyzing module Q_srl
WARNING: [VRFC 10-3609] overwriting previous definition of module 'Q_srl' [/home/neuralnetwork01/Schreibtisch/s7s/nn/task3/Task-3-data/FINN_TMP/code_gen_ipgen_StreamingFIFO_rtl_5_xsge6c_i/Q_srl.v:72]
INFO: [VRFC 10-2263] Analyzing Verilog file "/home/neuralnetwork01/Schreibtisch/s7s/nn/task3/Task-3-data/FINN_TMP/code_gen_ipgen_StreamingFIFO_rtl_5_xsge6c_i/StreamingFIFO_rtl_5.v" into library work
INFO: [VRFC 10-311] analyzing module StreamingFIFO_rtl_5
INFO: [VRFC 10-2263] Analyzing Verilog file "/home/neuralnetwork01/Schreibtisch/s7s/nn/task3/Task-3-data/FINN_TMP/vivado_stitch_proj_bhskll7s/ip/verilog/rtl_ops/MVAU_hls_2/MVAU_hls_2_memstream_wrapper.v" into library work
INFO: [VRFC 10-311] analyzing module MVAU_hls_2_memstream_wrapper
INFO: [VRFC 10-2263] Analyzing SystemVerilog file "/home/neuralnetwork01/Schreibtisch/s7s/nn/task3/Task-3-data/FINN_TMP/vivado_stitch_proj_bhskll7s/ip/verilog/rtl_ops/MVAU_hls_2/axilite.sv" into library work
INFO: [VRFC 10-311] analyzing module axilite
WARNING: [VRFC 10-3467] initial value of parameter 'ADDR_WIDTH' is omitted [/home/neuralnetwork01/Schreibtisch/s7s/nn/task3/Task-3-data/FINN_TMP/vivado_stitch_proj_bhskll7s/ip/verilog/rtl_ops/MVAU_hls_2/axilite.sv:33]
WARNING: [VRFC 10-3467] initial value of parameter 'DATA_WIDTH' is omitted [/home/neuralnetwork01/Schreibtisch/s7s/nn/task3/Task-3-data/FINN_TMP/vivado_stitch_proj_bhskll7s/ip/verilog/rtl_ops/MVAU_hls_2/axilite.sv:34]
WARNING: [VRFC 10-3467] initial value of parameter 'IP_DATA_WIDTH' is omitted [/home/neuralnetwork01/Schreibtisch/s7s/nn/task3/Task-3-data/FINN_TMP/vivado_stitch_proj_bhskll7s/ip/verilog/rtl_ops/MVAU_hls_2/axilite.sv:35]
WARNING: [VRFC 10-3380] identifier 'snk_re' is used before its declaration [/home/neuralnetwork01/Schreibtisch/s7s/nn/task3/Task-3-data/FINN_TMP/vivado_stitch_proj_bhskll7s/ip/verilog/rtl_ops/MVAU_hls_2/axilite.sv:112]
WARNING: [VRFC 10-3609] overwriting previous definition of module 'axilite' [/home/neuralnetwork01/Schreibtisch/s7s/nn/task3/Task-3-data/FINN_TMP/vivado_stitch_proj_bhskll7s/ip/verilog/rtl_ops/MVAU_hls_2/axilite.sv:32]
INFO: [VRFC 10-2263] Analyzing SystemVerilog file "/home/neuralnetwork01/Schreibtisch/s7s/nn/task3/Task-3-data/FINN_TMP/vivado_stitch_proj_bhskll7s/ip/verilog/rtl_ops/MVAU_hls_2/memstream_axi.sv" into library work
INFO: [VRFC 10-311] analyzing module memstream_axi
WARNING: [VRFC 10-3467] initial value of parameter 'SETS' is omitted [/home/neuralnetwork01/Schreibtisch/s7s/nn/task3/Task-3-data/FINN_TMP/vivado_stitch_proj_bhskll7s/ip/verilog/rtl_ops/MVAU_hls_2/memstream_axi.sv:34]
WARNING: [VRFC 10-3467] initial value of parameter 'DEPTH' is omitted [/home/neuralnetwork01/Schreibtisch/s7s/nn/task3/Task-3-data/FINN_TMP/vivado_stitch_proj_bhskll7s/ip/verilog/rtl_ops/MVAU_hls_2/memstream_axi.sv:35]
WARNING: [VRFC 10-3467] initial value of parameter 'WIDTH' is omitted [/home/neuralnetwork01/Schreibtisch/s7s/nn/task3/Task-3-data/FINN_TMP/vivado_stitch_proj_bhskll7s/ip/verilog/rtl_ops/MVAU_hls_2/memstream_axi.sv:36]
WARNING: [VRFC 10-3609] overwriting previous definition of module 'memstream_axi' [/home/neuralnetwork01/Schreibtisch/s7s/nn/task3/Task-3-data/FINN_TMP/vivado_stitch_proj_bhskll7s/ip/verilog/rtl_ops/MVAU_hls_2/memstream_axi.sv:33]
INFO: [VRFC 10-2263] Analyzing SystemVerilog file "/home/neuralnetwork01/Schreibtisch/s7s/nn/task3/Task-3-data/FINN_TMP/vivado_stitch_proj_bhskll7s/ip/verilog/rtl_ops/MVAU_hls_2/memstream.sv" into library work
INFO: [VRFC 10-311] analyzing module memstream
WARNING: [VRFC 10-3467] initial value of parameter 'SETS' is omitted [/home/neuralnetwork01/Schreibtisch/s7s/nn/task3/Task-3-data/FINN_TMP/vivado_stitch_proj_bhskll7s/ip/verilog/rtl_ops/MVAU_hls_2/memstream.sv:34]
WARNING: [VRFC 10-3467] initial value of parameter 'DEPTH' is omitted [/home/neuralnetwork01/Schreibtisch/s7s/nn/task3/Task-3-data/FINN_TMP/vivado_stitch_proj_bhskll7s/ip/verilog/rtl_ops/MVAU_hls_2/memstream.sv:35]
WARNING: [VRFC 10-3467] initial value of parameter 'WIDTH' is omitted [/home/neuralnetwork01/Schreibtisch/s7s/nn/task3/Task-3-data/FINN_TMP/vivado_stitch_proj_bhskll7s/ip/verilog/rtl_ops/MVAU_hls_2/memstream.sv:36]
WARNING: [VRFC 10-3609] overwriting previous definition of module 'memstream' [/home/neuralnetwork01/Schreibtisch/s7s/nn/task3/Task-3-data/FINN_TMP/vivado_stitch_proj_bhskll7s/ip/verilog/rtl_ops/MVAU_hls_2/memstream.sv:33]
INFO: [VRFC 10-2263] Analyzing SystemVerilog file "/home/neuralnetwork01/Schreibtisch/s7s/nn/task3/Task-3-data/FINN_TMP/code_gen_ipgen_StreamingFIFO_rtl_6_ptqkq608/fifo_gauge.sv" into library work
INFO: [VRFC 10-311] analyzing module fifo_gauge
WARNING: [VRFC 10-3467] initial value of parameter 'WIDTH' is omitted [/home/neuralnetwork01/Schreibtisch/s7s/nn/task3/Task-3-data/FINN_TMP/code_gen_ipgen_StreamingFIFO_rtl_6_ptqkq608/fifo_gauge.sv:36]
WARNING: [VRFC 10-587] dynamic variables shall not be written with non-blocking assignments [/home/neuralnetwork01/Schreibtisch/s7s/nn/task3/Task-3-data/FINN_TMP/code_gen_ipgen_StreamingFIFO_rtl_6_ptqkq608/fifo_gauge.sv:64]
WARNING: [VRFC 10-3609] overwriting previous definition of module 'fifo_gauge' [/home/neuralnetwork01/Schreibtisch/s7s/nn/task3/Task-3-data/FINN_TMP/code_gen_ipgen_StreamingFIFO_rtl_6_ptqkq608/fifo_gauge.sv:35]
INFO: [VRFC 10-2263] Analyzing Verilog file "/home/neuralnetwork01/Schreibtisch/s7s/nn/task3/Task-3-data/FINN_TMP/code_gen_ipgen_StreamingFIFO_rtl_6_ptqkq608/Q_srl.v" into library work
INFO: [VRFC 10-311] analyzing module Q_srl
WARNING: [VRFC 10-3609] overwriting previous definition of module 'Q_srl' [/home/neuralnetwork01/Schreibtisch/s7s/nn/task3/Task-3-data/FINN_TMP/code_gen_ipgen_StreamingFIFO_rtl_6_ptqkq608/Q_srl.v:72]
INFO: [VRFC 10-2263] Analyzing Verilog file "/home/neuralnetwork01/Schreibtisch/s7s/nn/task3/Task-3-data/FINN_TMP/code_gen_ipgen_StreamingFIFO_rtl_6_ptqkq608/StreamingFIFO_rtl_6.v" into library work
INFO: [VRFC 10-311] analyzing module StreamingFIFO_rtl_6
INFO: [VRFC 10-2263] Analyzing Verilog file "/home/neuralnetwork01/Schreibtisch/s7s/nn/task3/Task-3-data/FINN_TMP/vivado_stitch_proj_bhskll7s/ip/verilog/rtl_ops/MVAU_hls_3/MVAU_hls_3_memstream_wrapper.v" into library work
INFO: [VRFC 10-311] analyzing module MVAU_hls_3_memstream_wrapper
INFO: [VRFC 10-2263] Analyzing SystemVerilog file "/home/neuralnetwork01/Schreibtisch/s7s/nn/task3/Task-3-data/FINN_TMP/vivado_stitch_proj_bhskll7s/ip/verilog/rtl_ops/MVAU_hls_3/axilite.sv" into library work
INFO: [VRFC 10-311] analyzing module axilite
WARNING: [VRFC 10-3467] initial value of parameter 'ADDR_WIDTH' is omitted [/home/neuralnetwork01/Schreibtisch/s7s/nn/task3/Task-3-data/FINN_TMP/vivado_stitch_proj_bhskll7s/ip/verilog/rtl_ops/MVAU_hls_3/axilite.sv:33]
WARNING: [VRFC 10-3467] initial value of parameter 'DATA_WIDTH' is omitted [/home/neuralnetwork01/Schreibtisch/s7s/nn/task3/Task-3-data/FINN_TMP/vivado_stitch_proj_bhskll7s/ip/verilog/rtl_ops/MVAU_hls_3/axilite.sv:34]
WARNING: [VRFC 10-3467] initial value of parameter 'IP_DATA_WIDTH' is omitted [/home/neuralnetwork01/Schreibtisch/s7s/nn/task3/Task-3-data/FINN_TMP/vivado_stitch_proj_bhskll7s/ip/verilog/rtl_ops/MVAU_hls_3/axilite.sv:35]
WARNING: [VRFC 10-3380] identifier 'snk_re' is used before its declaration [/home/neuralnetwork01/Schreibtisch/s7s/nn/task3/Task-3-data/FINN_TMP/vivado_stitch_proj_bhskll7s/ip/verilog/rtl_ops/MVAU_hls_3/axilite.sv:112]
WARNING: [VRFC 10-3609] overwriting previous definition of module 'axilite' [/home/neuralnetwork01/Schreibtisch/s7s/nn/task3/Task-3-data/FINN_TMP/vivado_stitch_proj_bhskll7s/ip/verilog/rtl_ops/MVAU_hls_3/axilite.sv:32]
INFO: [VRFC 10-2263] Analyzing SystemVerilog file "/home/neuralnetwork01/Schreibtisch/s7s/nn/task3/Task-3-data/FINN_TMP/vivado_stitch_proj_bhskll7s/ip/verilog/rtl_ops/MVAU_hls_3/memstream_axi.sv" into library work
INFO: [VRFC 10-311] analyzing module memstream_axi
WARNING: [VRFC 10-3467] initial value of parameter 'SETS' is omitted [/home/neuralnetwork01/Schreibtisch/s7s/nn/task3/Task-3-data/FINN_TMP/vivado_stitch_proj_bhskll7s/ip/verilog/rtl_ops/MVAU_hls_3/memstream_axi.sv:34]
WARNING: [VRFC 10-3467] initial value of parameter 'DEPTH' is omitted [/home/neuralnetwork01/Schreibtisch/s7s/nn/task3/Task-3-data/FINN_TMP/vivado_stitch_proj_bhskll7s/ip/verilog/rtl_ops/MVAU_hls_3/memstream_axi.sv:35]
WARNING: [VRFC 10-3467] initial value of parameter 'WIDTH' is omitted [/home/neuralnetwork01/Schreibtisch/s7s/nn/task3/Task-3-data/FINN_TMP/vivado_stitch_proj_bhskll7s/ip/verilog/rtl_ops/MVAU_hls_3/memstream_axi.sv:36]
WARNING: [VRFC 10-3609] overwriting previous definition of module 'memstream_axi' [/home/neuralnetwork01/Schreibtisch/s7s/nn/task3/Task-3-data/FINN_TMP/vivado_stitch_proj_bhskll7s/ip/verilog/rtl_ops/MVAU_hls_3/memstream_axi.sv:33]
INFO: [VRFC 10-2263] Analyzing SystemVerilog file "/home/neuralnetwork01/Schreibtisch/s7s/nn/task3/Task-3-data/FINN_TMP/vivado_stitch_proj_bhskll7s/ip/verilog/rtl_ops/MVAU_hls_3/memstream.sv" into library work
INFO: [VRFC 10-311] analyzing module memstream
WARNING: [VRFC 10-3467] initial value of parameter 'SETS' is omitted [/home/neuralnetwork01/Schreibtisch/s7s/nn/task3/Task-3-data/FINN_TMP/vivado_stitch_proj_bhskll7s/ip/verilog/rtl_ops/MVAU_hls_3/memstream.sv:34]
WARNING: [VRFC 10-3467] initial value of parameter 'DEPTH' is omitted [/home/neuralnetwork01/Schreibtisch/s7s/nn/task3/Task-3-data/FINN_TMP/vivado_stitch_proj_bhskll7s/ip/verilog/rtl_ops/MVAU_hls_3/memstream.sv:35]
WARNING: [VRFC 10-3467] initial value of parameter 'WIDTH' is omitted [/home/neuralnetwork01/Schreibtisch/s7s/nn/task3/Task-3-data/FINN_TMP/vivado_stitch_proj_bhskll7s/ip/verilog/rtl_ops/MVAU_hls_3/memstream.sv:36]
WARNING: [VRFC 10-3609] overwriting previous definition of module 'memstream' [/home/neuralnetwork01/Schreibtisch/s7s/nn/task3/Task-3-data/FINN_TMP/vivado_stitch_proj_bhskll7s/ip/verilog/rtl_ops/MVAU_hls_3/memstream.sv:33]
INFO: [VRFC 10-2263] Analyzing SystemVerilog file "/home/neuralnetwork01/Schreibtisch/s7s/nn/task3/Task-3-data/FINN_TMP/code_gen_ipgen_StreamingFIFO_rtl_7_81hud0xf/fifo_gauge.sv" into library work
INFO: [VRFC 10-311] analyzing module fifo_gauge
WARNING: [VRFC 10-3467] initial value of parameter 'WIDTH' is omitted [/home/neuralnetwork01/Schreibtisch/s7s/nn/task3/Task-3-data/FINN_TMP/code_gen_ipgen_StreamingFIFO_rtl_7_81hud0xf/fifo_gauge.sv:36]
WARNING: [VRFC 10-587] dynamic variables shall not be written with non-blocking assignments [/home/neuralnetwork01/Schreibtisch/s7s/nn/task3/Task-3-data/FINN_TMP/code_gen_ipgen_StreamingFIFO_rtl_7_81hud0xf/fifo_gauge.sv:64]
WARNING: [VRFC 10-3609] overwriting previous definition of module 'fifo_gauge' [/home/neuralnetwork01/Schreibtisch/s7s/nn/task3/Task-3-data/FINN_TMP/code_gen_ipgen_StreamingFIFO_rtl_7_81hud0xf/fifo_gauge.sv:35]
INFO: [VRFC 10-2263] Analyzing Verilog file "/home/neuralnetwork01/Schreibtisch/s7s/nn/task3/Task-3-data/FINN_TMP/code_gen_ipgen_StreamingFIFO_rtl_7_81hud0xf/Q_srl.v" into library work
INFO: [VRFC 10-311] analyzing module Q_srl
WARNING: [VRFC 10-3609] overwriting previous definition of module 'Q_srl' [/home/neuralnetwork01/Schreibtisch/s7s/nn/task3/Task-3-data/FINN_TMP/code_gen_ipgen_StreamingFIFO_rtl_7_81hud0xf/Q_srl.v:72]
INFO: [VRFC 10-2263] Analyzing Verilog file "/home/neuralnetwork01/Schreibtisch/s7s/nn/task3/Task-3-data/FINN_TMP/code_gen_ipgen_StreamingFIFO_rtl_7_81hud0xf/StreamingFIFO_rtl_7.v" into library work
INFO: [VRFC 10-311] analyzing module StreamingFIFO_rtl_7
INFO: [VRFC 10-2263] Analyzing SystemVerilog file "/home/neuralnetwork01/Schreibtisch/s7s/nn/task3/Task-3-data/FINN_TMP/code_gen_ipgen_StreamingDataWidthConverter_rtl_1_vvipu1b6/dwc_axi.sv" into library work
INFO: [VRFC 10-311] analyzing module dwc_axi
WARNING: [VRFC 10-3467] initial value of parameter 'IBITS' is omitted [/home/neuralnetwork01/Schreibtisch/s7s/nn/task3/Task-3-data/FINN_TMP/code_gen_ipgen_StreamingDataWidthConverter_rtl_1_vvipu1b6/dwc_axi.sv:35]
WARNING: [VRFC 10-3467] initial value of parameter 'OBITS' is omitted [/home/neuralnetwork01/Schreibtisch/s7s/nn/task3/Task-3-data/FINN_TMP/code_gen_ipgen_StreamingDataWidthConverter_rtl_1_vvipu1b6/dwc_axi.sv:36]
WARNING: [VRFC 10-3609] overwriting previous definition of module 'dwc_axi' [/home/neuralnetwork01/Schreibtisch/s7s/nn/task3/Task-3-data/FINN_TMP/code_gen_ipgen_StreamingDataWidthConverter_rtl_1_vvipu1b6/dwc_axi.sv:34]
INFO: [VRFC 10-2263] Analyzing SystemVerilog file "/home/neuralnetwork01/Schreibtisch/s7s/nn/task3/Task-3-data/FINN_TMP/code_gen_ipgen_StreamingDataWidthConverter_rtl_1_vvipu1b6/dwc.sv" into library work
INFO: [VRFC 10-311] analyzing module dwc
WARNING: [VRFC 10-3467] initial value of parameter 'IBITS' is omitted [/home/neuralnetwork01/Schreibtisch/s7s/nn/task3/Task-3-data/FINN_TMP/code_gen_ipgen_StreamingDataWidthConverter_rtl_1_vvipu1b6/dwc.sv:35]
WARNING: [VRFC 10-3467] initial value of parameter 'OBITS' is omitted [/home/neuralnetwork01/Schreibtisch/s7s/nn/task3/Task-3-data/FINN_TMP/code_gen_ipgen_StreamingDataWidthConverter_rtl_1_vvipu1b6/dwc.sv:36]
WARNING: [VRFC 10-3609] overwriting previous definition of module 'dwc' [/home/neuralnetwork01/Schreibtisch/s7s/nn/task3/Task-3-data/FINN_TMP/code_gen_ipgen_StreamingDataWidthConverter_rtl_1_vvipu1b6/dwc.sv:34]
INFO: [VRFC 10-2263] Analyzing Verilog file "/home/neuralnetwork01/Schreibtisch/s7s/nn/task3/Task-3-data/FINN_TMP/code_gen_ipgen_StreamingDataWidthConverter_rtl_1_vvipu1b6/StreamingDataWidthConverter_rtl_1.v" into library work
INFO: [VRFC 10-311] analyzing module StreamingDataWidthConverter_rtl_1
INFO: [VRFC 10-2263] Analyzing SystemVerilog file "/home/neuralnetwork01/Schreibtisch/s7s/nn/task3/Task-3-data/FINN_TMP/code_gen_ipgen_StreamingFIFO_rtl_8_5nt85kyi/fifo_gauge.sv" into library work
INFO: [VRFC 10-311] analyzing module fifo_gauge
WARNING: [VRFC 10-3467] initial value of parameter 'WIDTH' is omitted [/home/neuralnetwork01/Schreibtisch/s7s/nn/task3/Task-3-data/FINN_TMP/code_gen_ipgen_StreamingFIFO_rtl_8_5nt85kyi/fifo_gauge.sv:36]
WARNING: [VRFC 10-587] dynamic variables shall not be written with non-blocking assignments [/home/neuralnetwork01/Schreibtisch/s7s/nn/task3/Task-3-data/FINN_TMP/code_gen_ipgen_StreamingFIFO_rtl_8_5nt85kyi/fifo_gauge.sv:64]
WARNING: [VRFC 10-3609] overwriting previous definition of module 'fifo_gauge' [/home/neuralnetwork01/Schreibtisch/s7s/nn/task3/Task-3-data/FINN_TMP/code_gen_ipgen_StreamingFIFO_rtl_8_5nt85kyi/fifo_gauge.sv:35]
INFO: [VRFC 10-2263] Analyzing Verilog file "/home/neuralnetwork01/Schreibtisch/s7s/nn/task3/Task-3-data/FINN_TMP/code_gen_ipgen_StreamingFIFO_rtl_8_5nt85kyi/Q_srl.v" into library work
INFO: [VRFC 10-311] analyzing module Q_srl
WARNING: [VRFC 10-3609] overwriting previous definition of module 'Q_srl' [/home/neuralnetwork01/Schreibtisch/s7s/nn/task3/Task-3-data/FINN_TMP/code_gen_ipgen_StreamingFIFO_rtl_8_5nt85kyi/Q_srl.v:72]
INFO: [VRFC 10-2263] Analyzing Verilog file "/home/neuralnetwork01/Schreibtisch/s7s/nn/task3/Task-3-data/FINN_TMP/code_gen_ipgen_StreamingFIFO_rtl_8_5nt85kyi/StreamingFIFO_rtl_8.v" into library work
INFO: [VRFC 10-311] analyzing module StreamingFIFO_rtl_8
INFO: [VRFC 10-2263] Analyzing SystemVerilog file "/home/neuralnetwork01/Schreibtisch/s7s/nn/task3/Task-3-data/FINN_TMP/code_gen_ipgen_StreamingFIFO_rtl_9_ol62ro42/fifo_gauge.sv" into library work
INFO: [VRFC 10-311] analyzing module fifo_gauge
WARNING: [VRFC 10-3467] initial value of parameter 'WIDTH' is omitted [/home/neuralnetwork01/Schreibtisch/s7s/nn/task3/Task-3-data/FINN_TMP/code_gen_ipgen_StreamingFIFO_rtl_9_ol62ro42/fifo_gauge.sv:36]
WARNING: [VRFC 10-587] dynamic variables shall not be written with non-blocking assignments [/home/neuralnetwork01/Schreibtisch/s7s/nn/task3/Task-3-data/FINN_TMP/code_gen_ipgen_StreamingFIFO_rtl_9_ol62ro42/fifo_gauge.sv:64]
WARNING: [VRFC 10-3609] overwriting previous definition of module 'fifo_gauge' [/home/neuralnetwork01/Schreibtisch/s7s/nn/task3/Task-3-data/FINN_TMP/code_gen_ipgen_StreamingFIFO_rtl_9_ol62ro42/fifo_gauge.sv:35]
INFO: [VRFC 10-2263] Analyzing Verilog file "/home/neuralnetwork01/Schreibtisch/s7s/nn/task3/Task-3-data/FINN_TMP/code_gen_ipgen_StreamingFIFO_rtl_9_ol62ro42/Q_srl.v" into library work
INFO: [VRFC 10-311] analyzing module Q_srl
WARNING: [VRFC 10-3609] overwriting previous definition of module 'Q_srl' [/home/neuralnetwork01/Schreibtisch/s7s/nn/task3/Task-3-data/FINN_TMP/code_gen_ipgen_StreamingFIFO_rtl_9_ol62ro42/Q_srl.v:72]
INFO: [VRFC 10-2263] Analyzing Verilog file "/home/neuralnetwork01/Schreibtisch/s7s/nn/task3/Task-3-data/FINN_TMP/code_gen_ipgen_StreamingFIFO_rtl_9_ol62ro42/StreamingFIFO_rtl_9.v" into library work
INFO: [VRFC 10-311] analyzing module StreamingFIFO_rtl_9
INFO: [VRFC 10-2263] Analyzing Verilog file "/home/neuralnetwork01/Schreibtisch/s7s/nn/task3/Task-3-data/FINN_TMP/vivado_stitch_proj_bhskll7s/finn_vivado_stitch_proj.gen/sources_1/bd/finn_design/hdl/finn_design_wrapper.v" into library work
INFO: [VRFC 10-311] analyzing module finn_design_wrapper
Starting static elaboration
Pass Through NonSizing Optimizer
WARNING: [VRFC 10-3091] actual bit length 32 differs from formal bit length 4 for port 'config_address' [/home/neuralnetwork01/Schreibtisch/s7s/nn/task3/Task-3-data/FINN_TMP/vivado_stitch_proj_bhskll7s/ip/verilog/rtl_ops/MVAU_hls_3/memstream_axi.sv:164]
WARNING: [VRFC 10-3091] actual bit length 3584 differs from formal bit length 1 for port 'sidx' [/home/neuralnetwork01/Schreibtisch/s7s/nn/task3/Task-3-data/FINN_TMP/vivado_stitch_proj_bhskll7s/ip/verilog/rtl_ops/MVAU_hls_3/memstream_axi.sv:171]
Completed static elaboration
Starting simulation data flow analysis
WARNING: [XSIM 43-4099] "/home/neuralnetwork01/Schreibtisch/s7s/nn/task3/Task-3-data/FINN_TMP/vivado_stitch_proj_bhskll7s/finn_vivado_stitch_proj.gen/sources_1/bd/finn_design/ip/finn_design_LabelSelect_hls_0_0/synth/finn_design_LabelSelect_hls_0_0.v" Line 53. Module finn_design_LabelSelect_hls_0_0 doesn't have a timescale but at least one module in design has a timescale.
WARNING: [XSIM 43-4099] "/home/neuralnetwork01/Schreibtisch/s7s/nn/task3/Task-3-data/FINN_TMP/vivado_stitch_proj_bhskll7s/finn_vivado_stitch_proj.gen/sources_1/bd/finn_design/ip/finn_design_MVAU_hls_0_0/synth/finn_design_MVAU_hls_0_0.v" Line 53. Module finn_design_MVAU_hls_0_0 doesn't have a timescale but at least one module in design has a timescale.
WARNING: [XSIM 43-4099] "/home/neuralnetwork01/Schreibtisch/s7s/nn/task3/Task-3-data/FINN_TMP/vivado_stitch_proj_bhskll7s/finn_vivado_stitch_proj.gen/sources_1/bd/finn_design/ip/finn_design_MVAU_hls_0_wstrm_0/synth/finn_design_MVAU_hls_0_wstrm_0.v" Line 53. Module finn_design_MVAU_hls_0_wstrm_0 doesn't have a timescale but at least one module in design has a timescale.
WARNING: [XSIM 43-4099] "/home/neuralnetwork01/Schreibtisch/s7s/nn/task3/Task-3-data/FINN_TMP/vivado_stitch_proj_bhskll7s/ip/verilog/rtl_ops/MVAU_hls_0/MVAU_hls_0_memstream_wrapper.v" Line 32. Module MVAU_hls_0_memstream_wrapper(AXILITE_ADDR_WIDTH=13,SET_BITS=1) doesn't have a timescale but at least one module in design has a timescale.
WARNING: [XSIM 43-4099] "/home/neuralnetwork01/Schreibtisch/s7s/nn/task3/Task-3-data/FINN_TMP/vivado_stitch_proj_bhskll7s/ip/verilog/rtl_ops/MVAU_hls_3/memstream_axi.sv" Line 33. Module memstream_axi(SETS=32'b01,DEPTH=32'b01110,WIDTH=32'b0111000000000,INIT_FILE="/home/neuralnetwork01/Schreibtisch/s7s/nn/task3/Task-3-data/FINN_TMP/code_gen_ipgen_MVAU_hls_0_urqtbuce/memblock.dat",PUMPED_MEMORY=1'b0) doesn't have a timescale but at least one module in design has a timescale.
WARNING: [XSIM 43-4099] "/home/neuralnetwork01/Schreibtisch/s7s/nn/task3/Task-3-data/FINN_TMP/vivado_stitch_proj_bhskll7s/ip/verilog/rtl_ops/MVAU_hls_3/axilite.sv" Line 32. Module axilite(ADDR_WIDTH=32'b01101,DATA_WIDTH=32'b0100000,IP_DATA_WIDTH=32'b0111000000000) doesn't have a timescale but at least one module in design has a timescale.
WARNING: [XSIM 43-4099] "/home/neuralnetwork01/Schreibtisch/s7s/nn/task3/Task-3-data/FINN_TMP/vivado_stitch_proj_bhskll7s/ip/verilog/rtl_ops/MVAU_hls_3/memstream.sv" Line 33. Module memstream(SETS=32'b01,DEPTH=32'b01110,WIDTH=32'b0111000000000,INIT_FILE="/home/neuralnetwork01/Schreibtisch/s7s/nn/task3/Task-3-data/FINN_TMP/code_gen_ipgen_MVAU_hls_0_urqtbuce/memblock.dat") doesn't have a timescale but at least one module in design has a timescale.
WARNING: [XSIM 43-4099] "/home/neuralnetwork01/Schreibtisch/s7s/nn/task3/Task-3-data/FINN_TMP/vivado_stitch_proj_bhskll7s/finn_vivado_stitch_proj.gen/sources_1/bd/finn_design/ip/finn_design_MVAU_hls_1_0/synth/finn_design_MVAU_hls_1_0.v" Line 53. Module finn_design_MVAU_hls_1_0 doesn't have a timescale but at least one module in design has a timescale.
WARNING: [XSIM 43-4099] "/home/neuralnetwork01/Schreibtisch/s7s/nn/task3/Task-3-data/FINN_TMP/vivado_stitch_proj_bhskll7s/finn_vivado_stitch_proj.gen/sources_1/bd/finn_design/ip/finn_design_MVAU_hls_1_wstrm_0/synth/finn_design_MVAU_hls_1_wstrm_0.v" Line 53. Module finn_design_MVAU_hls_1_wstrm_0 doesn't have a timescale but at least one module in design has a timescale.
WARNING: [XSIM 43-4099] "/home/neuralnetwork01/Schreibtisch/s7s/nn/task3/Task-3-data/FINN_TMP/vivado_stitch_proj_bhskll7s/ip/verilog/rtl_ops/MVAU_hls_1/MVAU_hls_1_memstream_wrapper.v" Line 32. Module MVAU_hls_1_memstream_wrapper(AXILITE_ADDR_WIDTH=9,SET_BITS=1) doesn't have a timescale but at least one module in design has a timescale.
WARNING: [XSIM 43-4099] "/home/neuralnetwork01/Schreibtisch/s7s/nn/task3/Task-3-data/FINN_TMP/vivado_stitch_proj_bhskll7s/ip/verilog/rtl_ops/MVAU_hls_3/memstream_axi.sv" Line 33. Module memstream_axi(SETS=32'b01,DEPTH=32'b0100,WIDTH=32'b010000000000,INIT_FILE="/home/neuralnetwork01/Schreibtisch/s7s/nn/task3/Task-3-data/FINN_TMP/code_gen_ipgen_MVAU_hls_1_u81gbskr/memblock.dat",PUMPED_MEMORY=1'b0) doesn't have a timescale but at least one module in design has a timescale.
WARNING: [XSIM 43-4099] "/home/neuralnetwork01/Schreibtisch/s7s/nn/task3/Task-3-data/FINN_TMP/vivado_stitch_proj_bhskll7s/ip/verilog/rtl_ops/MVAU_hls_3/axilite.sv" Line 32. Module axilite(ADDR_WIDTH=32'b01001,DATA_WIDTH=32'b0100000,IP_DATA_WIDTH=32'b010000000000) doesn't have a timescale but at least one module in design has a timescale.
WARNING: [XSIM 43-4099] "/home/neuralnetwork01/Schreibtisch/s7s/nn/task3/Task-3-data/FINN_TMP/vivado_stitch_proj_bhskll7s/ip/verilog/rtl_ops/MVAU_hls_3/memstream.sv" Line 33. Module memstream(SETS=32'b01,DEPTH=32'b0100,WIDTH=32'b010000000000,INIT_FILE="/home/neuralnetwork01/Schreibtisch/s7s/nn/task3/Task-3-data/FINN_TMP/code_gen_ipgen_MVAU_hls_1_u81gbskr/memblock.dat") doesn't have a timescale but at least one module in design has a timescale.
WARNING: [XSIM 43-4099] "/home/neuralnetwork01/Schreibtisch/s7s/nn/task3/Task-3-data/FINN_TMP/vivado_stitch_proj_bhskll7s/finn_vivado_stitch_proj.gen/sources_1/bd/finn_design/ip/finn_design_MVAU_hls_2_0/synth/finn_design_MVAU_hls_2_0.v" Line 53. Module finn_design_MVAU_hls_2_0 doesn't have a timescale but at least one module in design has a timescale.
WARNING: [XSIM 43-4099] "/home/neuralnetwork01/Schreibtisch/s7s/nn/task3/Task-3-data/FINN_TMP/vivado_stitch_proj_bhskll7s/finn_vivado_stitch_proj.gen/sources_1/bd/finn_design/ip/finn_design_MVAU_hls_2_wstrm_0/synth/finn_design_MVAU_hls_2_wstrm_0.v" Line 53. Module finn_design_MVAU_hls_2_wstrm_0 doesn't have a timescale but at least one module in design has a timescale.
WARNING: [XSIM 43-4099] "/home/neuralnetwork01/Schreibtisch/s7s/nn/task3/Task-3-data/FINN_TMP/vivado_stitch_proj_bhskll7s/ip/verilog/rtl_ops/MVAU_hls_2/MVAU_hls_2_memstream_wrapper.v" Line 32. Module MVAU_hls_2_memstream_wrapper(AXILITE_ADDR_WIDTH=9,SET_BITS=1) doesn't have a timescale but at least one module in design has a timescale.
WARNING: [XSIM 43-4099] "/home/neuralnetwork01/Schreibtisch/s7s/nn/task3/Task-3-data/FINN_TMP/vivado_stitch_proj_bhskll7s/ip/verilog/rtl_ops/MVAU_hls_3/memstream_axi.sv" Line 33. Module memstream_axi(SETS=32'b01,DEPTH=32'b0100,WIDTH=32'b010000000000,INIT_FILE="/home/neuralnetwork01/Schreibtisch/s7s/nn/task3/Task-3-data/FINN_TMP/code_gen_ipgen_MVAU_hls_2_vj2omip2/memblock.dat",PUMPED_MEMORY=1'b0) doesn't have a timescale but at least one module in design has a timescale.
WARNING: [XSIM 43-4099] "/home/neuralnetwork01/Schreibtisch/s7s/nn/task3/Task-3-data/FINN_TMP/vivado_stitch_proj_bhskll7s/ip/verilog/rtl_ops/MVAU_hls_3/axilite.sv" Line 32. Module axilite(ADDR_WIDTH=32'b01001,DATA_WIDTH=32'b0100000,IP_DATA_WIDTH=32'b010000000000) doesn't have a timescale but at least one module in design has a timescale.
WARNING: [XSIM 43-4099] "/home/neuralnetwork01/Schreibtisch/s7s/nn/task3/Task-3-data/FINN_TMP/vivado_stitch_proj_bhskll7s/ip/verilog/rtl_ops/MVAU_hls_3/memstream.sv" Line 33. Module memstream(SETS=32'b01,DEPTH=32'b0100,WIDTH=32'b010000000000,INIT_FILE="/home/neuralnetwork01/Schreibtisch/s7s/nn/task3/Task-3-data/FINN_TMP/code_gen_ipgen_MVAU_hls_2_vj2omip2/memblock.dat") doesn't have a timescale but at least one module in design has a timescale.
WARNING: [XSIM 43-4099] "/home/neuralnetwork01/Schreibtisch/s7s/nn/task3/Task-3-data/FINN_TMP/vivado_stitch_proj_bhskll7s/finn_vivado_stitch_proj.gen/sources_1/bd/finn_design/ip/finn_design_MVAU_hls_3_0/synth/finn_design_MVAU_hls_3_0.v" Line 53. Module finn_design_MVAU_hls_3_0 doesn't have a timescale but at least one module in design has a timescale.
WARNING: [XSIM 43-4099] "/home/neuralnetwork01/Schreibtisch/s7s/nn/task3/Task-3-data/FINN_TMP/vivado_stitch_proj_bhskll7s/finn_vivado_stitch_proj.gen/sources_1/bd/finn_design/ip/finn_design_MVAU_hls_3_wstrm_0/synth/finn_design_MVAU_hls_3_wstrm_0.v" Line 53. Module finn_design_MVAU_hls_3_wstrm_0 doesn't have a timescale but at least one module in design has a timescale.
WARNING: [XSIM 43-4099] "/home/neuralnetwork01/Schreibtisch/s7s/nn/task3/Task-3-data/FINN_TMP/vivado_stitch_proj_bhskll7s/ip/verilog/rtl_ops/MVAU_hls_3/MVAU_hls_3_memstream_wrapper.v" Line 32. Module MVAU_hls_3_memstream_wrapper(AXILITE_ADDR_WIDTH=7,SET_BITS=1) doesn't have a timescale but at least one module in design has a timescale.
WARNING: [XSIM 43-4099] "/home/neuralnetwork01/Schreibtisch/s7s/nn/task3/Task-3-data/FINN_TMP/vivado_stitch_proj_bhskll7s/ip/verilog/rtl_ops/MVAU_hls_3/memstream_axi.sv" Line 33. Module memstream_axi(SETS=32'b01,DEPTH=32'b010,WIDTH=32'b0101000000,INIT_FILE="/home/neuralnetwork01/Schreibtisch/s7s/nn/task3/Task-3-data/FINN_TMP/code_gen_ipgen_MVAU_hls_3_w309jxi_/memblock.dat",PUMPED_MEMORY=1'b0) doesn't have a timescale but at least one module in design has a timescale.
WARNING: [XSIM 43-4099] "/home/neuralnetwork01/Schreibtisch/s7s/nn/task3/Task-3-data/FINN_TMP/vivado_stitch_proj_bhskll7s/ip/verilog/rtl_ops/MVAU_hls_3/axilite.sv" Line 32. Module axilite(ADDR_WIDTH=32'b0111,DATA_WIDTH=32'b0100000,IP_DATA_WIDTH=32'b0101000000) doesn't have a timescale but at least one module in design has a timescale.
WARNING: [XSIM 43-4099] "/home/neuralnetwork01/Schreibtisch/s7s/nn/task3/Task-3-data/FINN_TMP/vivado_stitch_proj_bhskll7s/ip/verilog/rtl_ops/MVAU_hls_3/memstream.sv" Line 33. Module memstream(SETS=32'b01,DEPTH=32'b010,WIDTH=32'b0101000000,INIT_FILE="/home/neuralnetwork01/Schreibtisch/s7s/nn/task3/Task-3-data/FINN_TMP/code_gen_ipgen_MVAU_hls_3_w309jxi_/memblock.dat") doesn't have a timescale but at least one module in design has a timescale.
WARNING: [XSIM 43-4099] "/home/neuralnetwork01/Schreibtisch/s7s/nn/task3/Task-3-data/FINN_TMP/code_gen_ipgen_Reshape_rtl_0_mw9donsl/Reshape_rtl_0.v" Line 32. Module Reshape_rtl_0(AXI_IBITS=224,AXI_OBITS=224) doesn't have a timescale but at least one module in design has a timescale.
WARNING: [XSIM 43-4099] "/home/neuralnetwork01/Schreibtisch/s7s/nn/task3/Task-3-data/FINN_TMP/code_gen_ipgen_StreamingDataWidthConverter_rtl_1_vvipu1b6/dwc_axi.sv" Line 34. Module dwc_axi(IBITS=32'b011100000,OBITS=32'b011100000) doesn't have a timescale but at least one module in design has a timescale.
WARNING: [XSIM 43-4099] "/home/neuralnetwork01/Schreibtisch/s7s/nn/task3/Task-3-data/FINN_TMP/code_gen_ipgen_StreamingDataWidthConverter_rtl_1_vvipu1b6/dwc.sv" Line 34. Module dwc(IBITS=32'b011100000,OBITS=32'b011100000) doesn't have a timescale but at least one module in design has a timescale.
WARNING: [XSIM 43-4099] "/home/neuralnetwork01/Schreibtisch/s7s/nn/task3/Task-3-data/FINN_TMP/code_gen_ipgen_StreamingDataWidthConverter_rtl_0_73hsxm4z/StreamingDataWidthConverter_rtl_0.v" Line 32. Module StreamingDataWidthConverter_rtl_0(AXI_IBITS=32,AXI_OBITS=112) doesn't have a timescale but at least one module in design has a timescale.
WARNING: [XSIM 43-4099] "/home/neuralnetwork01/Schreibtisch/s7s/nn/task3/Task-3-data/FINN_TMP/code_gen_ipgen_StreamingDataWidthConverter_rtl_1_vvipu1b6/dwc_axi.sv" Line 34. Module dwc_axi(IBITS=32'b011100,OBITS=32'b01110000) doesn't have a timescale but at least one module in design has a timescale.
WARNING: [XSIM 43-4099] "/home/neuralnetwork01/Schreibtisch/s7s/nn/task3/Task-3-data/FINN_TMP/code_gen_ipgen_StreamingDataWidthConverter_rtl_1_vvipu1b6/dwc.sv" Line 34. Module dwc(IBITS=32'b011100,OBITS=32'b01110000) doesn't have a timescale but at least one module in design has a timescale.
WARNING: [XSIM 43-4099] "/home/neuralnetwork01/Schreibtisch/s7s/nn/task3/Task-3-data/FINN_TMP/code_gen_ipgen_StreamingDataWidthConverter_rtl_1_vvipu1b6/StreamingDataWidthConverter_rtl_1.v" Line 32. Module StreamingDataWidthConverter_rtl_1(AXI_IBITS=72,AXI_OBITS=40) doesn't have a timescale but at least one module in design has a timescale.
WARNING: [XSIM 43-4099] "/home/neuralnetwork01/Schreibtisch/s7s/nn/task3/Task-3-data/FINN_TMP/code_gen_ipgen_StreamingDataWidthConverter_rtl_1_vvipu1b6/dwc_axi.sv" Line 34. Module dwc_axi(IBITS=32'b01000110,OBITS=32'b0100011) doesn't have a timescale but at least one module in design has a timescale.
WARNING: [XSIM 43-4099] "/home/neuralnetwork01/Schreibtisch/s7s/nn/task3/Task-3-data/FINN_TMP/code_gen_ipgen_StreamingDataWidthConverter_rtl_1_vvipu1b6/dwc.sv" Line 34. Module dwc(IBITS=32'b01000110,OBITS=32'b0100011) doesn't have a timescale but at least one module in design has a timescale.
WARNING: [XSIM 43-4099] "/home/neuralnetwork01/Schreibtisch/s7s/nn/task3/Task-3-data/FINN_TMP/vivado_stitch_proj_bhskll7s/finn_vivado_stitch_proj.gen/sources_1/bd/finn_design/ip/finn_design_StreamingFIFO_rtl_0_0/synth/finn_design_StreamingFIFO_rtl_0_0.v" Line 53. Module finn_design_StreamingFIFO_rtl_0_0 doesn't have a timescale but at least one module in design has a timescale.
WARNING: [XSIM 43-4099] "/home/neuralnetwork01/Schreibtisch/s7s/nn/task3/Task-3-data/FINN_TMP/code_gen_ipgen_StreamingFIFO_rtl_0_oju8fz0m/StreamingFIFO_rtl_0.v" Line 32. Module StreamingFIFO_rtl_0 doesn't have a timescale but at least one module in design has a timescale.
WARNING: [XSIM 43-4099] "/home/neuralnetwork01/Schreibtisch/s7s/nn/task3/Task-3-data/FINN_TMP/code_gen_ipgen_StreamingFIFO_rtl_9_ol62ro42/fifo_gauge.sv" Line 35. Module fifo_gauge(WIDTH=32'b011100000,COUNT_WIDTH=32'b010) doesn't have a timescale but at least one module in design has a timescale.
WARNING: [XSIM 43-4099] "/home/neuralnetwork01/Schreibtisch/s7s/nn/task3/Task-3-data/FINN_TMP/vivado_stitch_proj_bhskll7s/finn_vivado_stitch_proj.gen/sources_1/bd/finn_design/ip/finn_design_StreamingFIFO_rtl_1_0/synth/finn_design_StreamingFIFO_rtl_1_0.v" Line 53. Module finn_design_StreamingFIFO_rtl_1_0 doesn't have a timescale but at least one module in design has a timescale.
WARNING: [XSIM 43-4099] "/home/neuralnetwork01/Schreibtisch/s7s/nn/task3/Task-3-data/FINN_TMP/code_gen_ipgen_StreamingFIFO_rtl_1_7nkvwyq7/StreamingFIFO_rtl_1.v" Line 32. Module StreamingFIFO_rtl_1 doesn't have a timescale but at least one module in design has a timescale.
WARNING: [XSIM 43-4099] "/home/neuralnetwork01/Schreibtisch/s7s/nn/task3/Task-3-data/FINN_TMP/code_gen_ipgen_StreamingFIFO_rtl_9_ol62ro42/fifo_gauge.sv" Line 35. Module fifo_gauge(WIDTH=32'b011100000,COUNT_WIDTH=32'b010) doesn't have a timescale but at least one module in design has a timescale.
WARNING: [XSIM 43-4099] "/home/neuralnetwork01/Schreibtisch/s7s/nn/task3/Task-3-data/FINN_TMP/vivado_stitch_proj_bhskll7s/finn_vivado_stitch_proj.gen/sources_1/bd/finn_design/ip/finn_design_StreamingFIFO_rtl_2_0/synth/finn_design_StreamingFIFO_rtl_2_0.v" Line 53. Module finn_design_StreamingFIFO_rtl_2_0 doesn't have a timescale but at least one module in design has a timescale.
WARNING: [XSIM 43-4099] "/home/neuralnetwork01/Schreibtisch/s7s/nn/task3/Task-3-data/FINN_TMP/code_gen_ipgen_StreamingFIFO_rtl_2_z_sobt2u/StreamingFIFO_rtl_2.v" Line 32. Module StreamingFIFO_rtl_2 doesn't have a timescale but at least one module in design has a timescale.
WARNING: [XSIM 43-4099] "/home/neuralnetwork01/Schreibtisch/s7s/nn/task3/Task-3-data/FINN_TMP/code_gen_ipgen_StreamingFIFO_rtl_9_ol62ro42/fifo_gauge.sv" Line 35. Module fifo_gauge(WIDTH=32'b0100000,COUNT_WIDTH=32'b010) doesn't have a timescale but at least one module in design has a timescale.
WARNING: [XSIM 43-4099] "/home/neuralnetwork01/Schreibtisch/s7s/nn/task3/Task-3-data/FINN_TMP/vivado_stitch_proj_bhskll7s/finn_vivado_stitch_proj.gen/sources_1/bd/finn_design/ip/finn_design_StreamingFIFO_rtl_3_0/synth/finn_design_StreamingFIFO_rtl_3_0.v" Line 53. Module finn_design_StreamingFIFO_rtl_3_0 doesn't have a timescale but at least one module in design has a timescale.
WARNING: [XSIM 43-4099] "/home/neuralnetwork01/Schreibtisch/s7s/nn/task3/Task-3-data/FINN_TMP/code_gen_ipgen_StreamingFIFO_rtl_3_7o3tz_9g/StreamingFIFO_rtl_3.v" Line 32. Module StreamingFIFO_rtl_3 doesn't have a timescale but at least one module in design has a timescale.
WARNING: [XSIM 43-4099] "/home/neuralnetwork01/Schreibtisch/s7s/nn/task3/Task-3-data/FINN_TMP/code_gen_ipgen_StreamingFIFO_rtl_9_ol62ro42/fifo_gauge.sv" Line 35. Module fifo_gauge(WIDTH=32'b01110000,COUNT_WIDTH=32'b010) doesn't have a timescale but at least one module in design has a timescale.
WARNING: [XSIM 43-4099] "/home/neuralnetwork01/Schreibtisch/s7s/nn/task3/Task-3-data/FINN_TMP/vivado_stitch_proj_bhskll7s/finn_vivado_stitch_proj.gen/sources_1/bd/finn_design/ip/finn_design_StreamingFIFO_rtl_4_0/synth/finn_design_StreamingFIFO_rtl_4_0.v" Line 53. Module finn_design_StreamingFIFO_rtl_4_0 doesn't have a timescale but at least one module in design has a timescale.
WARNING: [XSIM 43-4099] "/home/neuralnetwork01/Schreibtisch/s7s/nn/task3/Task-3-data/FINN_TMP/code_gen_ipgen_StreamingFIFO_rtl_4__ohwx6re/StreamingFIFO_rtl_4.v" Line 32. Module StreamingFIFO_rtl_4 doesn't have a timescale but at least one module in design has a timescale.
WARNING: [XSIM 43-4099] "/home/neuralnetwork01/Schreibtisch/s7s/nn/task3/Task-3-data/FINN_TMP/code_gen_ipgen_StreamingFIFO_rtl_9_ol62ro42/fifo_gauge.sv" Line 35. Module fifo_gauge(WIDTH=32'b0100000,COUNT_WIDTH=32'b010) doesn't have a timescale but at least one module in design has a timescale.
WARNING: [XSIM 43-4099] "/home/neuralnetwork01/Schreibtisch/s7s/nn/task3/Task-3-data/FINN_TMP/vivado_stitch_proj_bhskll7s/finn_vivado_stitch_proj.gen/sources_1/bd/finn_design/ip/finn_design_StreamingFIFO_rtl_5_0/synth/finn_design_StreamingFIFO_rtl_5_0.v" Line 53. Module finn_design_StreamingFIFO_rtl_5_0 doesn't have a timescale but at least one module in design has a timescale.
WARNING: [XSIM 43-4099] "/home/neuralnetwork01/Schreibtisch/s7s/nn/task3/Task-3-data/FINN_TMP/code_gen_ipgen_StreamingFIFO_rtl_5_xsge6c_i/StreamingFIFO_rtl_5.v" Line 32. Module StreamingFIFO_rtl_5 doesn't have a timescale but at least one module in design has a timescale.
WARNING: [XSIM 43-4099] "/home/neuralnetwork01/Schreibtisch/s7s/nn/task3/Task-3-data/FINN_TMP/code_gen_ipgen_StreamingFIFO_rtl_9_ol62ro42/fifo_gauge.sv" Line 35. Module fifo_gauge(WIDTH=32'b0100000,COUNT_WIDTH=32'b010) doesn't have a timescale but at least one module in design has a timescale.
WARNING: [XSIM 43-4099] "/home/neuralnetwork01/Schreibtisch/s7s/nn/task3/Task-3-data/FINN_TMP/vivado_stitch_proj_bhskll7s/finn_vivado_stitch_proj.gen/sources_1/bd/finn_design/ip/finn_design_StreamingFIFO_rtl_6_0/synth/finn_design_StreamingFIFO_rtl_6_0.v" Line 53. Module finn_design_StreamingFIFO_rtl_6_0 doesn't have a timescale but at least one module in design has a timescale.
WARNING: [XSIM 43-4099] "/home/neuralnetwork01/Schreibtisch/s7s/nn/task3/Task-3-data/FINN_TMP/code_gen_ipgen_StreamingFIFO_rtl_6_ptqkq608/StreamingFIFO_rtl_6.v" Line 32. Module StreamingFIFO_rtl_6 doesn't have a timescale but at least one module in design has a timescale.
WARNING: [XSIM 43-4099] "/home/neuralnetwork01/Schreibtisch/s7s/nn/task3/Task-3-data/FINN_TMP/code_gen_ipgen_StreamingFIFO_rtl_9_ol62ro42/fifo_gauge.sv" Line 35. Module fifo_gauge(WIDTH=32'b0100000,COUNT_WIDTH=32'b010) doesn't have a timescale but at least one module in design has a timescale.
WARNING: [XSIM 43-4099] "/home/neuralnetwork01/Schreibtisch/s7s/nn/task3/Task-3-data/FINN_TMP/vivado_stitch_proj_bhskll7s/finn_vivado_stitch_proj.gen/sources_1/bd/finn_design/ip/finn_design_StreamingFIFO_rtl_7_0/synth/finn_design_StreamingFIFO_rtl_7_0.v" Line 53. Module finn_design_StreamingFIFO_rtl_7_0 doesn't have a timescale but at least one module in design has a timescale.
WARNING: [XSIM 43-4099] "/home/neuralnetwork01/Schreibtisch/s7s/nn/task3/Task-3-data/FINN_TMP/code_gen_ipgen_StreamingFIFO_rtl_7_81hud0xf/StreamingFIFO_rtl_7.v" Line 32. Module StreamingFIFO_rtl_7 doesn't have a timescale but at least one module in design has a timescale.
WARNING: [XSIM 43-4099] "/home/neuralnetwork01/Schreibtisch/s7s/nn/task3/Task-3-data/FINN_TMP/code_gen_ipgen_StreamingFIFO_rtl_9_ol62ro42/fifo_gauge.sv" Line 35. Module fifo_gauge(WIDTH=32'b01001000,COUNT_WIDTH=32'b010) doesn't have a timescale but at least one module in design has a timescale.
WARNING: [XSIM 43-4099] "/home/neuralnetwork01/Schreibtisch/s7s/nn/task3/Task-3-data/FINN_TMP/vivado_stitch_proj_bhskll7s/finn_vivado_stitch_proj.gen/sources_1/bd/finn_design/ip/finn_design_StreamingFIFO_rtl_8_0/synth/finn_design_StreamingFIFO_rtl_8_0.v" Line 53. Module finn_design_StreamingFIFO_rtl_8_0 doesn't have a timescale but at least one module in design has a timescale.
WARNING: [XSIM 43-4099] "/home/neuralnetwork01/Schreibtisch/s7s/nn/task3/Task-3-data/FINN_TMP/code_gen_ipgen_StreamingFIFO_rtl_8_5nt85kyi/StreamingFIFO_rtl_8.v" Line 32. Module StreamingFIFO_rtl_8 doesn't have a timescale but at least one module in design has a timescale.
WARNING: [XSIM 43-4099] "/home/neuralnetwork01/Schreibtisch/s7s/nn/task3/Task-3-data/FINN_TMP/code_gen_ipgen_StreamingFIFO_rtl_9_ol62ro42/fifo_gauge.sv" Line 35. Module fifo_gauge(WIDTH=32'b0101000,COUNT_WIDTH=32'b010) doesn't have a timescale but at least one module in design has a timescale.
WARNING: [XSIM 43-4099] "/home/neuralnetwork01/Schreibtisch/s7s/nn/task3/Task-3-data/FINN_TMP/vivado_stitch_proj_bhskll7s/finn_vivado_stitch_proj.gen/sources_1/bd/finn_design/ip/finn_design_StreamingFIFO_rtl_9_0/synth/finn_design_StreamingFIFO_rtl_9_0.v" Line 53. Module finn_design_StreamingFIFO_rtl_9_0 doesn't have a timescale but at least one module in design has a timescale.
WARNING: [XSIM 43-4099] "/home/neuralnetwork01/Schreibtisch/s7s/nn/task3/Task-3-data/FINN_TMP/code_gen_ipgen_StreamingFIFO_rtl_9_ol62ro42/StreamingFIFO_rtl_9.v" Line 32. Module StreamingFIFO_rtl_9 doesn't have a timescale but at least one module in design has a timescale.
WARNING: [XSIM 43-4099] "/home/neuralnetwork01/Schreibtisch/s7s/nn/task3/Task-3-data/FINN_TMP/code_gen_ipgen_StreamingFIFO_rtl_9_ol62ro42/fifo_gauge.sv" Line 35. Module fifo_gauge(WIDTH=32'b01000,COUNT_WIDTH=32'b010) doesn't have a timescale but at least one module in design has a timescale.
WARNING: [XSIM 43-4099] "/home/neuralnetwork01/Schreibtisch/s7s/nn/task3/Task-3-data/FINN_TMP/vivado_stitch_proj_bhskll7s/finn_vivado_stitch_proj.gen/sources_1/bd/finn_design/ip/finn_design_Thresholding_rtl_0_0/synth/finn_design_Thresholding_rtl_0_0.v" Line 53. Module finn_design_Thresholding_rtl_0_0 doesn't have a timescale but at least one module in design has a timescale.
WARNING: [XSIM 43-4099] "/home/neuralnetwork01/Schreibtisch/s7s/nn/task3/Task-3-data/FINN_TMP/vivado_stitch_proj_bhskll7s/ip/verilog/rtl_ops/Thresholding_rtl_0/Thresholding_rtl_0.v" Line 35. Module Thresholding_rtl_0 doesn't have a timescale but at least one module in design has a timescale.
WARNING: [XSIM 43-4099] "/home/neuralnetwork01/Schreibtisch/s7s/nn/task3/Task-3-data/FINN_TMP/vivado_stitch_proj_bhskll7s/ip/verilog/rtl_ops/Thresholding_rtl_0/thresholding_axi.sv" Line 41. Module thresholding_axi(WI=32'b01000,WT=32'b01001,N=32'b01,C=32'b011100,PE=32'b011100,SIGNED=1'b0,FPARG=1'b0,SETS=32'b01,THRESHOLDS_PATH="/home/neuralnetwork01/Schreibtisch/s7s/nn/task3/Task-3-data/FINN_TMP/code_gen_ipgen_Thresholding_rtl_0_l6eh_3b3/Thresholding_rtl_0_",USE_AXILITE=1'b0,DEPTH_TRIGGER_URAM=32'b0,DEPTH_TRIGGER_BRAM=32'b0,DEEP_PIPELINE=1'b1) doesn't have a timescale but at least one module in design has a timescale.
WARNING: [XSIM 43-4099] "/home/neuralnetwork01/Schreibtisch/s7s/nn/task3/Task-3-data/FINN_TMP/vivado_stitch_proj_bhskll7s/ip/verilog/rtl_ops/Thresholding_rtl_0/thresholding.sv" Line 54. Module thresholding(K=32'b01001,N=32'b01,C=32'b011100,PE=32'b011100,SIGNED=1'b0,FPARG=1'b0,THRESHOLDS_PATH="/home/neuralnetwork01/Schreibtisch/s7s/nn/task3/Task-3-data/FINN_TMP/code_gen_ipgen_Thresholding_rtl_0_l6eh_3b3/Thresholding_rtl_0_",USE_CONFIG=1'b0,DEPTH_TRIGGER_URAM=32'b0,DEPTH_TRIGGER_BRAM=32'b0,DEEP_PIPELINE=1'b1) doesn't have a timescale but at least one module in design has a timescale.
WARNING: [XSIM 43-4099] "/home/neuralnetwork01/Schreibtisch/s7s/nn/task3/Task-3-data/FINN_TMP/vivado_stitch_proj_bhskll7s/finn_vivado_stitch_proj.gen/sources_1/bd/finn_design/ip/finn_design_LabelSelect_hls_0_0/synth/finn_design_LabelSelect_hls_0_0.v" Line 53. Module finn_design_LabelSelect_hls_0_0 doesn't have a timescale but at least one module in design has a timescale.
WARNING: [XSIM 43-4099] "/home/neuralnetwork01/Schreibtisch/s7s/nn/task3/Task-3-data/FINN_TMP/vivado_stitch_proj_bhskll7s/finn_vivado_stitch_proj.gen/sources_1/bd/finn_design/ip/finn_design_MVAU_hls_0_0/synth/finn_design_MVAU_hls_0_0.v" Line 53. Module finn_design_MVAU_hls_0_0 doesn't have a timescale but at least one module in design has a timescale.
WARNING: [XSIM 43-4099] "/home/neuralnetwork01/Schreibtisch/s7s/nn/task3/Task-3-data/FINN_TMP/vivado_stitch_proj_bhskll7s/finn_vivado_stitch_proj.gen/sources_1/bd/finn_design/ip/finn_design_MVAU_hls_0_wstrm_0/synth/finn_design_MVAU_hls_0_wstrm_0.v" Line 53. Module finn_design_MVAU_hls_0_wstrm_0 doesn't have a timescale but at least one module in design has a timescale.
WARNING: [XSIM 43-4099] "/home/neuralnetwork01/Schreibtisch/s7s/nn/task3/Task-3-data/FINN_TMP/vivado_stitch_proj_bhskll7s/ip/verilog/rtl_ops/MVAU_hls_0/MVAU_hls_0_memstream_wrapper.v" Line 32. Module MVAU_hls_0_memstream_wrapper(AXILITE_ADDR_WIDTH=13,SET_BITS=1) doesn't have a timescale but at least one module in design has a timescale.
WARNING: [XSIM 43-4099] "/home/neuralnetwork01/Schreibtisch/s7s/nn/task3/Task-3-data/FINN_TMP/vivado_stitch_proj_bhskll7s/ip/verilog/rtl_ops/MVAU_hls_3/memstream_axi.sv" Line 33. Module memstream_axi(SETS=32'b01,DEPTH=32'b01110,WIDTH=32'b0111000000000,INIT_FILE="/home/neuralnetwork01/Schreibtisch/s7s/nn/task3/Task-3-data/FINN_TMP/code_gen_ipgen_MVAU_hls_0_urqtbuce/memblock.dat",PUMPED_MEMORY=1'b0) doesn't have a timescale but at least one module in design has a timescale.
WARNING: [XSIM 43-4099] "/home/neuralnetwork01/Schreibtisch/s7s/nn/task3/Task-3-data/FINN_TMP/vivado_stitch_proj_bhskll7s/ip/verilog/rtl_ops/MVAU_hls_3/axilite.sv" Line 32. Module axilite(ADDR_WIDTH=32'b01101,DATA_WIDTH=32'b0100000,IP_DATA_WIDTH=32'b0111000000000) doesn't have a timescale but at least one module in design has a timescale.
WARNING: [XSIM 43-4099] "/home/neuralnetwork01/Schreibtisch/s7s/nn/task3/Task-3-data/FINN_TMP/vivado_stitch_proj_bhskll7s/ip/verilog/rtl_ops/MVAU_hls_3/memstream.sv" Line 33. Module memstream(SETS=32'b01,DEPTH=32'b01110,WIDTH=32'b0111000000000,INIT_FILE="/home/neuralnetwork01/Schreibtisch/s7s/nn/task3/Task-3-data/FINN_TMP/code_gen_ipgen_MVAU_hls_0_urqtbuce/memblock.dat") doesn't have a timescale but at least one module in design has a timescale.
WARNING: [XSIM 43-4099] "/home/neuralnetwork01/Schreibtisch/s7s/nn/task3/Task-3-data/FINN_TMP/vivado_stitch_proj_bhskll7s/finn_vivado_stitch_proj.gen/sources_1/bd/finn_design/ip/finn_design_MVAU_hls_1_0/synth/finn_design_MVAU_hls_1_0.v" Line 53. Module finn_design_MVAU_hls_1_0 doesn't have a timescale but at least one module in design has a timescale.
WARNING: [XSIM 43-4099] "/home/neuralnetwork01/Schreibtisch/s7s/nn/task3/Task-3-data/FINN_TMP/vivado_stitch_proj_bhskll7s/finn_vivado_stitch_proj.gen/sources_1/bd/finn_design/ip/finn_design_MVAU_hls_1_wstrm_0/synth/finn_design_MVAU_hls_1_wstrm_0.v" Line 53. Module finn_design_MVAU_hls_1_wstrm_0 doesn't have a timescale but at least one module in design has a timescale.
WARNING: [XSIM 43-4099] "/home/neuralnetwork01/Schreibtisch/s7s/nn/task3/Task-3-data/FINN_TMP/vivado_stitch_proj_bhskll7s/ip/verilog/rtl_ops/MVAU_hls_1/MVAU_hls_1_memstream_wrapper.v" Line 32. Module MVAU_hls_1_memstream_wrapper(AXILITE_ADDR_WIDTH=9,SET_BITS=1) doesn't have a timescale but at least one module in design has a timescale.
WARNING: [XSIM 43-4099] "/home/neuralnetwork01/Schreibtisch/s7s/nn/task3/Task-3-data/FINN_TMP/vivado_stitch_proj_bhskll7s/ip/verilog/rtl_ops/MVAU_hls_3/memstream_axi.sv" Line 33. Module memstream_axi(SETS=32'b01,DEPTH=32'b0100,WIDTH=32'b010000000000,INIT_FILE="/home/neuralnetwork01/Schreibtisch/s7s/nn/task3/Task-3-data/FINN_TMP/code_gen_ipgen_MVAU_hls_1_u81gbskr/memblock.dat",PUMPED_MEMORY=1'b0) doesn't have a timescale but at least one module in design has a timescale.
WARNING: [XSIM 43-4099] "/home/neuralnetwork01/Schreibtisch/s7s/nn/task3/Task-3-data/FINN_TMP/vivado_stitch_proj_bhskll7s/ip/verilog/rtl_ops/MVAU_hls_3/axilite.sv" Line 32. Module axilite(ADDR_WIDTH=32'b01001,DATA_WIDTH=32'b0100000,IP_DATA_WIDTH=32'b010000000000) doesn't have a timescale but at least one module in design has a timescale.
WARNING: [XSIM 43-4099] "/home/neuralnetwork01/Schreibtisch/s7s/nn/task3/Task-3-data/FINN_TMP/vivado_stitch_proj_bhskll7s/ip/verilog/rtl_ops/MVAU_hls_3/memstream.sv" Line 33. Module memstream(SETS=32'b01,DEPTH=32'b0100,WIDTH=32'b010000000000,INIT_FILE="/home/neuralnetwork01/Schreibtisch/s7s/nn/task3/Task-3-data/FINN_TMP/code_gen_ipgen_MVAU_hls_1_u81gbskr/memblock.dat") doesn't have a timescale but at least one module in design has a timescale.
WARNING: [XSIM 43-4099] "/home/neuralnetwork01/Schreibtisch/s7s/nn/task3/Task-3-data/FINN_TMP/vivado_stitch_proj_bhskll7s/finn_vivado_stitch_proj.gen/sources_1/bd/finn_design/ip/finn_design_MVAU_hls_2_0/synth/finn_design_MVAU_hls_2_0.v" Line 53. Module finn_design_MVAU_hls_2_0 doesn't have a timescale but at least one module in design has a timescale.
WARNING: [XSIM 43-4099] "/home/neuralnetwork01/Schreibtisch/s7s/nn/task3/Task-3-data/FINN_TMP/vivado_stitch_proj_bhskll7s/finn_vivado_stitch_proj.gen/sources_1/bd/finn_design/ip/finn_design_MVAU_hls_2_wstrm_0/synth/finn_design_MVAU_hls_2_wstrm_0.v" Line 53. Module finn_design_MVAU_hls_2_wstrm_0 doesn't have a timescale but at least one module in design has a timescale.
WARNING: [XSIM 43-4099] "/home/neuralnetwork01/Schreibtisch/s7s/nn/task3/Task-3-data/FINN_TMP/vivado_stitch_proj_bhskll7s/ip/verilog/rtl_ops/MVAU_hls_2/MVAU_hls_2_memstream_wrapper.v" Line 32. Module MVAU_hls_2_memstream_wrapper(AXILITE_ADDR_WIDTH=9,SET_BITS=1) doesn't have a timescale but at least one module in design has a timescale.
WARNING: [XSIM 43-4099] "/home/neuralnetwork01/Schreibtisch/s7s/nn/task3/Task-3-data/FINN_TMP/vivado_stitch_proj_bhskll7s/ip/verilog/rtl_ops/MVAU_hls_3/memstream_axi.sv" Line 33. Module memstream_axi(SETS=32'b01,DEPTH=32'b0100,WIDTH=32'b010000000000,INIT_FILE="/home/neuralnetwork01/Schreibtisch/s7s/nn/task3/Task-3-data/FINN_TMP/code_gen_ipgen_MVAU_hls_2_vj2omip2/memblock.dat",PUMPED_MEMORY=1'b0) doesn't have a timescale but at least one module in design has a timescale.
WARNING: [XSIM 43-4099] "/home/neuralnetwork01/Schreibtisch/s7s/nn/task3/Task-3-data/FINN_TMP/vivado_stitch_proj_bhskll7s/ip/verilog/rtl_ops/MVAU_hls_3/axilite.sv" Line 32. Module axilite(ADDR_WIDTH=32'b01001,DATA_WIDTH=32'b0100000,IP_DATA_WIDTH=32'b010000000000) doesn't have a timescale but at least one module in design has a timescale.
WARNING: [XSIM 43-4099] "/home/neuralnetwork01/Schreibtisch/s7s/nn/task3/Task-3-data/FINN_TMP/vivado_stitch_proj_bhskll7s/ip/verilog/rtl_ops/MVAU_hls_3/memstream.sv" Line 33. Module memstream(SETS=32'b01,DEPTH=32'b0100,WIDTH=32'b010000000000,INIT_FILE="/home/neuralnetwork01/Schreibtisch/s7s/nn/task3/Task-3-data/FINN_TMP/code_gen_ipgen_MVAU_hls_2_vj2omip2/memblock.dat") doesn't have a timescale but at least one module in design has a timescale.
WARNING: [XSIM 43-4099] "/home/neuralnetwork01/Schreibtisch/s7s/nn/task3/Task-3-data/FINN_TMP/vivado_stitch_proj_bhskll7s/finn_vivado_stitch_proj.gen/sources_1/bd/finn_design/ip/finn_design_MVAU_hls_3_0/synth/finn_design_MVAU_hls_3_0.v" Line 53. Module finn_design_MVAU_hls_3_0 doesn't have a timescale but at least one module in design has a timescale.
WARNING: [XSIM 43-4099] "/home/neuralnetwork01/Schreibtisch/s7s/nn/task3/Task-3-data/FINN_TMP/vivado_stitch_proj_bhskll7s/finn_vivado_stitch_proj.gen/sources_1/bd/finn_design/ip/finn_design_MVAU_hls_3_wstrm_0/synth/finn_design_MVAU_hls_3_wstrm_0.v" Line 53. Module finn_design_MVAU_hls_3_wstrm_0 doesn't have a timescale but at least one module in design has a timescale.
WARNING: [XSIM 43-4099] "/home/neuralnetwork01/Schreibtisch/s7s/nn/task3/Task-3-data/FINN_TMP/vivado_stitch_proj_bhskll7s/ip/verilog/rtl_ops/MVAU_hls_3/MVAU_hls_3_memstream_wrapper.v" Line 32. Module MVAU_hls_3_memstream_wrapper(AXILITE_ADDR_WIDTH=7,SET_BITS=1) doesn't have a timescale but at least one module in design has a timescale.
WARNING: [XSIM 43-4099] "/home/neuralnetwork01/Schreibtisch/s7s/nn/task3/Task-3-data/FINN_TMP/vivado_stitch_proj_bhskll7s/ip/verilog/rtl_ops/MVAU_hls_3/memstream_axi.sv" Line 33. Module memstream_axi(SETS=32'b01,DEPTH=32'b010,WIDTH=32'b0101000000,INIT_FILE="/home/neuralnetwork01/Schreibtisch/s7s/nn/task3/Task-3-data/FINN_TMP/code_gen_ipgen_MVAU_hls_3_w309jxi_/memblock.dat",PUMPED_MEMORY=1'b0) doesn't have a timescale but at least one module in design has a timescale.
WARNING: [XSIM 43-4099] "/home/neuralnetwork01/Schreibtisch/s7s/nn/task3/Task-3-data/FINN_TMP/vivado_stitch_proj_bhskll7s/ip/verilog/rtl_ops/MVAU_hls_3/axilite.sv" Line 32. Module axilite(ADDR_WIDTH=32'b0111,DATA_WIDTH=32'b0100000,IP_DATA_WIDTH=32'b0101000000) doesn't have a timescale but at least one module in design has a timescale.
WARNING: [XSIM 43-4099] "/home/neuralnetwork01/Schreibtisch/s7s/nn/task3/Task-3-data/FINN_TMP/vivado_stitch_proj_bhskll7s/ip/verilog/rtl_ops/MVAU_hls_3/memstream.sv" Line 33. Module memstream(SETS=32'b01,DEPTH=32'b010,WIDTH=32'b0101000000,INIT_FILE="/home/neuralnetwork01/Schreibtisch/s7s/nn/task3/Task-3-data/FINN_TMP/code_gen_ipgen_MVAU_hls_3_w309jxi_/memblock.dat") doesn't have a timescale but at least one module in design has a timescale.
WARNING: [XSIM 43-4099] "/home/neuralnetwork01/Schreibtisch/s7s/nn/task3/Task-3-data/FINN_TMP/code_gen_ipgen_Reshape_rtl_0_mw9donsl/Reshape_rtl_0.v" Line 32. Module Reshape_rtl_0(AXI_IBITS=224,AXI_OBITS=224) doesn't have a timescale but at least one module in design has a timescale.
WARNING: [XSIM 43-4099] "/home/neuralnetwork01/Schreibtisch/s7s/nn/task3/Task-3-data/FINN_TMP/code_gen_ipgen_StreamingDataWidthConverter_rtl_1_vvipu1b6/dwc_axi.sv" Line 34. Module dwc_axi(IBITS=32'b011100000,OBITS=32'b011100000) doesn't have a timescale but at least one module in design has a timescale.
WARNING: [XSIM 43-4099] "/home/neuralnetwork01/Schreibtisch/s7s/nn/task3/Task-3-data/FINN_TMP/code_gen_ipgen_StreamingDataWidthConverter_rtl_1_vvipu1b6/dwc.sv" Line 34. Module dwc(IBITS=32'b011100000,OBITS=32'b011100000) doesn't have a timescale but at least one module in design has a timescale.
WARNING: [XSIM 43-4099] "/home/neuralnetwork01/Schreibtisch/s7s/nn/task3/Task-3-data/FINN_TMP/code_gen_ipgen_StreamingDataWidthConverter_rtl_0_73hsxm4z/StreamingDataWidthConverter_rtl_0.v" Line 32. Module StreamingDataWidthConverter_rtl_0(AXI_IBITS=32,AXI_OBITS=112) doesn't have a timescale but at least one module in design has a timescale.
WARNING: [XSIM 43-4099] "/home/neuralnetwork01/Schreibtisch/s7s/nn/task3/Task-3-data/FINN_TMP/code_gen_ipgen_StreamingDataWidthConverter_rtl_1_vvipu1b6/dwc_axi.sv" Line 34. Module dwc_axi(IBITS=32'b011100,OBITS=32'b01110000) doesn't have a timescale but at least one module in design has a timescale.
WARNING: [XSIM 43-4099] "/home/neuralnetwork01/Schreibtisch/s7s/nn/task3/Task-3-data/FINN_TMP/code_gen_ipgen_StreamingDataWidthConverter_rtl_1_vvipu1b6/dwc.sv" Line 34. Module dwc(IBITS=32'b011100,OBITS=32'b01110000) doesn't have a timescale but at least one module in design has a timescale.
WARNING: [XSIM 43-4099] "/home/neuralnetwork01/Schreibtisch/s7s/nn/task3/Task-3-data/FINN_TMP/code_gen_ipgen_StreamingDataWidthConverter_rtl_1_vvipu1b6/StreamingDataWidthConverter_rtl_1.v" Line 32. Module StreamingDataWidthConverter_rtl_1(AXI_IBITS=72,AXI_OBITS=40) doesn't have a timescale but at least one module in design has a timescale.
INFO: [Common 17-14] Message 'XSIM 43-4099' appears 100 times and further instances of the messages will be disabled. Use the Tcl command set_msg_config to change the current settings.
Completed simulation data flow analysis
Time Resolution for simulation is 1ps
Compiling module work.glbl
Compiling module work.LabelSelect_hls_0_flow_control_l...
Compiling module work.LabelSelect_hls_0_LabelSelect_hl...
Compiling module work.LabelSelect_hls_0_regslice_both(...
Compiling module work.LabelSelect_hls_0_regslice_both(...
Compiling module work.LabelSelect_hls_0
Compiling module work.finn_design_LabelSelect_hls_0_0
Compiling module work.MVAU_hls_0_sparsemux_15_3_112_1_...
Compiling module work.MVAU_hls_0_flow_control_loop_pip...
Compiling module work.MVAU_hls_0_Matrix_Vector_Activat...
Compiling module work.MVAU_hls_0_regslice_both(DataWid...
Compiling module work.MVAU_hls_0_regslice_both(DataWid...
Compiling module work.MVAU_hls_0_regslice_both
Compiling module work.MVAU_hls_0
Compiling module work.finn_design_MVAU_hls_0_0
Compiling module work.axilite(ADDR_WIDTH=32'b01101,DAT...
Compiling module work.memstream(SETS=32'b01,DEPTH=32'b...
Compiling module work.memstream_axi(SETS=32'b01,DEPTH=...
Compiling module work.MVAU_hls_0_memstream_wrapper(AXI...
Compiling module work.finn_design_MVAU_hls_0_wstrm_0
Compiling module work.MVAU_hls_0_imp_7OH4JA
Compiling module work.MVAU_hls_1_flow_control_loop_pip...
Compiling module work.MVAU_hls_1_Matrix_Vector_Activat...
Compiling module work.MVAU_hls_1_regslice_both
Compiling module work.MVAU_hls_1_regslice_both(DataWid...
Compiling module work.MVAU_hls_1
Compiling module work.finn_design_MVAU_hls_1_0
Compiling module work.axilite(ADDR_WIDTH=32'b01001,DAT...
Compiling module work.memstream(SETS=32'b01,DEPTH=32'b...
Compiling module work.memstream_axi(SETS=32'b01,DEPTH=...
Compiling module work.MVAU_hls_1_memstream_wrapper(AXI...
Compiling module work.finn_design_MVAU_hls_1_wstrm_0
Compiling module work.MVAU_hls_1_imp_ZIW0NT
Compiling module work.MVAU_hls_2_flow_control_loop_pip...
Compiling module work.MVAU_hls_2_Matrix_Vector_Activat...
Compiling module work.MVAU_hls_2_regslice_both
Compiling module work.MVAU_hls_2_regslice_both(DataWid...
Compiling module work.MVAU_hls_2
Compiling module work.finn_design_MVAU_hls_2_0
Compiling module work.memstream(SETS=32'b01,DEPTH=32'b...
Compiling module work.memstream_axi(SETS=32'b01,DEPTH=...
Compiling module work.MVAU_hls_2_memstream_wrapper(AXI...
Compiling module work.finn_design_MVAU_hls_2_wstrm_0
Compiling module work.MVAU_hls_2_imp_1WP2WTL
Compiling module work.MVAU_hls_3_flow_control_loop_pip...
Compiling module work.MVAU_hls_3_Matrix_Vector_Activat...
Compiling module work.MVAU_hls_3_regslice_both
Compiling module work.MVAU_hls_3_regslice_both(DataWid...
Compiling module work.MVAU_hls_3_regslice_both(DataWid...
Compiling module work.MVAU_hls_3
Compiling module work.finn_design_MVAU_hls_3_0
Compiling module work.axilite(ADDR_WIDTH=32'b0111,DATA...
Compiling module work.memstream(SETS=32'b01,DEPTH=32'b...
Compiling module work.memstream_axi(SETS=32'b01,DEPTH=...
Compiling module work.MVAU_hls_3_memstream_wrapper(AXI...
Compiling module work.finn_design_MVAU_hls_3_wstrm_0
Compiling module work.MVAU_hls_3_imp_U0RWZQ
Compiling module work.dwc(IBITS=32'b011100000,OBITS=32...
Compiling module work.dwc_axi(IBITS=32'b011100000,OBIT...
Compiling module work.Reshape_rtl_0(AXI_IBITS=224,AXI_...
Compiling module work.dwc(IBITS=32'b011100,OBITS=32'b0...
Compiling module work.dwc_axi(IBITS=32'b011100,OBITS=3...
Compiling module work.StreamingDataWidthConverter_rtl_...
Compiling module work.dwc(IBITS=32'b01000110,OBITS=32'...
Compiling module work.dwc_axi(IBITS=32'b01000110,OBITS...
Compiling module work.StreamingDataWidthConverter_rtl_...
Compiling module work.fifo_gauge(WIDTH=32'b011100000,C...
Compiling module work.StreamingFIFO_rtl_0
Compiling module work.finn_design_StreamingFIFO_rtl_0_...
Compiling module work.StreamingFIFO_rtl_1
Compiling module work.finn_design_StreamingFIFO_rtl_1_...
Compiling module work.fifo_gauge(WIDTH=32'b0100000,COU...
Compiling module work.StreamingFIFO_rtl_2
Compiling module work.finn_design_StreamingFIFO_rtl_2_...
Compiling module work.fifo_gauge(WIDTH=32'b01110000,CO...
Compiling module work.StreamingFIFO_rtl_3
Compiling module work.finn_design_StreamingFIFO_rtl_3_...
Compiling module work.StreamingFIFO_rtl_4
Compiling module work.finn_design_StreamingFIFO_rtl_4_...
Compiling module work.StreamingFIFO_rtl_5
Compiling module work.finn_design_StreamingFIFO_rtl_5_...
Compiling module work.StreamingFIFO_rtl_6
Compiling module work.finn_design_StreamingFIFO_rtl_6_...
Compiling module work.fifo_gauge(WIDTH=32'b01001000,CO...
Compiling module work.StreamingFIFO_rtl_7
Compiling module work.finn_design_StreamingFIFO_rtl_7_...
Compiling module work.fifo_gauge(WIDTH=32'b0101000,COU...
Compiling module work.StreamingFIFO_rtl_8
Compiling module work.finn_design_StreamingFIFO_rtl_8_...
Compiling module work.fifo_gauge(WIDTH=32'b01000,COUNT...
Compiling module work.StreamingFIFO_rtl_9
Compiling module work.finn_design_StreamingFIFO_rtl_9_...
Compiling module work.thresholding(K=32'b01001,N=32'b0...
Compiling module work.thresholding_axi(WI=32'b01000,WT...
Compiling module work.Thresholding_rtl_0
Compiling module work.finn_design_Thresholding_rtl_0_0
Compiling module work.finn_design
Compiling module work.finn_design_wrapper
Built XSI simulation shared library xsim.dir/finn_design_wrapper/xsimk.so
[2026-08-01 22:33:23,868]INFO:Running step: step_out_of_context_synthesis [17/20]
[2026-08-01 22:33:23,873]INFO:Running step: step_synthesize_bitfile [18/20]
[2026-08-01 22:33:23,910]WARNING:21 nodes have no entry in                the provided floorplan, SLR was set to -1
[2026-08-01 22:34:17,784]INFO:Using pre-existing code for StreamingDataflowPartition_1_StreamingFIFO_rtl_0
[2026-08-01 22:34:17,785]INFO:Using pre-existing code for StreamingDataflowPartition_1_Reshape_rtl_0
[2026-08-01 22:34:17,786]INFO:Using pre-existing code for StreamingDataflowPartition_1_StreamingFIFO_rtl_1
[2026-08-01 22:34:17,786]INFO:Using pre-existing code for StreamingDataflowPartition_1_Thresholding_rtl_0
[2026-08-01 22:34:17,787]INFO:Using pre-existing code for StreamingDataflowPartition_1_StreamingFIFO_rtl_2
[2026-08-01 22:34:17,788]INFO:Using pre-existing code for StreamingDataflowPartition_1_StreamingDataWidthConverter_rtl_0
[2026-08-01 22:34:17,788]INFO:Using pre-existing code for StreamingDataflowPartition_1_StreamingFIFO_rtl_3
[2026-08-01 22:34:17,788]INFO:Using pre-existing code for StreamingDataflowPartition_1_MVAU_hls_0
[2026-08-01 22:34:17,789]INFO:Using pre-existing code for StreamingDataflowPartition_1_StreamingFIFO_rtl_4
[2026-08-01 22:34:17,789]INFO:Using pre-existing code for StreamingDataflowPartition_1_MVAU_hls_1
[2026-08-01 22:34:17,790]INFO:Using pre-existing code for StreamingDataflowPartition_1_StreamingFIFO_rtl_5
[2026-08-01 22:34:17,790]INFO:Using pre-existing code for StreamingDataflowPartition_1_MVAU_hls_2
[2026-08-01 22:34:17,790]INFO:Using pre-existing code for StreamingDataflowPartition_1_StreamingFIFO_rtl_6
[2026-08-01 22:34:17,790]INFO:Using pre-existing code for StreamingDataflowPartition_1_MVAU_hls_3
[2026-08-01 22:34:17,791]INFO:Using pre-existing code for StreamingDataflowPartition_1_StreamingFIFO_rtl_7
[2026-08-01 22:34:17,791]INFO:Using pre-existing code for StreamingDataflowPartition_1_StreamingDataWidthConverter_rtl_1
[2026-08-01 22:34:17,792]INFO:Using pre-existing code for StreamingDataflowPartition_1_StreamingFIFO_rtl_8
[2026-08-01 22:34:17,792]INFO:Using pre-existing code for StreamingDataflowPartition_1_LabelSelect_hls_0
[2026-08-01 22:34:17,793]INFO:Using pre-existing code for StreamingDataflowPartition_1_StreamingFIFO_rtl_9
[2026-08-01 22:34:17,839]INFO:Using pre-existing IP for StreamingDataflowPartition_1_LabelSelect_hls_0
[2026-08-01 22:34:17,840]INFO:Using pre-existing IP for StreamingDataflowPartition_1_MVAU_hls_3
[2026-08-01 22:34:17,842]INFO:Using pre-existing IP for StreamingDataflowPartition_1_MVAU_hls_2
[2026-08-01 22:34:17,842]INFO:Using pre-existing IP for StreamingDataflowPartition_1_MVAU_hls_1
[2026-08-01 22:34:17,843]INFO:Using pre-existing IP for StreamingDataflowPartition_1_MVAU_hls_0
[2026-08-01 22:46:38,408]INFO:Bitfile written into /home/neuralnetwork01/Schreibtisch/s7s/nn/task3/Task-3-data/output_custom/bitfile
[2026-08-01 22:46:38,410]INFO:Running step: step_make_driver [19/20]
[2026-08-01 22:46:38,475]INFO:PYNQ Python driver written into /home/neuralnetwork01/Schreibtisch/s7s/nn/task3/Task-3-data/output_custom/driver
[2026-08-01 22:46:38,477]INFO:Running step: step_deployment_package [20/20]
