Copyright 1986-2022 Xilinx, Inc. All Rights Reserved. Copyright 2022-2023 Advanced Micro Devices, Inc. All Rights Reserved.
------------------------------------------------------------------------------------------------------------------------------------------------------------------------------------------------------------------------------
| Tool Version : Vivado v.2023.2 (lin64) Build 4029153 Fri Oct 13 20:13:54 MDT 2023
| Date         : Sat Aug  1 22:04:38 2026
| Host         : i83labpc01 running 64-bit Ubuntu 24.04.4 LTS
| Command      : report_timing_summary -max_paths 10 -report_unconstrained -file top_wrapper_timing_summary_routed.rpt -pb top_wrapper_timing_summary_routed.pb -rpx top_wrapper_timing_summary_routed.rpx -warn_on_violation
| Design       : top_wrapper
| Device       : 7z020-clg400
| Speed File   : -1  PRODUCTION 1.12 2019-11-22
| Design State : Routed
------------------------------------------------------------------------------------------------------------------------------------------------------------------------------------------------------------------------------

Timing Summary Report

------------------------------------------------------------------------------------------------
| Timer Settings
| --------------
------------------------------------------------------------------------------------------------

  Enable Multi Corner Analysis               :  Yes
  Enable Pessimism Removal                   :  Yes
  Pessimism Removal Resolution               :  Nearest Common Node
  Enable Input Delay Default Clock           :  No
  Enable Preset / Clear Arcs                 :  No
  Disable Flight Delays                      :  No
  Ignore I/O Paths                           :  No
  Timing Early Launch at Borrowing Latches   :  No
  Borrow Time for Max Delay Exceptions       :  Yes
  Merge Timing Exceptions                    :  Yes
  Inter-SLR Compensation                     :  Conservative

  Corner  Analyze    Analyze    
  Name    Max Paths  Min Paths  
  ------  ---------  ---------  
  Slow    Yes        Yes        
  Fast    Yes        Yes        


------------------------------------------------------------------------------------------------
| Report Methodology
| ------------------
------------------------------------------------------------------------------------------------

Rule       Severity  Description            Violations  
---------  --------  ---------------------  ----------  
TIMING-16  Warning   Large setup violation  7           

Note: This report is based on the most recent report_methodology run and may not be up-to-date. Run report_methodology on the current design for the latest report.



check_timing report

Table of Contents
-----------------
1. checking no_clock (0)
2. checking constant_clock (0)
3. checking pulse_width_clock (0)
4. checking unconstrained_internal_endpoints (0)
5. checking no_input_delay (0)
6. checking no_output_delay (0)
7. checking multiple_clock (0)
8. checking generated_clocks (0)
9. checking loops (0)
10. checking partial_input_delay (0)
11. checking partial_output_delay (0)
12. checking latch_loops (0)

1. checking no_clock (0)
------------------------
 There are 0 register/latch pins with no clock.


2. checking constant_clock (0)
------------------------------
 There are 0 register/latch pins with constant_clock.


3. checking pulse_width_clock (0)
---------------------------------
 There are 0 register/latch pins which need pulse_width check


4. checking unconstrained_internal_endpoints (0)
------------------------------------------------
 There are 0 pins that are not constrained for maximum delay.

 There are 0 pins that are not constrained for maximum delay due to constant clock.


5. checking no_input_delay (0)
------------------------------
 There are 0 input ports with no input delay specified.

 There are 0 input ports with no input delay but user has a false path constraint.


6. checking no_output_delay (0)
-------------------------------
 There are 0 ports with no output delay specified.

 There are 0 ports with no output delay but user has a false path constraint

 There are 0 ports with no output delay but with a timing clock defined on it or propagating through it


7. checking multiple_clock (0)
------------------------------
 There are 0 register/latch pins with multiple clocks.


8. checking generated_clocks (0)
--------------------------------
 There are 0 generated clocks that are not connected to a clock source.


9. checking loops (0)
---------------------
 There are 0 combinational loops in the design.


10. checking partial_input_delay (0)
------------------------------------
 There are 0 input ports with partial input delay specified.


11. checking partial_output_delay (0)
-------------------------------------
 There are 0 ports with partial output delay specified.


12. checking latch_loops (0)
----------------------------
 There are 0 combinational latch loops in the design through latch input



------------------------------------------------------------------------------------------------
| Design Timing Summary
| ---------------------
------------------------------------------------------------------------------------------------

    WNS(ns)      TNS(ns)  TNS Failing Endpoints  TNS Total Endpoints      WHS(ns)      THS(ns)  THS Failing Endpoints  THS Total Endpoints     WPWS(ns)     TPWS(ns)  TPWS Failing Endpoints  TPWS Total Endpoints  
    -------      -------  ---------------------  -------------------      -------      -------  ---------------------  -------------------     --------     --------  ----------------------  --------------------  
     -2.002      -14.322                      8               109761        0.049        0.000                      0               109761        3.750        0.000                       0                 52934  


Timing constraints are not met.


------------------------------------------------------------------------------------------------
| Clock Summary
| -------------
------------------------------------------------------------------------------------------------

Clock       Waveform(ns)       Period(ns)      Frequency(MHz)
-----       ------------       ----------      --------------
clk_fpga_0  {0.000 5.000}      10.000          100.000         


------------------------------------------------------------------------------------------------
| Intra Clock Table
| -----------------
------------------------------------------------------------------------------------------------

Clock             WNS(ns)      TNS(ns)  TNS Failing Endpoints  TNS Total Endpoints      WHS(ns)      THS(ns)  THS Failing Endpoints  THS Total Endpoints     WPWS(ns)     TPWS(ns)  TPWS Failing Endpoints  TPWS Total Endpoints  
-----             -------      -------  ---------------------  -------------------      -------      -------  ---------------------  -------------------     --------     --------  ----------------------  --------------------  
clk_fpga_0         -2.002      -14.322                      8               109761        0.049        0.000                      0               109761        3.750        0.000                       0                 52934  


------------------------------------------------------------------------------------------------
| Inter Clock Table
| -----------------
------------------------------------------------------------------------------------------------

From Clock    To Clock          WNS(ns)      TNS(ns)  TNS Failing Endpoints  TNS Total Endpoints      WHS(ns)      THS(ns)  THS Failing Endpoints  THS Total Endpoints  
----------    --------          -------      -------  ---------------------  -------------------      -------      -------  ---------------------  -------------------  


------------------------------------------------------------------------------------------------
| Other Path Groups Table
| -----------------------
------------------------------------------------------------------------------------------------

Path Group    From Clock    To Clock          WNS(ns)      TNS(ns)  TNS Failing Endpoints  TNS Total Endpoints      WHS(ns)      THS(ns)  THS Failing Endpoints  THS Total Endpoints  
----------    ----------    --------          -------      -------  ---------------------  -------------------      -------      -------  ---------------------  -------------------  


------------------------------------------------------------------------------------------------
| User Ignored Path Table
| -----------------------
------------------------------------------------------------------------------------------------

Path Group    From Clock    To Clock    
----------    ----------    --------    
(none)                      clk_fpga_0    
(none)        clk_fpga_0    clk_fpga_0    


------------------------------------------------------------------------------------------------
| Unconstrained Path Table
| ------------------------
------------------------------------------------------------------------------------------------

Path Group    From Clock    To Clock    
----------    ----------    --------    


------------------------------------------------------------------------------------------------
| Timing Details
| --------------
------------------------------------------------------------------------------------------------


---------------------------------------------------------------------------------------------------
From Clock:  clk_fpga_0
  To Clock:  clk_fpga_0

Setup :            8  Failing Endpoints,  Worst Slack       -2.002ns,  Total Violation      -14.322ns
Hold  :            0  Failing Endpoints,  Worst Slack        0.049ns,  Total Violation        0.000ns
PW    :            0  Failing Endpoints,  Worst Slack        3.750ns,  Total Violation        0.000ns
---------------------------------------------------------------------------------------------------


Max Delay Paths
--------------------------------------------------------------------------------------
Slack (VIOLATED) :        -2.002ns  (required time - arrival time)
  Source:                 top_i/StreamingDataflowPartition_1/inst/StreamingDataflowPartition_1_LabelSelect_hls_0/inst/grp_LabelSelect_hls_0_Pipeline_VITIS_LOOP_199_3_fu_45/conv_i_i2_445_i_fu_86_reg[2]/C
                            (rising edge-triggered cell FDRE clocked by clk_fpga_0  {rise@0.000ns fall@5.000ns period=10.000ns})
  Destination:            top_i/StreamingDataflowPartition_1/inst/StreamingDataflowPartition_1_LabelSelect_hls_0/inst/grp_LabelSelect_hls_0_Pipeline_VITIS_LOOP_199_3_fu_45/conv_i_i2_445_i_fu_86_reg[4]/D
                            (rising edge-triggered cell FDRE clocked by clk_fpga_0  {rise@0.000ns fall@5.000ns period=10.000ns})
  Path Group:             clk_fpga_0
  Path Type:              Setup (Max at Slow Process Corner)
  Requirement:            10.000ns  (clk_fpga_0 rise@10.000ns - clk_fpga_0 rise@0.000ns)
  Data Path Delay:        11.853ns  (logic 4.141ns (34.937%)  route 7.712ns (65.063%))
  Logic Levels:           14  (CARRY4=5 LUT3=2 LUT4=3 LUT5=2 LUT6=2)
  Clock Path Skew:        -0.024ns (DCD - SCD + CPR)
    Destination Clock Delay (DCD):    2.830ns = ( 12.830 - 10.000 ) 
    Source Clock Delay      (SCD):    3.135ns
    Clock Pessimism Removal (CPR):    0.281ns
  Clock Uncertainty:      0.154ns  ((TSJ^2 + TIJ^2)^1/2 + DJ) / 2 + PE
    Total System Jitter     (TSJ):    0.071ns
    Total Input Jitter      (TIJ):    0.300ns
    Discrete Jitter          (DJ):    0.000ns
    Phase Error              (PE):    0.000ns

    Location             Delay type                Incr(ns)  Path(ns)    Netlist Resource(s)
  -------------------------------------------------------------------    -------------------
                         (clock clk_fpga_0 rise edge)
                                                      0.000     0.000 r  
    PS7_X0Y0             PS7                          0.000     0.000 r  top_i/zynq_ps/inst/PS7_i/FCLKCLK[0]
                         net (fo=1, routed)           1.193     1.193    top_i/zynq_ps/inst/FCLK_CLK_unbuffered[0]
    BUFGCTRL_X0Y16       BUFG (Prop_bufg_I_O)         0.101     1.294 r  top_i/zynq_ps/inst/buffer_fclk_clk_0.FCLK_CLK_0_BUFG/O
                         net (fo=52935, routed)       1.841     3.135    top_i/StreamingDataflowPartition_1/inst/StreamingDataflowPartition_1_LabelSelect_hls_0/inst/grp_LabelSelect_hls_0_Pipeline_VITIS_LOOP_199_3_fu_45/ap_clk
    SLICE_X32Y138        FDRE                                         r  top_i/StreamingDataflowPartition_1/inst/StreamingDataflowPartition_1_LabelSelect_hls_0/inst/grp_LabelSelect_hls_0_Pipeline_VITIS_LOOP_199_3_fu_45/conv_i_i2_445_i_fu_86_reg[2]/C
  -------------------------------------------------------------------    -------------------
    SLICE_X32Y138        FDRE (Prop_fdre_C_Q)         0.518     3.653 r  top_i/StreamingDataflowPartition_1/inst/StreamingDataflowPartition_1_LabelSelect_hls_0/inst/grp_LabelSelect_hls_0_Pipeline_VITIS_LOOP_199_3_fu_45/conv_i_i2_445_i_fu_86_reg[2]/Q
                         net (fo=5, routed)           0.881     4.534    top_i/StreamingDataflowPartition_1/inst/StreamingDataflowPartition_1_LabelSelect_hls_0/inst/grp_LabelSelect_hls_0_Pipeline_VITIS_LOOP_199_3_fu_45/conv_i_i2_445_i_fu_86[2]
    SLICE_X33Y138        LUT4 (Prop_lut4_I1_O)        0.124     4.658 r  top_i/StreamingDataflowPartition_1/inst/StreamingDataflowPartition_1_LabelSelect_hls_0/inst/grp_LabelSelect_hls_0_Pipeline_VITIS_LOOP_199_3_fu_45/cmp_fu_190_p2_carry_i_7/O
                         net (fo=1, routed)           0.000     4.658    top_i/StreamingDataflowPartition_1/inst/StreamingDataflowPartition_1_LabelSelect_hls_0/inst/grp_LabelSelect_hls_0_Pipeline_VITIS_LOOP_199_3_fu_45/cmp_fu_190_p2_carry_i_7_n_3
    SLICE_X33Y138        CARRY4 (Prop_carry4_S[1]_CO[3])
                                                      0.550     5.208 r  top_i/StreamingDataflowPartition_1/inst/StreamingDataflowPartition_1_LabelSelect_hls_0/inst/grp_LabelSelect_hls_0_Pipeline_VITIS_LOOP_199_3_fu_45/cmp_fu_190_p2_carry/CO[3]
                         net (fo=22, routed)          0.867     6.074    top_i/StreamingDataflowPartition_1/inst/StreamingDataflowPartition_1_LabelSelect_hls_0/inst/grp_LabelSelect_hls_0_Pipeline_VITIS_LOOP_199_3_fu_45/cmp_fu_190_p2_carry_n_3
    SLICE_X34Y138        LUT3 (Prop_lut3_I2_O)        0.124     6.198 f  top_i/StreamingDataflowPartition_1/inst/StreamingDataflowPartition_1_LabelSelect_hls_0/inst/grp_LabelSelect_hls_0_Pipeline_VITIS_LOOP_199_3_fu_45/cmp_1_fu_202_p2_carry_i_10/O
                         net (fo=2, routed)           0.506     6.705    top_i/StreamingDataflowPartition_1/inst/StreamingDataflowPartition_1_LabelSelect_hls_0/inst/grp_LabelSelect_hls_0_Pipeline_VITIS_LOOP_199_3_fu_45/select_ln220_fu_195_p3__0[3]
    SLICE_X34Y138        LUT6 (Prop_lut6_I4_O)        0.124     6.829 r  top_i/StreamingDataflowPartition_1/inst/StreamingDataflowPartition_1_LabelSelect_hls_0/inst/grp_LabelSelect_hls_0_Pipeline_VITIS_LOOP_199_3_fu_45/cmp_1_fu_202_p2_carry_i_3/O
                         net (fo=1, routed)           0.190     7.018    top_i/StreamingDataflowPartition_1/inst/StreamingDataflowPartition_1_LabelSelect_hls_0/inst/grp_LabelSelect_hls_0_Pipeline_VITIS_LOOP_199_3_fu_45/cmp_1_fu_202_p2_carry_i_3_n_3
    SLICE_X35Y138        CARRY4 (Prop_carry4_DI[1]_CO[3])
                                                      0.507     7.525 r  top_i/StreamingDataflowPartition_1/inst/StreamingDataflowPartition_1_LabelSelect_hls_0/inst/grp_LabelSelect_hls_0_Pipeline_VITIS_LOOP_199_3_fu_45/cmp_1_fu_202_p2_carry/CO[3]
                         net (fo=11, routed)          0.708     8.233    top_i/StreamingDataflowPartition_1/inst/StreamingDataflowPartition_1_LabelSelect_hls_0/inst/grp_LabelSelect_hls_0_Pipeline_VITIS_LOOP_199_3_fu_45/cmp_1_fu_202_p2_carry_n_3
    SLICE_X34Y139        LUT5 (Prop_lut5_I4_O)        0.124     8.357 r  top_i/StreamingDataflowPartition_1/inst/StreamingDataflowPartition_1_LabelSelect_hls_0/inst/grp_LabelSelect_hls_0_Pipeline_VITIS_LOOP_199_3_fu_45/cmp_2_fu_214_p2_carry_i_13/O
                         net (fo=5, routed)           0.788     9.145    top_i/StreamingDataflowPartition_1/inst/StreamingDataflowPartition_1_LabelSelect_hls_0/inst/grp_LabelSelect_hls_0_Pipeline_VITIS_LOOP_199_3_fu_45/select_ln220_1_fu_207_p3__0[0]
    SLICE_X36Y140        LUT4 (Prop_lut4_I1_O)        0.124     9.269 r  top_i/StreamingDataflowPartition_1/inst/StreamingDataflowPartition_1_LabelSelect_hls_0/inst/grp_LabelSelect_hls_0_Pipeline_VITIS_LOOP_199_3_fu_45/cmp_2_fu_214_p2_carry_i_8/O
                         net (fo=1, routed)           0.000     9.269    top_i/StreamingDataflowPartition_1/inst/StreamingDataflowPartition_1_LabelSelect_hls_0/inst/grp_LabelSelect_hls_0_Pipeline_VITIS_LOOP_199_3_fu_45/cmp_2_fu_214_p2_carry_i_8_n_3
    SLICE_X36Y140        CARRY4 (Prop_carry4_S[0]_CO[3])
                                                      0.513     9.782 r  top_i/StreamingDataflowPartition_1/inst/StreamingDataflowPartition_1_LabelSelect_hls_0/inst/grp_LabelSelect_hls_0_Pipeline_VITIS_LOOP_199_3_fu_45/cmp_2_fu_214_p2_carry/CO[3]
                         net (fo=21, routed)          1.055    10.837    top_i/StreamingDataflowPartition_1/inst/StreamingDataflowPartition_1_LabelSelect_hls_0/inst/grp_LabelSelect_hls_0_Pipeline_VITIS_LOOP_199_3_fu_45/cmp_2_fu_214_p2_carry_n_3
    SLICE_X35Y140        LUT6 (Prop_lut6_I4_O)        0.124    10.961 r  top_i/StreamingDataflowPartition_1/inst/StreamingDataflowPartition_1_LabelSelect_hls_0/inst/grp_LabelSelect_hls_0_Pipeline_VITIS_LOOP_199_3_fu_45/cmp_3_fu_226_p2_carry_i_2_comp/O
                         net (fo=1, routed)           0.519    11.480    top_i/StreamingDataflowPartition_1/inst/StreamingDataflowPartition_1_LabelSelect_hls_0/inst/grp_LabelSelect_hls_0_Pipeline_VITIS_LOOP_199_3_fu_45/cmp_3_fu_226_p2_carry_i_2_n_3
    SLICE_X34Y140        CARRY4 (Prop_carry4_DI[2]_CO[3])
                                                      0.404    11.884 r  top_i/StreamingDataflowPartition_1/inst/StreamingDataflowPartition_1_LabelSelect_hls_0/inst/grp_LabelSelect_hls_0_Pipeline_VITIS_LOOP_199_3_fu_45/cmp_3_fu_226_p2_carry/CO[3]
                         net (fo=10, routed)          0.705    12.589    top_i/StreamingDataflowPartition_1/inst/StreamingDataflowPartition_1_LabelSelect_hls_0/inst/grp_LabelSelect_hls_0_Pipeline_VITIS_LOOP_199_3_fu_45/cmp_3_fu_226_p2_carry_n_3
    SLICE_X33Y139        LUT5 (Prop_lut5_I4_O)        0.124    12.713 r  top_i/StreamingDataflowPartition_1/inst/StreamingDataflowPartition_1_LabelSelect_hls_0/inst/grp_LabelSelect_hls_0_Pipeline_VITIS_LOOP_199_3_fu_45/conv_i_i2_445_i_fu_86[3]_i_2/O
                         net (fo=3, routed)           0.602    13.315    top_i/StreamingDataflowPartition_1/inst/StreamingDataflowPartition_1_LabelSelect_hls_0/inst/grp_LabelSelect_hls_0_Pipeline_VITIS_LOOP_199_3_fu_45/select_ln220_3_fu_231_p3__0[3]
    SLICE_X32Y140        LUT4 (Prop_lut4_I3_O)        0.124    13.439 r  top_i/StreamingDataflowPartition_1/inst/StreamingDataflowPartition_1_LabelSelect_hls_0/inst/grp_LabelSelect_hls_0_Pipeline_VITIS_LOOP_199_3_fu_45/cmp_4_fu_238_p2_carry_i_7/O
                         net (fo=1, routed)           0.000    13.439    top_i/StreamingDataflowPartition_1/inst/StreamingDataflowPartition_1_LabelSelect_hls_0/inst/grp_LabelSelect_hls_0_Pipeline_VITIS_LOOP_199_3_fu_45/cmp_4_fu_238_p2_carry_i_7_n_3
    SLICE_X32Y140        CARRY4 (Prop_carry4_S[1]_CO[3])
                                                      0.533    13.972 r  top_i/StreamingDataflowPartition_1/inst/StreamingDataflowPartition_1_LabelSelect_hls_0/inst/grp_LabelSelect_hls_0_Pipeline_VITIS_LOOP_199_3_fu_45/cmp_4_fu_238_p2_carry/CO[3]
                         net (fo=8, routed)           0.891    14.864    top_i/StreamingDataflowPartition_1/inst/StreamingDataflowPartition_1_LabelSelect_hls_0/inst/grp_LabelSelect_hls_0_Pipeline_VITIS_LOOP_199_3_fu_45/cmp_4_fu_238_p2_carry_n_3
    SLICE_X33Y139        LUT3 (Prop_lut3_I2_O)        0.124    14.988 r  top_i/StreamingDataflowPartition_1/inst/StreamingDataflowPartition_1_LabelSelect_hls_0/inst/grp_LabelSelect_hls_0_Pipeline_VITIS_LOOP_199_3_fu_45/conv_i_i2_445_i_fu_86[4]_i_1/O
                         net (fo=1, routed)           0.000    14.988    top_i/StreamingDataflowPartition_1/inst/StreamingDataflowPartition_1_LabelSelect_hls_0/inst/grp_LabelSelect_hls_0_Pipeline_VITIS_LOOP_199_3_fu_45/select_ln220_4_fu_243_p3[4]
    SLICE_X33Y139        FDRE                                         r  top_i/StreamingDataflowPartition_1/inst/StreamingDataflowPartition_1_LabelSelect_hls_0/inst/grp_LabelSelect_hls_0_Pipeline_VITIS_LOOP_199_3_fu_45/conv_i_i2_445_i_fu_86_reg[4]/D
  -------------------------------------------------------------------    -------------------

                         (clock clk_fpga_0 rise edge)
                                                     10.000    10.000 r  
    PS7_X0Y0             PS7                          0.000    10.000 r  top_i/zynq_ps/inst/PS7_i/FCLKCLK[0]
                         net (fo=1, routed)           1.088    11.088    top_i/zynq_ps/inst/FCLK_CLK_unbuffered[0]
    BUFGCTRL_X0Y16       BUFG (Prop_bufg_I_O)         0.091    11.179 r  top_i/zynq_ps/inst/buffer_fclk_clk_0.FCLK_CLK_0_BUFG/O
                         net (fo=52935, routed)       1.651    12.830    top_i/StreamingDataflowPartition_1/inst/StreamingDataflowPartition_1_LabelSelect_hls_0/inst/grp_LabelSelect_hls_0_Pipeline_VITIS_LOOP_199_3_fu_45/ap_clk
    SLICE_X33Y139        FDRE                                         r  top_i/StreamingDataflowPartition_1/inst/StreamingDataflowPartition_1_LabelSelect_hls_0/inst/grp_LabelSelect_hls_0_Pipeline_VITIS_LOOP_199_3_fu_45/conv_i_i2_445_i_fu_86_reg[4]/C
                         clock pessimism              0.281    13.111    
                         clock uncertainty           -0.154    12.957    
    SLICE_X33Y139        FDRE (Setup_fdre_C_D)        0.029    12.986    top_i/StreamingDataflowPartition_1/inst/StreamingDataflowPartition_1_LabelSelect_hls_0/inst/grp_LabelSelect_hls_0_Pipeline_VITIS_LOOP_199_3_fu_45/conv_i_i2_445_i_fu_86_reg[4]
  -------------------------------------------------------------------
                         required time                         12.986    
                         arrival time                         -14.988    
  -------------------------------------------------------------------
                         slack                                 -2.002    

Slack (VIOLATED) :        -1.973ns  (required time - arrival time)
  Source:                 top_i/StreamingDataflowPartition_1/inst/StreamingDataflowPartition_1_LabelSelect_hls_0/inst/grp_LabelSelect_hls_0_Pipeline_VITIS_LOOP_199_3_fu_45/conv_i_i2_445_i_fu_86_reg[2]/C
                            (rising edge-triggered cell FDRE clocked by clk_fpga_0  {rise@0.000ns fall@5.000ns period=10.000ns})
  Destination:            top_i/StreamingDataflowPartition_1/inst/StreamingDataflowPartition_1_LabelSelect_hls_0/inst/grp_LabelSelect_hls_0_Pipeline_VITIS_LOOP_199_3_fu_45/conv_i_i2_445_i_fu_86_reg[0]/D
                            (rising edge-triggered cell FDRE clocked by clk_fpga_0  {rise@0.000ns fall@5.000ns period=10.000ns})
  Path Group:             clk_fpga_0
  Path Type:              Setup (Max at Slow Process Corner)
  Requirement:            10.000ns  (clk_fpga_0 rise@10.000ns - clk_fpga_0 rise@0.000ns)
  Data Path Delay:        11.896ns  (logic 4.141ns (34.811%)  route 7.755ns (65.189%))
  Logic Levels:           14  (CARRY4=5 LUT3=2 LUT4=3 LUT5=2 LUT6=2)
  Clock Path Skew:        0.000ns (DCD - SCD + CPR)
    Destination Clock Delay (DCD):    2.829ns = ( 12.829 - 10.000 ) 
    Source Clock Delay      (SCD):    3.135ns
    Clock Pessimism Removal (CPR):    0.306ns
  Clock Uncertainty:      0.154ns  ((TSJ^2 + TIJ^2)^1/2 + DJ) / 2 + PE
    Total System Jitter     (TSJ):    0.071ns
    Total Input Jitter      (TIJ):    0.300ns
    Discrete Jitter          (DJ):    0.000ns
    Phase Error              (PE):    0.000ns

    Location             Delay type                Incr(ns)  Path(ns)    Netlist Resource(s)
  -------------------------------------------------------------------    -------------------
                         (clock clk_fpga_0 rise edge)
                                                      0.000     0.000 r  
    PS7_X0Y0             PS7                          0.000     0.000 r  top_i/zynq_ps/inst/PS7_i/FCLKCLK[0]
                         net (fo=1, routed)           1.193     1.193    top_i/zynq_ps/inst/FCLK_CLK_unbuffered[0]
    BUFGCTRL_X0Y16       BUFG (Prop_bufg_I_O)         0.101     1.294 r  top_i/zynq_ps/inst/buffer_fclk_clk_0.FCLK_CLK_0_BUFG/O
                         net (fo=52935, routed)       1.841     3.135    top_i/StreamingDataflowPartition_1/inst/StreamingDataflowPartition_1_LabelSelect_hls_0/inst/grp_LabelSelect_hls_0_Pipeline_VITIS_LOOP_199_3_fu_45/ap_clk
    SLICE_X32Y138        FDRE                                         r  top_i/StreamingDataflowPartition_1/inst/StreamingDataflowPartition_1_LabelSelect_hls_0/inst/grp_LabelSelect_hls_0_Pipeline_VITIS_LOOP_199_3_fu_45/conv_i_i2_445_i_fu_86_reg[2]/C
  -------------------------------------------------------------------    -------------------
    SLICE_X32Y138        FDRE (Prop_fdre_C_Q)         0.518     3.653 r  top_i/StreamingDataflowPartition_1/inst/StreamingDataflowPartition_1_LabelSelect_hls_0/inst/grp_LabelSelect_hls_0_Pipeline_VITIS_LOOP_199_3_fu_45/conv_i_i2_445_i_fu_86_reg[2]/Q
                         net (fo=5, routed)           0.881     4.534    top_i/StreamingDataflowPartition_1/inst/StreamingDataflowPartition_1_LabelSelect_hls_0/inst/grp_LabelSelect_hls_0_Pipeline_VITIS_LOOP_199_3_fu_45/conv_i_i2_445_i_fu_86[2]
    SLICE_X33Y138        LUT4 (Prop_lut4_I1_O)        0.124     4.658 r  top_i/StreamingDataflowPartition_1/inst/StreamingDataflowPartition_1_LabelSelect_hls_0/inst/grp_LabelSelect_hls_0_Pipeline_VITIS_LOOP_199_3_fu_45/cmp_fu_190_p2_carry_i_7/O
                         net (fo=1, routed)           0.000     4.658    top_i/StreamingDataflowPartition_1/inst/StreamingDataflowPartition_1_LabelSelect_hls_0/inst/grp_LabelSelect_hls_0_Pipeline_VITIS_LOOP_199_3_fu_45/cmp_fu_190_p2_carry_i_7_n_3
    SLICE_X33Y138        CARRY4 (Prop_carry4_S[1]_CO[3])
                                                      0.550     5.208 r  top_i/StreamingDataflowPartition_1/inst/StreamingDataflowPartition_1_LabelSelect_hls_0/inst/grp_LabelSelect_hls_0_Pipeline_VITIS_LOOP_199_3_fu_45/cmp_fu_190_p2_carry/CO[3]
                         net (fo=22, routed)          0.867     6.074    top_i/StreamingDataflowPartition_1/inst/StreamingDataflowPartition_1_LabelSelect_hls_0/inst/grp_LabelSelect_hls_0_Pipeline_VITIS_LOOP_199_3_fu_45/cmp_fu_190_p2_carry_n_3
    SLICE_X34Y138        LUT3 (Prop_lut3_I2_O)        0.124     6.198 f  top_i/StreamingDataflowPartition_1/inst/StreamingDataflowPartition_1_LabelSelect_hls_0/inst/grp_LabelSelect_hls_0_Pipeline_VITIS_LOOP_199_3_fu_45/cmp_1_fu_202_p2_carry_i_10/O
                         net (fo=2, routed)           0.506     6.705    top_i/StreamingDataflowPartition_1/inst/StreamingDataflowPartition_1_LabelSelect_hls_0/inst/grp_LabelSelect_hls_0_Pipeline_VITIS_LOOP_199_3_fu_45/select_ln220_fu_195_p3__0[3]
    SLICE_X34Y138        LUT6 (Prop_lut6_I4_O)        0.124     6.829 r  top_i/StreamingDataflowPartition_1/inst/StreamingDataflowPartition_1_LabelSelect_hls_0/inst/grp_LabelSelect_hls_0_Pipeline_VITIS_LOOP_199_3_fu_45/cmp_1_fu_202_p2_carry_i_3/O
                         net (fo=1, routed)           0.190     7.018    top_i/StreamingDataflowPartition_1/inst/StreamingDataflowPartition_1_LabelSelect_hls_0/inst/grp_LabelSelect_hls_0_Pipeline_VITIS_LOOP_199_3_fu_45/cmp_1_fu_202_p2_carry_i_3_n_3
    SLICE_X35Y138        CARRY4 (Prop_carry4_DI[1]_CO[3])
                                                      0.507     7.525 r  top_i/StreamingDataflowPartition_1/inst/StreamingDataflowPartition_1_LabelSelect_hls_0/inst/grp_LabelSelect_hls_0_Pipeline_VITIS_LOOP_199_3_fu_45/cmp_1_fu_202_p2_carry/CO[3]
                         net (fo=11, routed)          0.708     8.233    top_i/StreamingDataflowPartition_1/inst/StreamingDataflowPartition_1_LabelSelect_hls_0/inst/grp_LabelSelect_hls_0_Pipeline_VITIS_LOOP_199_3_fu_45/cmp_1_fu_202_p2_carry_n_3
    SLICE_X34Y139        LUT5 (Prop_lut5_I4_O)        0.124     8.357 r  top_i/StreamingDataflowPartition_1/inst/StreamingDataflowPartition_1_LabelSelect_hls_0/inst/grp_LabelSelect_hls_0_Pipeline_VITIS_LOOP_199_3_fu_45/cmp_2_fu_214_p2_carry_i_13/O
                         net (fo=5, routed)           0.788     9.145    top_i/StreamingDataflowPartition_1/inst/StreamingDataflowPartition_1_LabelSelect_hls_0/inst/grp_LabelSelect_hls_0_Pipeline_VITIS_LOOP_199_3_fu_45/select_ln220_1_fu_207_p3__0[0]
    SLICE_X36Y140        LUT4 (Prop_lut4_I1_O)        0.124     9.269 r  top_i/StreamingDataflowPartition_1/inst/StreamingDataflowPartition_1_LabelSelect_hls_0/inst/grp_LabelSelect_hls_0_Pipeline_VITIS_LOOP_199_3_fu_45/cmp_2_fu_214_p2_carry_i_8/O
                         net (fo=1, routed)           0.000     9.269    top_i/StreamingDataflowPartition_1/inst/StreamingDataflowPartition_1_LabelSelect_hls_0/inst/grp_LabelSelect_hls_0_Pipeline_VITIS_LOOP_199_3_fu_45/cmp_2_fu_214_p2_carry_i_8_n_3
    SLICE_X36Y140        CARRY4 (Prop_carry4_S[0]_CO[3])
                                                      0.513     9.782 r  top_i/StreamingDataflowPartition_1/inst/StreamingDataflowPartition_1_LabelSelect_hls_0/inst/grp_LabelSelect_hls_0_Pipeline_VITIS_LOOP_199_3_fu_45/cmp_2_fu_214_p2_carry/CO[3]
                         net (fo=21, routed)          1.055    10.837    top_i/StreamingDataflowPartition_1/inst/StreamingDataflowPartition_1_LabelSelect_hls_0/inst/grp_LabelSelect_hls_0_Pipeline_VITIS_LOOP_199_3_fu_45/cmp_2_fu_214_p2_carry_n_3
    SLICE_X35Y140        LUT6 (Prop_lut6_I4_O)        0.124    10.961 r  top_i/StreamingDataflowPartition_1/inst/StreamingDataflowPartition_1_LabelSelect_hls_0/inst/grp_LabelSelect_hls_0_Pipeline_VITIS_LOOP_199_3_fu_45/cmp_3_fu_226_p2_carry_i_2_comp/O
                         net (fo=1, routed)           0.519    11.480    top_i/StreamingDataflowPartition_1/inst/StreamingDataflowPartition_1_LabelSelect_hls_0/inst/grp_LabelSelect_hls_0_Pipeline_VITIS_LOOP_199_3_fu_45/cmp_3_fu_226_p2_carry_i_2_n_3
    SLICE_X34Y140        CARRY4 (Prop_carry4_DI[2]_CO[3])
                                                      0.404    11.884 r  top_i/StreamingDataflowPartition_1/inst/StreamingDataflowPartition_1_LabelSelect_hls_0/inst/grp_LabelSelect_hls_0_Pipeline_VITIS_LOOP_199_3_fu_45/cmp_3_fu_226_p2_carry/CO[3]
                         net (fo=10, routed)          0.705    12.589    top_i/StreamingDataflowPartition_1/inst/StreamingDataflowPartition_1_LabelSelect_hls_0/inst/grp_LabelSelect_hls_0_Pipeline_VITIS_LOOP_199_3_fu_45/cmp_3_fu_226_p2_carry_n_3
    SLICE_X33Y139        LUT5 (Prop_lut5_I4_O)        0.124    12.713 r  top_i/StreamingDataflowPartition_1/inst/StreamingDataflowPartition_1_LabelSelect_hls_0/inst/grp_LabelSelect_hls_0_Pipeline_VITIS_LOOP_199_3_fu_45/conv_i_i2_445_i_fu_86[3]_i_2/O
                         net (fo=3, routed)           0.602    13.315    top_i/StreamingDataflowPartition_1/inst/StreamingDataflowPartition_1_LabelSelect_hls_0/inst/grp_LabelSelect_hls_0_Pipeline_VITIS_LOOP_199_3_fu_45/select_ln220_3_fu_231_p3__0[3]
    SLICE_X32Y140        LUT4 (Prop_lut4_I3_O)        0.124    13.439 r  top_i/StreamingDataflowPartition_1/inst/StreamingDataflowPartition_1_LabelSelect_hls_0/inst/grp_LabelSelect_hls_0_Pipeline_VITIS_LOOP_199_3_fu_45/cmp_4_fu_238_p2_carry_i_7/O
                         net (fo=1, routed)           0.000    13.439    top_i/StreamingDataflowPartition_1/inst/StreamingDataflowPartition_1_LabelSelect_hls_0/inst/grp_LabelSelect_hls_0_Pipeline_VITIS_LOOP_199_3_fu_45/cmp_4_fu_238_p2_carry_i_7_n_3
    SLICE_X32Y140        CARRY4 (Prop_carry4_S[1]_CO[3])
                                                      0.533    13.972 r  top_i/StreamingDataflowPartition_1/inst/StreamingDataflowPartition_1_LabelSelect_hls_0/inst/grp_LabelSelect_hls_0_Pipeline_VITIS_LOOP_199_3_fu_45/cmp_4_fu_238_p2_carry/CO[3]
                         net (fo=8, routed)           0.934    14.907    top_i/StreamingDataflowPartition_1/inst/StreamingDataflowPartition_1_LabelSelect_hls_0/inst/grp_LabelSelect_hls_0_Pipeline_VITIS_LOOP_199_3_fu_45/cmp_4_fu_238_p2_carry_n_3
    SLICE_X32Y138        LUT3 (Prop_lut3_I2_O)        0.124    15.031 r  top_i/StreamingDataflowPartition_1/inst/StreamingDataflowPartition_1_LabelSelect_hls_0/inst/grp_LabelSelect_hls_0_Pipeline_VITIS_LOOP_199_3_fu_45/conv_i_i2_445_i_fu_86[0]_i_1/O
                         net (fo=1, routed)           0.000    15.031    top_i/StreamingDataflowPartition_1/inst/StreamingDataflowPartition_1_LabelSelect_hls_0/inst/grp_LabelSelect_hls_0_Pipeline_VITIS_LOOP_199_3_fu_45/select_ln220_4_fu_243_p3[0]
    SLICE_X32Y138        FDRE                                         r  top_i/StreamingDataflowPartition_1/inst/StreamingDataflowPartition_1_LabelSelect_hls_0/inst/grp_LabelSelect_hls_0_Pipeline_VITIS_LOOP_199_3_fu_45/conv_i_i2_445_i_fu_86_reg[0]/D
  -------------------------------------------------------------------    -------------------

                         (clock clk_fpga_0 rise edge)
                                                     10.000    10.000 r  
    PS7_X0Y0             PS7                          0.000    10.000 r  top_i/zynq_ps/inst/PS7_i/FCLKCLK[0]
                         net (fo=1, routed)           1.088    11.088    top_i/zynq_ps/inst/FCLK_CLK_unbuffered[0]
    BUFGCTRL_X0Y16       BUFG (Prop_bufg_I_O)         0.091    11.179 r  top_i/zynq_ps/inst/buffer_fclk_clk_0.FCLK_CLK_0_BUFG/O
                         net (fo=52935, routed)       1.650    12.829    top_i/StreamingDataflowPartition_1/inst/StreamingDataflowPartition_1_LabelSelect_hls_0/inst/grp_LabelSelect_hls_0_Pipeline_VITIS_LOOP_199_3_fu_45/ap_clk
    SLICE_X32Y138        FDRE                                         r  top_i/StreamingDataflowPartition_1/inst/StreamingDataflowPartition_1_LabelSelect_hls_0/inst/grp_LabelSelect_hls_0_Pipeline_VITIS_LOOP_199_3_fu_45/conv_i_i2_445_i_fu_86_reg[0]/C
                         clock pessimism              0.306    13.135    
                         clock uncertainty           -0.154    12.981    
    SLICE_X32Y138        FDRE (Setup_fdre_C_D)        0.077    13.058    top_i/StreamingDataflowPartition_1/inst/StreamingDataflowPartition_1_LabelSelect_hls_0/inst/grp_LabelSelect_hls_0_Pipeline_VITIS_LOOP_199_3_fu_45/conv_i_i2_445_i_fu_86_reg[0]
  -------------------------------------------------------------------
                         required time                         13.058    
                         arrival time                         -15.031    
  -------------------------------------------------------------------
                         slack                                 -1.973    

Slack (VIOLATED) :        -1.966ns  (required time - arrival time)
  Source:                 top_i/StreamingDataflowPartition_1/inst/StreamingDataflowPartition_1_LabelSelect_hls_0/inst/grp_LabelSelect_hls_0_Pipeline_VITIS_LOOP_199_3_fu_45/conv_i_i2_445_i_fu_86_reg[2]/C
                            (rising edge-triggered cell FDRE clocked by clk_fpga_0  {rise@0.000ns fall@5.000ns period=10.000ns})
  Destination:            top_i/StreamingDataflowPartition_1/inst/StreamingDataflowPartition_1_LabelSelect_hls_0/inst/grp_LabelSelect_hls_0_Pipeline_VITIS_LOOP_199_3_fu_45/conv_i_i2_445_i_fu_86_reg[2]/D
                            (rising edge-triggered cell FDRE clocked by clk_fpga_0  {rise@0.000ns fall@5.000ns period=10.000ns})
  Path Group:             clk_fpga_0
  Path Type:              Setup (Max at Slow Process Corner)
  Requirement:            10.000ns  (clk_fpga_0 rise@10.000ns - clk_fpga_0 rise@0.000ns)
  Data Path Delay:        11.893ns  (logic 4.141ns (34.820%)  route 7.752ns (65.180%))
  Logic Levels:           14  (CARRY4=5 LUT3=2 LUT4=3 LUT5=2 LUT6=2)
  Clock Path Skew:        0.000ns (DCD - SCD + CPR)
    Destination Clock Delay (DCD):    2.829ns = ( 12.829 - 10.000 ) 
    Source Clock Delay      (SCD):    3.135ns
    Clock Pessimism Removal (CPR):    0.306ns
  Clock Uncertainty:      0.154ns  ((TSJ^2 + TIJ^2)^1/2 + DJ) / 2 + PE
    Total System Jitter     (TSJ):    0.071ns
    Total Input Jitter      (TIJ):    0.300ns
    Discrete Jitter          (DJ):    0.000ns
    Phase Error              (PE):    0.000ns

    Location             Delay type                Incr(ns)  Path(ns)    Netlist Resource(s)
  -------------------------------------------------------------------    -------------------
                         (clock clk_fpga_0 rise edge)
                                                      0.000     0.000 r  
    PS7_X0Y0             PS7                          0.000     0.000 r  top_i/zynq_ps/inst/PS7_i/FCLKCLK[0]
                         net (fo=1, routed)           1.193     1.193    top_i/zynq_ps/inst/FCLK_CLK_unbuffered[0]
    BUFGCTRL_X0Y16       BUFG (Prop_bufg_I_O)         0.101     1.294 r  top_i/zynq_ps/inst/buffer_fclk_clk_0.FCLK_CLK_0_BUFG/O
                         net (fo=52935, routed)       1.841     3.135    top_i/StreamingDataflowPartition_1/inst/StreamingDataflowPartition_1_LabelSelect_hls_0/inst/grp_LabelSelect_hls_0_Pipeline_VITIS_LOOP_199_3_fu_45/ap_clk
    SLICE_X32Y138        FDRE                                         r  top_i/StreamingDataflowPartition_1/inst/StreamingDataflowPartition_1_LabelSelect_hls_0/inst/grp_LabelSelect_hls_0_Pipeline_VITIS_LOOP_199_3_fu_45/conv_i_i2_445_i_fu_86_reg[2]/C
  -------------------------------------------------------------------    -------------------
    SLICE_X32Y138        FDRE (Prop_fdre_C_Q)         0.518     3.653 r  top_i/StreamingDataflowPartition_1/inst/StreamingDataflowPartition_1_LabelSelect_hls_0/inst/grp_LabelSelect_hls_0_Pipeline_VITIS_LOOP_199_3_fu_45/conv_i_i2_445_i_fu_86_reg[2]/Q
                         net (fo=5, routed)           0.881     4.534    top_i/StreamingDataflowPartition_1/inst/StreamingDataflowPartition_1_LabelSelect_hls_0/inst/grp_LabelSelect_hls_0_Pipeline_VITIS_LOOP_199_3_fu_45/conv_i_i2_445_i_fu_86[2]
    SLICE_X33Y138        LUT4 (Prop_lut4_I1_O)        0.124     4.658 r  top_i/StreamingDataflowPartition_1/inst/StreamingDataflowPartition_1_LabelSelect_hls_0/inst/grp_LabelSelect_hls_0_Pipeline_VITIS_LOOP_199_3_fu_45/cmp_fu_190_p2_carry_i_7/O
                         net (fo=1, routed)           0.000     4.658    top_i/StreamingDataflowPartition_1/inst/StreamingDataflowPartition_1_LabelSelect_hls_0/inst/grp_LabelSelect_hls_0_Pipeline_VITIS_LOOP_199_3_fu_45/cmp_fu_190_p2_carry_i_7_n_3
    SLICE_X33Y138        CARRY4 (Prop_carry4_S[1]_CO[3])
                                                      0.550     5.208 r  top_i/StreamingDataflowPartition_1/inst/StreamingDataflowPartition_1_LabelSelect_hls_0/inst/grp_LabelSelect_hls_0_Pipeline_VITIS_LOOP_199_3_fu_45/cmp_fu_190_p2_carry/CO[3]
                         net (fo=22, routed)          0.867     6.074    top_i/StreamingDataflowPartition_1/inst/StreamingDataflowPartition_1_LabelSelect_hls_0/inst/grp_LabelSelect_hls_0_Pipeline_VITIS_LOOP_199_3_fu_45/cmp_fu_190_p2_carry_n_3
    SLICE_X34Y138        LUT3 (Prop_lut3_I2_O)        0.124     6.198 f  top_i/StreamingDataflowPartition_1/inst/StreamingDataflowPartition_1_LabelSelect_hls_0/inst/grp_LabelSelect_hls_0_Pipeline_VITIS_LOOP_199_3_fu_45/cmp_1_fu_202_p2_carry_i_10/O
                         net (fo=2, routed)           0.506     6.705    top_i/StreamingDataflowPartition_1/inst/StreamingDataflowPartition_1_LabelSelect_hls_0/inst/grp_LabelSelect_hls_0_Pipeline_VITIS_LOOP_199_3_fu_45/select_ln220_fu_195_p3__0[3]
    SLICE_X34Y138        LUT6 (Prop_lut6_I4_O)        0.124     6.829 r  top_i/StreamingDataflowPartition_1/inst/StreamingDataflowPartition_1_LabelSelect_hls_0/inst/grp_LabelSelect_hls_0_Pipeline_VITIS_LOOP_199_3_fu_45/cmp_1_fu_202_p2_carry_i_3/O
                         net (fo=1, routed)           0.190     7.018    top_i/StreamingDataflowPartition_1/inst/StreamingDataflowPartition_1_LabelSelect_hls_0/inst/grp_LabelSelect_hls_0_Pipeline_VITIS_LOOP_199_3_fu_45/cmp_1_fu_202_p2_carry_i_3_n_3
    SLICE_X35Y138        CARRY4 (Prop_carry4_DI[1]_CO[3])
                                                      0.507     7.525 r  top_i/StreamingDataflowPartition_1/inst/StreamingDataflowPartition_1_LabelSelect_hls_0/inst/grp_LabelSelect_hls_0_Pipeline_VITIS_LOOP_199_3_fu_45/cmp_1_fu_202_p2_carry/CO[3]
                         net (fo=11, routed)          0.708     8.233    top_i/StreamingDataflowPartition_1/inst/StreamingDataflowPartition_1_LabelSelect_hls_0/inst/grp_LabelSelect_hls_0_Pipeline_VITIS_LOOP_199_3_fu_45/cmp_1_fu_202_p2_carry_n_3
    SLICE_X34Y139        LUT5 (Prop_lut5_I4_O)        0.124     8.357 r  top_i/StreamingDataflowPartition_1/inst/StreamingDataflowPartition_1_LabelSelect_hls_0/inst/grp_LabelSelect_hls_0_Pipeline_VITIS_LOOP_199_3_fu_45/cmp_2_fu_214_p2_carry_i_13/O
                         net (fo=5, routed)           0.788     9.145    top_i/StreamingDataflowPartition_1/inst/StreamingDataflowPartition_1_LabelSelect_hls_0/inst/grp_LabelSelect_hls_0_Pipeline_VITIS_LOOP_199_3_fu_45/select_ln220_1_fu_207_p3__0[0]
    SLICE_X36Y140        LUT4 (Prop_lut4_I1_O)        0.124     9.269 r  top_i/StreamingDataflowPartition_1/inst/StreamingDataflowPartition_1_LabelSelect_hls_0/inst/grp_LabelSelect_hls_0_Pipeline_VITIS_LOOP_199_3_fu_45/cmp_2_fu_214_p2_carry_i_8/O
                         net (fo=1, routed)           0.000     9.269    top_i/StreamingDataflowPartition_1/inst/StreamingDataflowPartition_1_LabelSelect_hls_0/inst/grp_LabelSelect_hls_0_Pipeline_VITIS_LOOP_199_3_fu_45/cmp_2_fu_214_p2_carry_i_8_n_3
    SLICE_X36Y140        CARRY4 (Prop_carry4_S[0]_CO[3])
                                                      0.513     9.782 r  top_i/StreamingDataflowPartition_1/inst/StreamingDataflowPartition_1_LabelSelect_hls_0/inst/grp_LabelSelect_hls_0_Pipeline_VITIS_LOOP_199_3_fu_45/cmp_2_fu_214_p2_carry/CO[3]
                         net (fo=21, routed)          1.055    10.837    top_i/StreamingDataflowPartition_1/inst/StreamingDataflowPartition_1_LabelSelect_hls_0/inst/grp_LabelSelect_hls_0_Pipeline_VITIS_LOOP_199_3_fu_45/cmp_2_fu_214_p2_carry_n_3
    SLICE_X35Y140        LUT6 (Prop_lut6_I4_O)        0.124    10.961 r  top_i/StreamingDataflowPartition_1/inst/StreamingDataflowPartition_1_LabelSelect_hls_0/inst/grp_LabelSelect_hls_0_Pipeline_VITIS_LOOP_199_3_fu_45/cmp_3_fu_226_p2_carry_i_2_comp/O
                         net (fo=1, routed)           0.519    11.480    top_i/StreamingDataflowPartition_1/inst/StreamingDataflowPartition_1_LabelSelect_hls_0/inst/grp_LabelSelect_hls_0_Pipeline_VITIS_LOOP_199_3_fu_45/cmp_3_fu_226_p2_carry_i_2_n_3
    SLICE_X34Y140        CARRY4 (Prop_carry4_DI[2]_CO[3])
                                                      0.404    11.884 r  top_i/StreamingDataflowPartition_1/inst/StreamingDataflowPartition_1_LabelSelect_hls_0/inst/grp_LabelSelect_hls_0_Pipeline_VITIS_LOOP_199_3_fu_45/cmp_3_fu_226_p2_carry/CO[3]
                         net (fo=10, routed)          0.705    12.589    top_i/StreamingDataflowPartition_1/inst/StreamingDataflowPartition_1_LabelSelect_hls_0/inst/grp_LabelSelect_hls_0_Pipeline_VITIS_LOOP_199_3_fu_45/cmp_3_fu_226_p2_carry_n_3
    SLICE_X33Y139        LUT5 (Prop_lut5_I4_O)        0.124    12.713 r  top_i/StreamingDataflowPartition_1/inst/StreamingDataflowPartition_1_LabelSelect_hls_0/inst/grp_LabelSelect_hls_0_Pipeline_VITIS_LOOP_199_3_fu_45/conv_i_i2_445_i_fu_86[3]_i_2/O
                         net (fo=3, routed)           0.602    13.315    top_i/StreamingDataflowPartition_1/inst/StreamingDataflowPartition_1_LabelSelect_hls_0/inst/grp_LabelSelect_hls_0_Pipeline_VITIS_LOOP_199_3_fu_45/select_ln220_3_fu_231_p3__0[3]
    SLICE_X32Y140        LUT4 (Prop_lut4_I3_O)        0.124    13.439 r  top_i/StreamingDataflowPartition_1/inst/StreamingDataflowPartition_1_LabelSelect_hls_0/inst/grp_LabelSelect_hls_0_Pipeline_VITIS_LOOP_199_3_fu_45/cmp_4_fu_238_p2_carry_i_7/O
                         net (fo=1, routed)           0.000    13.439    top_i/StreamingDataflowPartition_1/inst/StreamingDataflowPartition_1_LabelSelect_hls_0/inst/grp_LabelSelect_hls_0_Pipeline_VITIS_LOOP_199_3_fu_45/cmp_4_fu_238_p2_carry_i_7_n_3
    SLICE_X32Y140        CARRY4 (Prop_carry4_S[1]_CO[3])
                                                      0.533    13.972 r  top_i/StreamingDataflowPartition_1/inst/StreamingDataflowPartition_1_LabelSelect_hls_0/inst/grp_LabelSelect_hls_0_Pipeline_VITIS_LOOP_199_3_fu_45/cmp_4_fu_238_p2_carry/CO[3]
                         net (fo=8, routed)           0.931    14.904    top_i/StreamingDataflowPartition_1/inst/StreamingDataflowPartition_1_LabelSelect_hls_0/inst/grp_LabelSelect_hls_0_Pipeline_VITIS_LOOP_199_3_fu_45/cmp_4_fu_238_p2_carry_n_3
    SLICE_X32Y138        LUT3 (Prop_lut3_I2_O)        0.124    15.028 r  top_i/StreamingDataflowPartition_1/inst/StreamingDataflowPartition_1_LabelSelect_hls_0/inst/grp_LabelSelect_hls_0_Pipeline_VITIS_LOOP_199_3_fu_45/conv_i_i2_445_i_fu_86[2]_i_1/O
                         net (fo=1, routed)           0.000    15.028    top_i/StreamingDataflowPartition_1/inst/StreamingDataflowPartition_1_LabelSelect_hls_0/inst/grp_LabelSelect_hls_0_Pipeline_VITIS_LOOP_199_3_fu_45/select_ln220_4_fu_243_p3[2]
    SLICE_X32Y138        FDRE                                         r  top_i/StreamingDataflowPartition_1/inst/StreamingDataflowPartition_1_LabelSelect_hls_0/inst/grp_LabelSelect_hls_0_Pipeline_VITIS_LOOP_199_3_fu_45/conv_i_i2_445_i_fu_86_reg[2]/D
  -------------------------------------------------------------------    -------------------

                         (clock clk_fpga_0 rise edge)
                                                     10.000    10.000 r  
    PS7_X0Y0             PS7                          0.000    10.000 r  top_i/zynq_ps/inst/PS7_i/FCLKCLK[0]
                         net (fo=1, routed)           1.088    11.088    top_i/zynq_ps/inst/FCLK_CLK_unbuffered[0]
    BUFGCTRL_X0Y16       BUFG (Prop_bufg_I_O)         0.091    11.179 r  top_i/zynq_ps/inst/buffer_fclk_clk_0.FCLK_CLK_0_BUFG/O
                         net (fo=52935, routed)       1.650    12.829    top_i/StreamingDataflowPartition_1/inst/StreamingDataflowPartition_1_LabelSelect_hls_0/inst/grp_LabelSelect_hls_0_Pipeline_VITIS_LOOP_199_3_fu_45/ap_clk
    SLICE_X32Y138        FDRE                                         r  top_i/StreamingDataflowPartition_1/inst/StreamingDataflowPartition_1_LabelSelect_hls_0/inst/grp_LabelSelect_hls_0_Pipeline_VITIS_LOOP_199_3_fu_45/conv_i_i2_445_i_fu_86_reg[2]/C
                         clock pessimism              0.306    13.135    
                         clock uncertainty           -0.154    12.981    
    SLICE_X32Y138        FDRE (Setup_fdre_C_D)        0.081    13.062    top_i/StreamingDataflowPartition_1/inst/StreamingDataflowPartition_1_LabelSelect_hls_0/inst/grp_LabelSelect_hls_0_Pipeline_VITIS_LOOP_199_3_fu_45/conv_i_i2_445_i_fu_86_reg[2]
  -------------------------------------------------------------------
                         required time                         13.062    
                         arrival time                         -15.028    
  -------------------------------------------------------------------
                         slack                                 -1.966    

Slack (VIOLATED) :        -1.958ns  (required time - arrival time)
  Source:                 top_i/StreamingDataflowPartition_1/inst/StreamingDataflowPartition_1_LabelSelect_hls_0/inst/grp_LabelSelect_hls_0_Pipeline_VITIS_LOOP_199_3_fu_45/conv_i_i2_445_i_fu_86_reg[2]/C
                            (rising edge-triggered cell FDRE clocked by clk_fpga_0  {rise@0.000ns fall@5.000ns period=10.000ns})
  Destination:            top_i/StreamingDataflowPartition_1/inst/StreamingDataflowPartition_1_LabelSelect_hls_0/inst/grp_LabelSelect_hls_0_Pipeline_VITIS_LOOP_199_3_fu_45/conv_i_i2_445_i_fu_86_reg[1]/D
                            (rising edge-triggered cell FDRE clocked by clk_fpga_0  {rise@0.000ns fall@5.000ns period=10.000ns})
  Path Group:             clk_fpga_0
  Path Type:              Setup (Max at Slow Process Corner)
  Requirement:            10.000ns  (clk_fpga_0 rise@10.000ns - clk_fpga_0 rise@0.000ns)
  Data Path Delay:        11.922ns  (logic 4.167ns (34.953%)  route 7.755ns (65.047%))
  Logic Levels:           14  (CARRY4=5 LUT3=2 LUT4=3 LUT5=2 LUT6=2)
  Clock Path Skew:        0.000ns (DCD - SCD + CPR)
    Destination Clock Delay (DCD):    2.829ns = ( 12.829 - 10.000 ) 
    Source Clock Delay      (SCD):    3.135ns
    Clock Pessimism Removal (CPR):    0.306ns
  Clock Uncertainty:      0.154ns  ((TSJ^2 + TIJ^2)^1/2 + DJ) / 2 + PE
    Total System Jitter     (TSJ):    0.071ns
    Total Input Jitter      (TIJ):    0.300ns
    Discrete Jitter          (DJ):    0.000ns
    Phase Error              (PE):    0.000ns

    Location             Delay type                Incr(ns)  Path(ns)    Netlist Resource(s)
  -------------------------------------------------------------------    -------------------
                         (clock clk_fpga_0 rise edge)
                                                      0.000     0.000 r  
    PS7_X0Y0             PS7                          0.000     0.000 r  top_i/zynq_ps/inst/PS7_i/FCLKCLK[0]
                         net (fo=1, routed)           1.193     1.193    top_i/zynq_ps/inst/FCLK_CLK_unbuffered[0]
    BUFGCTRL_X0Y16       BUFG (Prop_bufg_I_O)         0.101     1.294 r  top_i/zynq_ps/inst/buffer_fclk_clk_0.FCLK_CLK_0_BUFG/O
                         net (fo=52935, routed)       1.841     3.135    top_i/StreamingDataflowPartition_1/inst/StreamingDataflowPartition_1_LabelSelect_hls_0/inst/grp_LabelSelect_hls_0_Pipeline_VITIS_LOOP_199_3_fu_45/ap_clk
    SLICE_X32Y138        FDRE                                         r  top_i/StreamingDataflowPartition_1/inst/StreamingDataflowPartition_1_LabelSelect_hls_0/inst/grp_LabelSelect_hls_0_Pipeline_VITIS_LOOP_199_3_fu_45/conv_i_i2_445_i_fu_86_reg[2]/C
  -------------------------------------------------------------------    -------------------
    SLICE_X32Y138        FDRE (Prop_fdre_C_Q)         0.518     3.653 r  top_i/StreamingDataflowPartition_1/inst/StreamingDataflowPartition_1_LabelSelect_hls_0/inst/grp_LabelSelect_hls_0_Pipeline_VITIS_LOOP_199_3_fu_45/conv_i_i2_445_i_fu_86_reg[2]/Q
                         net (fo=5, routed)           0.881     4.534    top_i/StreamingDataflowPartition_1/inst/StreamingDataflowPartition_1_LabelSelect_hls_0/inst/grp_LabelSelect_hls_0_Pipeline_VITIS_LOOP_199_3_fu_45/conv_i_i2_445_i_fu_86[2]
    SLICE_X33Y138        LUT4 (Prop_lut4_I1_O)        0.124     4.658 r  top_i/StreamingDataflowPartition_1/inst/StreamingDataflowPartition_1_LabelSelect_hls_0/inst/grp_LabelSelect_hls_0_Pipeline_VITIS_LOOP_199_3_fu_45/cmp_fu_190_p2_carry_i_7/O
                         net (fo=1, routed)           0.000     4.658    top_i/StreamingDataflowPartition_1/inst/StreamingDataflowPartition_1_LabelSelect_hls_0/inst/grp_LabelSelect_hls_0_Pipeline_VITIS_LOOP_199_3_fu_45/cmp_fu_190_p2_carry_i_7_n_3
    SLICE_X33Y138        CARRY4 (Prop_carry4_S[1]_CO[3])
                                                      0.550     5.208 r  top_i/StreamingDataflowPartition_1/inst/StreamingDataflowPartition_1_LabelSelect_hls_0/inst/grp_LabelSelect_hls_0_Pipeline_VITIS_LOOP_199_3_fu_45/cmp_fu_190_p2_carry/CO[3]
                         net (fo=22, routed)          0.867     6.074    top_i/StreamingDataflowPartition_1/inst/StreamingDataflowPartition_1_LabelSelect_hls_0/inst/grp_LabelSelect_hls_0_Pipeline_VITIS_LOOP_199_3_fu_45/cmp_fu_190_p2_carry_n_3
    SLICE_X34Y138        LUT3 (Prop_lut3_I2_O)        0.124     6.198 f  top_i/StreamingDataflowPartition_1/inst/StreamingDataflowPartition_1_LabelSelect_hls_0/inst/grp_LabelSelect_hls_0_Pipeline_VITIS_LOOP_199_3_fu_45/cmp_1_fu_202_p2_carry_i_10/O
                         net (fo=2, routed)           0.506     6.705    top_i/StreamingDataflowPartition_1/inst/StreamingDataflowPartition_1_LabelSelect_hls_0/inst/grp_LabelSelect_hls_0_Pipeline_VITIS_LOOP_199_3_fu_45/select_ln220_fu_195_p3__0[3]
    SLICE_X34Y138        LUT6 (Prop_lut6_I4_O)        0.124     6.829 r  top_i/StreamingDataflowPartition_1/inst/StreamingDataflowPartition_1_LabelSelect_hls_0/inst/grp_LabelSelect_hls_0_Pipeline_VITIS_LOOP_199_3_fu_45/cmp_1_fu_202_p2_carry_i_3/O
                         net (fo=1, routed)           0.190     7.018    top_i/StreamingDataflowPartition_1/inst/StreamingDataflowPartition_1_LabelSelect_hls_0/inst/grp_LabelSelect_hls_0_Pipeline_VITIS_LOOP_199_3_fu_45/cmp_1_fu_202_p2_carry_i_3_n_3
    SLICE_X35Y138        CARRY4 (Prop_carry4_DI[1]_CO[3])
                                                      0.507     7.525 r  top_i/StreamingDataflowPartition_1/inst/StreamingDataflowPartition_1_LabelSelect_hls_0/inst/grp_LabelSelect_hls_0_Pipeline_VITIS_LOOP_199_3_fu_45/cmp_1_fu_202_p2_carry/CO[3]
                         net (fo=11, routed)          0.708     8.233    top_i/StreamingDataflowPartition_1/inst/StreamingDataflowPartition_1_LabelSelect_hls_0/inst/grp_LabelSelect_hls_0_Pipeline_VITIS_LOOP_199_3_fu_45/cmp_1_fu_202_p2_carry_n_3
    SLICE_X34Y139        LUT5 (Prop_lut5_I4_O)        0.124     8.357 r  top_i/StreamingDataflowPartition_1/inst/StreamingDataflowPartition_1_LabelSelect_hls_0/inst/grp_LabelSelect_hls_0_Pipeline_VITIS_LOOP_199_3_fu_45/cmp_2_fu_214_p2_carry_i_13/O
                         net (fo=5, routed)           0.788     9.145    top_i/StreamingDataflowPartition_1/inst/StreamingDataflowPartition_1_LabelSelect_hls_0/inst/grp_LabelSelect_hls_0_Pipeline_VITIS_LOOP_199_3_fu_45/select_ln220_1_fu_207_p3__0[0]
    SLICE_X36Y140        LUT4 (Prop_lut4_I1_O)        0.124     9.269 r  top_i/StreamingDataflowPartition_1/inst/StreamingDataflowPartition_1_LabelSelect_hls_0/inst/grp_LabelSelect_hls_0_Pipeline_VITIS_LOOP_199_3_fu_45/cmp_2_fu_214_p2_carry_i_8/O
                         net (fo=1, routed)           0.000     9.269    top_i/StreamingDataflowPartition_1/inst/StreamingDataflowPartition_1_LabelSelect_hls_0/inst/grp_LabelSelect_hls_0_Pipeline_VITIS_LOOP_199_3_fu_45/cmp_2_fu_214_p2_carry_i_8_n_3
    SLICE_X36Y140        CARRY4 (Prop_carry4_S[0]_CO[3])
                                                      0.513     9.782 r  top_i/StreamingDataflowPartition_1/inst/StreamingDataflowPartition_1_LabelSelect_hls_0/inst/grp_LabelSelect_hls_0_Pipeline_VITIS_LOOP_199_3_fu_45/cmp_2_fu_214_p2_carry/CO[3]
                         net (fo=21, routed)          1.055    10.837    top_i/StreamingDataflowPartition_1/inst/StreamingDataflowPartition_1_LabelSelect_hls_0/inst/grp_LabelSelect_hls_0_Pipeline_VITIS_LOOP_199_3_fu_45/cmp_2_fu_214_p2_carry_n_3
    SLICE_X35Y140        LUT6 (Prop_lut6_I4_O)        0.124    10.961 r  top_i/StreamingDataflowPartition_1/inst/StreamingDataflowPartition_1_LabelSelect_hls_0/inst/grp_LabelSelect_hls_0_Pipeline_VITIS_LOOP_199_3_fu_45/cmp_3_fu_226_p2_carry_i_2_comp/O
                         net (fo=1, routed)           0.519    11.480    top_i/StreamingDataflowPartition_1/inst/StreamingDataflowPartition_1_LabelSelect_hls_0/inst/grp_LabelSelect_hls_0_Pipeline_VITIS_LOOP_199_3_fu_45/cmp_3_fu_226_p2_carry_i_2_n_3
    SLICE_X34Y140        CARRY4 (Prop_carry4_DI[2]_CO[3])
                                                      0.404    11.884 r  top_i/StreamingDataflowPartition_1/inst/StreamingDataflowPartition_1_LabelSelect_hls_0/inst/grp_LabelSelect_hls_0_Pipeline_VITIS_LOOP_199_3_fu_45/cmp_3_fu_226_p2_carry/CO[3]
                         net (fo=10, routed)          0.705    12.589    top_i/StreamingDataflowPartition_1/inst/StreamingDataflowPartition_1_LabelSelect_hls_0/inst/grp_LabelSelect_hls_0_Pipeline_VITIS_LOOP_199_3_fu_45/cmp_3_fu_226_p2_carry_n_3
    SLICE_X33Y139        LUT5 (Prop_lut5_I4_O)        0.124    12.713 r  top_i/StreamingDataflowPartition_1/inst/StreamingDataflowPartition_1_LabelSelect_hls_0/inst/grp_LabelSelect_hls_0_Pipeline_VITIS_LOOP_199_3_fu_45/conv_i_i2_445_i_fu_86[3]_i_2/O
                         net (fo=3, routed)           0.602    13.315    top_i/StreamingDataflowPartition_1/inst/StreamingDataflowPartition_1_LabelSelect_hls_0/inst/grp_LabelSelect_hls_0_Pipeline_VITIS_LOOP_199_3_fu_45/select_ln220_3_fu_231_p3__0[3]
    SLICE_X32Y140        LUT4 (Prop_lut4_I3_O)        0.124    13.439 r  top_i/StreamingDataflowPartition_1/inst/StreamingDataflowPartition_1_LabelSelect_hls_0/inst/grp_LabelSelect_hls_0_Pipeline_VITIS_LOOP_199_3_fu_45/cmp_4_fu_238_p2_carry_i_7/O
                         net (fo=1, routed)           0.000    13.439    top_i/StreamingDataflowPartition_1/inst/StreamingDataflowPartition_1_LabelSelect_hls_0/inst/grp_LabelSelect_hls_0_Pipeline_VITIS_LOOP_199_3_fu_45/cmp_4_fu_238_p2_carry_i_7_n_3
    SLICE_X32Y140        CARRY4 (Prop_carry4_S[1]_CO[3])
                                                      0.533    13.972 r  top_i/StreamingDataflowPartition_1/inst/StreamingDataflowPartition_1_LabelSelect_hls_0/inst/grp_LabelSelect_hls_0_Pipeline_VITIS_LOOP_199_3_fu_45/cmp_4_fu_238_p2_carry/CO[3]
                         net (fo=8, routed)           0.934    14.907    top_i/StreamingDataflowPartition_1/inst/StreamingDataflowPartition_1_LabelSelect_hls_0/inst/grp_LabelSelect_hls_0_Pipeline_VITIS_LOOP_199_3_fu_45/cmp_4_fu_238_p2_carry_n_3
    SLICE_X32Y138        LUT3 (Prop_lut3_I2_O)        0.150    15.057 r  top_i/StreamingDataflowPartition_1/inst/StreamingDataflowPartition_1_LabelSelect_hls_0/inst/grp_LabelSelect_hls_0_Pipeline_VITIS_LOOP_199_3_fu_45/conv_i_i2_445_i_fu_86[1]_i_1/O
                         net (fo=1, routed)           0.000    15.057    top_i/StreamingDataflowPartition_1/inst/StreamingDataflowPartition_1_LabelSelect_hls_0/inst/grp_LabelSelect_hls_0_Pipeline_VITIS_LOOP_199_3_fu_45/select_ln220_4_fu_243_p3[1]
    SLICE_X32Y138        FDRE                                         r  top_i/StreamingDataflowPartition_1/inst/StreamingDataflowPartition_1_LabelSelect_hls_0/inst/grp_LabelSelect_hls_0_Pipeline_VITIS_LOOP_199_3_fu_45/conv_i_i2_445_i_fu_86_reg[1]/D
  -------------------------------------------------------------------    -------------------

                         (clock clk_fpga_0 rise edge)
                                                     10.000    10.000 r  
    PS7_X0Y0             PS7                          0.000    10.000 r  top_i/zynq_ps/inst/PS7_i/FCLKCLK[0]
                         net (fo=1, routed)           1.088    11.088    top_i/zynq_ps/inst/FCLK_CLK_unbuffered[0]
    BUFGCTRL_X0Y16       BUFG (Prop_bufg_I_O)         0.091    11.179 r  top_i/zynq_ps/inst/buffer_fclk_clk_0.FCLK_CLK_0_BUFG/O
                         net (fo=52935, routed)       1.650    12.829    top_i/StreamingDataflowPartition_1/inst/StreamingDataflowPartition_1_LabelSelect_hls_0/inst/grp_LabelSelect_hls_0_Pipeline_VITIS_LOOP_199_3_fu_45/ap_clk
    SLICE_X32Y138        FDRE                                         r  top_i/StreamingDataflowPartition_1/inst/StreamingDataflowPartition_1_LabelSelect_hls_0/inst/grp_LabelSelect_hls_0_Pipeline_VITIS_LOOP_199_3_fu_45/conv_i_i2_445_i_fu_86_reg[1]/C
                         clock pessimism              0.306    13.135    
                         clock uncertainty           -0.154    12.981    
    SLICE_X32Y138        FDRE (Setup_fdre_C_D)        0.118    13.099    top_i/StreamingDataflowPartition_1/inst/StreamingDataflowPartition_1_LabelSelect_hls_0/inst/grp_LabelSelect_hls_0_Pipeline_VITIS_LOOP_199_3_fu_45/conv_i_i2_445_i_fu_86_reg[1]
  -------------------------------------------------------------------
                         required time                         13.099    
                         arrival time                         -15.057    
  -------------------------------------------------------------------
                         slack                                 -1.958    

Slack (VIOLATED) :        -1.955ns  (required time - arrival time)
  Source:                 top_i/StreamingDataflowPartition_1/inst/StreamingDataflowPartition_1_LabelSelect_hls_0/inst/grp_LabelSelect_hls_0_Pipeline_VITIS_LOOP_199_3_fu_45/conv_i_i2_445_i_fu_86_reg[2]/C
                            (rising edge-triggered cell FDRE clocked by clk_fpga_0  {rise@0.000ns fall@5.000ns period=10.000ns})
  Destination:            top_i/StreamingDataflowPartition_1/inst/StreamingDataflowPartition_1_LabelSelect_hls_0/inst/grp_LabelSelect_hls_0_Pipeline_VITIS_LOOP_199_3_fu_45/conv_i_i2_445_i_fu_86_reg[3]/D
                            (rising edge-triggered cell FDRE clocked by clk_fpga_0  {rise@0.000ns fall@5.000ns period=10.000ns})
  Path Group:             clk_fpga_0
  Path Type:              Setup (Max at Slow Process Corner)
  Requirement:            10.000ns  (clk_fpga_0 rise@10.000ns - clk_fpga_0 rise@0.000ns)
  Data Path Delay:        11.919ns  (logic 4.167ns (34.962%)  route 7.752ns (65.038%))
  Logic Levels:           14  (CARRY4=5 LUT3=2 LUT4=3 LUT5=2 LUT6=2)
  Clock Path Skew:        0.000ns (DCD - SCD + CPR)
    Destination Clock Delay (DCD):    2.829ns = ( 12.829 - 10.000 ) 
    Source Clock Delay      (SCD):    3.135ns
    Clock Pessimism Removal (CPR):    0.306ns
  Clock Uncertainty:      0.154ns  ((TSJ^2 + TIJ^2)^1/2 + DJ) / 2 + PE
    Total System Jitter     (TSJ):    0.071ns
    Total Input Jitter      (TIJ):    0.300ns
    Discrete Jitter          (DJ):    0.000ns
    Phase Error              (PE):    0.000ns

    Location             Delay type                Incr(ns)  Path(ns)    Netlist Resource(s)
  -------------------------------------------------------------------    -------------------
                         (clock clk_fpga_0 rise edge)
                                                      0.000     0.000 r  
    PS7_X0Y0             PS7                          0.000     0.000 r  top_i/zynq_ps/inst/PS7_i/FCLKCLK[0]
                         net (fo=1, routed)           1.193     1.193    top_i/zynq_ps/inst/FCLK_CLK_unbuffered[0]
    BUFGCTRL_X0Y16       BUFG (Prop_bufg_I_O)         0.101     1.294 r  top_i/zynq_ps/inst/buffer_fclk_clk_0.FCLK_CLK_0_BUFG/O
                         net (fo=52935, routed)       1.841     3.135    top_i/StreamingDataflowPartition_1/inst/StreamingDataflowPartition_1_LabelSelect_hls_0/inst/grp_LabelSelect_hls_0_Pipeline_VITIS_LOOP_199_3_fu_45/ap_clk
    SLICE_X32Y138        FDRE                                         r  top_i/StreamingDataflowPartition_1/inst/StreamingDataflowPartition_1_LabelSelect_hls_0/inst/grp_LabelSelect_hls_0_Pipeline_VITIS_LOOP_199_3_fu_45/conv_i_i2_445_i_fu_86_reg[2]/C
  -------------------------------------------------------------------    -------------------
    SLICE_X32Y138        FDRE (Prop_fdre_C_Q)         0.518     3.653 r  top_i/StreamingDataflowPartition_1/inst/StreamingDataflowPartition_1_LabelSelect_hls_0/inst/grp_LabelSelect_hls_0_Pipeline_VITIS_LOOP_199_3_fu_45/conv_i_i2_445_i_fu_86_reg[2]/Q
                         net (fo=5, routed)           0.881     4.534    top_i/StreamingDataflowPartition_1/inst/StreamingDataflowPartition_1_LabelSelect_hls_0/inst/grp_LabelSelect_hls_0_Pipeline_VITIS_LOOP_199_3_fu_45/conv_i_i2_445_i_fu_86[2]
    SLICE_X33Y138        LUT4 (Prop_lut4_I1_O)        0.124     4.658 r  top_i/StreamingDataflowPartition_1/inst/StreamingDataflowPartition_1_LabelSelect_hls_0/inst/grp_LabelSelect_hls_0_Pipeline_VITIS_LOOP_199_3_fu_45/cmp_fu_190_p2_carry_i_7/O
                         net (fo=1, routed)           0.000     4.658    top_i/StreamingDataflowPartition_1/inst/StreamingDataflowPartition_1_LabelSelect_hls_0/inst/grp_LabelSelect_hls_0_Pipeline_VITIS_LOOP_199_3_fu_45/cmp_fu_190_p2_carry_i_7_n_3
    SLICE_X33Y138        CARRY4 (Prop_carry4_S[1]_CO[3])
                                                      0.550     5.208 r  top_i/StreamingDataflowPartition_1/inst/StreamingDataflowPartition_1_LabelSelect_hls_0/inst/grp_LabelSelect_hls_0_Pipeline_VITIS_LOOP_199_3_fu_45/cmp_fu_190_p2_carry/CO[3]
                         net (fo=22, routed)          0.867     6.074    top_i/StreamingDataflowPartition_1/inst/StreamingDataflowPartition_1_LabelSelect_hls_0/inst/grp_LabelSelect_hls_0_Pipeline_VITIS_LOOP_199_3_fu_45/cmp_fu_190_p2_carry_n_3
    SLICE_X34Y138        LUT3 (Prop_lut3_I2_O)        0.124     6.198 f  top_i/StreamingDataflowPartition_1/inst/StreamingDataflowPartition_1_LabelSelect_hls_0/inst/grp_LabelSelect_hls_0_Pipeline_VITIS_LOOP_199_3_fu_45/cmp_1_fu_202_p2_carry_i_10/O
                         net (fo=2, routed)           0.506     6.705    top_i/StreamingDataflowPartition_1/inst/StreamingDataflowPartition_1_LabelSelect_hls_0/inst/grp_LabelSelect_hls_0_Pipeline_VITIS_LOOP_199_3_fu_45/select_ln220_fu_195_p3__0[3]
    SLICE_X34Y138        LUT6 (Prop_lut6_I4_O)        0.124     6.829 r  top_i/StreamingDataflowPartition_1/inst/StreamingDataflowPartition_1_LabelSelect_hls_0/inst/grp_LabelSelect_hls_0_Pipeline_VITIS_LOOP_199_3_fu_45/cmp_1_fu_202_p2_carry_i_3/O
                         net (fo=1, routed)           0.190     7.018    top_i/StreamingDataflowPartition_1/inst/StreamingDataflowPartition_1_LabelSelect_hls_0/inst/grp_LabelSelect_hls_0_Pipeline_VITIS_LOOP_199_3_fu_45/cmp_1_fu_202_p2_carry_i_3_n_3
    SLICE_X35Y138        CARRY4 (Prop_carry4_DI[1]_CO[3])
                                                      0.507     7.525 r  top_i/StreamingDataflowPartition_1/inst/StreamingDataflowPartition_1_LabelSelect_hls_0/inst/grp_LabelSelect_hls_0_Pipeline_VITIS_LOOP_199_3_fu_45/cmp_1_fu_202_p2_carry/CO[3]
                         net (fo=11, routed)          0.708     8.233    top_i/StreamingDataflowPartition_1/inst/StreamingDataflowPartition_1_LabelSelect_hls_0/inst/grp_LabelSelect_hls_0_Pipeline_VITIS_LOOP_199_3_fu_45/cmp_1_fu_202_p2_carry_n_3
    SLICE_X34Y139        LUT5 (Prop_lut5_I4_O)        0.124     8.357 r  top_i/StreamingDataflowPartition_1/inst/StreamingDataflowPartition_1_LabelSelect_hls_0/inst/grp_LabelSelect_hls_0_Pipeline_VITIS_LOOP_199_3_fu_45/cmp_2_fu_214_p2_carry_i_13/O
                         net (fo=5, routed)           0.788     9.145    top_i/StreamingDataflowPartition_1/inst/StreamingDataflowPartition_1_LabelSelect_hls_0/inst/grp_LabelSelect_hls_0_Pipeline_VITIS_LOOP_199_3_fu_45/select_ln220_1_fu_207_p3__0[0]
    SLICE_X36Y140        LUT4 (Prop_lut4_I1_O)        0.124     9.269 r  top_i/StreamingDataflowPartition_1/inst/StreamingDataflowPartition_1_LabelSelect_hls_0/inst/grp_LabelSelect_hls_0_Pipeline_VITIS_LOOP_199_3_fu_45/cmp_2_fu_214_p2_carry_i_8/O
                         net (fo=1, routed)           0.000     9.269    top_i/StreamingDataflowPartition_1/inst/StreamingDataflowPartition_1_LabelSelect_hls_0/inst/grp_LabelSelect_hls_0_Pipeline_VITIS_LOOP_199_3_fu_45/cmp_2_fu_214_p2_carry_i_8_n_3
    SLICE_X36Y140        CARRY4 (Prop_carry4_S[0]_CO[3])
                                                      0.513     9.782 r  top_i/StreamingDataflowPartition_1/inst/StreamingDataflowPartition_1_LabelSelect_hls_0/inst/grp_LabelSelect_hls_0_Pipeline_VITIS_LOOP_199_3_fu_45/cmp_2_fu_214_p2_carry/CO[3]
                         net (fo=21, routed)          1.055    10.837    top_i/StreamingDataflowPartition_1/inst/StreamingDataflowPartition_1_LabelSelect_hls_0/inst/grp_LabelSelect_hls_0_Pipeline_VITIS_LOOP_199_3_fu_45/cmp_2_fu_214_p2_carry_n_3
    SLICE_X35Y140        LUT6 (Prop_lut6_I4_O)        0.124    10.961 r  top_i/StreamingDataflowPartition_1/inst/StreamingDataflowPartition_1_LabelSelect_hls_0/inst/grp_LabelSelect_hls_0_Pipeline_VITIS_LOOP_199_3_fu_45/cmp_3_fu_226_p2_carry_i_2_comp/O
                         net (fo=1, routed)           0.519    11.480    top_i/StreamingDataflowPartition_1/inst/StreamingDataflowPartition_1_LabelSelect_hls_0/inst/grp_LabelSelect_hls_0_Pipeline_VITIS_LOOP_199_3_fu_45/cmp_3_fu_226_p2_carry_i_2_n_3
    SLICE_X34Y140        CARRY4 (Prop_carry4_DI[2]_CO[3])
                                                      0.404    11.884 r  top_i/StreamingDataflowPartition_1/inst/StreamingDataflowPartition_1_LabelSelect_hls_0/inst/grp_LabelSelect_hls_0_Pipeline_VITIS_LOOP_199_3_fu_45/cmp_3_fu_226_p2_carry/CO[3]
                         net (fo=10, routed)          0.705    12.589    top_i/StreamingDataflowPartition_1/inst/StreamingDataflowPartition_1_LabelSelect_hls_0/inst/grp_LabelSelect_hls_0_Pipeline_VITIS_LOOP_199_3_fu_45/cmp_3_fu_226_p2_carry_n_3
    SLICE_X33Y139        LUT5 (Prop_lut5_I4_O)        0.124    12.713 r  top_i/StreamingDataflowPartition_1/inst/StreamingDataflowPartition_1_LabelSelect_hls_0/inst/grp_LabelSelect_hls_0_Pipeline_VITIS_LOOP_199_3_fu_45/conv_i_i2_445_i_fu_86[3]_i_2/O
                         net (fo=3, routed)           0.602    13.315    top_i/StreamingDataflowPartition_1/inst/StreamingDataflowPartition_1_LabelSelect_hls_0/inst/grp_LabelSelect_hls_0_Pipeline_VITIS_LOOP_199_3_fu_45/select_ln220_3_fu_231_p3__0[3]
    SLICE_X32Y140        LUT4 (Prop_lut4_I3_O)        0.124    13.439 r  top_i/StreamingDataflowPartition_1/inst/StreamingDataflowPartition_1_LabelSelect_hls_0/inst/grp_LabelSelect_hls_0_Pipeline_VITIS_LOOP_199_3_fu_45/cmp_4_fu_238_p2_carry_i_7/O
                         net (fo=1, routed)           0.000    13.439    top_i/StreamingDataflowPartition_1/inst/StreamingDataflowPartition_1_LabelSelect_hls_0/inst/grp_LabelSelect_hls_0_Pipeline_VITIS_LOOP_199_3_fu_45/cmp_4_fu_238_p2_carry_i_7_n_3
    SLICE_X32Y140        CARRY4 (Prop_carry4_S[1]_CO[3])
                                                      0.533    13.972 r  top_i/StreamingDataflowPartition_1/inst/StreamingDataflowPartition_1_LabelSelect_hls_0/inst/grp_LabelSelect_hls_0_Pipeline_VITIS_LOOP_199_3_fu_45/cmp_4_fu_238_p2_carry/CO[3]
                         net (fo=8, routed)           0.931    14.904    top_i/StreamingDataflowPartition_1/inst/StreamingDataflowPartition_1_LabelSelect_hls_0/inst/grp_LabelSelect_hls_0_Pipeline_VITIS_LOOP_199_3_fu_45/cmp_4_fu_238_p2_carry_n_3
    SLICE_X32Y138        LUT3 (Prop_lut3_I2_O)        0.150    15.054 r  top_i/StreamingDataflowPartition_1/inst/StreamingDataflowPartition_1_LabelSelect_hls_0/inst/grp_LabelSelect_hls_0_Pipeline_VITIS_LOOP_199_3_fu_45/conv_i_i2_445_i_fu_86[3]_i_1/O
                         net (fo=1, routed)           0.000    15.054    top_i/StreamingDataflowPartition_1/inst/StreamingDataflowPartition_1_LabelSelect_hls_0/inst/grp_LabelSelect_hls_0_Pipeline_VITIS_LOOP_199_3_fu_45/select_ln220_4_fu_243_p3[3]
    SLICE_X32Y138        FDRE                                         r  top_i/StreamingDataflowPartition_1/inst/StreamingDataflowPartition_1_LabelSelect_hls_0/inst/grp_LabelSelect_hls_0_Pipeline_VITIS_LOOP_199_3_fu_45/conv_i_i2_445_i_fu_86_reg[3]/D
  -------------------------------------------------------------------    -------------------

                         (clock clk_fpga_0 rise edge)
                                                     10.000    10.000 r  
    PS7_X0Y0             PS7                          0.000    10.000 r  top_i/zynq_ps/inst/PS7_i/FCLKCLK[0]
                         net (fo=1, routed)           1.088    11.088    top_i/zynq_ps/inst/FCLK_CLK_unbuffered[0]
    BUFGCTRL_X0Y16       BUFG (Prop_bufg_I_O)         0.091    11.179 r  top_i/zynq_ps/inst/buffer_fclk_clk_0.FCLK_CLK_0_BUFG/O
                         net (fo=52935, routed)       1.650    12.829    top_i/StreamingDataflowPartition_1/inst/StreamingDataflowPartition_1_LabelSelect_hls_0/inst/grp_LabelSelect_hls_0_Pipeline_VITIS_LOOP_199_3_fu_45/ap_clk
    SLICE_X32Y138        FDRE                                         r  top_i/StreamingDataflowPartition_1/inst/StreamingDataflowPartition_1_LabelSelect_hls_0/inst/grp_LabelSelect_hls_0_Pipeline_VITIS_LOOP_199_3_fu_45/conv_i_i2_445_i_fu_86_reg[3]/C
                         clock pessimism              0.306    13.135    
                         clock uncertainty           -0.154    12.981    
    SLICE_X32Y138        FDRE (Setup_fdre_C_D)        0.118    13.099    top_i/StreamingDataflowPartition_1/inst/StreamingDataflowPartition_1_LabelSelect_hls_0/inst/grp_LabelSelect_hls_0_Pipeline_VITIS_LOOP_199_3_fu_45/conv_i_i2_445_i_fu_86_reg[3]
  -------------------------------------------------------------------
                         required time                         13.099    
                         arrival time                         -15.054    
  -------------------------------------------------------------------
                         slack                                 -1.955    

Slack (VIOLATED) :        -1.950ns  (required time - arrival time)
  Source:                 top_i/StreamingDataflowPartition_1/inst/StreamingDataflowPartition_1_LabelSelect_hls_0/inst/grp_LabelSelect_hls_0_Pipeline_VITIS_LOOP_199_3_fu_45/conv_i_i2_445_i_fu_86_reg[2]/C
                            (rising edge-triggered cell FDRE clocked by clk_fpga_0  {rise@0.000ns fall@5.000ns period=10.000ns})
  Destination:            top_i/StreamingDataflowPartition_1/inst/StreamingDataflowPartition_1_LabelSelect_hls_0/inst/grp_LabelSelect_hls_0_Pipeline_VITIS_LOOP_199_3_fu_45/conv_i_i2_445_i_fu_86_reg[5]/D
                            (rising edge-triggered cell FDRE clocked by clk_fpga_0  {rise@0.000ns fall@5.000ns period=10.000ns})
  Path Group:             clk_fpga_0
  Path Type:              Setup (Max at Slow Process Corner)
  Requirement:            10.000ns  (clk_fpga_0 rise@10.000ns - clk_fpga_0 rise@0.000ns)
  Data Path Delay:        11.847ns  (logic 4.135ns (34.904%)  route 7.712ns (65.096%))
  Logic Levels:           14  (CARRY4=5 LUT3=2 LUT4=3 LUT5=2 LUT6=2)
  Clock Path Skew:        -0.024ns (DCD - SCD + CPR)
    Destination Clock Delay (DCD):    2.830ns = ( 12.830 - 10.000 ) 
    Source Clock Delay      (SCD):    3.135ns
    Clock Pessimism Removal (CPR):    0.281ns
  Clock Uncertainty:      0.154ns  ((TSJ^2 + TIJ^2)^1/2 + DJ) / 2 + PE
    Total System Jitter     (TSJ):    0.071ns
    Total Input Jitter      (TIJ):    0.300ns
    Discrete Jitter          (DJ):    0.000ns
    Phase Error              (PE):    0.000ns

    Location             Delay type                Incr(ns)  Path(ns)    Netlist Resource(s)
  -------------------------------------------------------------------    -------------------
                         (clock clk_fpga_0 rise edge)
                                                      0.000     0.000 r  
    PS7_X0Y0             PS7                          0.000     0.000 r  top_i/zynq_ps/inst/PS7_i/FCLKCLK[0]
                         net (fo=1, routed)           1.193     1.193    top_i/zynq_ps/inst/FCLK_CLK_unbuffered[0]
    BUFGCTRL_X0Y16       BUFG (Prop_bufg_I_O)         0.101     1.294 r  top_i/zynq_ps/inst/buffer_fclk_clk_0.FCLK_CLK_0_BUFG/O
                         net (fo=52935, routed)       1.841     3.135    top_i/StreamingDataflowPartition_1/inst/StreamingDataflowPartition_1_LabelSelect_hls_0/inst/grp_LabelSelect_hls_0_Pipeline_VITIS_LOOP_199_3_fu_45/ap_clk
    SLICE_X32Y138        FDRE                                         r  top_i/StreamingDataflowPartition_1/inst/StreamingDataflowPartition_1_LabelSelect_hls_0/inst/grp_LabelSelect_hls_0_Pipeline_VITIS_LOOP_199_3_fu_45/conv_i_i2_445_i_fu_86_reg[2]/C
  -------------------------------------------------------------------    -------------------
    SLICE_X32Y138        FDRE (Prop_fdre_C_Q)         0.518     3.653 r  top_i/StreamingDataflowPartition_1/inst/StreamingDataflowPartition_1_LabelSelect_hls_0/inst/grp_LabelSelect_hls_0_Pipeline_VITIS_LOOP_199_3_fu_45/conv_i_i2_445_i_fu_86_reg[2]/Q
                         net (fo=5, routed)           0.881     4.534    top_i/StreamingDataflowPartition_1/inst/StreamingDataflowPartition_1_LabelSelect_hls_0/inst/grp_LabelSelect_hls_0_Pipeline_VITIS_LOOP_199_3_fu_45/conv_i_i2_445_i_fu_86[2]
    SLICE_X33Y138        LUT4 (Prop_lut4_I1_O)        0.124     4.658 r  top_i/StreamingDataflowPartition_1/inst/StreamingDataflowPartition_1_LabelSelect_hls_0/inst/grp_LabelSelect_hls_0_Pipeline_VITIS_LOOP_199_3_fu_45/cmp_fu_190_p2_carry_i_7/O
                         net (fo=1, routed)           0.000     4.658    top_i/StreamingDataflowPartition_1/inst/StreamingDataflowPartition_1_LabelSelect_hls_0/inst/grp_LabelSelect_hls_0_Pipeline_VITIS_LOOP_199_3_fu_45/cmp_fu_190_p2_carry_i_7_n_3
    SLICE_X33Y138        CARRY4 (Prop_carry4_S[1]_CO[3])
                                                      0.550     5.208 r  top_i/StreamingDataflowPartition_1/inst/StreamingDataflowPartition_1_LabelSelect_hls_0/inst/grp_LabelSelect_hls_0_Pipeline_VITIS_LOOP_199_3_fu_45/cmp_fu_190_p2_carry/CO[3]
                         net (fo=22, routed)          0.867     6.074    top_i/StreamingDataflowPartition_1/inst/StreamingDataflowPartition_1_LabelSelect_hls_0/inst/grp_LabelSelect_hls_0_Pipeline_VITIS_LOOP_199_3_fu_45/cmp_fu_190_p2_carry_n_3
    SLICE_X34Y138        LUT3 (Prop_lut3_I2_O)        0.124     6.198 f  top_i/StreamingDataflowPartition_1/inst/StreamingDataflowPartition_1_LabelSelect_hls_0/inst/grp_LabelSelect_hls_0_Pipeline_VITIS_LOOP_199_3_fu_45/cmp_1_fu_202_p2_carry_i_10/O
                         net (fo=2, routed)           0.506     6.705    top_i/StreamingDataflowPartition_1/inst/StreamingDataflowPartition_1_LabelSelect_hls_0/inst/grp_LabelSelect_hls_0_Pipeline_VITIS_LOOP_199_3_fu_45/select_ln220_fu_195_p3__0[3]
    SLICE_X34Y138        LUT6 (Prop_lut6_I4_O)        0.124     6.829 r  top_i/StreamingDataflowPartition_1/inst/StreamingDataflowPartition_1_LabelSelect_hls_0/inst/grp_LabelSelect_hls_0_Pipeline_VITIS_LOOP_199_3_fu_45/cmp_1_fu_202_p2_carry_i_3/O
                         net (fo=1, routed)           0.190     7.018    top_i/StreamingDataflowPartition_1/inst/StreamingDataflowPartition_1_LabelSelect_hls_0/inst/grp_LabelSelect_hls_0_Pipeline_VITIS_LOOP_199_3_fu_45/cmp_1_fu_202_p2_carry_i_3_n_3
    SLICE_X35Y138        CARRY4 (Prop_carry4_DI[1]_CO[3])
                                                      0.507     7.525 r  top_i/StreamingDataflowPartition_1/inst/StreamingDataflowPartition_1_LabelSelect_hls_0/inst/grp_LabelSelect_hls_0_Pipeline_VITIS_LOOP_199_3_fu_45/cmp_1_fu_202_p2_carry/CO[3]
                         net (fo=11, routed)          0.708     8.233    top_i/StreamingDataflowPartition_1/inst/StreamingDataflowPartition_1_LabelSelect_hls_0/inst/grp_LabelSelect_hls_0_Pipeline_VITIS_LOOP_199_3_fu_45/cmp_1_fu_202_p2_carry_n_3
    SLICE_X34Y139        LUT5 (Prop_lut5_I4_O)        0.124     8.357 r  top_i/StreamingDataflowPartition_1/inst/StreamingDataflowPartition_1_LabelSelect_hls_0/inst/grp_LabelSelect_hls_0_Pipeline_VITIS_LOOP_199_3_fu_45/cmp_2_fu_214_p2_carry_i_13/O
                         net (fo=5, routed)           0.788     9.145    top_i/StreamingDataflowPartition_1/inst/StreamingDataflowPartition_1_LabelSelect_hls_0/inst/grp_LabelSelect_hls_0_Pipeline_VITIS_LOOP_199_3_fu_45/select_ln220_1_fu_207_p3__0[0]
    SLICE_X36Y140        LUT4 (Prop_lut4_I1_O)        0.124     9.269 r  top_i/StreamingDataflowPartition_1/inst/StreamingDataflowPartition_1_LabelSelect_hls_0/inst/grp_LabelSelect_hls_0_Pipeline_VITIS_LOOP_199_3_fu_45/cmp_2_fu_214_p2_carry_i_8/O
                         net (fo=1, routed)           0.000     9.269    top_i/StreamingDataflowPartition_1/inst/StreamingDataflowPartition_1_LabelSelect_hls_0/inst/grp_LabelSelect_hls_0_Pipeline_VITIS_LOOP_199_3_fu_45/cmp_2_fu_214_p2_carry_i_8_n_3
    SLICE_X36Y140        CARRY4 (Prop_carry4_S[0]_CO[3])
                                                      0.513     9.782 r  top_i/StreamingDataflowPartition_1/inst/StreamingDataflowPartition_1_LabelSelect_hls_0/inst/grp_LabelSelect_hls_0_Pipeline_VITIS_LOOP_199_3_fu_45/cmp_2_fu_214_p2_carry/CO[3]
                         net (fo=21, routed)          1.055    10.837    top_i/StreamingDataflowPartition_1/inst/StreamingDataflowPartition_1_LabelSelect_hls_0/inst/grp_LabelSelect_hls_0_Pipeline_VITIS_LOOP_199_3_fu_45/cmp_2_fu_214_p2_carry_n_3
    SLICE_X35Y140        LUT6 (Prop_lut6_I4_O)        0.124    10.961 r  top_i/StreamingDataflowPartition_1/inst/StreamingDataflowPartition_1_LabelSelect_hls_0/inst/grp_LabelSelect_hls_0_Pipeline_VITIS_LOOP_199_3_fu_45/cmp_3_fu_226_p2_carry_i_2_comp/O
                         net (fo=1, routed)           0.519    11.480    top_i/StreamingDataflowPartition_1/inst/StreamingDataflowPartition_1_LabelSelect_hls_0/inst/grp_LabelSelect_hls_0_Pipeline_VITIS_LOOP_199_3_fu_45/cmp_3_fu_226_p2_carry_i_2_n_3
    SLICE_X34Y140        CARRY4 (Prop_carry4_DI[2]_CO[3])
                                                      0.404    11.884 r  top_i/StreamingDataflowPartition_1/inst/StreamingDataflowPartition_1_LabelSelect_hls_0/inst/grp_LabelSelect_hls_0_Pipeline_VITIS_LOOP_199_3_fu_45/cmp_3_fu_226_p2_carry/CO[3]
                         net (fo=10, routed)          0.705    12.589    top_i/StreamingDataflowPartition_1/inst/StreamingDataflowPartition_1_LabelSelect_hls_0/inst/grp_LabelSelect_hls_0_Pipeline_VITIS_LOOP_199_3_fu_45/cmp_3_fu_226_p2_carry_n_3
    SLICE_X33Y139        LUT5 (Prop_lut5_I4_O)        0.124    12.713 r  top_i/StreamingDataflowPartition_1/inst/StreamingDataflowPartition_1_LabelSelect_hls_0/inst/grp_LabelSelect_hls_0_Pipeline_VITIS_LOOP_199_3_fu_45/conv_i_i2_445_i_fu_86[3]_i_2/O
                         net (fo=3, routed)           0.602    13.315    top_i/StreamingDataflowPartition_1/inst/StreamingDataflowPartition_1_LabelSelect_hls_0/inst/grp_LabelSelect_hls_0_Pipeline_VITIS_LOOP_199_3_fu_45/select_ln220_3_fu_231_p3__0[3]
    SLICE_X32Y140        LUT4 (Prop_lut4_I3_O)        0.124    13.439 r  top_i/StreamingDataflowPartition_1/inst/StreamingDataflowPartition_1_LabelSelect_hls_0/inst/grp_LabelSelect_hls_0_Pipeline_VITIS_LOOP_199_3_fu_45/cmp_4_fu_238_p2_carry_i_7/O
                         net (fo=1, routed)           0.000    13.439    top_i/StreamingDataflowPartition_1/inst/StreamingDataflowPartition_1_LabelSelect_hls_0/inst/grp_LabelSelect_hls_0_Pipeline_VITIS_LOOP_199_3_fu_45/cmp_4_fu_238_p2_carry_i_7_n_3
    SLICE_X32Y140        CARRY4 (Prop_carry4_S[1]_CO[3])
                                                      0.533    13.972 r  top_i/StreamingDataflowPartition_1/inst/StreamingDataflowPartition_1_LabelSelect_hls_0/inst/grp_LabelSelect_hls_0_Pipeline_VITIS_LOOP_199_3_fu_45/cmp_4_fu_238_p2_carry/CO[3]
                         net (fo=8, routed)           0.891    14.864    top_i/StreamingDataflowPartition_1/inst/StreamingDataflowPartition_1_LabelSelect_hls_0/inst/grp_LabelSelect_hls_0_Pipeline_VITIS_LOOP_199_3_fu_45/cmp_4_fu_238_p2_carry_n_3
    SLICE_X33Y139        LUT3 (Prop_lut3_I2_O)        0.118    14.982 r  top_i/StreamingDataflowPartition_1/inst/StreamingDataflowPartition_1_LabelSelect_hls_0/inst/grp_LabelSelect_hls_0_Pipeline_VITIS_LOOP_199_3_fu_45/conv_i_i2_445_i_fu_86[5]_i_1/O
                         net (fo=1, routed)           0.000    14.982    top_i/StreamingDataflowPartition_1/inst/StreamingDataflowPartition_1_LabelSelect_hls_0/inst/grp_LabelSelect_hls_0_Pipeline_VITIS_LOOP_199_3_fu_45/select_ln220_4_fu_243_p3[5]
    SLICE_X33Y139        FDRE                                         r  top_i/StreamingDataflowPartition_1/inst/StreamingDataflowPartition_1_LabelSelect_hls_0/inst/grp_LabelSelect_hls_0_Pipeline_VITIS_LOOP_199_3_fu_45/conv_i_i2_445_i_fu_86_reg[5]/D
  -------------------------------------------------------------------    -------------------

                         (clock clk_fpga_0 rise edge)
                                                     10.000    10.000 r  
    PS7_X0Y0             PS7                          0.000    10.000 r  top_i/zynq_ps/inst/PS7_i/FCLKCLK[0]
                         net (fo=1, routed)           1.088    11.088    top_i/zynq_ps/inst/FCLK_CLK_unbuffered[0]
    BUFGCTRL_X0Y16       BUFG (Prop_bufg_I_O)         0.091    11.179 r  top_i/zynq_ps/inst/buffer_fclk_clk_0.FCLK_CLK_0_BUFG/O
                         net (fo=52935, routed)       1.651    12.830    top_i/StreamingDataflowPartition_1/inst/StreamingDataflowPartition_1_LabelSelect_hls_0/inst/grp_LabelSelect_hls_0_Pipeline_VITIS_LOOP_199_3_fu_45/ap_clk
    SLICE_X33Y139        FDRE                                         r  top_i/StreamingDataflowPartition_1/inst/StreamingDataflowPartition_1_LabelSelect_hls_0/inst/grp_LabelSelect_hls_0_Pipeline_VITIS_LOOP_199_3_fu_45/conv_i_i2_445_i_fu_86_reg[5]/C
                         clock pessimism              0.281    13.111    
                         clock uncertainty           -0.154    12.957    
    SLICE_X33Y139        FDRE (Setup_fdre_C_D)        0.075    13.032    top_i/StreamingDataflowPartition_1/inst/StreamingDataflowPartition_1_LabelSelect_hls_0/inst/grp_LabelSelect_hls_0_Pipeline_VITIS_LOOP_199_3_fu_45/conv_i_i2_445_i_fu_86_reg[5]
  -------------------------------------------------------------------
                         required time                         13.032    
                         arrival time                         -14.982    
  -------------------------------------------------------------------
                         slack                                 -1.950    

Slack (VIOLATED) :        -1.690ns  (required time - arrival time)
  Source:                 top_i/StreamingDataflowPartition_1/inst/StreamingDataflowPartition_1_LabelSelect_hls_0/inst/grp_LabelSelect_hls_0_Pipeline_VITIS_LOOP_199_3_fu_45/conv_i_i2_445_i_fu_86_reg[2]/C
                            (rising edge-triggered cell FDRE clocked by clk_fpga_0  {rise@0.000ns fall@5.000ns period=10.000ns})
  Destination:            top_i/StreamingDataflowPartition_1/inst/StreamingDataflowPartition_1_LabelSelect_hls_0/inst/grp_LabelSelect_hls_0_Pipeline_VITIS_LOOP_199_3_fu_45/conv_i_i2_445_i_fu_86_reg[6]/D
                            (rising edge-triggered cell FDSE clocked by clk_fpga_0  {rise@0.000ns fall@5.000ns period=10.000ns})
  Path Group:             clk_fpga_0
  Path Type:              Setup (Max at Slow Process Corner)
  Requirement:            10.000ns  (clk_fpga_0 rise@10.000ns - clk_fpga_0 rise@0.000ns)
  Data Path Delay:        11.615ns  (logic 4.141ns (35.653%)  route 7.474ns (64.347%))
  Logic Levels:           14  (CARRY4=5 LUT3=2 LUT4=3 LUT5=2 LUT6=2)
  Clock Path Skew:        0.000ns (DCD - SCD + CPR)
    Destination Clock Delay (DCD):    2.829ns = ( 12.829 - 10.000 ) 
    Source Clock Delay      (SCD):    3.135ns
    Clock Pessimism Removal (CPR):    0.306ns
  Clock Uncertainty:      0.154ns  ((TSJ^2 + TIJ^2)^1/2 + DJ) / 2 + PE
    Total System Jitter     (TSJ):    0.071ns
    Total Input Jitter      (TIJ):    0.300ns
    Discrete Jitter          (DJ):    0.000ns
    Phase Error              (PE):    0.000ns

    Location             Delay type                Incr(ns)  Path(ns)    Netlist Resource(s)
  -------------------------------------------------------------------    -------------------
                         (clock clk_fpga_0 rise edge)
                                                      0.000     0.000 r  
    PS7_X0Y0             PS7                          0.000     0.000 r  top_i/zynq_ps/inst/PS7_i/FCLKCLK[0]
                         net (fo=1, routed)           1.193     1.193    top_i/zynq_ps/inst/FCLK_CLK_unbuffered[0]
    BUFGCTRL_X0Y16       BUFG (Prop_bufg_I_O)         0.101     1.294 r  top_i/zynq_ps/inst/buffer_fclk_clk_0.FCLK_CLK_0_BUFG/O
                         net (fo=52935, routed)       1.841     3.135    top_i/StreamingDataflowPartition_1/inst/StreamingDataflowPartition_1_LabelSelect_hls_0/inst/grp_LabelSelect_hls_0_Pipeline_VITIS_LOOP_199_3_fu_45/ap_clk
    SLICE_X32Y138        FDRE                                         r  top_i/StreamingDataflowPartition_1/inst/StreamingDataflowPartition_1_LabelSelect_hls_0/inst/grp_LabelSelect_hls_0_Pipeline_VITIS_LOOP_199_3_fu_45/conv_i_i2_445_i_fu_86_reg[2]/C
  -------------------------------------------------------------------    -------------------
    SLICE_X32Y138        FDRE (Prop_fdre_C_Q)         0.518     3.653 r  top_i/StreamingDataflowPartition_1/inst/StreamingDataflowPartition_1_LabelSelect_hls_0/inst/grp_LabelSelect_hls_0_Pipeline_VITIS_LOOP_199_3_fu_45/conv_i_i2_445_i_fu_86_reg[2]/Q
                         net (fo=5, routed)           0.881     4.534    top_i/StreamingDataflowPartition_1/inst/StreamingDataflowPartition_1_LabelSelect_hls_0/inst/grp_LabelSelect_hls_0_Pipeline_VITIS_LOOP_199_3_fu_45/conv_i_i2_445_i_fu_86[2]
    SLICE_X33Y138        LUT4 (Prop_lut4_I1_O)        0.124     4.658 r  top_i/StreamingDataflowPartition_1/inst/StreamingDataflowPartition_1_LabelSelect_hls_0/inst/grp_LabelSelect_hls_0_Pipeline_VITIS_LOOP_199_3_fu_45/cmp_fu_190_p2_carry_i_7/O
                         net (fo=1, routed)           0.000     4.658    top_i/StreamingDataflowPartition_1/inst/StreamingDataflowPartition_1_LabelSelect_hls_0/inst/grp_LabelSelect_hls_0_Pipeline_VITIS_LOOP_199_3_fu_45/cmp_fu_190_p2_carry_i_7_n_3
    SLICE_X33Y138        CARRY4 (Prop_carry4_S[1]_CO[3])
                                                      0.550     5.208 r  top_i/StreamingDataflowPartition_1/inst/StreamingDataflowPartition_1_LabelSelect_hls_0/inst/grp_LabelSelect_hls_0_Pipeline_VITIS_LOOP_199_3_fu_45/cmp_fu_190_p2_carry/CO[3]
                         net (fo=22, routed)          0.867     6.074    top_i/StreamingDataflowPartition_1/inst/StreamingDataflowPartition_1_LabelSelect_hls_0/inst/grp_LabelSelect_hls_0_Pipeline_VITIS_LOOP_199_3_fu_45/cmp_fu_190_p2_carry_n_3
    SLICE_X34Y138        LUT3 (Prop_lut3_I2_O)        0.124     6.198 f  top_i/StreamingDataflowPartition_1/inst/StreamingDataflowPartition_1_LabelSelect_hls_0/inst/grp_LabelSelect_hls_0_Pipeline_VITIS_LOOP_199_3_fu_45/cmp_1_fu_202_p2_carry_i_10/O
                         net (fo=2, routed)           0.506     6.705    top_i/StreamingDataflowPartition_1/inst/StreamingDataflowPartition_1_LabelSelect_hls_0/inst/grp_LabelSelect_hls_0_Pipeline_VITIS_LOOP_199_3_fu_45/select_ln220_fu_195_p3__0[3]
    SLICE_X34Y138        LUT6 (Prop_lut6_I4_O)        0.124     6.829 r  top_i/StreamingDataflowPartition_1/inst/StreamingDataflowPartition_1_LabelSelect_hls_0/inst/grp_LabelSelect_hls_0_Pipeline_VITIS_LOOP_199_3_fu_45/cmp_1_fu_202_p2_carry_i_3/O
                         net (fo=1, routed)           0.190     7.018    top_i/StreamingDataflowPartition_1/inst/StreamingDataflowPartition_1_LabelSelect_hls_0/inst/grp_LabelSelect_hls_0_Pipeline_VITIS_LOOP_199_3_fu_45/cmp_1_fu_202_p2_carry_i_3_n_3
    SLICE_X35Y138        CARRY4 (Prop_carry4_DI[1]_CO[3])
                                                      0.507     7.525 r  top_i/StreamingDataflowPartition_1/inst/StreamingDataflowPartition_1_LabelSelect_hls_0/inst/grp_LabelSelect_hls_0_Pipeline_VITIS_LOOP_199_3_fu_45/cmp_1_fu_202_p2_carry/CO[3]
                         net (fo=11, routed)          0.708     8.233    top_i/StreamingDataflowPartition_1/inst/StreamingDataflowPartition_1_LabelSelect_hls_0/inst/grp_LabelSelect_hls_0_Pipeline_VITIS_LOOP_199_3_fu_45/cmp_1_fu_202_p2_carry_n_3
    SLICE_X34Y139        LUT5 (Prop_lut5_I4_O)        0.124     8.357 r  top_i/StreamingDataflowPartition_1/inst/StreamingDataflowPartition_1_LabelSelect_hls_0/inst/grp_LabelSelect_hls_0_Pipeline_VITIS_LOOP_199_3_fu_45/cmp_2_fu_214_p2_carry_i_13/O
                         net (fo=5, routed)           0.788     9.145    top_i/StreamingDataflowPartition_1/inst/StreamingDataflowPartition_1_LabelSelect_hls_0/inst/grp_LabelSelect_hls_0_Pipeline_VITIS_LOOP_199_3_fu_45/select_ln220_1_fu_207_p3__0[0]
    SLICE_X36Y140        LUT4 (Prop_lut4_I1_O)        0.124     9.269 r  top_i/StreamingDataflowPartition_1/inst/StreamingDataflowPartition_1_LabelSelect_hls_0/inst/grp_LabelSelect_hls_0_Pipeline_VITIS_LOOP_199_3_fu_45/cmp_2_fu_214_p2_carry_i_8/O
                         net (fo=1, routed)           0.000     9.269    top_i/StreamingDataflowPartition_1/inst/StreamingDataflowPartition_1_LabelSelect_hls_0/inst/grp_LabelSelect_hls_0_Pipeline_VITIS_LOOP_199_3_fu_45/cmp_2_fu_214_p2_carry_i_8_n_3
    SLICE_X36Y140        CARRY4 (Prop_carry4_S[0]_CO[3])
                                                      0.513     9.782 r  top_i/StreamingDataflowPartition_1/inst/StreamingDataflowPartition_1_LabelSelect_hls_0/inst/grp_LabelSelect_hls_0_Pipeline_VITIS_LOOP_199_3_fu_45/cmp_2_fu_214_p2_carry/CO[3]
                         net (fo=21, routed)          1.055    10.837    top_i/StreamingDataflowPartition_1/inst/StreamingDataflowPartition_1_LabelSelect_hls_0/inst/grp_LabelSelect_hls_0_Pipeline_VITIS_LOOP_199_3_fu_45/cmp_2_fu_214_p2_carry_n_3
    SLICE_X35Y140        LUT6 (Prop_lut6_I4_O)        0.124    10.961 r  top_i/StreamingDataflowPartition_1/inst/StreamingDataflowPartition_1_LabelSelect_hls_0/inst/grp_LabelSelect_hls_0_Pipeline_VITIS_LOOP_199_3_fu_45/cmp_3_fu_226_p2_carry_i_2_comp/O
                         net (fo=1, routed)           0.519    11.480    top_i/StreamingDataflowPartition_1/inst/StreamingDataflowPartition_1_LabelSelect_hls_0/inst/grp_LabelSelect_hls_0_Pipeline_VITIS_LOOP_199_3_fu_45/cmp_3_fu_226_p2_carry_i_2_n_3
    SLICE_X34Y140        CARRY4 (Prop_carry4_DI[2]_CO[3])
                                                      0.404    11.884 r  top_i/StreamingDataflowPartition_1/inst/StreamingDataflowPartition_1_LabelSelect_hls_0/inst/grp_LabelSelect_hls_0_Pipeline_VITIS_LOOP_199_3_fu_45/cmp_3_fu_226_p2_carry/CO[3]
                         net (fo=10, routed)          0.705    12.589    top_i/StreamingDataflowPartition_1/inst/StreamingDataflowPartition_1_LabelSelect_hls_0/inst/grp_LabelSelect_hls_0_Pipeline_VITIS_LOOP_199_3_fu_45/cmp_3_fu_226_p2_carry_n_3
    SLICE_X33Y139        LUT5 (Prop_lut5_I4_O)        0.124    12.713 r  top_i/StreamingDataflowPartition_1/inst/StreamingDataflowPartition_1_LabelSelect_hls_0/inst/grp_LabelSelect_hls_0_Pipeline_VITIS_LOOP_199_3_fu_45/conv_i_i2_445_i_fu_86[3]_i_2/O
                         net (fo=3, routed)           0.602    13.315    top_i/StreamingDataflowPartition_1/inst/StreamingDataflowPartition_1_LabelSelect_hls_0/inst/grp_LabelSelect_hls_0_Pipeline_VITIS_LOOP_199_3_fu_45/select_ln220_3_fu_231_p3__0[3]
    SLICE_X32Y140        LUT4 (Prop_lut4_I3_O)        0.124    13.439 r  top_i/StreamingDataflowPartition_1/inst/StreamingDataflowPartition_1_LabelSelect_hls_0/inst/grp_LabelSelect_hls_0_Pipeline_VITIS_LOOP_199_3_fu_45/cmp_4_fu_238_p2_carry_i_7/O
                         net (fo=1, routed)           0.000    13.439    top_i/StreamingDataflowPartition_1/inst/StreamingDataflowPartition_1_LabelSelect_hls_0/inst/grp_LabelSelect_hls_0_Pipeline_VITIS_LOOP_199_3_fu_45/cmp_4_fu_238_p2_carry_i_7_n_3
    SLICE_X32Y140        CARRY4 (Prop_carry4_S[1]_CO[3])
                                                      0.533    13.972 r  top_i/StreamingDataflowPartition_1/inst/StreamingDataflowPartition_1_LabelSelect_hls_0/inst/grp_LabelSelect_hls_0_Pipeline_VITIS_LOOP_199_3_fu_45/cmp_4_fu_238_p2_carry/CO[3]
                         net (fo=8, routed)           0.653    14.626    top_i/StreamingDataflowPartition_1/inst/StreamingDataflowPartition_1_LabelSelect_hls_0/inst/grp_LabelSelect_hls_0_Pipeline_VITIS_LOOP_199_3_fu_45/cmp_4_fu_238_p2_carry_n_3
    SLICE_X32Y138        LUT3 (Prop_lut3_I2_O)        0.124    14.750 r  top_i/StreamingDataflowPartition_1/inst/StreamingDataflowPartition_1_LabelSelect_hls_0/inst/grp_LabelSelect_hls_0_Pipeline_VITIS_LOOP_199_3_fu_45/conv_i_i2_445_i_fu_86[6]_i_3/O
                         net (fo=1, routed)           0.000    14.750    top_i/StreamingDataflowPartition_1/inst/StreamingDataflowPartition_1_LabelSelect_hls_0/inst/grp_LabelSelect_hls_0_Pipeline_VITIS_LOOP_199_3_fu_45/select_ln220_4_fu_243_p3[6]
    SLICE_X32Y138        FDSE                                         r  top_i/StreamingDataflowPartition_1/inst/StreamingDataflowPartition_1_LabelSelect_hls_0/inst/grp_LabelSelect_hls_0_Pipeline_VITIS_LOOP_199_3_fu_45/conv_i_i2_445_i_fu_86_reg[6]/D
  -------------------------------------------------------------------    -------------------

                         (clock clk_fpga_0 rise edge)
                                                     10.000    10.000 r  
    PS7_X0Y0             PS7                          0.000    10.000 r  top_i/zynq_ps/inst/PS7_i/FCLKCLK[0]
                         net (fo=1, routed)           1.088    11.088    top_i/zynq_ps/inst/FCLK_CLK_unbuffered[0]
    BUFGCTRL_X0Y16       BUFG (Prop_bufg_I_O)         0.091    11.179 r  top_i/zynq_ps/inst/buffer_fclk_clk_0.FCLK_CLK_0_BUFG/O
                         net (fo=52935, routed)       1.650    12.829    top_i/StreamingDataflowPartition_1/inst/StreamingDataflowPartition_1_LabelSelect_hls_0/inst/grp_LabelSelect_hls_0_Pipeline_VITIS_LOOP_199_3_fu_45/ap_clk
    SLICE_X32Y138        FDSE                                         r  top_i/StreamingDataflowPartition_1/inst/StreamingDataflowPartition_1_LabelSelect_hls_0/inst/grp_LabelSelect_hls_0_Pipeline_VITIS_LOOP_199_3_fu_45/conv_i_i2_445_i_fu_86_reg[6]/C
                         clock pessimism              0.306    13.135    
                         clock uncertainty           -0.154    12.981    
    SLICE_X32Y138        FDSE (Setup_fdse_C_D)        0.079    13.060    top_i/StreamingDataflowPartition_1/inst/StreamingDataflowPartition_1_LabelSelect_hls_0/inst/grp_LabelSelect_hls_0_Pipeline_VITIS_LOOP_199_3_fu_45/conv_i_i2_445_i_fu_86_reg[6]
  -------------------------------------------------------------------
                         required time                         13.060    
                         arrival time                         -14.750    
  -------------------------------------------------------------------
                         slack                                 -1.690    

Slack (VIOLATED) :        -0.829ns  (required time - arrival time)
  Source:                 top_i/StreamingDataflowPartition_1/inst/StreamingDataflowPartition_1_LabelSelect_hls_0/inst/grp_LabelSelect_hls_0_Pipeline_VITIS_LOOP_199_3_fu_45/conv_i_i2_445_i_fu_86_reg[2]/C
                            (rising edge-triggered cell FDRE clocked by clk_fpga_0  {rise@0.000ns fall@5.000ns period=10.000ns})
  Destination:            top_i/StreamingDataflowPartition_1/inst/StreamingDataflowPartition_1_LabelSelect_hls_0/inst/grp_LabelSelect_hls_0_Pipeline_VITIS_LOOP_199_3_fu_45/cmp_4_reg_442_reg[0]/D
                            (rising edge-triggered cell FDRE clocked by clk_fpga_0  {rise@0.000ns fall@5.000ns period=10.000ns})
  Path Group:             clk_fpga_0
  Path Type:              Setup (Max at Slow Process Corner)
  Requirement:            10.000ns  (clk_fpga_0 rise@10.000ns - clk_fpga_0 rise@0.000ns)
  Data Path Delay:        10.837ns  (logic 4.017ns (37.066%)  route 6.820ns (62.934%))
  Logic Levels:           13  (CARRY4=5 LUT3=1 LUT4=3 LUT5=2 LUT6=2)
  Clock Path Skew:        -0.024ns (DCD - SCD + CPR)
    Destination Clock Delay (DCD):    2.830ns = ( 12.830 - 10.000 ) 
    Source Clock Delay      (SCD):    3.135ns
    Clock Pessimism Removal (CPR):    0.281ns
  Clock Uncertainty:      0.154ns  ((TSJ^2 + TIJ^2)^1/2 + DJ) / 2 + PE
    Total System Jitter     (TSJ):    0.071ns
    Total Input Jitter      (TIJ):    0.300ns
    Discrete Jitter          (DJ):    0.000ns
    Phase Error              (PE):    0.000ns

    Location             Delay type                Incr(ns)  Path(ns)    Netlist Resource(s)
  -------------------------------------------------------------------    -------------------
                         (clock clk_fpga_0 rise edge)
                                                      0.000     0.000 r  
    PS7_X0Y0             PS7                          0.000     0.000 r  top_i/zynq_ps/inst/PS7_i/FCLKCLK[0]
                         net (fo=1, routed)           1.193     1.193    top_i/zynq_ps/inst/FCLK_CLK_unbuffered[0]
    BUFGCTRL_X0Y16       BUFG (Prop_bufg_I_O)         0.101     1.294 r  top_i/zynq_ps/inst/buffer_fclk_clk_0.FCLK_CLK_0_BUFG/O
                         net (fo=52935, routed)       1.841     3.135    top_i/StreamingDataflowPartition_1/inst/StreamingDataflowPartition_1_LabelSelect_hls_0/inst/grp_LabelSelect_hls_0_Pipeline_VITIS_LOOP_199_3_fu_45/ap_clk
    SLICE_X32Y138        FDRE                                         r  top_i/StreamingDataflowPartition_1/inst/StreamingDataflowPartition_1_LabelSelect_hls_0/inst/grp_LabelSelect_hls_0_Pipeline_VITIS_LOOP_199_3_fu_45/conv_i_i2_445_i_fu_86_reg[2]/C
  -------------------------------------------------------------------    -------------------
    SLICE_X32Y138        FDRE (Prop_fdre_C_Q)         0.518     3.653 r  top_i/StreamingDataflowPartition_1/inst/StreamingDataflowPartition_1_LabelSelect_hls_0/inst/grp_LabelSelect_hls_0_Pipeline_VITIS_LOOP_199_3_fu_45/conv_i_i2_445_i_fu_86_reg[2]/Q
                         net (fo=5, routed)           0.881     4.534    top_i/StreamingDataflowPartition_1/inst/StreamingDataflowPartition_1_LabelSelect_hls_0/inst/grp_LabelSelect_hls_0_Pipeline_VITIS_LOOP_199_3_fu_45/conv_i_i2_445_i_fu_86[2]
    SLICE_X33Y138        LUT4 (Prop_lut4_I1_O)        0.124     4.658 r  top_i/StreamingDataflowPartition_1/inst/StreamingDataflowPartition_1_LabelSelect_hls_0/inst/grp_LabelSelect_hls_0_Pipeline_VITIS_LOOP_199_3_fu_45/cmp_fu_190_p2_carry_i_7/O
                         net (fo=1, routed)           0.000     4.658    top_i/StreamingDataflowPartition_1/inst/StreamingDataflowPartition_1_LabelSelect_hls_0/inst/grp_LabelSelect_hls_0_Pipeline_VITIS_LOOP_199_3_fu_45/cmp_fu_190_p2_carry_i_7_n_3
    SLICE_X33Y138        CARRY4 (Prop_carry4_S[1]_CO[3])
                                                      0.550     5.208 r  top_i/StreamingDataflowPartition_1/inst/StreamingDataflowPartition_1_LabelSelect_hls_0/inst/grp_LabelSelect_hls_0_Pipeline_VITIS_LOOP_199_3_fu_45/cmp_fu_190_p2_carry/CO[3]
                         net (fo=22, routed)          0.867     6.074    top_i/StreamingDataflowPartition_1/inst/StreamingDataflowPartition_1_LabelSelect_hls_0/inst/grp_LabelSelect_hls_0_Pipeline_VITIS_LOOP_199_3_fu_45/cmp_fu_190_p2_carry_n_3
    SLICE_X34Y138        LUT3 (Prop_lut3_I2_O)        0.124     6.198 f  top_i/StreamingDataflowPartition_1/inst/StreamingDataflowPartition_1_LabelSelect_hls_0/inst/grp_LabelSelect_hls_0_Pipeline_VITIS_LOOP_199_3_fu_45/cmp_1_fu_202_p2_carry_i_10/O
                         net (fo=2, routed)           0.506     6.705    top_i/StreamingDataflowPartition_1/inst/StreamingDataflowPartition_1_LabelSelect_hls_0/inst/grp_LabelSelect_hls_0_Pipeline_VITIS_LOOP_199_3_fu_45/select_ln220_fu_195_p3__0[3]
    SLICE_X34Y138        LUT6 (Prop_lut6_I4_O)        0.124     6.829 r  top_i/StreamingDataflowPartition_1/inst/StreamingDataflowPartition_1_LabelSelect_hls_0/inst/grp_LabelSelect_hls_0_Pipeline_VITIS_LOOP_199_3_fu_45/cmp_1_fu_202_p2_carry_i_3/O
                         net (fo=1, routed)           0.190     7.018    top_i/StreamingDataflowPartition_1/inst/StreamingDataflowPartition_1_LabelSelect_hls_0/inst/grp_LabelSelect_hls_0_Pipeline_VITIS_LOOP_199_3_fu_45/cmp_1_fu_202_p2_carry_i_3_n_3
    SLICE_X35Y138        CARRY4 (Prop_carry4_DI[1]_CO[3])
                                                      0.507     7.525 r  top_i/StreamingDataflowPartition_1/inst/StreamingDataflowPartition_1_LabelSelect_hls_0/inst/grp_LabelSelect_hls_0_Pipeline_VITIS_LOOP_199_3_fu_45/cmp_1_fu_202_p2_carry/CO[3]
                         net (fo=11, routed)          0.708     8.233    top_i/StreamingDataflowPartition_1/inst/StreamingDataflowPartition_1_LabelSelect_hls_0/inst/grp_LabelSelect_hls_0_Pipeline_VITIS_LOOP_199_3_fu_45/cmp_1_fu_202_p2_carry_n_3
    SLICE_X34Y139        LUT5 (Prop_lut5_I4_O)        0.124     8.357 r  top_i/StreamingDataflowPartition_1/inst/StreamingDataflowPartition_1_LabelSelect_hls_0/inst/grp_LabelSelect_hls_0_Pipeline_VITIS_LOOP_199_3_fu_45/cmp_2_fu_214_p2_carry_i_13/O
                         net (fo=5, routed)           0.788     9.145    top_i/StreamingDataflowPartition_1/inst/StreamingDataflowPartition_1_LabelSelect_hls_0/inst/grp_LabelSelect_hls_0_Pipeline_VITIS_LOOP_199_3_fu_45/select_ln220_1_fu_207_p3__0[0]
    SLICE_X36Y140        LUT4 (Prop_lut4_I1_O)        0.124     9.269 r  top_i/StreamingDataflowPartition_1/inst/StreamingDataflowPartition_1_LabelSelect_hls_0/inst/grp_LabelSelect_hls_0_Pipeline_VITIS_LOOP_199_3_fu_45/cmp_2_fu_214_p2_carry_i_8/O
                         net (fo=1, routed)           0.000     9.269    top_i/StreamingDataflowPartition_1/inst/StreamingDataflowPartition_1_LabelSelect_hls_0/inst/grp_LabelSelect_hls_0_Pipeline_VITIS_LOOP_199_3_fu_45/cmp_2_fu_214_p2_carry_i_8_n_3
    SLICE_X36Y140        CARRY4 (Prop_carry4_S[0]_CO[3])
                                                      0.513     9.782 r  top_i/StreamingDataflowPartition_1/inst/StreamingDataflowPartition_1_LabelSelect_hls_0/inst/grp_LabelSelect_hls_0_Pipeline_VITIS_LOOP_199_3_fu_45/cmp_2_fu_214_p2_carry/CO[3]
                         net (fo=21, routed)          1.055    10.837    top_i/StreamingDataflowPartition_1/inst/StreamingDataflowPartition_1_LabelSelect_hls_0/inst/grp_LabelSelect_hls_0_Pipeline_VITIS_LOOP_199_3_fu_45/cmp_2_fu_214_p2_carry_n_3
    SLICE_X35Y140        LUT6 (Prop_lut6_I4_O)        0.124    10.961 r  top_i/StreamingDataflowPartition_1/inst/StreamingDataflowPartition_1_LabelSelect_hls_0/inst/grp_LabelSelect_hls_0_Pipeline_VITIS_LOOP_199_3_fu_45/cmp_3_fu_226_p2_carry_i_2_comp/O
                         net (fo=1, routed)           0.519    11.480    top_i/StreamingDataflowPartition_1/inst/StreamingDataflowPartition_1_LabelSelect_hls_0/inst/grp_LabelSelect_hls_0_Pipeline_VITIS_LOOP_199_3_fu_45/cmp_3_fu_226_p2_carry_i_2_n_3
    SLICE_X34Y140        CARRY4 (Prop_carry4_DI[2]_CO[3])
                                                      0.404    11.884 r  top_i/StreamingDataflowPartition_1/inst/StreamingDataflowPartition_1_LabelSelect_hls_0/inst/grp_LabelSelect_hls_0_Pipeline_VITIS_LOOP_199_3_fu_45/cmp_3_fu_226_p2_carry/CO[3]
                         net (fo=10, routed)          0.705    12.589    top_i/StreamingDataflowPartition_1/inst/StreamingDataflowPartition_1_LabelSelect_hls_0/inst/grp_LabelSelect_hls_0_Pipeline_VITIS_LOOP_199_3_fu_45/cmp_3_fu_226_p2_carry_n_3
    SLICE_X33Y139        LUT5 (Prop_lut5_I4_O)        0.124    12.713 r  top_i/StreamingDataflowPartition_1/inst/StreamingDataflowPartition_1_LabelSelect_hls_0/inst/grp_LabelSelect_hls_0_Pipeline_VITIS_LOOP_199_3_fu_45/conv_i_i2_445_i_fu_86[3]_i_2/O
                         net (fo=3, routed)           0.602    13.315    top_i/StreamingDataflowPartition_1/inst/StreamingDataflowPartition_1_LabelSelect_hls_0/inst/grp_LabelSelect_hls_0_Pipeline_VITIS_LOOP_199_3_fu_45/select_ln220_3_fu_231_p3__0[3]
    SLICE_X32Y140        LUT4 (Prop_lut4_I3_O)        0.124    13.439 r  top_i/StreamingDataflowPartition_1/inst/StreamingDataflowPartition_1_LabelSelect_hls_0/inst/grp_LabelSelect_hls_0_Pipeline_VITIS_LOOP_199_3_fu_45/cmp_4_fu_238_p2_carry_i_7/O
                         net (fo=1, routed)           0.000    13.439    top_i/StreamingDataflowPartition_1/inst/StreamingDataflowPartition_1_LabelSelect_hls_0/inst/grp_LabelSelect_hls_0_Pipeline_VITIS_LOOP_199_3_fu_45/cmp_4_fu_238_p2_carry_i_7_n_3
    SLICE_X32Y140        CARRY4 (Prop_carry4_S[1]_CO[3])
                                                      0.533    13.972 r  top_i/StreamingDataflowPartition_1/inst/StreamingDataflowPartition_1_LabelSelect_hls_0/inst/grp_LabelSelect_hls_0_Pipeline_VITIS_LOOP_199_3_fu_45/cmp_4_fu_238_p2_carry/CO[3]
                         net (fo=8, routed)           0.000    13.972    top_i/StreamingDataflowPartition_1/inst/StreamingDataflowPartition_1_LabelSelect_hls_0/inst/grp_LabelSelect_hls_0_Pipeline_VITIS_LOOP_199_3_fu_45/cmp_4_fu_238_p2_carry_n_3
    SLICE_X32Y140        FDRE                                         r  top_i/StreamingDataflowPartition_1/inst/StreamingDataflowPartition_1_LabelSelect_hls_0/inst/grp_LabelSelect_hls_0_Pipeline_VITIS_LOOP_199_3_fu_45/cmp_4_reg_442_reg[0]/D
  -------------------------------------------------------------------    -------------------

                         (clock clk_fpga_0 rise edge)
                                                     10.000    10.000 r  
    PS7_X0Y0             PS7                          0.000    10.000 r  top_i/zynq_ps/inst/PS7_i/FCLKCLK[0]
                         net (fo=1, routed)           1.088    11.088    top_i/zynq_ps/inst/FCLK_CLK_unbuffered[0]
    BUFGCTRL_X0Y16       BUFG (Prop_bufg_I_O)         0.091    11.179 r  top_i/zynq_ps/inst/buffer_fclk_clk_0.FCLK_CLK_0_BUFG/O
                         net (fo=52935, routed)       1.651    12.830    top_i/StreamingDataflowPartition_1/inst/StreamingDataflowPartition_1_LabelSelect_hls_0/inst/grp_LabelSelect_hls_0_Pipeline_VITIS_LOOP_199_3_fu_45/ap_clk
    SLICE_X32Y140        FDRE                                         r  top_i/StreamingDataflowPartition_1/inst/StreamingDataflowPartition_1_LabelSelect_hls_0/inst/grp_LabelSelect_hls_0_Pipeline_VITIS_LOOP_199_3_fu_45/cmp_4_reg_442_reg[0]/C
                         clock pessimism              0.281    13.111    
                         clock uncertainty           -0.154    12.957    
    SLICE_X32Y140        FDRE (Setup_fdre_C_D)        0.186    13.143    top_i/StreamingDataflowPartition_1/inst/StreamingDataflowPartition_1_LabelSelect_hls_0/inst/grp_LabelSelect_hls_0_Pipeline_VITIS_LOOP_199_3_fu_45/cmp_4_reg_442_reg[0]
  -------------------------------------------------------------------
                         required time                         13.143    
                         arrival time                         -13.972    
  -------------------------------------------------------------------
                         slack                                 -0.829    

Slack (MET) :             0.169ns  (required time - arrival time)
  Source:                 top_i/StreamingDataflowPartition_1/inst/StreamingDataflowPartition_1_MVAU_hls_2/StreamingDataflowPartition_1_MVAU_hls_2_wstrm/inst/core/genUnpumped.mem/blkStreamOut.OPtr_reg[0]_rep/C
                            (rising edge-triggered cell FDSE clocked by clk_fpga_0  {rise@0.000ns fall@5.000ns period=10.000ns})
  Destination:            top_i/StreamingDataflowPartition_1/inst/StreamingDataflowPartition_1_MVAU_hls_2/StreamingDataflowPartition_1_MVAU_hls_2_wstrm/inst/core/genUnpumped.mem/blkStreamOut.ODat_reg[923]/D
                            (rising edge-triggered cell FDRE clocked by clk_fpga_0  {rise@0.000ns fall@5.000ns period=10.000ns})
  Path Group:             clk_fpga_0
  Path Type:              Setup (Max at Slow Process Corner)
  Requirement:            10.000ns  (clk_fpga_0 rise@10.000ns - clk_fpga_0 rise@0.000ns)
  Data Path Delay:        9.692ns  (logic 0.779ns (8.038%)  route 8.913ns (91.962%))
  Logic Levels:           1  (SRL16E=1)
  Clock Path Skew:        -0.064ns (DCD - SCD + CPR)
    Destination Clock Delay (DCD):    2.957ns = ( 12.957 - 10.000 ) 
    Source Clock Delay      (SCD):    3.268ns
    Clock Pessimism Removal (CPR):    0.247ns
  Clock Uncertainty:      0.154ns  ((TSJ^2 + TIJ^2)^1/2 + DJ) / 2 + PE
    Total System Jitter     (TSJ):    0.071ns
    Total Input Jitter      (TIJ):    0.300ns
    Discrete Jitter          (DJ):    0.000ns
    Phase Error              (PE):    0.000ns

    Location             Delay type                Incr(ns)  Path(ns)    Netlist Resource(s)
  -------------------------------------------------------------------    -------------------
                         (clock clk_fpga_0 rise edge)
                                                      0.000     0.000 r  
    PS7_X0Y0             PS7                          0.000     0.000 r  top_i/zynq_ps/inst/PS7_i/FCLKCLK[0]
                         net (fo=1, routed)           1.193     1.193    top_i/zynq_ps/inst/FCLK_CLK_unbuffered[0]
    BUFGCTRL_X0Y16       BUFG (Prop_bufg_I_O)         0.101     1.294 r  top_i/zynq_ps/inst/buffer_fclk_clk_0.FCLK_CLK_0_BUFG/O
                         net (fo=52935, routed)       1.974     3.268    top_i/StreamingDataflowPartition_1/inst/StreamingDataflowPartition_1_MVAU_hls_2/StreamingDataflowPartition_1_MVAU_hls_2_wstrm/inst/core/genUnpumped.mem/ap_clk
    SLICE_X96Y109        FDSE                                         r  top_i/StreamingDataflowPartition_1/inst/StreamingDataflowPartition_1_MVAU_hls_2/StreamingDataflowPartition_1_MVAU_hls_2_wstrm/inst/core/genUnpumped.mem/blkStreamOut.OPtr_reg[0]_rep/C
  -------------------------------------------------------------------    -------------------
    SLICE_X96Y109        FDSE (Prop_fdse_C_Q)         0.478     3.746 r  top_i/StreamingDataflowPartition_1/inst/StreamingDataflowPartition_1_MVAU_hls_2/StreamingDataflowPartition_1_MVAU_hls_2_wstrm/inst/core/genUnpumped.mem/blkStreamOut.OPtr_reg[0]_rep/Q
                         net (fo=1024, routed)        8.913    12.659    top_i/StreamingDataflowPartition_1/inst/StreamingDataflowPartition_1_MVAU_hls_2/StreamingDataflowPartition_1_MVAU_hls_2_wstrm/inst/core/genUnpumped.mem/blkStreamOut.OPtr_reg[0]_rep_n_3
    SLICE_X92Y140        SRL16E (Prop_srl16e_A0_Q)    0.301    12.960 r  top_i/StreamingDataflowPartition_1/inst/StreamingDataflowPartition_1_MVAU_hls_2/StreamingDataflowPartition_1_MVAU_hls_2_wstrm/inst/core/genUnpumped.mem/blkStreamOut.OSrl_reg[6][923]_srl7/Q
                         net (fo=1, routed)           0.000    12.960    top_i/StreamingDataflowPartition_1/inst/StreamingDataflowPartition_1_MVAU_hls_2/StreamingDataflowPartition_1_MVAU_hls_2_wstrm/inst/core/genUnpumped.mem/blkStreamOut.OSrl_reg[6][923]_srl7_n_3
    SLICE_X92Y140        FDRE                                         r  top_i/StreamingDataflowPartition_1/inst/StreamingDataflowPartition_1_MVAU_hls_2/StreamingDataflowPartition_1_MVAU_hls_2_wstrm/inst/core/genUnpumped.mem/blkStreamOut.ODat_reg[923]/D
  -------------------------------------------------------------------    -------------------

                         (clock clk_fpga_0 rise edge)
                                                     10.000    10.000 r  
    PS7_X0Y0             PS7                          0.000    10.000 r  top_i/zynq_ps/inst/PS7_i/FCLKCLK[0]
                         net (fo=1, routed)           1.088    11.088    top_i/zynq_ps/inst/FCLK_CLK_unbuffered[0]
    BUFGCTRL_X0Y16       BUFG (Prop_bufg_I_O)         0.091    11.179 r  top_i/zynq_ps/inst/buffer_fclk_clk_0.FCLK_CLK_0_BUFG/O
                         net (fo=52935, routed)       1.778    12.957    top_i/StreamingDataflowPartition_1/inst/StreamingDataflowPartition_1_MVAU_hls_2/StreamingDataflowPartition_1_MVAU_hls_2_wstrm/inst/core/genUnpumped.mem/ap_clk
    SLICE_X92Y140        FDRE                                         r  top_i/StreamingDataflowPartition_1/inst/StreamingDataflowPartition_1_MVAU_hls_2/StreamingDataflowPartition_1_MVAU_hls_2_wstrm/inst/core/genUnpumped.mem/blkStreamOut.ODat_reg[923]/C
                         clock pessimism              0.247    13.204    
                         clock uncertainty           -0.154    13.050    
    SLICE_X92Y140        FDRE (Setup_fdre_C_D)        0.079    13.129    top_i/StreamingDataflowPartition_1/inst/StreamingDataflowPartition_1_MVAU_hls_2/StreamingDataflowPartition_1_MVAU_hls_2_wstrm/inst/core/genUnpumped.mem/blkStreamOut.ODat_reg[923]
  -------------------------------------------------------------------
                         required time                         13.129    
                         arrival time                         -12.960    
  -------------------------------------------------------------------
                         slack                                  0.169    

Slack (MET) :             0.175ns  (required time - arrival time)
  Source:                 top_i/StreamingDataflowPartition_1/inst/StreamingDataflowPartition_1_MVAU_hls_2/StreamingDataflowPartition_1_MVAU_hls_2_wstrm/inst/core/genUnpumped.mem/blkStreamOut.OPtr_reg[0]_rep/C
                            (rising edge-triggered cell FDSE clocked by clk_fpga_0  {rise@0.000ns fall@5.000ns period=10.000ns})
  Destination:            top_i/StreamingDataflowPartition_1/inst/StreamingDataflowPartition_1_MVAU_hls_2/StreamingDataflowPartition_1_MVAU_hls_2_wstrm/inst/core/genUnpumped.mem/blkStreamOut.ODat_reg[927]/D
                            (rising edge-triggered cell FDRE clocked by clk_fpga_0  {rise@0.000ns fall@5.000ns period=10.000ns})
  Path Group:             clk_fpga_0
  Path Type:              Setup (Max at Slow Process Corner)
  Requirement:            10.000ns  (clk_fpga_0 rise@10.000ns - clk_fpga_0 rise@0.000ns)
  Data Path Delay:        9.725ns  (logic 0.812ns (8.350%)  route 8.913ns (91.650%))
  Logic Levels:           1  (SRL16E=1)
  Clock Path Skew:        -0.064ns (DCD - SCD + CPR)
    Destination Clock Delay (DCD):    2.957ns = ( 12.957 - 10.000 ) 
    Source Clock Delay      (SCD):    3.268ns
    Clock Pessimism Removal (CPR):    0.247ns
  Clock Uncertainty:      0.154ns  ((TSJ^2 + TIJ^2)^1/2 + DJ) / 2 + PE
    Total System Jitter     (TSJ):    0.071ns
    Total Input Jitter      (TIJ):    0.300ns
    Discrete Jitter          (DJ):    0.000ns
    Phase Error              (PE):    0.000ns

    Location             Delay type                Incr(ns)  Path(ns)    Netlist Resource(s)
  -------------------------------------------------------------------    -------------------
                         (clock clk_fpga_0 rise edge)
                                                      0.000     0.000 r  
    PS7_X0Y0             PS7                          0.000     0.000 r  top_i/zynq_ps/inst/PS7_i/FCLKCLK[0]
                         net (fo=1, routed)           1.193     1.193    top_i/zynq_ps/inst/FCLK_CLK_unbuffered[0]
    BUFGCTRL_X0Y16       BUFG (Prop_bufg_I_O)         0.101     1.294 r  top_i/zynq_ps/inst/buffer_fclk_clk_0.FCLK_CLK_0_BUFG/O
                         net (fo=52935, routed)       1.974     3.268    top_i/StreamingDataflowPartition_1/inst/StreamingDataflowPartition_1_MVAU_hls_2/StreamingDataflowPartition_1_MVAU_hls_2_wstrm/inst/core/genUnpumped.mem/ap_clk
    SLICE_X96Y109        FDSE                                         r  top_i/StreamingDataflowPartition_1/inst/StreamingDataflowPartition_1_MVAU_hls_2/StreamingDataflowPartition_1_MVAU_hls_2_wstrm/inst/core/genUnpumped.mem/blkStreamOut.OPtr_reg[0]_rep/C
  -------------------------------------------------------------------    -------------------
    SLICE_X96Y109        FDSE (Prop_fdse_C_Q)         0.478     3.746 r  top_i/StreamingDataflowPartition_1/inst/StreamingDataflowPartition_1_MVAU_hls_2/StreamingDataflowPartition_1_MVAU_hls_2_wstrm/inst/core/genUnpumped.mem/blkStreamOut.OPtr_reg[0]_rep/Q
                         net (fo=1024, routed)        8.913    12.659    top_i/StreamingDataflowPartition_1/inst/StreamingDataflowPartition_1_MVAU_hls_2/StreamingDataflowPartition_1_MVAU_hls_2_wstrm/inst/core/genUnpumped.mem/blkStreamOut.OPtr_reg[0]_rep_n_3
    SLICE_X92Y140        SRL16E (Prop_srl16e_A0_Q)    0.334    12.993 r  top_i/StreamingDataflowPartition_1/inst/StreamingDataflowPartition_1_MVAU_hls_2/StreamingDataflowPartition_1_MVAU_hls_2_wstrm/inst/core/genUnpumped.mem/blkStreamOut.OSrl_reg[6][927]_srl7/Q
                         net (fo=1, routed)           0.000    12.993    top_i/StreamingDataflowPartition_1/inst/StreamingDataflowPartition_1_MVAU_hls_2/StreamingDataflowPartition_1_MVAU_hls_2_wstrm/inst/core/genUnpumped.mem/blkStreamOut.OSrl_reg[6][927]_srl7_n_3
    SLICE_X92Y140        FDRE                                         r  top_i/StreamingDataflowPartition_1/inst/StreamingDataflowPartition_1_MVAU_hls_2/StreamingDataflowPartition_1_MVAU_hls_2_wstrm/inst/core/genUnpumped.mem/blkStreamOut.ODat_reg[927]/D
  -------------------------------------------------------------------    -------------------

                         (clock clk_fpga_0 rise edge)
                                                     10.000    10.000 r  
    PS7_X0Y0             PS7                          0.000    10.000 r  top_i/zynq_ps/inst/PS7_i/FCLKCLK[0]
                         net (fo=1, routed)           1.088    11.088    top_i/zynq_ps/inst/FCLK_CLK_unbuffered[0]
    BUFGCTRL_X0Y16       BUFG (Prop_bufg_I_O)         0.091    11.179 r  top_i/zynq_ps/inst/buffer_fclk_clk_0.FCLK_CLK_0_BUFG/O
                         net (fo=52935, routed)       1.778    12.957    top_i/StreamingDataflowPartition_1/inst/StreamingDataflowPartition_1_MVAU_hls_2/StreamingDataflowPartition_1_MVAU_hls_2_wstrm/inst/core/genUnpumped.mem/ap_clk
    SLICE_X92Y140        FDRE                                         r  top_i/StreamingDataflowPartition_1/inst/StreamingDataflowPartition_1_MVAU_hls_2/StreamingDataflowPartition_1_MVAU_hls_2_wstrm/inst/core/genUnpumped.mem/blkStreamOut.ODat_reg[927]/C
                         clock pessimism              0.247    13.204    
                         clock uncertainty           -0.154    13.050    
    SLICE_X92Y140        FDRE (Setup_fdre_C_D)        0.118    13.168    top_i/StreamingDataflowPartition_1/inst/StreamingDataflowPartition_1_MVAU_hls_2/StreamingDataflowPartition_1_MVAU_hls_2_wstrm/inst/core/genUnpumped.mem/blkStreamOut.ODat_reg[927]
  -------------------------------------------------------------------
                         required time                         13.168    
                         arrival time                         -12.993    
  -------------------------------------------------------------------
                         slack                                  0.175    





Min Delay Paths
--------------------------------------------------------------------------------------
Slack (MET) :             0.049ns  (arrival time - required time)
  Source:                 top_i/StreamingDataflowPartition_1/inst/StreamingDataflowPartition_1_MVAU_hls_0/StreamingDataflowPartition_1_MVAU_hls_0_wstrm/inst/core/genUnpumped.mem/blkMem.Dat3_reg[903]/C
                            (rising edge-triggered cell FDRE clocked by clk_fpga_0  {rise@0.000ns fall@5.000ns period=10.000ns})
  Destination:            top_i/StreamingDataflowPartition_1/inst/StreamingDataflowPartition_1_MVAU_hls_0/StreamingDataflowPartition_1_MVAU_hls_0_wstrm/inst/core/genUnpumped.mem/blkStreamOut.OSrl_reg[6][903]_srl7/D
                            (rising edge-triggered cell SRL16E clocked by clk_fpga_0  {rise@0.000ns fall@5.000ns period=10.000ns})
  Path Group:             clk_fpga_0
  Path Type:              Hold (Min at Fast Process Corner)
  Requirement:            0.000ns  (clk_fpga_0 rise@0.000ns - clk_fpga_0 rise@0.000ns)
  Data Path Delay:        0.245ns  (logic 0.141ns (57.585%)  route 0.104ns (42.415%))
  Logic Levels:           0  
  Clock Path Skew:        0.013ns (DCD - SCD - CPR)
    Destination Clock Delay (DCD):    1.211ns
    Source Clock Delay      (SCD):    0.916ns
    Clock Pessimism Removal (CPR):    0.282ns

    Location             Delay type                Incr(ns)  Path(ns)    Netlist Resource(s)
  -------------------------------------------------------------------    -------------------
                         (clock clk_fpga_0 rise edge)
                                                      0.000     0.000 r  
    PS7_X0Y0             PS7                          0.000     0.000 r  top_i/zynq_ps/inst/PS7_i/FCLKCLK[0]
                         net (fo=1, routed)           0.310     0.310    top_i/zynq_ps/inst/FCLK_CLK_unbuffered[0]
    BUFGCTRL_X0Y16       BUFG (Prop_bufg_I_O)         0.026     0.336 r  top_i/zynq_ps/inst/buffer_fclk_clk_0.FCLK_CLK_0_BUFG/O
                         net (fo=52935, routed)       0.580     0.916    top_i/StreamingDataflowPartition_1/inst/StreamingDataflowPartition_1_MVAU_hls_0/StreamingDataflowPartition_1_MVAU_hls_0_wstrm/inst/core/genUnpumped.mem/ap_clk
    SLICE_X88Y22         FDRE                                         r  top_i/StreamingDataflowPartition_1/inst/StreamingDataflowPartition_1_MVAU_hls_0/StreamingDataflowPartition_1_MVAU_hls_0_wstrm/inst/core/genUnpumped.mem/blkMem.Dat3_reg[903]/C
  -------------------------------------------------------------------    -------------------
    SLICE_X88Y22         FDRE (Prop_fdre_C_Q)         0.141     1.057 r  top_i/StreamingDataflowPartition_1/inst/StreamingDataflowPartition_1_MVAU_hls_0/StreamingDataflowPartition_1_MVAU_hls_0_wstrm/inst/core/genUnpumped.mem/blkMem.Dat3_reg[903]/Q
                         net (fo=1, routed)           0.104     1.160    top_i/StreamingDataflowPartition_1/inst/StreamingDataflowPartition_1_MVAU_hls_0/StreamingDataflowPartition_1_MVAU_hls_0_wstrm/inst/core/genUnpumped.mem/mem_q0[903]
    SLICE_X86Y22         SRL16E                                       r  top_i/StreamingDataflowPartition_1/inst/StreamingDataflowPartition_1_MVAU_hls_0/StreamingDataflowPartition_1_MVAU_hls_0_wstrm/inst/core/genUnpumped.mem/blkStreamOut.OSrl_reg[6][903]_srl7/D
  -------------------------------------------------------------------    -------------------

                         (clock clk_fpga_0 rise edge)
                                                      0.000     0.000 r  
    PS7_X0Y0             PS7                          0.000     0.000 r  top_i/zynq_ps/inst/PS7_i/FCLKCLK[0]
                         net (fo=1, routed)           0.337     0.337    top_i/zynq_ps/inst/FCLK_CLK_unbuffered[0]
    BUFGCTRL_X0Y16       BUFG (Prop_bufg_I_O)         0.029     0.366 r  top_i/zynq_ps/inst/buffer_fclk_clk_0.FCLK_CLK_0_BUFG/O
                         net (fo=52935, routed)       0.845     1.211    top_i/StreamingDataflowPartition_1/inst/StreamingDataflowPartition_1_MVAU_hls_0/StreamingDataflowPartition_1_MVAU_hls_0_wstrm/inst/core/genUnpumped.mem/ap_clk
    SLICE_X86Y22         SRL16E                                       r  top_i/StreamingDataflowPartition_1/inst/StreamingDataflowPartition_1_MVAU_hls_0/StreamingDataflowPartition_1_MVAU_hls_0_wstrm/inst/core/genUnpumped.mem/blkStreamOut.OSrl_reg[6][903]_srl7/CLK
                         clock pessimism             -0.282     0.929    
    SLICE_X86Y22         SRL16E (Hold_srl16e_CLK_D)
                                                      0.183     1.112    top_i/StreamingDataflowPartition_1/inst/StreamingDataflowPartition_1_MVAU_hls_0/StreamingDataflowPartition_1_MVAU_hls_0_wstrm/inst/core/genUnpumped.mem/blkStreamOut.OSrl_reg[6][903]_srl7
  -------------------------------------------------------------------
                         required time                         -1.112    
                         arrival time                           1.160    
  -------------------------------------------------------------------
                         slack                                  0.049    

Slack (MET) :             0.050ns  (arrival time - required time)
  Source:                 top_i/idma0/inst/StreamingDataflowPartition_0_IODMA_hls_0/inst/Mem2Stream_Batch_64u_784u_U0/mul_ln170_reg_241_reg[25]/C
                            (rising edge-triggered cell FDRE clocked by clk_fpga_0  {rise@0.000ns fall@5.000ns period=10.000ns})
  Destination:            top_i/idma0/inst/StreamingDataflowPartition_0_IODMA_hls_0/inst/Mem2Stream_Batch_64u_784u_U0/trunc_ln1_reg_246_reg[33]/D
                            (rising edge-triggered cell FDRE clocked by clk_fpga_0  {rise@0.000ns fall@5.000ns period=10.000ns})
  Path Group:             clk_fpga_0
  Path Type:              Hold (Min at Fast Process Corner)
  Requirement:            0.000ns  (clk_fpga_0 rise@0.000ns - clk_fpga_0 rise@0.000ns)
  Data Path Delay:        0.533ns  (logic 0.403ns (75.597%)  route 0.130ns (24.403%))
  Logic Levels:           3  (CARRY4=3)
  Clock Path Skew:        0.349ns (DCD - SCD - CPR)
    Destination Clock Delay (DCD):    1.277ns
    Source Clock Delay      (SCD):    0.893ns
    Clock Pessimism Removal (CPR):    0.035ns

    Location             Delay type                Incr(ns)  Path(ns)    Netlist Resource(s)
  -------------------------------------------------------------------    -------------------
                         (clock clk_fpga_0 rise edge)
                                                      0.000     0.000 r  
    PS7_X0Y0             PS7                          0.000     0.000 r  top_i/zynq_ps/inst/PS7_i/FCLKCLK[0]
                         net (fo=1, routed)           0.310     0.310    top_i/zynq_ps/inst/FCLK_CLK_unbuffered[0]
    BUFGCTRL_X0Y16       BUFG (Prop_bufg_I_O)         0.026     0.336 r  top_i/zynq_ps/inst/buffer_fclk_clk_0.FCLK_CLK_0_BUFG/O
                         net (fo=52935, routed)       0.557     0.893    top_i/idma0/inst/StreamingDataflowPartition_0_IODMA_hls_0/inst/Mem2Stream_Batch_64u_784u_U0/ap_clk
    SLICE_X40Y98         FDRE                                         r  top_i/idma0/inst/StreamingDataflowPartition_0_IODMA_hls_0/inst/Mem2Stream_Batch_64u_784u_U0/mul_ln170_reg_241_reg[25]/C
  -------------------------------------------------------------------    -------------------
    SLICE_X40Y98         FDRE (Prop_fdre_C_Q)         0.141     1.034 r  top_i/idma0/inst/StreamingDataflowPartition_0_IODMA_hls_0/inst/Mem2Stream_Batch_64u_784u_U0/mul_ln170_reg_241_reg[25]/Q
                         net (fo=2, routed)           0.129     1.163    top_i/idma0/inst/StreamingDataflowPartition_0_IODMA_hls_0/inst/Mem2Stream_Batch_64u_784u_U0/zext_ln140_fu_159_p1[28]
    SLICE_X38Y98         CARRY4 (Prop_carry4_DI[0]_CO[3])
                                                      0.169     1.332 r  top_i/idma0/inst/StreamingDataflowPartition_0_IODMA_hls_0/inst/Mem2Stream_Batch_64u_784u_U0/trunc_ln1_reg_246_reg[28]_i_1/CO[3]
                         net (fo=1, routed)           0.000     1.332    top_i/idma0/inst/StreamingDataflowPartition_0_IODMA_hls_0/inst/Mem2Stream_Batch_64u_784u_U0/trunc_ln1_reg_246_reg[28]_i_1_n_2
    SLICE_X38Y99         CARRY4 (Prop_carry4_CI_CO[3])
                                                      0.040     1.372 r  top_i/idma0/inst/StreamingDataflowPartition_0_IODMA_hls_0/inst/Mem2Stream_Batch_64u_784u_U0/trunc_ln1_reg_246_reg[32]_i_1/CO[3]
                         net (fo=1, routed)           0.001     1.373    top_i/idma0/inst/StreamingDataflowPartition_0_IODMA_hls_0/inst/Mem2Stream_Batch_64u_784u_U0/trunc_ln1_reg_246_reg[32]_i_1_n_2
    SLICE_X38Y100        CARRY4 (Prop_carry4_CI_O[0])
                                                      0.053     1.426 r  top_i/idma0/inst/StreamingDataflowPartition_0_IODMA_hls_0/inst/Mem2Stream_Batch_64u_784u_U0/trunc_ln1_reg_246_reg[36]_i_1/O[0]
                         net (fo=1, routed)           0.000     1.426    top_i/idma0/inst/StreamingDataflowPartition_0_IODMA_hls_0/inst/Mem2Stream_Batch_64u_784u_U0/p_0_in[33]
    SLICE_X38Y100        FDRE                                         r  top_i/idma0/inst/StreamingDataflowPartition_0_IODMA_hls_0/inst/Mem2Stream_Batch_64u_784u_U0/trunc_ln1_reg_246_reg[33]/D
  -------------------------------------------------------------------    -------------------

                         (clock clk_fpga_0 rise edge)
                                                      0.000     0.000 r  
    PS7_X0Y0             PS7                          0.000     0.000 r  top_i/zynq_ps/inst/PS7_i/FCLKCLK[0]
                         net (fo=1, routed)           0.337     0.337    top_i/zynq_ps/inst/FCLK_CLK_unbuffered[0]
    BUFGCTRL_X0Y16       BUFG (Prop_bufg_I_O)         0.029     0.366 r  top_i/zynq_ps/inst/buffer_fclk_clk_0.FCLK_CLK_0_BUFG/O
                         net (fo=52935, routed)       0.911     1.277    top_i/idma0/inst/StreamingDataflowPartition_0_IODMA_hls_0/inst/Mem2Stream_Batch_64u_784u_U0/ap_clk
    SLICE_X38Y100        FDRE                                         r  top_i/idma0/inst/StreamingDataflowPartition_0_IODMA_hls_0/inst/Mem2Stream_Batch_64u_784u_U0/trunc_ln1_reg_246_reg[33]/C
                         clock pessimism             -0.035     1.242    
    SLICE_X38Y100        FDRE (Hold_fdre_C_D)         0.134     1.376    top_i/idma0/inst/StreamingDataflowPartition_0_IODMA_hls_0/inst/Mem2Stream_Batch_64u_784u_U0/trunc_ln1_reg_246_reg[33]
  -------------------------------------------------------------------
                         required time                         -1.376    
                         arrival time                           1.426    
  -------------------------------------------------------------------
                         slack                                  0.050    

Slack (MET) :             0.050ns  (arrival time - required time)
  Source:                 top_i/odma0/inst/StreamingDataflowPartition_2_IODMA_hls_0/inst/gmem_m_axi_U/bus_write/wreq_burst_conv/could_multi_bursts.addr_buf_reg[21]/C
                            (rising edge-triggered cell FDRE clocked by clk_fpga_0  {rise@0.000ns fall@5.000ns period=10.000ns})
  Destination:            top_i/odma0/inst/StreamingDataflowPartition_2_IODMA_hls_0/inst/gmem_m_axi_U/bus_write/wreq_throttle/req_fifo/U_fifo_srl/mem_reg[14][21]_srl15/D
                            (rising edge-triggered cell SRL16E clocked by clk_fpga_0  {rise@0.000ns fall@5.000ns period=10.000ns})
  Path Group:             clk_fpga_0
  Path Type:              Hold (Min at Fast Process Corner)
  Requirement:            0.000ns  (clk_fpga_0 rise@0.000ns - clk_fpga_0 rise@0.000ns)
  Data Path Delay:        0.340ns  (logic 0.141ns (41.499%)  route 0.199ns (58.501%))
  Logic Levels:           0  
  Clock Path Skew:        0.182ns (DCD - SCD - CPR)
    Destination Clock Delay (DCD):    1.212ns
    Source Clock Delay      (SCD):    0.995ns
    Clock Pessimism Removal (CPR):    0.035ns

    Location             Delay type                Incr(ns)  Path(ns)    Netlist Resource(s)
  -------------------------------------------------------------------    -------------------
                         (clock clk_fpga_0 rise edge)
                                                      0.000     0.000 r  
    PS7_X0Y0             PS7                          0.000     0.000 r  top_i/zynq_ps/inst/PS7_i/FCLKCLK[0]
                         net (fo=1, routed)           0.310     0.310    top_i/zynq_ps/inst/FCLK_CLK_unbuffered[0]
    BUFGCTRL_X0Y16       BUFG (Prop_bufg_I_O)         0.026     0.336 r  top_i/zynq_ps/inst/buffer_fclk_clk_0.FCLK_CLK_0_BUFG/O
                         net (fo=52935, routed)       0.659     0.995    top_i/odma0/inst/StreamingDataflowPartition_2_IODMA_hls_0/inst/gmem_m_axi_U/bus_write/wreq_burst_conv/ap_clk
    SLICE_X56Y104        FDRE                                         r  top_i/odma0/inst/StreamingDataflowPartition_2_IODMA_hls_0/inst/gmem_m_axi_U/bus_write/wreq_burst_conv/could_multi_bursts.addr_buf_reg[21]/C
  -------------------------------------------------------------------    -------------------
    SLICE_X56Y104        FDRE (Prop_fdre_C_Q)         0.141     1.136 r  top_i/odma0/inst/StreamingDataflowPartition_2_IODMA_hls_0/inst/gmem_m_axi_U/bus_write/wreq_burst_conv/could_multi_bursts.addr_buf_reg[21]/Q
                         net (fo=2, routed)           0.199     1.335    top_i/odma0/inst/StreamingDataflowPartition_2_IODMA_hls_0/inst/gmem_m_axi_U/bus_write/wreq_throttle/req_fifo/U_fifo_srl/in[19]
    SLICE_X54Y99         SRL16E                                       r  top_i/odma0/inst/StreamingDataflowPartition_2_IODMA_hls_0/inst/gmem_m_axi_U/bus_write/wreq_throttle/req_fifo/U_fifo_srl/mem_reg[14][21]_srl15/D
  -------------------------------------------------------------------    -------------------

                         (clock clk_fpga_0 rise edge)
                                                      0.000     0.000 r  
    PS7_X0Y0             PS7                          0.000     0.000 r  top_i/zynq_ps/inst/PS7_i/FCLKCLK[0]
                         net (fo=1, routed)           0.337     0.337    top_i/zynq_ps/inst/FCLK_CLK_unbuffered[0]
    BUFGCTRL_X0Y16       BUFG (Prop_bufg_I_O)         0.029     0.366 r  top_i/zynq_ps/inst/buffer_fclk_clk_0.FCLK_CLK_0_BUFG/O
                         net (fo=52935, routed)       0.846     1.212    top_i/odma0/inst/StreamingDataflowPartition_2_IODMA_hls_0/inst/gmem_m_axi_U/bus_write/wreq_throttle/req_fifo/U_fifo_srl/ap_clk
    SLICE_X54Y99         SRL16E                                       r  top_i/odma0/inst/StreamingDataflowPartition_2_IODMA_hls_0/inst/gmem_m_axi_U/bus_write/wreq_throttle/req_fifo/U_fifo_srl/mem_reg[14][21]_srl15/CLK
                         clock pessimism             -0.035     1.177    
    SLICE_X54Y99         SRL16E (Hold_srl16e_CLK_D)
                                                      0.108     1.285    top_i/odma0/inst/StreamingDataflowPartition_2_IODMA_hls_0/inst/gmem_m_axi_U/bus_write/wreq_throttle/req_fifo/U_fifo_srl/mem_reg[14][21]_srl15
  -------------------------------------------------------------------
                         required time                         -1.285    
                         arrival time                           1.335    
  -------------------------------------------------------------------
                         slack                                  0.050    

Slack (MET) :             0.052ns  (arrival time - required time)
  Source:                 top_i/StreamingDataflowPartition_1/inst/StreamingDataflowPartition_1_MVAU_hls_0/StreamingDataflowPartition_1_MVAU_hls_0_wstrm/inst/core/genUnpumped.mem/blkMem.Dat3_reg[1247]/C
                            (rising edge-triggered cell FDRE clocked by clk_fpga_0  {rise@0.000ns fall@5.000ns period=10.000ns})
  Destination:            top_i/StreamingDataflowPartition_1/inst/StreamingDataflowPartition_1_MVAU_hls_0/StreamingDataflowPartition_1_MVAU_hls_0_wstrm/inst/core/genUnpumped.mem/blkStreamOut.OSrl_reg[6][1247]_srl7/D
                            (rising edge-triggered cell SRL16E clocked by clk_fpga_0  {rise@0.000ns fall@5.000ns period=10.000ns})
  Path Group:             clk_fpga_0
  Path Type:              Hold (Min at Fast Process Corner)
  Requirement:            0.000ns  (clk_fpga_0 rise@0.000ns - clk_fpga_0 rise@0.000ns)
  Data Path Delay:        0.273ns  (logic 0.141ns (51.661%)  route 0.132ns (48.339%))
  Logic Levels:           0  
  Clock Path Skew:        0.038ns (DCD - SCD - CPR)
    Destination Clock Delay (DCD):    1.249ns
    Source Clock Delay      (SCD):    0.948ns
    Clock Pessimism Removal (CPR):    0.263ns

    Location             Delay type                Incr(ns)  Path(ns)    Netlist Resource(s)
  -------------------------------------------------------------------    -------------------
                         (clock clk_fpga_0 rise edge)
                                                      0.000     0.000 r  
    PS7_X0Y0             PS7                          0.000     0.000 r  top_i/zynq_ps/inst/PS7_i/FCLKCLK[0]
                         net (fo=1, routed)           0.310     0.310    top_i/zynq_ps/inst/FCLK_CLK_unbuffered[0]
    BUFGCTRL_X0Y16       BUFG (Prop_bufg_I_O)         0.026     0.336 r  top_i/zynq_ps/inst/buffer_fclk_clk_0.FCLK_CLK_0_BUFG/O
                         net (fo=52935, routed)       0.612     0.948    top_i/StreamingDataflowPartition_1/inst/StreamingDataflowPartition_1_MVAU_hls_0/StreamingDataflowPartition_1_MVAU_hls_0_wstrm/inst/core/genUnpumped.mem/ap_clk
    SLICE_X93Y45         FDRE                                         r  top_i/StreamingDataflowPartition_1/inst/StreamingDataflowPartition_1_MVAU_hls_0/StreamingDataflowPartition_1_MVAU_hls_0_wstrm/inst/core/genUnpumped.mem/blkMem.Dat3_reg[1247]/C
  -------------------------------------------------------------------    -------------------
    SLICE_X93Y45         FDRE (Prop_fdre_C_Q)         0.141     1.089 r  top_i/StreamingDataflowPartition_1/inst/StreamingDataflowPartition_1_MVAU_hls_0/StreamingDataflowPartition_1_MVAU_hls_0_wstrm/inst/core/genUnpumped.mem/blkMem.Dat3_reg[1247]/Q
                         net (fo=1, routed)           0.132     1.220    top_i/StreamingDataflowPartition_1/inst/StreamingDataflowPartition_1_MVAU_hls_0/StreamingDataflowPartition_1_MVAU_hls_0_wstrm/inst/core/genUnpumped.mem/mem_q0[1247]
    SLICE_X94Y45         SRL16E                                       r  top_i/StreamingDataflowPartition_1/inst/StreamingDataflowPartition_1_MVAU_hls_0/StreamingDataflowPartition_1_MVAU_hls_0_wstrm/inst/core/genUnpumped.mem/blkStreamOut.OSrl_reg[6][1247]_srl7/D
  -------------------------------------------------------------------    -------------------

                         (clock clk_fpga_0 rise edge)
                                                      0.000     0.000 r  
    PS7_X0Y0             PS7                          0.000     0.000 r  top_i/zynq_ps/inst/PS7_i/FCLKCLK[0]
                         net (fo=1, routed)           0.337     0.337    top_i/zynq_ps/inst/FCLK_CLK_unbuffered[0]
    BUFGCTRL_X0Y16       BUFG (Prop_bufg_I_O)         0.029     0.366 r  top_i/zynq_ps/inst/buffer_fclk_clk_0.FCLK_CLK_0_BUFG/O
                         net (fo=52935, routed)       0.883     1.249    top_i/StreamingDataflowPartition_1/inst/StreamingDataflowPartition_1_MVAU_hls_0/StreamingDataflowPartition_1_MVAU_hls_0_wstrm/inst/core/genUnpumped.mem/ap_clk
    SLICE_X94Y45         SRL16E                                       r  top_i/StreamingDataflowPartition_1/inst/StreamingDataflowPartition_1_MVAU_hls_0/StreamingDataflowPartition_1_MVAU_hls_0_wstrm/inst/core/genUnpumped.mem/blkStreamOut.OSrl_reg[6][1247]_srl7/CLK
                         clock pessimism             -0.263     0.986    
    SLICE_X94Y45         SRL16E (Hold_srl16e_CLK_D)
                                                      0.183     1.169    top_i/StreamingDataflowPartition_1/inst/StreamingDataflowPartition_1_MVAU_hls_0/StreamingDataflowPartition_1_MVAU_hls_0_wstrm/inst/core/genUnpumped.mem/blkStreamOut.OSrl_reg[6][1247]_srl7
  -------------------------------------------------------------------
                         required time                         -1.168    
                         arrival time                           1.220    
  -------------------------------------------------------------------
                         slack                                  0.052    

Slack (MET) :             0.052ns  (arrival time - required time)
  Source:                 top_i/StreamingDataflowPartition_1/inst/StreamingDataflowPartition_1_MVAU_hls_0/StreamingDataflowPartition_1_MVAU_hls_0_wstrm/inst/core/genUnpumped.mem/blkMem.Dat3_reg[2127]/C
                            (rising edge-triggered cell FDRE clocked by clk_fpga_0  {rise@0.000ns fall@5.000ns period=10.000ns})
  Destination:            top_i/StreamingDataflowPartition_1/inst/StreamingDataflowPartition_1_MVAU_hls_0/StreamingDataflowPartition_1_MVAU_hls_0_wstrm/inst/core/genUnpumped.mem/blkStreamOut.OSrl_reg[6][2127]_srl7/D
                            (rising edge-triggered cell SRL16E clocked by clk_fpga_0  {rise@0.000ns fall@5.000ns period=10.000ns})
  Path Group:             clk_fpga_0
  Path Type:              Hold (Min at Fast Process Corner)
  Requirement:            0.000ns  (clk_fpga_0 rise@0.000ns - clk_fpga_0 rise@0.000ns)
  Data Path Delay:        0.251ns  (logic 0.141ns (56.174%)  route 0.110ns (43.826%))
  Logic Levels:           0  
  Clock Path Skew:        0.016ns (DCD - SCD - CPR)
    Destination Clock Delay (DCD):    1.217ns
    Source Clock Delay      (SCD):    0.919ns
    Clock Pessimism Removal (CPR):    0.282ns

    Location             Delay type                Incr(ns)  Path(ns)    Netlist Resource(s)
  -------------------------------------------------------------------    -------------------
                         (clock clk_fpga_0 rise edge)
                                                      0.000     0.000 r  
    PS7_X0Y0             PS7                          0.000     0.000 r  top_i/zynq_ps/inst/PS7_i/FCLKCLK[0]
                         net (fo=1, routed)           0.310     0.310    top_i/zynq_ps/inst/FCLK_CLK_unbuffered[0]
    BUFGCTRL_X0Y16       BUFG (Prop_bufg_I_O)         0.026     0.336 r  top_i/zynq_ps/inst/buffer_fclk_clk_0.FCLK_CLK_0_BUFG/O
                         net (fo=52935, routed)       0.583     0.919    top_i/StreamingDataflowPartition_1/inst/StreamingDataflowPartition_1_MVAU_hls_0/StreamingDataflowPartition_1_MVAU_hls_0_wstrm/inst/core/genUnpumped.mem/ap_clk
    SLICE_X63Y11         FDRE                                         r  top_i/StreamingDataflowPartition_1/inst/StreamingDataflowPartition_1_MVAU_hls_0/StreamingDataflowPartition_1_MVAU_hls_0_wstrm/inst/core/genUnpumped.mem/blkMem.Dat3_reg[2127]/C
  -------------------------------------------------------------------    -------------------
    SLICE_X63Y11         FDRE (Prop_fdre_C_Q)         0.141     1.059 r  top_i/StreamingDataflowPartition_1/inst/StreamingDataflowPartition_1_MVAU_hls_0/StreamingDataflowPartition_1_MVAU_hls_0_wstrm/inst/core/genUnpumped.mem/blkMem.Dat3_reg[2127]/Q
                         net (fo=1, routed)           0.110     1.170    top_i/StreamingDataflowPartition_1/inst/StreamingDataflowPartition_1_MVAU_hls_0/StreamingDataflowPartition_1_MVAU_hls_0_wstrm/inst/core/genUnpumped.mem/mem_q0[2127]
    SLICE_X62Y10         SRL16E                                       r  top_i/StreamingDataflowPartition_1/inst/StreamingDataflowPartition_1_MVAU_hls_0/StreamingDataflowPartition_1_MVAU_hls_0_wstrm/inst/core/genUnpumped.mem/blkStreamOut.OSrl_reg[6][2127]_srl7/D
  -------------------------------------------------------------------    -------------------

                         (clock clk_fpga_0 rise edge)
                                                      0.000     0.000 r  
    PS7_X0Y0             PS7                          0.000     0.000 r  top_i/zynq_ps/inst/PS7_i/FCLKCLK[0]
                         net (fo=1, routed)           0.337     0.337    top_i/zynq_ps/inst/FCLK_CLK_unbuffered[0]
    BUFGCTRL_X0Y16       BUFG (Prop_bufg_I_O)         0.029     0.366 r  top_i/zynq_ps/inst/buffer_fclk_clk_0.FCLK_CLK_0_BUFG/O
                         net (fo=52935, routed)       0.851     1.217    top_i/StreamingDataflowPartition_1/inst/StreamingDataflowPartition_1_MVAU_hls_0/StreamingDataflowPartition_1_MVAU_hls_0_wstrm/inst/core/genUnpumped.mem/ap_clk
    SLICE_X62Y10         SRL16E                                       r  top_i/StreamingDataflowPartition_1/inst/StreamingDataflowPartition_1_MVAU_hls_0/StreamingDataflowPartition_1_MVAU_hls_0_wstrm/inst/core/genUnpumped.mem/blkStreamOut.OSrl_reg[6][2127]_srl7/CLK
                         clock pessimism             -0.282     0.935    
    SLICE_X62Y10         SRL16E (Hold_srl16e_CLK_D)
                                                      0.183     1.118    top_i/StreamingDataflowPartition_1/inst/StreamingDataflowPartition_1_MVAU_hls_0/StreamingDataflowPartition_1_MVAU_hls_0_wstrm/inst/core/genUnpumped.mem/blkStreamOut.OSrl_reg[6][2127]_srl7
  -------------------------------------------------------------------
                         required time                         -1.118    
                         arrival time                           1.170    
  -------------------------------------------------------------------
                         slack                                  0.052    

Slack (MET) :             0.052ns  (arrival time - required time)
  Source:                 top_i/StreamingDataflowPartition_1/inst/StreamingDataflowPartition_1_MVAU_hls_0/StreamingDataflowPartition_1_MVAU_hls_0_wstrm/inst/core/genUnpumped.mem/blkMem.Dat3_reg[2607]/C
                            (rising edge-triggered cell FDRE clocked by clk_fpga_0  {rise@0.000ns fall@5.000ns period=10.000ns})
  Destination:            top_i/StreamingDataflowPartition_1/inst/StreamingDataflowPartition_1_MVAU_hls_0/StreamingDataflowPartition_1_MVAU_hls_0_wstrm/inst/core/genUnpumped.mem/blkStreamOut.OSrl_reg[6][2607]_srl7/D
                            (rising edge-triggered cell SRL16E clocked by clk_fpga_0  {rise@0.000ns fall@5.000ns period=10.000ns})
  Path Group:             clk_fpga_0
  Path Type:              Hold (Min at Fast Process Corner)
  Requirement:            0.000ns  (clk_fpga_0 rise@0.000ns - clk_fpga_0 rise@0.000ns)
  Data Path Delay:        0.251ns  (logic 0.141ns (56.174%)  route 0.110ns (43.826%))
  Logic Levels:           0  
  Clock Path Skew:        0.016ns (DCD - SCD - CPR)
    Destination Clock Delay (DCD):    1.256ns
    Source Clock Delay      (SCD):    0.957ns
    Clock Pessimism Removal (CPR):    0.283ns

    Location             Delay type                Incr(ns)  Path(ns)    Netlist Resource(s)
  -------------------------------------------------------------------    -------------------
                         (clock clk_fpga_0 rise edge)
                                                      0.000     0.000 r  
    PS7_X0Y0             PS7                          0.000     0.000 r  top_i/zynq_ps/inst/PS7_i/FCLKCLK[0]
                         net (fo=1, routed)           0.310     0.310    top_i/zynq_ps/inst/FCLK_CLK_unbuffered[0]
    BUFGCTRL_X0Y16       BUFG (Prop_bufg_I_O)         0.026     0.336 r  top_i/zynq_ps/inst/buffer_fclk_clk_0.FCLK_CLK_0_BUFG/O
                         net (fo=52935, routed)       0.621     0.957    top_i/StreamingDataflowPartition_1/inst/StreamingDataflowPartition_1_MVAU_hls_0/StreamingDataflowPartition_1_MVAU_hls_0_wstrm/inst/core/genUnpumped.mem/ap_clk
    SLICE_X7Y13          FDRE                                         r  top_i/StreamingDataflowPartition_1/inst/StreamingDataflowPartition_1_MVAU_hls_0/StreamingDataflowPartition_1_MVAU_hls_0_wstrm/inst/core/genUnpumped.mem/blkMem.Dat3_reg[2607]/C
  -------------------------------------------------------------------    -------------------
    SLICE_X7Y13          FDRE (Prop_fdre_C_Q)         0.141     1.098 r  top_i/StreamingDataflowPartition_1/inst/StreamingDataflowPartition_1_MVAU_hls_0/StreamingDataflowPartition_1_MVAU_hls_0_wstrm/inst/core/genUnpumped.mem/blkMem.Dat3_reg[2607]/Q
                         net (fo=1, routed)           0.110     1.208    top_i/StreamingDataflowPartition_1/inst/StreamingDataflowPartition_1_MVAU_hls_0/StreamingDataflowPartition_1_MVAU_hls_0_wstrm/inst/core/genUnpumped.mem/mem_q0[2607]
    SLICE_X6Y12          SRL16E                                       r  top_i/StreamingDataflowPartition_1/inst/StreamingDataflowPartition_1_MVAU_hls_0/StreamingDataflowPartition_1_MVAU_hls_0_wstrm/inst/core/genUnpumped.mem/blkStreamOut.OSrl_reg[6][2607]_srl7/D
  -------------------------------------------------------------------    -------------------

                         (clock clk_fpga_0 rise edge)
                                                      0.000     0.000 r  
    PS7_X0Y0             PS7                          0.000     0.000 r  top_i/zynq_ps/inst/PS7_i/FCLKCLK[0]
                         net (fo=1, routed)           0.337     0.337    top_i/zynq_ps/inst/FCLK_CLK_unbuffered[0]
    BUFGCTRL_X0Y16       BUFG (Prop_bufg_I_O)         0.029     0.366 r  top_i/zynq_ps/inst/buffer_fclk_clk_0.FCLK_CLK_0_BUFG/O
                         net (fo=52935, routed)       0.890     1.256    top_i/StreamingDataflowPartition_1/inst/StreamingDataflowPartition_1_MVAU_hls_0/StreamingDataflowPartition_1_MVAU_hls_0_wstrm/inst/core/genUnpumped.mem/ap_clk
    SLICE_X6Y12          SRL16E                                       r  top_i/StreamingDataflowPartition_1/inst/StreamingDataflowPartition_1_MVAU_hls_0/StreamingDataflowPartition_1_MVAU_hls_0_wstrm/inst/core/genUnpumped.mem/blkStreamOut.OSrl_reg[6][2607]_srl7/CLK
                         clock pessimism             -0.283     0.973    
    SLICE_X6Y12          SRL16E (Hold_srl16e_CLK_D)
                                                      0.183     1.156    top_i/StreamingDataflowPartition_1/inst/StreamingDataflowPartition_1_MVAU_hls_0/StreamingDataflowPartition_1_MVAU_hls_0_wstrm/inst/core/genUnpumped.mem/blkStreamOut.OSrl_reg[6][2607]_srl7
  -------------------------------------------------------------------
                         required time                         -1.156    
                         arrival time                           1.208    
  -------------------------------------------------------------------
                         slack                                  0.052    

Slack (MET) :             0.052ns  (arrival time - required time)
  Source:                 top_i/StreamingDataflowPartition_1/inst/StreamingDataflowPartition_1_MVAU_hls_0/StreamingDataflowPartition_1_MVAU_hls_0_wstrm/inst/core/genUnpumped.mem/blkMem.Dat3_reg[2823]/C
                            (rising edge-triggered cell FDRE clocked by clk_fpga_0  {rise@0.000ns fall@5.000ns period=10.000ns})
  Destination:            top_i/StreamingDataflowPartition_1/inst/StreamingDataflowPartition_1_MVAU_hls_0/StreamingDataflowPartition_1_MVAU_hls_0_wstrm/inst/core/genUnpumped.mem/blkStreamOut.OSrl_reg[6][2823]_srl7/D
                            (rising edge-triggered cell SRL16E clocked by clk_fpga_0  {rise@0.000ns fall@5.000ns period=10.000ns})
  Path Group:             clk_fpga_0
  Path Type:              Hold (Min at Fast Process Corner)
  Requirement:            0.000ns  (clk_fpga_0 rise@0.000ns - clk_fpga_0 rise@0.000ns)
  Data Path Delay:        0.251ns  (logic 0.141ns (56.174%)  route 0.110ns (43.826%))
  Logic Levels:           0  
  Clock Path Skew:        0.016ns (DCD - SCD - CPR)
    Destination Clock Delay (DCD):    1.260ns
    Source Clock Delay      (SCD):    0.961ns
    Clock Pessimism Removal (CPR):    0.283ns

    Location             Delay type                Incr(ns)  Path(ns)    Netlist Resource(s)
  -------------------------------------------------------------------    -------------------
                         (clock clk_fpga_0 rise edge)
                                                      0.000     0.000 r  
    PS7_X0Y0             PS7                          0.000     0.000 r  top_i/zynq_ps/inst/PS7_i/FCLKCLK[0]
                         net (fo=1, routed)           0.310     0.310    top_i/zynq_ps/inst/FCLK_CLK_unbuffered[0]
    BUFGCTRL_X0Y16       BUFG (Prop_bufg_I_O)         0.026     0.336 r  top_i/zynq_ps/inst/buffer_fclk_clk_0.FCLK_CLK_0_BUFG/O
                         net (fo=52935, routed)       0.625     0.961    top_i/StreamingDataflowPartition_1/inst/StreamingDataflowPartition_1_MVAU_hls_0/StreamingDataflowPartition_1_MVAU_hls_0_wstrm/inst/core/genUnpumped.mem/ap_clk
    SLICE_X7Y4           FDRE                                         r  top_i/StreamingDataflowPartition_1/inst/StreamingDataflowPartition_1_MVAU_hls_0/StreamingDataflowPartition_1_MVAU_hls_0_wstrm/inst/core/genUnpumped.mem/blkMem.Dat3_reg[2823]/C
  -------------------------------------------------------------------    -------------------
    SLICE_X7Y4           FDRE (Prop_fdre_C_Q)         0.141     1.102 r  top_i/StreamingDataflowPartition_1/inst/StreamingDataflowPartition_1_MVAU_hls_0/StreamingDataflowPartition_1_MVAU_hls_0_wstrm/inst/core/genUnpumped.mem/blkMem.Dat3_reg[2823]/Q
                         net (fo=1, routed)           0.110     1.212    top_i/StreamingDataflowPartition_1/inst/StreamingDataflowPartition_1_MVAU_hls_0/StreamingDataflowPartition_1_MVAU_hls_0_wstrm/inst/core/genUnpumped.mem/mem_q0[2823]
    SLICE_X6Y3           SRL16E                                       r  top_i/StreamingDataflowPartition_1/inst/StreamingDataflowPartition_1_MVAU_hls_0/StreamingDataflowPartition_1_MVAU_hls_0_wstrm/inst/core/genUnpumped.mem/blkStreamOut.OSrl_reg[6][2823]_srl7/D
  -------------------------------------------------------------------    -------------------

                         (clock clk_fpga_0 rise edge)
                                                      0.000     0.000 r  
    PS7_X0Y0             PS7                          0.000     0.000 r  top_i/zynq_ps/inst/PS7_i/FCLKCLK[0]
                         net (fo=1, routed)           0.337     0.337    top_i/zynq_ps/inst/FCLK_CLK_unbuffered[0]
    BUFGCTRL_X0Y16       BUFG (Prop_bufg_I_O)         0.029     0.366 r  top_i/zynq_ps/inst/buffer_fclk_clk_0.FCLK_CLK_0_BUFG/O
                         net (fo=52935, routed)       0.894     1.260    top_i/StreamingDataflowPartition_1/inst/StreamingDataflowPartition_1_MVAU_hls_0/StreamingDataflowPartition_1_MVAU_hls_0_wstrm/inst/core/genUnpumped.mem/ap_clk
    SLICE_X6Y3           SRL16E                                       r  top_i/StreamingDataflowPartition_1/inst/StreamingDataflowPartition_1_MVAU_hls_0/StreamingDataflowPartition_1_MVAU_hls_0_wstrm/inst/core/genUnpumped.mem/blkStreamOut.OSrl_reg[6][2823]_srl7/CLK
                         clock pessimism             -0.283     0.977    
    SLICE_X6Y3           SRL16E (Hold_srl16e_CLK_D)
                                                      0.183     1.160    top_i/StreamingDataflowPartition_1/inst/StreamingDataflowPartition_1_MVAU_hls_0/StreamingDataflowPartition_1_MVAU_hls_0_wstrm/inst/core/genUnpumped.mem/blkStreamOut.OSrl_reg[6][2823]_srl7
  -------------------------------------------------------------------
                         required time                         -1.160    
                         arrival time                           1.212    
  -------------------------------------------------------------------
                         slack                                  0.052    

Slack (MET) :             0.052ns  (arrival time - required time)
  Source:                 top_i/odma0/inst/StreamingDataflowPartition_2_IODMA_hls_0/inst/gmem_m_axi_U/store_unit/fifo_wreq/U_fifo_srl/dout_reg[58]/C
                            (rising edge-triggered cell FDRE clocked by clk_fpga_0  {rise@0.000ns fall@5.000ns period=10.000ns})
  Destination:            top_i/odma0/inst/StreamingDataflowPartition_2_IODMA_hls_0/inst/gmem_m_axi_U/store_unit/tmp_addr_reg[58]/D
                            (rising edge-triggered cell FDRE clocked by clk_fpga_0  {rise@0.000ns fall@5.000ns period=10.000ns})
  Path Group:             clk_fpga_0
  Path Type:              Hold (Min at Fast Process Corner)
  Requirement:            0.000ns  (clk_fpga_0 rise@0.000ns - clk_fpga_0 rise@0.000ns)
  Data Path Delay:        0.381ns  (logic 0.164ns (43.071%)  route 0.217ns (56.929%))
  Logic Levels:           0  
  Clock Path Skew:        0.258ns (DCD - SCD - CPR)
    Destination Clock Delay (DCD):    1.267ns
    Source Clock Delay      (SCD):    0.970ns
    Clock Pessimism Removal (CPR):    0.039ns

    Location             Delay type                Incr(ns)  Path(ns)    Netlist Resource(s)
  -------------------------------------------------------------------    -------------------
                         (clock clk_fpga_0 rise edge)
                                                      0.000     0.000 r  
    PS7_X0Y0             PS7                          0.000     0.000 r  top_i/zynq_ps/inst/PS7_i/FCLKCLK[0]
                         net (fo=1, routed)           0.310     0.310    top_i/zynq_ps/inst/FCLK_CLK_unbuffered[0]
    BUFGCTRL_X0Y16       BUFG (Prop_bufg_I_O)         0.026     0.336 r  top_i/zynq_ps/inst/buffer_fclk_clk_0.FCLK_CLK_0_BUFG/O
                         net (fo=52935, routed)       0.634     0.970    top_i/odma0/inst/StreamingDataflowPartition_2_IODMA_hls_0/inst/gmem_m_axi_U/store_unit/fifo_wreq/U_fifo_srl/ap_clk
    SLICE_X46Y114        FDRE                                         r  top_i/odma0/inst/StreamingDataflowPartition_2_IODMA_hls_0/inst/gmem_m_axi_U/store_unit/fifo_wreq/U_fifo_srl/dout_reg[58]/C
  -------------------------------------------------------------------    -------------------
    SLICE_X46Y114        FDRE (Prop_fdre_C_Q)         0.164     1.134 r  top_i/odma0/inst/StreamingDataflowPartition_2_IODMA_hls_0/inst/gmem_m_axi_U/store_unit/fifo_wreq/U_fifo_srl/dout_reg[58]/Q
                         net (fo=1, routed)           0.217     1.351    top_i/odma0/inst/StreamingDataflowPartition_2_IODMA_hls_0/inst/gmem_m_axi_U/store_unit/fifo_wreq_n_10
    SLICE_X51Y114        FDRE                                         r  top_i/odma0/inst/StreamingDataflowPartition_2_IODMA_hls_0/inst/gmem_m_axi_U/store_unit/tmp_addr_reg[58]/D
  -------------------------------------------------------------------    -------------------

                         (clock clk_fpga_0 rise edge)
                                                      0.000     0.000 r  
    PS7_X0Y0             PS7                          0.000     0.000 r  top_i/zynq_ps/inst/PS7_i/FCLKCLK[0]
                         net (fo=1, routed)           0.337     0.337    top_i/zynq_ps/inst/FCLK_CLK_unbuffered[0]
    BUFGCTRL_X0Y16       BUFG (Prop_bufg_I_O)         0.029     0.366 r  top_i/zynq_ps/inst/buffer_fclk_clk_0.FCLK_CLK_0_BUFG/O
                         net (fo=52935, routed)       0.901     1.267    top_i/odma0/inst/StreamingDataflowPartition_2_IODMA_hls_0/inst/gmem_m_axi_U/store_unit/ap_clk
    SLICE_X51Y114        FDRE                                         r  top_i/odma0/inst/StreamingDataflowPartition_2_IODMA_hls_0/inst/gmem_m_axi_U/store_unit/tmp_addr_reg[58]/C
                         clock pessimism             -0.039     1.228    
    SLICE_X51Y114        FDRE (Hold_fdre_C_D)         0.070     1.298    top_i/odma0/inst/StreamingDataflowPartition_2_IODMA_hls_0/inst/gmem_m_axi_U/store_unit/tmp_addr_reg[58]
  -------------------------------------------------------------------
                         required time                         -1.298    
                         arrival time                           1.351    
  -------------------------------------------------------------------
                         slack                                  0.052    

Slack (MET) :             0.053ns  (arrival time - required time)
  Source:                 top_i/StreamingDataflowPartition_1/inst/StreamingDataflowPartition_1_MVAU_hls_0/StreamingDataflowPartition_1_MVAU_hls_0_wstrm/inst/core/genUnpumped.mem/blkMem.Dat3_reg[511]/C
                            (rising edge-triggered cell FDRE clocked by clk_fpga_0  {rise@0.000ns fall@5.000ns period=10.000ns})
  Destination:            top_i/StreamingDataflowPartition_1/inst/StreamingDataflowPartition_1_MVAU_hls_0/StreamingDataflowPartition_1_MVAU_hls_0_wstrm/inst/core/genUnpumped.mem/blkStreamOut.OSrl_reg[6][511]_srl7/D
                            (rising edge-triggered cell SRL16E clocked by clk_fpga_0  {rise@0.000ns fall@5.000ns period=10.000ns})
  Path Group:             clk_fpga_0
  Path Type:              Hold (Min at Fast Process Corner)
  Requirement:            0.000ns  (clk_fpga_0 rise@0.000ns - clk_fpga_0 rise@0.000ns)
  Data Path Delay:        0.273ns  (logic 0.141ns (51.661%)  route 0.132ns (48.339%))
  Logic Levels:           0  
  Clock Path Skew:        0.037ns (DCD - SCD - CPR)
    Destination Clock Delay (DCD):    1.244ns
    Source Clock Delay      (SCD):    0.944ns
    Clock Pessimism Removal (CPR):    0.263ns

    Location             Delay type                Incr(ns)  Path(ns)    Netlist Resource(s)
  -------------------------------------------------------------------    -------------------
                         (clock clk_fpga_0 rise edge)
                                                      0.000     0.000 r  
    PS7_X0Y0             PS7                          0.000     0.000 r  top_i/zynq_ps/inst/PS7_i/FCLKCLK[0]
                         net (fo=1, routed)           0.310     0.310    top_i/zynq_ps/inst/FCLK_CLK_unbuffered[0]
    BUFGCTRL_X0Y16       BUFG (Prop_bufg_I_O)         0.026     0.336 r  top_i/zynq_ps/inst/buffer_fclk_clk_0.FCLK_CLK_0_BUFG/O
                         net (fo=52935, routed)       0.608     0.944    top_i/StreamingDataflowPartition_1/inst/StreamingDataflowPartition_1_MVAU_hls_0/StreamingDataflowPartition_1_MVAU_hls_0_wstrm/inst/core/genUnpumped.mem/ap_clk
    SLICE_X93Y36         FDRE                                         r  top_i/StreamingDataflowPartition_1/inst/StreamingDataflowPartition_1_MVAU_hls_0/StreamingDataflowPartition_1_MVAU_hls_0_wstrm/inst/core/genUnpumped.mem/blkMem.Dat3_reg[511]/C
  -------------------------------------------------------------------    -------------------
    SLICE_X93Y36         FDRE (Prop_fdre_C_Q)         0.141     1.085 r  top_i/StreamingDataflowPartition_1/inst/StreamingDataflowPartition_1_MVAU_hls_0/StreamingDataflowPartition_1_MVAU_hls_0_wstrm/inst/core/genUnpumped.mem/blkMem.Dat3_reg[511]/Q
                         net (fo=1, routed)           0.132     1.216    top_i/StreamingDataflowPartition_1/inst/StreamingDataflowPartition_1_MVAU_hls_0/StreamingDataflowPartition_1_MVAU_hls_0_wstrm/inst/core/genUnpumped.mem/mem_q0[511]
    SLICE_X94Y36         SRL16E                                       r  top_i/StreamingDataflowPartition_1/inst/StreamingDataflowPartition_1_MVAU_hls_0/StreamingDataflowPartition_1_MVAU_hls_0_wstrm/inst/core/genUnpumped.mem/blkStreamOut.OSrl_reg[6][511]_srl7/D
  -------------------------------------------------------------------    -------------------

                         (clock clk_fpga_0 rise edge)
                                                      0.000     0.000 r  
    PS7_X0Y0             PS7                          0.000     0.000 r  top_i/zynq_ps/inst/PS7_i/FCLKCLK[0]
                         net (fo=1, routed)           0.337     0.337    top_i/zynq_ps/inst/FCLK_CLK_unbuffered[0]
    BUFGCTRL_X0Y16       BUFG (Prop_bufg_I_O)         0.029     0.366 r  top_i/zynq_ps/inst/buffer_fclk_clk_0.FCLK_CLK_0_BUFG/O
                         net (fo=52935, routed)       0.878     1.244    top_i/StreamingDataflowPartition_1/inst/StreamingDataflowPartition_1_MVAU_hls_0/StreamingDataflowPartition_1_MVAU_hls_0_wstrm/inst/core/genUnpumped.mem/ap_clk
    SLICE_X94Y36         SRL16E                                       r  top_i/StreamingDataflowPartition_1/inst/StreamingDataflowPartition_1_MVAU_hls_0/StreamingDataflowPartition_1_MVAU_hls_0_wstrm/inst/core/genUnpumped.mem/blkStreamOut.OSrl_reg[6][511]_srl7/CLK
                         clock pessimism             -0.263     0.981    
    SLICE_X94Y36         SRL16E (Hold_srl16e_CLK_D)
                                                      0.183     1.164    top_i/StreamingDataflowPartition_1/inst/StreamingDataflowPartition_1_MVAU_hls_0/StreamingDataflowPartition_1_MVAU_hls_0_wstrm/inst/core/genUnpumped.mem/blkStreamOut.OSrl_reg[6][511]_srl7
  -------------------------------------------------------------------
                         required time                         -1.163    
                         arrival time                           1.216    
  -------------------------------------------------------------------
                         slack                                  0.053    

Slack (MET) :             0.053ns  (arrival time - required time)
  Source:                 top_i/StreamingDataflowPartition_1/inst/StreamingDataflowPartition_1_MVAU_hls_0/StreamingDataflowPartition_1_MVAU_hls_0_wstrm/inst/core/genUnpumped.mem/blkMem.Dat3_reg[671]/C
                            (rising edge-triggered cell FDRE clocked by clk_fpga_0  {rise@0.000ns fall@5.000ns period=10.000ns})
  Destination:            top_i/StreamingDataflowPartition_1/inst/StreamingDataflowPartition_1_MVAU_hls_0/StreamingDataflowPartition_1_MVAU_hls_0_wstrm/inst/core/genUnpumped.mem/blkStreamOut.OSrl_reg[6][671]_srl7/D
                            (rising edge-triggered cell SRL16E clocked by clk_fpga_0  {rise@0.000ns fall@5.000ns period=10.000ns})
  Path Group:             clk_fpga_0
  Path Type:              Hold (Min at Fast Process Corner)
  Requirement:            0.000ns  (clk_fpga_0 rise@0.000ns - clk_fpga_0 rise@0.000ns)
  Data Path Delay:        0.251ns  (logic 0.141ns (56.174%)  route 0.110ns (43.826%))
  Logic Levels:           0  
  Clock Path Skew:        0.015ns (DCD - SCD - CPR)
    Destination Clock Delay (DCD):    1.237ns
    Source Clock Delay      (SCD):    0.938ns
    Clock Pessimism Removal (CPR):    0.284ns

    Location             Delay type                Incr(ns)  Path(ns)    Netlist Resource(s)
  -------------------------------------------------------------------    -------------------
                         (clock clk_fpga_0 rise edge)
                                                      0.000     0.000 r  
    PS7_X0Y0             PS7                          0.000     0.000 r  top_i/zynq_ps/inst/PS7_i/FCLKCLK[0]
                         net (fo=1, routed)           0.310     0.310    top_i/zynq_ps/inst/FCLK_CLK_unbuffered[0]
    BUFGCTRL_X0Y16       BUFG (Prop_bufg_I_O)         0.026     0.336 r  top_i/zynq_ps/inst/buffer_fclk_clk_0.FCLK_CLK_0_BUFG/O
                         net (fo=52935, routed)       0.602     0.938    top_i/StreamingDataflowPartition_1/inst/StreamingDataflowPartition_1_MVAU_hls_0/StreamingDataflowPartition_1_MVAU_hls_0_wstrm/inst/core/genUnpumped.mem/ap_clk
    SLICE_X105Y23        FDRE                                         r  top_i/StreamingDataflowPartition_1/inst/StreamingDataflowPartition_1_MVAU_hls_0/StreamingDataflowPartition_1_MVAU_hls_0_wstrm/inst/core/genUnpumped.mem/blkMem.Dat3_reg[671]/C
  -------------------------------------------------------------------    -------------------
    SLICE_X105Y23        FDRE (Prop_fdre_C_Q)         0.141     1.079 r  top_i/StreamingDataflowPartition_1/inst/StreamingDataflowPartition_1_MVAU_hls_0/StreamingDataflowPartition_1_MVAU_hls_0_wstrm/inst/core/genUnpumped.mem/blkMem.Dat3_reg[671]/Q
                         net (fo=1, routed)           0.110     1.189    top_i/StreamingDataflowPartition_1/inst/StreamingDataflowPartition_1_MVAU_hls_0/StreamingDataflowPartition_1_MVAU_hls_0_wstrm/inst/core/genUnpumped.mem/mem_q0[671]
    SLICE_X104Y22        SRL16E                                       r  top_i/StreamingDataflowPartition_1/inst/StreamingDataflowPartition_1_MVAU_hls_0/StreamingDataflowPartition_1_MVAU_hls_0_wstrm/inst/core/genUnpumped.mem/blkStreamOut.OSrl_reg[6][671]_srl7/D
  -------------------------------------------------------------------    -------------------

                         (clock clk_fpga_0 rise edge)
                                                      0.000     0.000 r  
    PS7_X0Y0             PS7                          0.000     0.000 r  top_i/zynq_ps/inst/PS7_i/FCLKCLK[0]
                         net (fo=1, routed)           0.337     0.337    top_i/zynq_ps/inst/FCLK_CLK_unbuffered[0]
    BUFGCTRL_X0Y16       BUFG (Prop_bufg_I_O)         0.029     0.366 r  top_i/zynq_ps/inst/buffer_fclk_clk_0.FCLK_CLK_0_BUFG/O
                         net (fo=52935, routed)       0.871     1.237    top_i/StreamingDataflowPartition_1/inst/StreamingDataflowPartition_1_MVAU_hls_0/StreamingDataflowPartition_1_MVAU_hls_0_wstrm/inst/core/genUnpumped.mem/ap_clk
    SLICE_X104Y22        SRL16E                                       r  top_i/StreamingDataflowPartition_1/inst/StreamingDataflowPartition_1_MVAU_hls_0/StreamingDataflowPartition_1_MVAU_hls_0_wstrm/inst/core/genUnpumped.mem/blkStreamOut.OSrl_reg[6][671]_srl7/CLK
                         clock pessimism             -0.284     0.952    
    SLICE_X104Y22        SRL16E (Hold_srl16e_CLK_D)
                                                      0.183     1.135    top_i/StreamingDataflowPartition_1/inst/StreamingDataflowPartition_1_MVAU_hls_0/StreamingDataflowPartition_1_MVAU_hls_0_wstrm/inst/core/genUnpumped.mem/blkStreamOut.OSrl_reg[6][671]_srl7
  -------------------------------------------------------------------
                         required time                         -1.136    
                         arrival time                           1.189    
  -------------------------------------------------------------------
                         slack                                  0.053    





Pulse Width Checks
--------------------------------------------------------------------------------------
Clock Name:         clk_fpga_0
Waveform(ns):       { 0.000 5.000 }
Period(ns):         10.000
Sources:            { top_i/zynq_ps/inst/PS7_i/FCLKCLK[0] }

Check Type        Corner  Lib Pin             Reference Pin  Required(ns)  Actual(ns)  Slack(ns)  Location       Pin
Min Period        n/a     RAMB36E1/CLKARDCLK  n/a            2.944         10.000      7.056      RAMB36_X4Y0    top_i/StreamingDataflowPartition_1/inst/StreamingDataflowPartition_1_MVAU_hls_0/StreamingDataflowPartition_1_MVAU_hls_0_wstrm/inst/core/genUnpumped.mem/blkMem.Mem_reg_0/CLKARDCLK
Min Period        n/a     RAMB36E1/CLKBWRCLK  n/a            2.944         10.000      7.056      RAMB36_X4Y0    top_i/StreamingDataflowPartition_1/inst/StreamingDataflowPartition_1_MVAU_hls_0/StreamingDataflowPartition_1_MVAU_hls_0_wstrm/inst/core/genUnpumped.mem/blkMem.Mem_reg_0/CLKBWRCLK
Min Period        n/a     RAMB36E1/CLKARDCLK  n/a            2.944         10.000      7.056      RAMB36_X5Y2    top_i/StreamingDataflowPartition_1/inst/StreamingDataflowPartition_1_MVAU_hls_0/StreamingDataflowPartition_1_MVAU_hls_0_wstrm/inst/core/genUnpumped.mem/blkMem.Mem_reg_1/CLKARDCLK
Min Period        n/a     RAMB36E1/CLKBWRCLK  n/a            2.944         10.000      7.056      RAMB36_X5Y2    top_i/StreamingDataflowPartition_1/inst/StreamingDataflowPartition_1_MVAU_hls_0/StreamingDataflowPartition_1_MVAU_hls_0_wstrm/inst/core/genUnpumped.mem/blkMem.Mem_reg_1/CLKBWRCLK
Min Period        n/a     RAMB36E1/CLKARDCLK  n/a            2.944         10.000      7.056      RAMB36_X5Y3    top_i/StreamingDataflowPartition_1/inst/StreamingDataflowPartition_1_MVAU_hls_0/StreamingDataflowPartition_1_MVAU_hls_0_wstrm/inst/core/genUnpumped.mem/blkMem.Mem_reg_10/CLKARDCLK
Min Period        n/a     RAMB36E1/CLKBWRCLK  n/a            2.944         10.000      7.056      RAMB36_X5Y3    top_i/StreamingDataflowPartition_1/inst/StreamingDataflowPartition_1_MVAU_hls_0/StreamingDataflowPartition_1_MVAU_hls_0_wstrm/inst/core/genUnpumped.mem/blkMem.Mem_reg_10/CLKBWRCLK
Min Period        n/a     RAMB36E1/CLKARDCLK  n/a            2.944         10.000      7.056      RAMB36_X4Y3    top_i/StreamingDataflowPartition_1/inst/StreamingDataflowPartition_1_MVAU_hls_0/StreamingDataflowPartition_1_MVAU_hls_0_wstrm/inst/core/genUnpumped.mem/blkMem.Mem_reg_11/CLKARDCLK
Min Period        n/a     RAMB36E1/CLKBWRCLK  n/a            2.944         10.000      7.056      RAMB36_X4Y3    top_i/StreamingDataflowPartition_1/inst/StreamingDataflowPartition_1_MVAU_hls_0/StreamingDataflowPartition_1_MVAU_hls_0_wstrm/inst/core/genUnpumped.mem/blkMem.Mem_reg_11/CLKBWRCLK
Min Period        n/a     RAMB36E1/CLKARDCLK  n/a            2.944         10.000      7.056      RAMB36_X4Y4    top_i/StreamingDataflowPartition_1/inst/StreamingDataflowPartition_1_MVAU_hls_0/StreamingDataflowPartition_1_MVAU_hls_0_wstrm/inst/core/genUnpumped.mem/blkMem.Mem_reg_12/CLKARDCLK
Min Period        n/a     RAMB36E1/CLKBWRCLK  n/a            2.944         10.000      7.056      RAMB36_X4Y4    top_i/StreamingDataflowPartition_1/inst/StreamingDataflowPartition_1_MVAU_hls_0/StreamingDataflowPartition_1_MVAU_hls_0_wstrm/inst/core/genUnpumped.mem/blkMem.Mem_reg_12/CLKBWRCLK
Low Pulse Width   Slow    RAMS32/CLK          n/a            1.250         5.000       3.750      SLICE_X54Y119  top_i/StreamingDataflowPartition_1/inst/StreamingDataflowPartition_1_MVAU_hls_3/StreamingDataflowPartition_1_MVAU_hls_3_wstrm/inst/core/genUnpumped.mem/blkMem.Mem_reg_0_1_0_0/SP/CLK
Low Pulse Width   Fast    RAMS32/CLK          n/a            1.250         5.000       3.750      SLICE_X54Y119  top_i/StreamingDataflowPartition_1/inst/StreamingDataflowPartition_1_MVAU_hls_3/StreamingDataflowPartition_1_MVAU_hls_3_wstrm/inst/core/genUnpumped.mem/blkMem.Mem_reg_0_1_0_0/SP/CLK
Low Pulse Width   Slow    RAMS32/CLK          n/a            1.250         5.000       3.750      SLICE_X54Y119  top_i/StreamingDataflowPartition_1/inst/StreamingDataflowPartition_1_MVAU_hls_3/StreamingDataflowPartition_1_MVAU_hls_3_wstrm/inst/core/genUnpumped.mem/blkMem.Mem_reg_0_1_100_100/SP/CLK
Low Pulse Width   Fast    RAMS32/CLK          n/a            1.250         5.000       3.750      SLICE_X54Y119  top_i/StreamingDataflowPartition_1/inst/StreamingDataflowPartition_1_MVAU_hls_3/StreamingDataflowPartition_1_MVAU_hls_3_wstrm/inst/core/genUnpumped.mem/blkMem.Mem_reg_0_1_100_100/SP/CLK
Low Pulse Width   Slow    RAMS32/CLK          n/a            1.250         5.000       3.750      SLICE_X54Y119  top_i/StreamingDataflowPartition_1/inst/StreamingDataflowPartition_1_MVAU_hls_3/StreamingDataflowPartition_1_MVAU_hls_3_wstrm/inst/core/genUnpumped.mem/blkMem.Mem_reg_0_1_106_106/SP/CLK
Low Pulse Width   Fast    RAMS32/CLK          n/a            1.250         5.000       3.750      SLICE_X54Y119  top_i/StreamingDataflowPartition_1/inst/StreamingDataflowPartition_1_MVAU_hls_3/StreamingDataflowPartition_1_MVAU_hls_3_wstrm/inst/core/genUnpumped.mem/blkMem.Mem_reg_0_1_106_106/SP/CLK
Low Pulse Width   Slow    RAMS32/CLK          n/a            1.250         5.000       3.750      SLICE_X54Y119  top_i/StreamingDataflowPartition_1/inst/StreamingDataflowPartition_1_MVAU_hls_3/StreamingDataflowPartition_1_MVAU_hls_3_wstrm/inst/core/genUnpumped.mem/blkMem.Mem_reg_0_1_107_107/SP/CLK
Low Pulse Width   Fast    RAMS32/CLK          n/a            1.250         5.000       3.750      SLICE_X54Y119  top_i/StreamingDataflowPartition_1/inst/StreamingDataflowPartition_1_MVAU_hls_3/StreamingDataflowPartition_1_MVAU_hls_3_wstrm/inst/core/genUnpumped.mem/blkMem.Mem_reg_0_1_107_107/SP/CLK
Low Pulse Width   Slow    RAMS32/CLK          n/a            1.250         5.000       3.750      SLICE_X50Y118  top_i/StreamingDataflowPartition_1/inst/StreamingDataflowPartition_1_MVAU_hls_3/StreamingDataflowPartition_1_MVAU_hls_3_wstrm/inst/core/genUnpumped.mem/blkMem.Mem_reg_0_1_111_111/SP/CLK
Low Pulse Width   Fast    RAMS32/CLK          n/a            1.250         5.000       3.750      SLICE_X50Y118  top_i/StreamingDataflowPartition_1/inst/StreamingDataflowPartition_1_MVAU_hls_3/StreamingDataflowPartition_1_MVAU_hls_3_wstrm/inst/core/genUnpumped.mem/blkMem.Mem_reg_0_1_111_111/SP/CLK
High Pulse Width  Slow    RAMS32/CLK          n/a            1.250         5.000       3.750      SLICE_X54Y119  top_i/StreamingDataflowPartition_1/inst/StreamingDataflowPartition_1_MVAU_hls_3/StreamingDataflowPartition_1_MVAU_hls_3_wstrm/inst/core/genUnpumped.mem/blkMem.Mem_reg_0_1_0_0/SP/CLK
High Pulse Width  Fast    RAMS32/CLK          n/a            1.250         5.000       3.750      SLICE_X54Y119  top_i/StreamingDataflowPartition_1/inst/StreamingDataflowPartition_1_MVAU_hls_3/StreamingDataflowPartition_1_MVAU_hls_3_wstrm/inst/core/genUnpumped.mem/blkMem.Mem_reg_0_1_0_0/SP/CLK
High Pulse Width  Slow    RAMS32/CLK          n/a            1.250         5.000       3.750      SLICE_X54Y119  top_i/StreamingDataflowPartition_1/inst/StreamingDataflowPartition_1_MVAU_hls_3/StreamingDataflowPartition_1_MVAU_hls_3_wstrm/inst/core/genUnpumped.mem/blkMem.Mem_reg_0_1_100_100/SP/CLK
High Pulse Width  Fast    RAMS32/CLK          n/a            1.250         5.000       3.750      SLICE_X54Y119  top_i/StreamingDataflowPartition_1/inst/StreamingDataflowPartition_1_MVAU_hls_3/StreamingDataflowPartition_1_MVAU_hls_3_wstrm/inst/core/genUnpumped.mem/blkMem.Mem_reg_0_1_100_100/SP/CLK
High Pulse Width  Slow    RAMS32/CLK          n/a            1.250         5.000       3.750      SLICE_X54Y119  top_i/StreamingDataflowPartition_1/inst/StreamingDataflowPartition_1_MVAU_hls_3/StreamingDataflowPartition_1_MVAU_hls_3_wstrm/inst/core/genUnpumped.mem/blkMem.Mem_reg_0_1_106_106/SP/CLK
High Pulse Width  Fast    RAMS32/CLK          n/a            1.250         5.000       3.750      SLICE_X54Y119  top_i/StreamingDataflowPartition_1/inst/StreamingDataflowPartition_1_MVAU_hls_3/StreamingDataflowPartition_1_MVAU_hls_3_wstrm/inst/core/genUnpumped.mem/blkMem.Mem_reg_0_1_106_106/SP/CLK
High Pulse Width  Slow    RAMS32/CLK          n/a            1.250         5.000       3.750      SLICE_X54Y119  top_i/StreamingDataflowPartition_1/inst/StreamingDataflowPartition_1_MVAU_hls_3/StreamingDataflowPartition_1_MVAU_hls_3_wstrm/inst/core/genUnpumped.mem/blkMem.Mem_reg_0_1_107_107/SP/CLK
High Pulse Width  Fast    RAMS32/CLK          n/a            1.250         5.000       3.750      SLICE_X54Y119  top_i/StreamingDataflowPartition_1/inst/StreamingDataflowPartition_1_MVAU_hls_3/StreamingDataflowPartition_1_MVAU_hls_3_wstrm/inst/core/genUnpumped.mem/blkMem.Mem_reg_0_1_107_107/SP/CLK
High Pulse Width  Slow    RAMS32/CLK          n/a            1.250         5.000       3.750      SLICE_X50Y118  top_i/StreamingDataflowPartition_1/inst/StreamingDataflowPartition_1_MVAU_hls_3/StreamingDataflowPartition_1_MVAU_hls_3_wstrm/inst/core/genUnpumped.mem/blkMem.Mem_reg_0_1_111_111/SP/CLK
High Pulse Width  Fast    RAMS32/CLK          n/a            1.250         5.000       3.750      SLICE_X50Y118  top_i/StreamingDataflowPartition_1/inst/StreamingDataflowPartition_1_MVAU_hls_3/StreamingDataflowPartition_1_MVAU_hls_3_wstrm/inst/core/genUnpumped.mem/blkMem.Mem_reg_0_1_111_111/SP/CLK



--------------------------------------------------------------------------------------
Path Group:  (none)
From Clock:  
  To Clock:  clk_fpga_0

Max Delay             1 Endpoint
Min Delay             1 Endpoint
--------------------------------------------------------------------------------------


Max Delay Paths
--------------------------------------------------------------------------------------
Slack:                    inf
  Source:                 top_i/zynq_ps/inst/PS7_i/FCLKRESETN[0]
                            (internal pin)
  Destination:            top_i/rst_zynq_ps_100M/U0/EXT_LPF/ACTIVE_LOW_EXT.ACT_LO_EXT/GENERATE_LEVEL_P_S_CDC.SINGLE_BIT.CROSS_PLEVEL_IN2SCNDRY_IN_cdc_to/D
                            (rising edge-triggered cell FDRE clocked by clk_fpga_0  {rise@0.000ns fall@5.000ns period=10.000ns})
  Path Group:             (none)
  Path Type:              Setup (Max at Slow Process Corner)
  Data Path Delay:        2.296ns  (logic 0.124ns (5.401%)  route 2.172ns (94.599%))
  Logic Levels:           1  (LUT1=1)
  Clock Uncertainty:      0.152ns  ((TSJ^2 + TIJ^2)^1/2 + DJ) / 2 + PE
    Total System Jitter     (TSJ):    0.050ns
    Total Input Jitter      (TIJ):    0.300ns
    Discrete Jitter          (DJ):    0.000ns
    Phase Error              (PE):    0.000ns
  Timing Exception:       False Path

    Location             Delay type                Incr(ns)  Path(ns)    Netlist Resource(s)
  -------------------------------------------------------------------    -------------------
    PS7_X0Y0             PS7                          0.000     0.000 f  top_i/zynq_ps/inst/PS7_i/FCLKRESETN[0]
                         net (fo=1, routed)           2.172     2.172    top_i/rst_zynq_ps_100M/U0/EXT_LPF/ACTIVE_LOW_EXT.ACT_LO_EXT/ext_reset_in
    SLICE_X39Y115        LUT1 (Prop_lut1_I0_O)        0.124     2.296 r  top_i/rst_zynq_ps_100M/U0/EXT_LPF/ACTIVE_LOW_EXT.ACT_LO_EXT/GENERATE_LEVEL_P_S_CDC.SINGLE_BIT.CROSS_PLEVEL_IN2SCNDRY_IN_cdc_to_i_1/O
                         net (fo=1, routed)           0.000     2.296    top_i/rst_zynq_ps_100M/U0/EXT_LPF/ACTIVE_LOW_EXT.ACT_LO_EXT/exr_d1
    SLICE_X39Y115        FDRE                                         r  top_i/rst_zynq_ps_100M/U0/EXT_LPF/ACTIVE_LOW_EXT.ACT_LO_EXT/GENERATE_LEVEL_P_S_CDC.SINGLE_BIT.CROSS_PLEVEL_IN2SCNDRY_IN_cdc_to/D
  -------------------------------------------------------------------    -------------------

                         (clock clk_fpga_0 rise edge)
                                                      0.000     0.000 r  
    PS7_X0Y0             PS7                          0.000     0.000 r  top_i/zynq_ps/inst/PS7_i/FCLKCLK[0]
                         net (fo=1, routed)           1.088     1.088    top_i/zynq_ps/inst/FCLK_CLK_unbuffered[0]
    BUFGCTRL_X0Y16       BUFG (Prop_bufg_I_O)         0.091     1.179 r  top_i/zynq_ps/inst/buffer_fclk_clk_0.FCLK_CLK_0_BUFG/O
                         net (fo=52935, routed)       1.647     2.826    top_i/rst_zynq_ps_100M/U0/EXT_LPF/ACTIVE_LOW_EXT.ACT_LO_EXT/slowest_sync_clk
    SLICE_X39Y115        FDRE                                         r  top_i/rst_zynq_ps_100M/U0/EXT_LPF/ACTIVE_LOW_EXT.ACT_LO_EXT/GENERATE_LEVEL_P_S_CDC.SINGLE_BIT.CROSS_PLEVEL_IN2SCNDRY_IN_cdc_to/C





Min Delay Paths
--------------------------------------------------------------------------------------
Slack:                    inf
  Source:                 top_i/zynq_ps/inst/PS7_i/FCLKRESETN[0]
                            (internal pin)
  Destination:            top_i/rst_zynq_ps_100M/U0/EXT_LPF/ACTIVE_LOW_EXT.ACT_LO_EXT/GENERATE_LEVEL_P_S_CDC.SINGLE_BIT.CROSS_PLEVEL_IN2SCNDRY_IN_cdc_to/D
                            (rising edge-triggered cell FDRE clocked by clk_fpga_0  {rise@0.000ns fall@5.000ns period=10.000ns})
  Path Group:             (none)
  Path Type:              Hold (Min at Fast Process Corner)
  Data Path Delay:        0.927ns  (logic 0.045ns (4.855%)  route 0.882ns (95.145%))
  Logic Levels:           1  (LUT1=1)
  Clock Uncertainty:      0.152ns  ((TSJ^2 + TIJ^2)^1/2 + DJ) / 2 + PE
    Total System Jitter     (TSJ):    0.050ns
    Total Input Jitter      (TIJ):    0.300ns
    Discrete Jitter          (DJ):    0.000ns
    Phase Error              (PE):    0.000ns
  Timing Exception:       False Path

    Location             Delay type                Incr(ns)  Path(ns)    Netlist Resource(s)
  -------------------------------------------------------------------    -------------------
    PS7_X0Y0             PS7                          0.000     0.000 f  top_i/zynq_ps/inst/PS7_i/FCLKRESETN[0]
                         net (fo=1, routed)           0.882     0.882    top_i/rst_zynq_ps_100M/U0/EXT_LPF/ACTIVE_LOW_EXT.ACT_LO_EXT/ext_reset_in
    SLICE_X39Y115        LUT1 (Prop_lut1_I0_O)        0.045     0.927 r  top_i/rst_zynq_ps_100M/U0/EXT_LPF/ACTIVE_LOW_EXT.ACT_LO_EXT/GENERATE_LEVEL_P_S_CDC.SINGLE_BIT.CROSS_PLEVEL_IN2SCNDRY_IN_cdc_to_i_1/O
                         net (fo=1, routed)           0.000     0.927    top_i/rst_zynq_ps_100M/U0/EXT_LPF/ACTIVE_LOW_EXT.ACT_LO_EXT/exr_d1
    SLICE_X39Y115        FDRE                                         r  top_i/rst_zynq_ps_100M/U0/EXT_LPF/ACTIVE_LOW_EXT.ACT_LO_EXT/GENERATE_LEVEL_P_S_CDC.SINGLE_BIT.CROSS_PLEVEL_IN2SCNDRY_IN_cdc_to/D
  -------------------------------------------------------------------    -------------------

                         (clock clk_fpga_0 rise edge)
                                                      0.000     0.000 r  
    PS7_X0Y0             PS7                          0.000     0.000 r  top_i/zynq_ps/inst/PS7_i/FCLKCLK[0]
                         net (fo=1, routed)           0.337     0.337    top_i/zynq_ps/inst/FCLK_CLK_unbuffered[0]
    BUFGCTRL_X0Y16       BUFG (Prop_bufg_I_O)         0.029     0.366 r  top_i/zynq_ps/inst/buffer_fclk_clk_0.FCLK_CLK_0_BUFG/O
                         net (fo=52935, routed)       0.904     1.270    top_i/rst_zynq_ps_100M/U0/EXT_LPF/ACTIVE_LOW_EXT.ACT_LO_EXT/slowest_sync_clk
    SLICE_X39Y115        FDRE                                         r  top_i/rst_zynq_ps_100M/U0/EXT_LPF/ACTIVE_LOW_EXT.ACT_LO_EXT/GENERATE_LEVEL_P_S_CDC.SINGLE_BIT.CROSS_PLEVEL_IN2SCNDRY_IN_cdc_to/C





--------------------------------------------------------------------------------------
Path Group:  (none)
From Clock:  clk_fpga_0
  To Clock:  clk_fpga_0

Max Delay            67 Endpoints
Min Delay            67 Endpoints
--------------------------------------------------------------------------------------


Max Delay Paths
--------------------------------------------------------------------------------------
Slack:                    inf
  Source:                 top_i/smartconnect_0/inst/clk_map/psr_aclk/U0/ACTIVE_LOW_BSR_OUT_DFF[0].FDRE_BSR_N/C
                            (rising edge-triggered cell FDRE clocked by clk_fpga_0  {rise@0.000ns fall@5.000ns period=10.000ns})
  Destination:            top_i/smartconnect_0/inst/m00_nodes/m00_r_node/inst/s_sc_xpm_cdc_async_rst_inst/arststages_ff_reg[0]/CLR
                            (recovery check against rising-edge clock clk_fpga_0  {rise@0.000ns fall@5.000ns period=10.000ns})
  Path Group:             (none)
  Path Type:              Recovery (Max at Slow Process Corner)
  Data Path Delay:        4.741ns  (logic 0.642ns (13.542%)  route 4.099ns (86.458%))
  Logic Levels:           1  (LUT1=1)
  Clock Path Skew:        -0.349ns (DCD - SCD + CPR)
    Destination Clock Delay (DCD):    2.659ns
    Source Clock Delay      (SCD):    3.008ns
    Clock Pessimism Removal (CPR):    0.000ns
  Clock Uncertainty:      0.154ns  ((TSJ^2 + TIJ^2)^1/2 + DJ) / 2 + PE
    Total System Jitter     (TSJ):    0.071ns
    Total Input Jitter      (TIJ):    0.300ns
    Discrete Jitter          (DJ):    0.000ns
    Phase Error              (PE):    0.000ns
  Timing Exception:       False Path

    Location             Delay type                Incr(ns)  Path(ns)    Netlist Resource(s)
  -------------------------------------------------------------------    -------------------
                         (clock clk_fpga_0 rise edge)
                                                      0.000     0.000 r  
    PS7_X0Y0             PS7                          0.000     0.000 r  top_i/zynq_ps/inst/PS7_i/FCLKCLK[0]
                         net (fo=1, routed)           1.193     1.193    top_i/zynq_ps/inst/FCLK_CLK_unbuffered[0]
    BUFGCTRL_X0Y16       BUFG (Prop_bufg_I_O)         0.101     1.294 r  top_i/zynq_ps/inst/buffer_fclk_clk_0.FCLK_CLK_0_BUFG/O
                         net (fo=52935, routed)       1.714     3.008    top_i/smartconnect_0/inst/clk_map/psr_aclk/U0/aclk
    SLICE_X66Y92         FDRE                                         r  top_i/smartconnect_0/inst/clk_map/psr_aclk/U0/ACTIVE_LOW_BSR_OUT_DFF[0].FDRE_BSR_N/C
  -------------------------------------------------------------------    -------------------
    SLICE_X66Y92         FDRE (Prop_fdre_C_Q)         0.518     3.526 r  top_i/smartconnect_0/inst/clk_map/psr_aclk/U0/ACTIVE_LOW_BSR_OUT_DFF[0].FDRE_BSR_N/Q
                         net (fo=22, routed)          3.570     7.096    top_i/smartconnect_0/inst/m00_nodes/m00_r_node/inst/s_sc_xpm_cdc_async_rst_inst/src_arst
    SLICE_X32Y51         LUT1 (Prop_lut1_I0_O)        0.124     7.220 f  top_i/smartconnect_0/inst/m00_nodes/m00_r_node/inst/s_sc_xpm_cdc_async_rst_inst/arststages_ff[2]_i_1/O
                         net (fo=3, routed)           0.529     7.749    top_i/smartconnect_0/inst/m00_nodes/m00_r_node/inst/s_sc_xpm_cdc_async_rst_inst/reset_pol
    SLICE_X32Y51         FDCE                                         f  top_i/smartconnect_0/inst/m00_nodes/m00_r_node/inst/s_sc_xpm_cdc_async_rst_inst/arststages_ff_reg[0]/CLR
  -------------------------------------------------------------------    -------------------

                         (clock clk_fpga_0 rise edge)
                                                      0.000     0.000 r  
    PS7_X0Y0             PS7                          0.000     0.000 r  top_i/zynq_ps/inst/PS7_i/FCLKCLK[0]
                         net (fo=1, routed)           1.088     1.088    top_i/zynq_ps/inst/FCLK_CLK_unbuffered[0]
    BUFGCTRL_X0Y16       BUFG (Prop_bufg_I_O)         0.091     1.179 r  top_i/zynq_ps/inst/buffer_fclk_clk_0.FCLK_CLK_0_BUFG/O
                         net (fo=52935, routed)       1.480     2.659    top_i/smartconnect_0/inst/m00_nodes/m00_r_node/inst/s_sc_xpm_cdc_async_rst_inst/dest_clk
    SLICE_X32Y51         FDCE                                         r  top_i/smartconnect_0/inst/m00_nodes/m00_r_node/inst/s_sc_xpm_cdc_async_rst_inst/arststages_ff_reg[0]/C

Slack:                    inf
  Source:                 top_i/smartconnect_0/inst/clk_map/psr_aclk/U0/ACTIVE_LOW_BSR_OUT_DFF[0].FDRE_BSR_N/C
                            (rising edge-triggered cell FDRE clocked by clk_fpga_0  {rise@0.000ns fall@5.000ns period=10.000ns})
  Destination:            top_i/smartconnect_0/inst/m00_nodes/m00_r_node/inst/s_sc_xpm_cdc_async_rst_inst/arststages_ff_reg[1]/CLR
                            (recovery check against rising-edge clock clk_fpga_0  {rise@0.000ns fall@5.000ns period=10.000ns})
  Path Group:             (none)
  Path Type:              Recovery (Max at Slow Process Corner)
  Data Path Delay:        4.741ns  (logic 0.642ns (13.542%)  route 4.099ns (86.458%))
  Logic Levels:           1  (LUT1=1)
  Clock Path Skew:        -0.349ns (DCD - SCD + CPR)
    Destination Clock Delay (DCD):    2.659ns
    Source Clock Delay      (SCD):    3.008ns
    Clock Pessimism Removal (CPR):    0.000ns
  Clock Uncertainty:      0.154ns  ((TSJ^2 + TIJ^2)^1/2 + DJ) / 2 + PE
    Total System Jitter     (TSJ):    0.071ns
    Total Input Jitter      (TIJ):    0.300ns
    Discrete Jitter          (DJ):    0.000ns
    Phase Error              (PE):    0.000ns
  Timing Exception:       False Path

    Location             Delay type                Incr(ns)  Path(ns)    Netlist Resource(s)
  -------------------------------------------------------------------    -------------------
                         (clock clk_fpga_0 rise edge)
                                                      0.000     0.000 r  
    PS7_X0Y0             PS7                          0.000     0.000 r  top_i/zynq_ps/inst/PS7_i/FCLKCLK[0]
                         net (fo=1, routed)           1.193     1.193    top_i/zynq_ps/inst/FCLK_CLK_unbuffered[0]
    BUFGCTRL_X0Y16       BUFG (Prop_bufg_I_O)         0.101     1.294 r  top_i/zynq_ps/inst/buffer_fclk_clk_0.FCLK_CLK_0_BUFG/O
                         net (fo=52935, routed)       1.714     3.008    top_i/smartconnect_0/inst/clk_map/psr_aclk/U0/aclk
    SLICE_X66Y92         FDRE                                         r  top_i/smartconnect_0/inst/clk_map/psr_aclk/U0/ACTIVE_LOW_BSR_OUT_DFF[0].FDRE_BSR_N/C
  -------------------------------------------------------------------    -------------------
    SLICE_X66Y92         FDRE (Prop_fdre_C_Q)         0.518     3.526 r  top_i/smartconnect_0/inst/clk_map/psr_aclk/U0/ACTIVE_LOW_BSR_OUT_DFF[0].FDRE_BSR_N/Q
                         net (fo=22, routed)          3.570     7.096    top_i/smartconnect_0/inst/m00_nodes/m00_r_node/inst/s_sc_xpm_cdc_async_rst_inst/src_arst
    SLICE_X32Y51         LUT1 (Prop_lut1_I0_O)        0.124     7.220 f  top_i/smartconnect_0/inst/m00_nodes/m00_r_node/inst/s_sc_xpm_cdc_async_rst_inst/arststages_ff[2]_i_1/O
                         net (fo=3, routed)           0.529     7.749    top_i/smartconnect_0/inst/m00_nodes/m00_r_node/inst/s_sc_xpm_cdc_async_rst_inst/reset_pol
    SLICE_X32Y51         FDCE                                         f  top_i/smartconnect_0/inst/m00_nodes/m00_r_node/inst/s_sc_xpm_cdc_async_rst_inst/arststages_ff_reg[1]/CLR
  -------------------------------------------------------------------    -------------------

                         (clock clk_fpga_0 rise edge)
                                                      0.000     0.000 r  
    PS7_X0Y0             PS7                          0.000     0.000 r  top_i/zynq_ps/inst/PS7_i/FCLKCLK[0]
                         net (fo=1, routed)           1.088     1.088    top_i/zynq_ps/inst/FCLK_CLK_unbuffered[0]
    BUFGCTRL_X0Y16       BUFG (Prop_bufg_I_O)         0.091     1.179 r  top_i/zynq_ps/inst/buffer_fclk_clk_0.FCLK_CLK_0_BUFG/O
                         net (fo=52935, routed)       1.480     2.659    top_i/smartconnect_0/inst/m00_nodes/m00_r_node/inst/s_sc_xpm_cdc_async_rst_inst/dest_clk
    SLICE_X32Y51         FDCE                                         r  top_i/smartconnect_0/inst/m00_nodes/m00_r_node/inst/s_sc_xpm_cdc_async_rst_inst/arststages_ff_reg[1]/C

Slack:                    inf
  Source:                 top_i/smartconnect_0/inst/clk_map/psr_aclk/U0/ACTIVE_LOW_BSR_OUT_DFF[0].FDRE_BSR_N/C
                            (rising edge-triggered cell FDRE clocked by clk_fpga_0  {rise@0.000ns fall@5.000ns period=10.000ns})
  Destination:            top_i/smartconnect_0/inst/m00_nodes/m00_r_node/inst/s_sc_xpm_cdc_async_rst_inst/arststages_ff_reg[2]/CLR
                            (recovery check against rising-edge clock clk_fpga_0  {rise@0.000ns fall@5.000ns period=10.000ns})
  Path Group:             (none)
  Path Type:              Recovery (Max at Slow Process Corner)
  Data Path Delay:        4.741ns  (logic 0.642ns (13.542%)  route 4.099ns (86.458%))
  Logic Levels:           1  (LUT1=1)
  Clock Path Skew:        -0.349ns (DCD - SCD + CPR)
    Destination Clock Delay (DCD):    2.659ns
    Source Clock Delay      (SCD):    3.008ns
    Clock Pessimism Removal (CPR):    0.000ns
  Clock Uncertainty:      0.154ns  ((TSJ^2 + TIJ^2)^1/2 + DJ) / 2 + PE
    Total System Jitter     (TSJ):    0.071ns
    Total Input Jitter      (TIJ):    0.300ns
    Discrete Jitter          (DJ):    0.000ns
    Phase Error              (PE):    0.000ns
  Timing Exception:       False Path

    Location             Delay type                Incr(ns)  Path(ns)    Netlist Resource(s)
  -------------------------------------------------------------------    -------------------
                         (clock clk_fpga_0 rise edge)
                                                      0.000     0.000 r  
    PS7_X0Y0             PS7                          0.000     0.000 r  top_i/zynq_ps/inst/PS7_i/FCLKCLK[0]
                         net (fo=1, routed)           1.193     1.193    top_i/zynq_ps/inst/FCLK_CLK_unbuffered[0]
    BUFGCTRL_X0Y16       BUFG (Prop_bufg_I_O)         0.101     1.294 r  top_i/zynq_ps/inst/buffer_fclk_clk_0.FCLK_CLK_0_BUFG/O
                         net (fo=52935, routed)       1.714     3.008    top_i/smartconnect_0/inst/clk_map/psr_aclk/U0/aclk
    SLICE_X66Y92         FDRE                                         r  top_i/smartconnect_0/inst/clk_map/psr_aclk/U0/ACTIVE_LOW_BSR_OUT_DFF[0].FDRE_BSR_N/C
  -------------------------------------------------------------------    -------------------
    SLICE_X66Y92         FDRE (Prop_fdre_C_Q)         0.518     3.526 r  top_i/smartconnect_0/inst/clk_map/psr_aclk/U0/ACTIVE_LOW_BSR_OUT_DFF[0].FDRE_BSR_N/Q
                         net (fo=22, routed)          3.570     7.096    top_i/smartconnect_0/inst/m00_nodes/m00_r_node/inst/s_sc_xpm_cdc_async_rst_inst/src_arst
    SLICE_X32Y51         LUT1 (Prop_lut1_I0_O)        0.124     7.220 f  top_i/smartconnect_0/inst/m00_nodes/m00_r_node/inst/s_sc_xpm_cdc_async_rst_inst/arststages_ff[2]_i_1/O
                         net (fo=3, routed)           0.529     7.749    top_i/smartconnect_0/inst/m00_nodes/m00_r_node/inst/s_sc_xpm_cdc_async_rst_inst/reset_pol
    SLICE_X32Y51         FDCE                                         f  top_i/smartconnect_0/inst/m00_nodes/m00_r_node/inst/s_sc_xpm_cdc_async_rst_inst/arststages_ff_reg[2]/CLR
  -------------------------------------------------------------------    -------------------

                         (clock clk_fpga_0 rise edge)
                                                      0.000     0.000 r  
    PS7_X0Y0             PS7                          0.000     0.000 r  top_i/zynq_ps/inst/PS7_i/FCLKCLK[0]
                         net (fo=1, routed)           1.088     1.088    top_i/zynq_ps/inst/FCLK_CLK_unbuffered[0]
    BUFGCTRL_X0Y16       BUFG (Prop_bufg_I_O)         0.091     1.179 r  top_i/zynq_ps/inst/buffer_fclk_clk_0.FCLK_CLK_0_BUFG/O
                         net (fo=52935, routed)       1.480     2.659    top_i/smartconnect_0/inst/m00_nodes/m00_r_node/inst/s_sc_xpm_cdc_async_rst_inst/dest_clk
    SLICE_X32Y51         FDCE                                         r  top_i/smartconnect_0/inst/m00_nodes/m00_r_node/inst/s_sc_xpm_cdc_async_rst_inst/arststages_ff_reg[2]/C

Slack:                    inf
  Source:                 top_i/smartconnect_0/inst/clk_map/psr_aclk/U0/ACTIVE_LOW_BSR_OUT_DFF[0].FDRE_BSR_N/C
                            (rising edge-triggered cell FDRE clocked by clk_fpga_0  {rise@0.000ns fall@5.000ns period=10.000ns})
  Destination:            top_i/smartconnect_0/inst/m00_exit_pipeline/m00_exit/inst/xpm_cdc_async_rst_inst/arststages_ff_reg[0]/CLR
                            (recovery check against rising-edge clock clk_fpga_0  {rise@0.000ns fall@5.000ns period=10.000ns})
  Path Group:             (none)
  Path Type:              Recovery (Max at Slow Process Corner)
  Data Path Delay:        4.432ns  (logic 0.642ns (14.485%)  route 3.790ns (85.515%))
  Logic Levels:           1  (LUT1=1)
  Clock Path Skew:        -0.367ns (DCD - SCD + CPR)
    Destination Clock Delay (DCD):    2.641ns
    Source Clock Delay      (SCD):    3.008ns
    Clock Pessimism Removal (CPR):    0.000ns
  Clock Uncertainty:      0.154ns  ((TSJ^2 + TIJ^2)^1/2 + DJ) / 2 + PE
    Total System Jitter     (TSJ):    0.071ns
    Total Input Jitter      (TIJ):    0.300ns
    Discrete Jitter          (DJ):    0.000ns
    Phase Error              (PE):    0.000ns
  Timing Exception:       False Path

    Location             Delay type                Incr(ns)  Path(ns)    Netlist Resource(s)
  -------------------------------------------------------------------    -------------------
                         (clock clk_fpga_0 rise edge)
                                                      0.000     0.000 r  
    PS7_X0Y0             PS7                          0.000     0.000 r  top_i/zynq_ps/inst/PS7_i/FCLKCLK[0]
                         net (fo=1, routed)           1.193     1.193    top_i/zynq_ps/inst/FCLK_CLK_unbuffered[0]
    BUFGCTRL_X0Y16       BUFG (Prop_bufg_I_O)         0.101     1.294 r  top_i/zynq_ps/inst/buffer_fclk_clk_0.FCLK_CLK_0_BUFG/O
                         net (fo=52935, routed)       1.714     3.008    top_i/smartconnect_0/inst/clk_map/psr_aclk/U0/aclk
    SLICE_X66Y92         FDRE                                         r  top_i/smartconnect_0/inst/clk_map/psr_aclk/U0/ACTIVE_LOW_BSR_OUT_DFF[0].FDRE_BSR_N/C
  -------------------------------------------------------------------    -------------------
    SLICE_X66Y92         FDRE (Prop_fdre_C_Q)         0.518     3.526 r  top_i/smartconnect_0/inst/clk_map/psr_aclk/U0/ACTIVE_LOW_BSR_OUT_DFF[0].FDRE_BSR_N/Q
                         net (fo=22, routed)          3.258     6.784    top_i/smartconnect_0/inst/m00_exit_pipeline/m00_exit/inst/xpm_cdc_async_rst_inst/src_arst
    SLICE_X40Y75         LUT1 (Prop_lut1_I0_O)        0.124     6.908 f  top_i/smartconnect_0/inst/m00_exit_pipeline/m00_exit/inst/xpm_cdc_async_rst_inst/arststages_ff[2]_i_1/O
                         net (fo=3, routed)           0.532     7.440    top_i/smartconnect_0/inst/m00_exit_pipeline/m00_exit/inst/xpm_cdc_async_rst_inst/reset_pol
    SLICE_X40Y75         FDCE                                         f  top_i/smartconnect_0/inst/m00_exit_pipeline/m00_exit/inst/xpm_cdc_async_rst_inst/arststages_ff_reg[0]/CLR
  -------------------------------------------------------------------    -------------------

                         (clock clk_fpga_0 rise edge)
                                                      0.000     0.000 r  
    PS7_X0Y0             PS7                          0.000     0.000 r  top_i/zynq_ps/inst/PS7_i/FCLKCLK[0]
                         net (fo=1, routed)           1.088     1.088    top_i/zynq_ps/inst/FCLK_CLK_unbuffered[0]
    BUFGCTRL_X0Y16       BUFG (Prop_bufg_I_O)         0.091     1.179 r  top_i/zynq_ps/inst/buffer_fclk_clk_0.FCLK_CLK_0_BUFG/O
                         net (fo=52935, routed)       1.462     2.641    top_i/smartconnect_0/inst/m00_exit_pipeline/m00_exit/inst/xpm_cdc_async_rst_inst/dest_clk
    SLICE_X40Y75         FDCE                                         r  top_i/smartconnect_0/inst/m00_exit_pipeline/m00_exit/inst/xpm_cdc_async_rst_inst/arststages_ff_reg[0]/C

Slack:                    inf
  Source:                 top_i/smartconnect_0/inst/clk_map/psr_aclk/U0/ACTIVE_LOW_BSR_OUT_DFF[0].FDRE_BSR_N/C
                            (rising edge-triggered cell FDRE clocked by clk_fpga_0  {rise@0.000ns fall@5.000ns period=10.000ns})
  Destination:            top_i/smartconnect_0/inst/m00_exit_pipeline/m00_exit/inst/xpm_cdc_async_rst_inst/arststages_ff_reg[1]/CLR
                            (recovery check against rising-edge clock clk_fpga_0  {rise@0.000ns fall@5.000ns period=10.000ns})
  Path Group:             (none)
  Path Type:              Recovery (Max at Slow Process Corner)
  Data Path Delay:        4.432ns  (logic 0.642ns (14.485%)  route 3.790ns (85.515%))
  Logic Levels:           1  (LUT1=1)
  Clock Path Skew:        -0.367ns (DCD - SCD + CPR)
    Destination Clock Delay (DCD):    2.641ns
    Source Clock Delay      (SCD):    3.008ns
    Clock Pessimism Removal (CPR):    0.000ns
  Clock Uncertainty:      0.154ns  ((TSJ^2 + TIJ^2)^1/2 + DJ) / 2 + PE
    Total System Jitter     (TSJ):    0.071ns
    Total Input Jitter      (TIJ):    0.300ns
    Discrete Jitter          (DJ):    0.000ns
    Phase Error              (PE):    0.000ns
  Timing Exception:       False Path

    Location             Delay type                Incr(ns)  Path(ns)    Netlist Resource(s)
  -------------------------------------------------------------------    -------------------
                         (clock clk_fpga_0 rise edge)
                                                      0.000     0.000 r  
    PS7_X0Y0             PS7                          0.000     0.000 r  top_i/zynq_ps/inst/PS7_i/FCLKCLK[0]
                         net (fo=1, routed)           1.193     1.193    top_i/zynq_ps/inst/FCLK_CLK_unbuffered[0]
    BUFGCTRL_X0Y16       BUFG (Prop_bufg_I_O)         0.101     1.294 r  top_i/zynq_ps/inst/buffer_fclk_clk_0.FCLK_CLK_0_BUFG/O
                         net (fo=52935, routed)       1.714     3.008    top_i/smartconnect_0/inst/clk_map/psr_aclk/U0/aclk
    SLICE_X66Y92         FDRE                                         r  top_i/smartconnect_0/inst/clk_map/psr_aclk/U0/ACTIVE_LOW_BSR_OUT_DFF[0].FDRE_BSR_N/C
  -------------------------------------------------------------------    -------------------
    SLICE_X66Y92         FDRE (Prop_fdre_C_Q)         0.518     3.526 r  top_i/smartconnect_0/inst/clk_map/psr_aclk/U0/ACTIVE_LOW_BSR_OUT_DFF[0].FDRE_BSR_N/Q
                         net (fo=22, routed)          3.258     6.784    top_i/smartconnect_0/inst/m00_exit_pipeline/m00_exit/inst/xpm_cdc_async_rst_inst/src_arst
    SLICE_X40Y75         LUT1 (Prop_lut1_I0_O)        0.124     6.908 f  top_i/smartconnect_0/inst/m00_exit_pipeline/m00_exit/inst/xpm_cdc_async_rst_inst/arststages_ff[2]_i_1/O
                         net (fo=3, routed)           0.532     7.440    top_i/smartconnect_0/inst/m00_exit_pipeline/m00_exit/inst/xpm_cdc_async_rst_inst/reset_pol
    SLICE_X40Y75         FDCE                                         f  top_i/smartconnect_0/inst/m00_exit_pipeline/m00_exit/inst/xpm_cdc_async_rst_inst/arststages_ff_reg[1]/CLR
  -------------------------------------------------------------------    -------------------

                         (clock clk_fpga_0 rise edge)
                                                      0.000     0.000 r  
    PS7_X0Y0             PS7                          0.000     0.000 r  top_i/zynq_ps/inst/PS7_i/FCLKCLK[0]
                         net (fo=1, routed)           1.088     1.088    top_i/zynq_ps/inst/FCLK_CLK_unbuffered[0]
    BUFGCTRL_X0Y16       BUFG (Prop_bufg_I_O)         0.091     1.179 r  top_i/zynq_ps/inst/buffer_fclk_clk_0.FCLK_CLK_0_BUFG/O
                         net (fo=52935, routed)       1.462     2.641    top_i/smartconnect_0/inst/m00_exit_pipeline/m00_exit/inst/xpm_cdc_async_rst_inst/dest_clk
    SLICE_X40Y75         FDCE                                         r  top_i/smartconnect_0/inst/m00_exit_pipeline/m00_exit/inst/xpm_cdc_async_rst_inst/arststages_ff_reg[1]/C

Slack:                    inf
  Source:                 top_i/smartconnect_0/inst/clk_map/psr_aclk/U0/ACTIVE_LOW_BSR_OUT_DFF[0].FDRE_BSR_N/C
                            (rising edge-triggered cell FDRE clocked by clk_fpga_0  {rise@0.000ns fall@5.000ns period=10.000ns})
  Destination:            top_i/smartconnect_0/inst/m00_exit_pipeline/m00_exit/inst/xpm_cdc_async_rst_inst/arststages_ff_reg[2]/CLR
                            (recovery check against rising-edge clock clk_fpga_0  {rise@0.000ns fall@5.000ns period=10.000ns})
  Path Group:             (none)
  Path Type:              Recovery (Max at Slow Process Corner)
  Data Path Delay:        4.432ns  (logic 0.642ns (14.485%)  route 3.790ns (85.515%))
  Logic Levels:           1  (LUT1=1)
  Clock Path Skew:        -0.367ns (DCD - SCD + CPR)
    Destination Clock Delay (DCD):    2.641ns
    Source Clock Delay      (SCD):    3.008ns
    Clock Pessimism Removal (CPR):    0.000ns
  Clock Uncertainty:      0.154ns  ((TSJ^2 + TIJ^2)^1/2 + DJ) / 2 + PE
    Total System Jitter     (TSJ):    0.071ns
    Total Input Jitter      (TIJ):    0.300ns
    Discrete Jitter          (DJ):    0.000ns
    Phase Error              (PE):    0.000ns
  Timing Exception:       False Path

    Location             Delay type                Incr(ns)  Path(ns)    Netlist Resource(s)
  -------------------------------------------------------------------    -------------------
                         (clock clk_fpga_0 rise edge)
                                                      0.000     0.000 r  
    PS7_X0Y0             PS7                          0.000     0.000 r  top_i/zynq_ps/inst/PS7_i/FCLKCLK[0]
                         net (fo=1, routed)           1.193     1.193    top_i/zynq_ps/inst/FCLK_CLK_unbuffered[0]
    BUFGCTRL_X0Y16       BUFG (Prop_bufg_I_O)         0.101     1.294 r  top_i/zynq_ps/inst/buffer_fclk_clk_0.FCLK_CLK_0_BUFG/O
                         net (fo=52935, routed)       1.714     3.008    top_i/smartconnect_0/inst/clk_map/psr_aclk/U0/aclk
    SLICE_X66Y92         FDRE                                         r  top_i/smartconnect_0/inst/clk_map/psr_aclk/U0/ACTIVE_LOW_BSR_OUT_DFF[0].FDRE_BSR_N/C
  -------------------------------------------------------------------    -------------------
    SLICE_X66Y92         FDRE (Prop_fdre_C_Q)         0.518     3.526 r  top_i/smartconnect_0/inst/clk_map/psr_aclk/U0/ACTIVE_LOW_BSR_OUT_DFF[0].FDRE_BSR_N/Q
                         net (fo=22, routed)          3.258     6.784    top_i/smartconnect_0/inst/m00_exit_pipeline/m00_exit/inst/xpm_cdc_async_rst_inst/src_arst
    SLICE_X40Y75         LUT1 (Prop_lut1_I0_O)        0.124     6.908 f  top_i/smartconnect_0/inst/m00_exit_pipeline/m00_exit/inst/xpm_cdc_async_rst_inst/arststages_ff[2]_i_1/O
                         net (fo=3, routed)           0.532     7.440    top_i/smartconnect_0/inst/m00_exit_pipeline/m00_exit/inst/xpm_cdc_async_rst_inst/reset_pol
    SLICE_X40Y75         FDCE                                         f  top_i/smartconnect_0/inst/m00_exit_pipeline/m00_exit/inst/xpm_cdc_async_rst_inst/arststages_ff_reg[2]/CLR
  -------------------------------------------------------------------    -------------------

                         (clock clk_fpga_0 rise edge)
                                                      0.000     0.000 r  
    PS7_X0Y0             PS7                          0.000     0.000 r  top_i/zynq_ps/inst/PS7_i/FCLKCLK[0]
                         net (fo=1, routed)           1.088     1.088    top_i/zynq_ps/inst/FCLK_CLK_unbuffered[0]
    BUFGCTRL_X0Y16       BUFG (Prop_bufg_I_O)         0.091     1.179 r  top_i/zynq_ps/inst/buffer_fclk_clk_0.FCLK_CLK_0_BUFG/O
                         net (fo=52935, routed)       1.462     2.641    top_i/smartconnect_0/inst/m00_exit_pipeline/m00_exit/inst/xpm_cdc_async_rst_inst/dest_clk
    SLICE_X40Y75         FDCE                                         r  top_i/smartconnect_0/inst/m00_exit_pipeline/m00_exit/inst/xpm_cdc_async_rst_inst/arststages_ff_reg[2]/C

Slack:                    inf
  Source:                 top_i/smartconnect_0/inst/clk_map/psr_aclk/U0/ACTIVE_LOW_BSR_OUT_DFF[0].FDRE_BSR_N/C
                            (rising edge-triggered cell FDRE clocked by clk_fpga_0  {rise@0.000ns fall@5.000ns period=10.000ns})
  Destination:            top_i/smartconnect_0/inst/s00_nodes/s00_r_node/inst/s_sc_xpm_cdc_async_rst_inst/arststages_ff_reg[0]/CLR
                            (recovery check against rising-edge clock clk_fpga_0  {rise@0.000ns fall@5.000ns period=10.000ns})
  Path Group:             (none)
  Path Type:              Recovery (Max at Slow Process Corner)
  Data Path Delay:        4.190ns  (logic 0.642ns (15.322%)  route 3.548ns (84.678%))
  Logic Levels:           1  (LUT1=1)
  Clock Path Skew:        -0.346ns (DCD - SCD + CPR)
    Destination Clock Delay (DCD):    2.662ns
    Source Clock Delay      (SCD):    3.008ns
    Clock Pessimism Removal (CPR):    0.000ns
  Clock Uncertainty:      0.154ns  ((TSJ^2 + TIJ^2)^1/2 + DJ) / 2 + PE
    Total System Jitter     (TSJ):    0.071ns
    Total Input Jitter      (TIJ):    0.300ns
    Discrete Jitter          (DJ):    0.000ns
    Phase Error              (PE):    0.000ns
  Timing Exception:       False Path

    Location             Delay type                Incr(ns)  Path(ns)    Netlist Resource(s)
  -------------------------------------------------------------------    -------------------
                         (clock clk_fpga_0 rise edge)
                                                      0.000     0.000 r  
    PS7_X0Y0             PS7                          0.000     0.000 r  top_i/zynq_ps/inst/PS7_i/FCLKCLK[0]
                         net (fo=1, routed)           1.193     1.193    top_i/zynq_ps/inst/FCLK_CLK_unbuffered[0]
    BUFGCTRL_X0Y16       BUFG (Prop_bufg_I_O)         0.101     1.294 r  top_i/zynq_ps/inst/buffer_fclk_clk_0.FCLK_CLK_0_BUFG/O
                         net (fo=52935, routed)       1.714     3.008    top_i/smartconnect_0/inst/clk_map/psr_aclk/U0/aclk
    SLICE_X66Y92         FDRE                                         r  top_i/smartconnect_0/inst/clk_map/psr_aclk/U0/ACTIVE_LOW_BSR_OUT_DFF[0].FDRE_BSR_N/C
  -------------------------------------------------------------------    -------------------
    SLICE_X66Y92         FDRE (Prop_fdre_C_Q)         0.518     3.526 r  top_i/smartconnect_0/inst/clk_map/psr_aclk/U0/ACTIVE_LOW_BSR_OUT_DFF[0].FDRE_BSR_N/Q
                         net (fo=22, routed)          2.708     6.234    top_i/smartconnect_0/inst/s00_nodes/s00_r_node/inst/s_sc_xpm_cdc_async_rst_inst/src_arst
    SLICE_X53Y51         LUT1 (Prop_lut1_I0_O)        0.124     6.358 f  top_i/smartconnect_0/inst/s00_nodes/s00_r_node/inst/s_sc_xpm_cdc_async_rst_inst/arststages_ff[2]_i_1/O
                         net (fo=3, routed)           0.840     7.198    top_i/smartconnect_0/inst/s00_nodes/s00_r_node/inst/s_sc_xpm_cdc_async_rst_inst/reset_pol
    SLICE_X52Y48         FDCE                                         f  top_i/smartconnect_0/inst/s00_nodes/s00_r_node/inst/s_sc_xpm_cdc_async_rst_inst/arststages_ff_reg[0]/CLR
  -------------------------------------------------------------------    -------------------

                         (clock clk_fpga_0 rise edge)
                                                      0.000     0.000 r  
    PS7_X0Y0             PS7                          0.000     0.000 r  top_i/zynq_ps/inst/PS7_i/FCLKCLK[0]
                         net (fo=1, routed)           1.088     1.088    top_i/zynq_ps/inst/FCLK_CLK_unbuffered[0]
    BUFGCTRL_X0Y16       BUFG (Prop_bufg_I_O)         0.091     1.179 r  top_i/zynq_ps/inst/buffer_fclk_clk_0.FCLK_CLK_0_BUFG/O
                         net (fo=52935, routed)       1.483     2.662    top_i/smartconnect_0/inst/s00_nodes/s00_r_node/inst/s_sc_xpm_cdc_async_rst_inst/dest_clk
    SLICE_X52Y48         FDCE                                         r  top_i/smartconnect_0/inst/s00_nodes/s00_r_node/inst/s_sc_xpm_cdc_async_rst_inst/arststages_ff_reg[0]/C

Slack:                    inf
  Source:                 top_i/smartconnect_0/inst/clk_map/psr_aclk/U0/ACTIVE_LOW_BSR_OUT_DFF[0].FDRE_BSR_N/C
                            (rising edge-triggered cell FDRE clocked by clk_fpga_0  {rise@0.000ns fall@5.000ns period=10.000ns})
  Destination:            top_i/smartconnect_0/inst/s00_nodes/s00_r_node/inst/s_sc_xpm_cdc_async_rst_inst/arststages_ff_reg[1]/CLR
                            (recovery check against rising-edge clock clk_fpga_0  {rise@0.000ns fall@5.000ns period=10.000ns})
  Path Group:             (none)
  Path Type:              Recovery (Max at Slow Process Corner)
  Data Path Delay:        4.190ns  (logic 0.642ns (15.322%)  route 3.548ns (84.678%))
  Logic Levels:           1  (LUT1=1)
  Clock Path Skew:        -0.346ns (DCD - SCD + CPR)
    Destination Clock Delay (DCD):    2.662ns
    Source Clock Delay      (SCD):    3.008ns
    Clock Pessimism Removal (CPR):    0.000ns
  Clock Uncertainty:      0.154ns  ((TSJ^2 + TIJ^2)^1/2 + DJ) / 2 + PE
    Total System Jitter     (TSJ):    0.071ns
    Total Input Jitter      (TIJ):    0.300ns
    Discrete Jitter          (DJ):    0.000ns
    Phase Error              (PE):    0.000ns
  Timing Exception:       False Path

    Location             Delay type                Incr(ns)  Path(ns)    Netlist Resource(s)
  -------------------------------------------------------------------    -------------------
                         (clock clk_fpga_0 rise edge)
                                                      0.000     0.000 r  
    PS7_X0Y0             PS7                          0.000     0.000 r  top_i/zynq_ps/inst/PS7_i/FCLKCLK[0]
                         net (fo=1, routed)           1.193     1.193    top_i/zynq_ps/inst/FCLK_CLK_unbuffered[0]
    BUFGCTRL_X0Y16       BUFG (Prop_bufg_I_O)         0.101     1.294 r  top_i/zynq_ps/inst/buffer_fclk_clk_0.FCLK_CLK_0_BUFG/O
                         net (fo=52935, routed)       1.714     3.008    top_i/smartconnect_0/inst/clk_map/psr_aclk/U0/aclk
    SLICE_X66Y92         FDRE                                         r  top_i/smartconnect_0/inst/clk_map/psr_aclk/U0/ACTIVE_LOW_BSR_OUT_DFF[0].FDRE_BSR_N/C
  -------------------------------------------------------------------    -------------------
    SLICE_X66Y92         FDRE (Prop_fdre_C_Q)         0.518     3.526 r  top_i/smartconnect_0/inst/clk_map/psr_aclk/U0/ACTIVE_LOW_BSR_OUT_DFF[0].FDRE_BSR_N/Q
                         net (fo=22, routed)          2.708     6.234    top_i/smartconnect_0/inst/s00_nodes/s00_r_node/inst/s_sc_xpm_cdc_async_rst_inst/src_arst
    SLICE_X53Y51         LUT1 (Prop_lut1_I0_O)        0.124     6.358 f  top_i/smartconnect_0/inst/s00_nodes/s00_r_node/inst/s_sc_xpm_cdc_async_rst_inst/arststages_ff[2]_i_1/O
                         net (fo=3, routed)           0.840     7.198    top_i/smartconnect_0/inst/s00_nodes/s00_r_node/inst/s_sc_xpm_cdc_async_rst_inst/reset_pol
    SLICE_X52Y48         FDCE                                         f  top_i/smartconnect_0/inst/s00_nodes/s00_r_node/inst/s_sc_xpm_cdc_async_rst_inst/arststages_ff_reg[1]/CLR
  -------------------------------------------------------------------    -------------------

                         (clock clk_fpga_0 rise edge)
                                                      0.000     0.000 r  
    PS7_X0Y0             PS7                          0.000     0.000 r  top_i/zynq_ps/inst/PS7_i/FCLKCLK[0]
                         net (fo=1, routed)           1.088     1.088    top_i/zynq_ps/inst/FCLK_CLK_unbuffered[0]
    BUFGCTRL_X0Y16       BUFG (Prop_bufg_I_O)         0.091     1.179 r  top_i/zynq_ps/inst/buffer_fclk_clk_0.FCLK_CLK_0_BUFG/O
                         net (fo=52935, routed)       1.483     2.662    top_i/smartconnect_0/inst/s00_nodes/s00_r_node/inst/s_sc_xpm_cdc_async_rst_inst/dest_clk
    SLICE_X52Y48         FDCE                                         r  top_i/smartconnect_0/inst/s00_nodes/s00_r_node/inst/s_sc_xpm_cdc_async_rst_inst/arststages_ff_reg[1]/C

Slack:                    inf
  Source:                 top_i/smartconnect_0/inst/clk_map/psr_aclk/U0/ACTIVE_LOW_BSR_OUT_DFF[0].FDRE_BSR_N/C
                            (rising edge-triggered cell FDRE clocked by clk_fpga_0  {rise@0.000ns fall@5.000ns period=10.000ns})
  Destination:            top_i/smartconnect_0/inst/s00_nodes/s00_r_node/inst/s_sc_xpm_cdc_async_rst_inst/arststages_ff_reg[2]/CLR
                            (recovery check against rising-edge clock clk_fpga_0  {rise@0.000ns fall@5.000ns period=10.000ns})
  Path Group:             (none)
  Path Type:              Recovery (Max at Slow Process Corner)
  Data Path Delay:        4.190ns  (logic 0.642ns (15.322%)  route 3.548ns (84.678%))
  Logic Levels:           1  (LUT1=1)
  Clock Path Skew:        -0.346ns (DCD - SCD + CPR)
    Destination Clock Delay (DCD):    2.662ns
    Source Clock Delay      (SCD):    3.008ns
    Clock Pessimism Removal (CPR):    0.000ns
  Clock Uncertainty:      0.154ns  ((TSJ^2 + TIJ^2)^1/2 + DJ) / 2 + PE
    Total System Jitter     (TSJ):    0.071ns
    Total Input Jitter      (TIJ):    0.300ns
    Discrete Jitter          (DJ):    0.000ns
    Phase Error              (PE):    0.000ns
  Timing Exception:       False Path

    Location             Delay type                Incr(ns)  Path(ns)    Netlist Resource(s)
  -------------------------------------------------------------------    -------------------
                         (clock clk_fpga_0 rise edge)
                                                      0.000     0.000 r  
    PS7_X0Y0             PS7                          0.000     0.000 r  top_i/zynq_ps/inst/PS7_i/FCLKCLK[0]
                         net (fo=1, routed)           1.193     1.193    top_i/zynq_ps/inst/FCLK_CLK_unbuffered[0]
    BUFGCTRL_X0Y16       BUFG (Prop_bufg_I_O)         0.101     1.294 r  top_i/zynq_ps/inst/buffer_fclk_clk_0.FCLK_CLK_0_BUFG/O
                         net (fo=52935, routed)       1.714     3.008    top_i/smartconnect_0/inst/clk_map/psr_aclk/U0/aclk
    SLICE_X66Y92         FDRE                                         r  top_i/smartconnect_0/inst/clk_map/psr_aclk/U0/ACTIVE_LOW_BSR_OUT_DFF[0].FDRE_BSR_N/C
  -------------------------------------------------------------------    -------------------
    SLICE_X66Y92         FDRE (Prop_fdre_C_Q)         0.518     3.526 r  top_i/smartconnect_0/inst/clk_map/psr_aclk/U0/ACTIVE_LOW_BSR_OUT_DFF[0].FDRE_BSR_N/Q
                         net (fo=22, routed)          2.708     6.234    top_i/smartconnect_0/inst/s00_nodes/s00_r_node/inst/s_sc_xpm_cdc_async_rst_inst/src_arst
    SLICE_X53Y51         LUT1 (Prop_lut1_I0_O)        0.124     6.358 f  top_i/smartconnect_0/inst/s00_nodes/s00_r_node/inst/s_sc_xpm_cdc_async_rst_inst/arststages_ff[2]_i_1/O
                         net (fo=3, routed)           0.840     7.198    top_i/smartconnect_0/inst/s00_nodes/s00_r_node/inst/s_sc_xpm_cdc_async_rst_inst/reset_pol
    SLICE_X52Y48         FDCE                                         f  top_i/smartconnect_0/inst/s00_nodes/s00_r_node/inst/s_sc_xpm_cdc_async_rst_inst/arststages_ff_reg[2]/CLR
  -------------------------------------------------------------------    -------------------

                         (clock clk_fpga_0 rise edge)
                                                      0.000     0.000 r  
    PS7_X0Y0             PS7                          0.000     0.000 r  top_i/zynq_ps/inst/PS7_i/FCLKCLK[0]
                         net (fo=1, routed)           1.088     1.088    top_i/zynq_ps/inst/FCLK_CLK_unbuffered[0]
    BUFGCTRL_X0Y16       BUFG (Prop_bufg_I_O)         0.091     1.179 r  top_i/zynq_ps/inst/buffer_fclk_clk_0.FCLK_CLK_0_BUFG/O
                         net (fo=52935, routed)       1.483     2.662    top_i/smartconnect_0/inst/s00_nodes/s00_r_node/inst/s_sc_xpm_cdc_async_rst_inst/dest_clk
    SLICE_X52Y48         FDCE                                         r  top_i/smartconnect_0/inst/s00_nodes/s00_r_node/inst/s_sc_xpm_cdc_async_rst_inst/arststages_ff_reg[2]/C

Slack:                    inf
  Source:                 top_i/smartconnect_0/inst/clk_map/psr_aclk/U0/ACTIVE_LOW_BSR_OUT_DFF[0].FDRE_BSR_N/C
                            (rising edge-triggered cell FDRE clocked by clk_fpga_0  {rise@0.000ns fall@5.000ns period=10.000ns})
  Destination:            top_i/smartconnect_0/inst/s01_nodes/s01_r_node/inst/s_sc_xpm_cdc_async_rst_inst/arststages_ff_reg[0]/CLR
                            (recovery check against rising-edge clock clk_fpga_0  {rise@0.000ns fall@5.000ns period=10.000ns})
  Path Group:             (none)
  Path Type:              Recovery (Max at Slow Process Corner)
  Data Path Delay:        3.952ns  (logic 0.671ns (16.979%)  route 3.281ns (83.021%))
  Logic Levels:           1  (LUT1=1)
  Clock Path Skew:        -0.362ns (DCD - SCD + CPR)
    Destination Clock Delay (DCD):    2.646ns
    Source Clock Delay      (SCD):    3.008ns
    Clock Pessimism Removal (CPR):    0.000ns
  Clock Uncertainty:      0.154ns  ((TSJ^2 + TIJ^2)^1/2 + DJ) / 2 + PE
    Total System Jitter     (TSJ):    0.071ns
    Total Input Jitter      (TIJ):    0.300ns
    Discrete Jitter          (DJ):    0.000ns
    Phase Error              (PE):    0.000ns
  Timing Exception:       False Path

    Location             Delay type                Incr(ns)  Path(ns)    Netlist Resource(s)
  -------------------------------------------------------------------    -------------------
                         (clock clk_fpga_0 rise edge)
                                                      0.000     0.000 r  
    PS7_X0Y0             PS7                          0.000     0.000 r  top_i/zynq_ps/inst/PS7_i/FCLKCLK[0]
                         net (fo=1, routed)           1.193     1.193    top_i/zynq_ps/inst/FCLK_CLK_unbuffered[0]
    BUFGCTRL_X0Y16       BUFG (Prop_bufg_I_O)         0.101     1.294 r  top_i/zynq_ps/inst/buffer_fclk_clk_0.FCLK_CLK_0_BUFG/O
                         net (fo=52935, routed)       1.714     3.008    top_i/smartconnect_0/inst/clk_map/psr_aclk/U0/aclk
    SLICE_X66Y92         FDRE                                         r  top_i/smartconnect_0/inst/clk_map/psr_aclk/U0/ACTIVE_LOW_BSR_OUT_DFF[0].FDRE_BSR_N/C
  -------------------------------------------------------------------    -------------------
    SLICE_X66Y92         FDRE (Prop_fdre_C_Q)         0.518     3.526 r  top_i/smartconnect_0/inst/clk_map/psr_aclk/U0/ACTIVE_LOW_BSR_OUT_DFF[0].FDRE_BSR_N/Q
                         net (fo=22, routed)          2.708     6.234    top_i/smartconnect_0/inst/s01_nodes/s01_r_node/inst/s_sc_xpm_cdc_async_rst_inst/src_arst
    SLICE_X53Y51         LUT1 (Prop_lut1_I0_O)        0.153     6.387 f  top_i/smartconnect_0/inst/s01_nodes/s01_r_node/inst/s_sc_xpm_cdc_async_rst_inst/arststages_ff[2]_i_1/O
                         net (fo=3, routed)           0.573     6.960    top_i/smartconnect_0/inst/s01_nodes/s01_r_node/inst/s_sc_xpm_cdc_async_rst_inst/reset_pol
    SLICE_X53Y51         FDCE                                         f  top_i/smartconnect_0/inst/s01_nodes/s01_r_node/inst/s_sc_xpm_cdc_async_rst_inst/arststages_ff_reg[0]/CLR
  -------------------------------------------------------------------    -------------------

                         (clock clk_fpga_0 rise edge)
                                                      0.000     0.000 r  
    PS7_X0Y0             PS7                          0.000     0.000 r  top_i/zynq_ps/inst/PS7_i/FCLKCLK[0]
                         net (fo=1, routed)           1.088     1.088    top_i/zynq_ps/inst/FCLK_CLK_unbuffered[0]
    BUFGCTRL_X0Y16       BUFG (Prop_bufg_I_O)         0.091     1.179 r  top_i/zynq_ps/inst/buffer_fclk_clk_0.FCLK_CLK_0_BUFG/O
                         net (fo=52935, routed)       1.467     2.646    top_i/smartconnect_0/inst/s01_nodes/s01_r_node/inst/s_sc_xpm_cdc_async_rst_inst/dest_clk
    SLICE_X53Y51         FDCE                                         r  top_i/smartconnect_0/inst/s01_nodes/s01_r_node/inst/s_sc_xpm_cdc_async_rst_inst/arststages_ff_reg[0]/C





Min Delay Paths
--------------------------------------------------------------------------------------
Slack:                    inf
  Source:                 top_i/smartconnect_0/inst/clk_map/psr_aclk/U0/ACTIVE_LOW_BSR_OUT_DFF[0].FDRE_BSR_N/C
                            (rising edge-triggered cell FDRE clocked by clk_fpga_0  {rise@0.000ns fall@5.000ns period=10.000ns})
  Destination:            top_i/smartconnect_0/inst/s01_nodes/s01_b_node/inst/s_sc_xpm_cdc_async_rst_inst/arststages_ff_reg[0]/CLR
                            (removal check against rising-edge clock clk_fpga_0  {rise@0.000ns fall@5.000ns period=10.000ns})
  Path Group:             (none)
  Path Type:              Removal (Min at Fast Process Corner)
  Data Path Delay:        0.747ns  (logic 0.215ns (28.788%)  route 0.532ns (71.212%))
  Logic Levels:           1  (LUT1=1)
  Clock Path Skew:        0.299ns (DCD - SCD - CPR)
    Destination Clock Delay (DCD):    1.213ns
    Source Clock Delay      (SCD):    0.914ns
    Clock Pessimism Removal (CPR):    -0.000ns
  Clock Uncertainty:      0.154ns  ((TSJ^2 + TIJ^2)^1/2 + DJ) / 2 + PE
    Total System Jitter     (TSJ):    0.071ns
    Total Input Jitter      (TIJ):    0.300ns
    Discrete Jitter          (DJ):    0.000ns
    Phase Error              (PE):    0.000ns
  Timing Exception:       False Path

    Location             Delay type                Incr(ns)  Path(ns)    Netlist Resource(s)
  -------------------------------------------------------------------    -------------------
                         (clock clk_fpga_0 rise edge)
                                                      0.000     0.000 r  
    PS7_X0Y0             PS7                          0.000     0.000 r  top_i/zynq_ps/inst/PS7_i/FCLKCLK[0]
                         net (fo=1, routed)           0.310     0.310    top_i/zynq_ps/inst/FCLK_CLK_unbuffered[0]
    BUFGCTRL_X0Y16       BUFG (Prop_bufg_I_O)         0.026     0.336 r  top_i/zynq_ps/inst/buffer_fclk_clk_0.FCLK_CLK_0_BUFG/O
                         net (fo=52935, routed)       0.578     0.914    top_i/smartconnect_0/inst/clk_map/psr_aclk/U0/aclk
    SLICE_X66Y92         FDRE                                         r  top_i/smartconnect_0/inst/clk_map/psr_aclk/U0/ACTIVE_LOW_BSR_OUT_DFF[0].FDRE_BSR_N/C
  -------------------------------------------------------------------    -------------------
    SLICE_X66Y92         FDRE (Prop_fdre_C_Q)         0.164     1.078 r  top_i/smartconnect_0/inst/clk_map/psr_aclk/U0/ACTIVE_LOW_BSR_OUT_DFF[0].FDRE_BSR_N/Q
                         net (fo=22, routed)          0.299     1.377    top_i/smartconnect_0/inst/s01_nodes/s01_b_node/inst/s_sc_xpm_cdc_async_rst_inst/src_arst
    SLICE_X63Y89         LUT1 (Prop_lut1_I0_O)        0.051     1.428 f  top_i/smartconnect_0/inst/s01_nodes/s01_b_node/inst/s_sc_xpm_cdc_async_rst_inst/arststages_ff[2]_i_1/O
                         net (fo=3, routed)           0.233     1.660    top_i/smartconnect_0/inst/s01_nodes/s01_b_node/inst/s_sc_xpm_cdc_async_rst_inst/reset_pol
    SLICE_X63Y90         FDCE                                         f  top_i/smartconnect_0/inst/s01_nodes/s01_b_node/inst/s_sc_xpm_cdc_async_rst_inst/arststages_ff_reg[0]/CLR
  -------------------------------------------------------------------    -------------------

                         (clock clk_fpga_0 rise edge)
                                                      0.000     0.000 r  
    PS7_X0Y0             PS7                          0.000     0.000 r  top_i/zynq_ps/inst/PS7_i/FCLKCLK[0]
                         net (fo=1, routed)           0.337     0.337    top_i/zynq_ps/inst/FCLK_CLK_unbuffered[0]
    BUFGCTRL_X0Y16       BUFG (Prop_bufg_I_O)         0.029     0.366 r  top_i/zynq_ps/inst/buffer_fclk_clk_0.FCLK_CLK_0_BUFG/O
                         net (fo=52935, routed)       0.847     1.213    top_i/smartconnect_0/inst/s01_nodes/s01_b_node/inst/s_sc_xpm_cdc_async_rst_inst/dest_clk
    SLICE_X63Y90         FDCE                                         r  top_i/smartconnect_0/inst/s01_nodes/s01_b_node/inst/s_sc_xpm_cdc_async_rst_inst/arststages_ff_reg[0]/C

Slack:                    inf
  Source:                 top_i/smartconnect_0/inst/clk_map/psr_aclk/U0/ACTIVE_LOW_BSR_OUT_DFF[0].FDRE_BSR_N/C
                            (rising edge-triggered cell FDRE clocked by clk_fpga_0  {rise@0.000ns fall@5.000ns period=10.000ns})
  Destination:            top_i/smartconnect_0/inst/s01_nodes/s01_b_node/inst/s_sc_xpm_cdc_async_rst_inst/arststages_ff_reg[1]/CLR
                            (removal check against rising-edge clock clk_fpga_0  {rise@0.000ns fall@5.000ns period=10.000ns})
  Path Group:             (none)
  Path Type:              Removal (Min at Fast Process Corner)
  Data Path Delay:        0.747ns  (logic 0.215ns (28.788%)  route 0.532ns (71.212%))
  Logic Levels:           1  (LUT1=1)
  Clock Path Skew:        0.299ns (DCD - SCD - CPR)
    Destination Clock Delay (DCD):    1.213ns
    Source Clock Delay      (SCD):    0.914ns
    Clock Pessimism Removal (CPR):    -0.000ns
  Clock Uncertainty:      0.154ns  ((TSJ^2 + TIJ^2)^1/2 + DJ) / 2 + PE
    Total System Jitter     (TSJ):    0.071ns
    Total Input Jitter      (TIJ):    0.300ns
    Discrete Jitter          (DJ):    0.000ns
    Phase Error              (PE):    0.000ns
  Timing Exception:       False Path

    Location             Delay type                Incr(ns)  Path(ns)    Netlist Resource(s)
  -------------------------------------------------------------------    -------------------
                         (clock clk_fpga_0 rise edge)
                                                      0.000     0.000 r  
    PS7_X0Y0             PS7                          0.000     0.000 r  top_i/zynq_ps/inst/PS7_i/FCLKCLK[0]
                         net (fo=1, routed)           0.310     0.310    top_i/zynq_ps/inst/FCLK_CLK_unbuffered[0]
    BUFGCTRL_X0Y16       BUFG (Prop_bufg_I_O)         0.026     0.336 r  top_i/zynq_ps/inst/buffer_fclk_clk_0.FCLK_CLK_0_BUFG/O
                         net (fo=52935, routed)       0.578     0.914    top_i/smartconnect_0/inst/clk_map/psr_aclk/U0/aclk
    SLICE_X66Y92         FDRE                                         r  top_i/smartconnect_0/inst/clk_map/psr_aclk/U0/ACTIVE_LOW_BSR_OUT_DFF[0].FDRE_BSR_N/C
  -------------------------------------------------------------------    -------------------
    SLICE_X66Y92         FDRE (Prop_fdre_C_Q)         0.164     1.078 r  top_i/smartconnect_0/inst/clk_map/psr_aclk/U0/ACTIVE_LOW_BSR_OUT_DFF[0].FDRE_BSR_N/Q
                         net (fo=22, routed)          0.299     1.377    top_i/smartconnect_0/inst/s01_nodes/s01_b_node/inst/s_sc_xpm_cdc_async_rst_inst/src_arst
    SLICE_X63Y89         LUT1 (Prop_lut1_I0_O)        0.051     1.428 f  top_i/smartconnect_0/inst/s01_nodes/s01_b_node/inst/s_sc_xpm_cdc_async_rst_inst/arststages_ff[2]_i_1/O
                         net (fo=3, routed)           0.233     1.660    top_i/smartconnect_0/inst/s01_nodes/s01_b_node/inst/s_sc_xpm_cdc_async_rst_inst/reset_pol
    SLICE_X63Y90         FDCE                                         f  top_i/smartconnect_0/inst/s01_nodes/s01_b_node/inst/s_sc_xpm_cdc_async_rst_inst/arststages_ff_reg[1]/CLR
  -------------------------------------------------------------------    -------------------

                         (clock clk_fpga_0 rise edge)
                                                      0.000     0.000 r  
    PS7_X0Y0             PS7                          0.000     0.000 r  top_i/zynq_ps/inst/PS7_i/FCLKCLK[0]
                         net (fo=1, routed)           0.337     0.337    top_i/zynq_ps/inst/FCLK_CLK_unbuffered[0]
    BUFGCTRL_X0Y16       BUFG (Prop_bufg_I_O)         0.029     0.366 r  top_i/zynq_ps/inst/buffer_fclk_clk_0.FCLK_CLK_0_BUFG/O
                         net (fo=52935, routed)       0.847     1.213    top_i/smartconnect_0/inst/s01_nodes/s01_b_node/inst/s_sc_xpm_cdc_async_rst_inst/dest_clk
    SLICE_X63Y90         FDCE                                         r  top_i/smartconnect_0/inst/s01_nodes/s01_b_node/inst/s_sc_xpm_cdc_async_rst_inst/arststages_ff_reg[1]/C

Slack:                    inf
  Source:                 top_i/smartconnect_0/inst/clk_map/psr_aclk/U0/ACTIVE_LOW_BSR_OUT_DFF[0].FDRE_BSR_N/C
                            (rising edge-triggered cell FDRE clocked by clk_fpga_0  {rise@0.000ns fall@5.000ns period=10.000ns})
  Destination:            top_i/smartconnect_0/inst/s01_nodes/s01_b_node/inst/s_sc_xpm_cdc_async_rst_inst/arststages_ff_reg[2]/CLR
                            (removal check against rising-edge clock clk_fpga_0  {rise@0.000ns fall@5.000ns period=10.000ns})
  Path Group:             (none)
  Path Type:              Removal (Min at Fast Process Corner)
  Data Path Delay:        0.747ns  (logic 0.215ns (28.788%)  route 0.532ns (71.212%))
  Logic Levels:           1  (LUT1=1)
  Clock Path Skew:        0.299ns (DCD - SCD - CPR)
    Destination Clock Delay (DCD):    1.213ns
    Source Clock Delay      (SCD):    0.914ns
    Clock Pessimism Removal (CPR):    -0.000ns
  Clock Uncertainty:      0.154ns  ((TSJ^2 + TIJ^2)^1/2 + DJ) / 2 + PE
    Total System Jitter     (TSJ):    0.071ns
    Total Input Jitter      (TIJ):    0.300ns
    Discrete Jitter          (DJ):    0.000ns
    Phase Error              (PE):    0.000ns
  Timing Exception:       False Path

    Location             Delay type                Incr(ns)  Path(ns)    Netlist Resource(s)
  -------------------------------------------------------------------    -------------------
                         (clock clk_fpga_0 rise edge)
                                                      0.000     0.000 r  
    PS7_X0Y0             PS7                          0.000     0.000 r  top_i/zynq_ps/inst/PS7_i/FCLKCLK[0]
                         net (fo=1, routed)           0.310     0.310    top_i/zynq_ps/inst/FCLK_CLK_unbuffered[0]
    BUFGCTRL_X0Y16       BUFG (Prop_bufg_I_O)         0.026     0.336 r  top_i/zynq_ps/inst/buffer_fclk_clk_0.FCLK_CLK_0_BUFG/O
                         net (fo=52935, routed)       0.578     0.914    top_i/smartconnect_0/inst/clk_map/psr_aclk/U0/aclk
    SLICE_X66Y92         FDRE                                         r  top_i/smartconnect_0/inst/clk_map/psr_aclk/U0/ACTIVE_LOW_BSR_OUT_DFF[0].FDRE_BSR_N/C
  -------------------------------------------------------------------    -------------------
    SLICE_X66Y92         FDRE (Prop_fdre_C_Q)         0.164     1.078 r  top_i/smartconnect_0/inst/clk_map/psr_aclk/U0/ACTIVE_LOW_BSR_OUT_DFF[0].FDRE_BSR_N/Q
                         net (fo=22, routed)          0.299     1.377    top_i/smartconnect_0/inst/s01_nodes/s01_b_node/inst/s_sc_xpm_cdc_async_rst_inst/src_arst
    SLICE_X63Y89         LUT1 (Prop_lut1_I0_O)        0.051     1.428 f  top_i/smartconnect_0/inst/s01_nodes/s01_b_node/inst/s_sc_xpm_cdc_async_rst_inst/arststages_ff[2]_i_1/O
                         net (fo=3, routed)           0.233     1.660    top_i/smartconnect_0/inst/s01_nodes/s01_b_node/inst/s_sc_xpm_cdc_async_rst_inst/reset_pol
    SLICE_X63Y90         FDCE                                         f  top_i/smartconnect_0/inst/s01_nodes/s01_b_node/inst/s_sc_xpm_cdc_async_rst_inst/arststages_ff_reg[2]/CLR
  -------------------------------------------------------------------    -------------------

                         (clock clk_fpga_0 rise edge)
                                                      0.000     0.000 r  
    PS7_X0Y0             PS7                          0.000     0.000 r  top_i/zynq_ps/inst/PS7_i/FCLKCLK[0]
                         net (fo=1, routed)           0.337     0.337    top_i/zynq_ps/inst/FCLK_CLK_unbuffered[0]
    BUFGCTRL_X0Y16       BUFG (Prop_bufg_I_O)         0.029     0.366 r  top_i/zynq_ps/inst/buffer_fclk_clk_0.FCLK_CLK_0_BUFG/O
                         net (fo=52935, routed)       0.847     1.213    top_i/smartconnect_0/inst/s01_nodes/s01_b_node/inst/s_sc_xpm_cdc_async_rst_inst/dest_clk
    SLICE_X63Y90         FDCE                                         r  top_i/smartconnect_0/inst/s01_nodes/s01_b_node/inst/s_sc_xpm_cdc_async_rst_inst/arststages_ff_reg[2]/C

Slack:                    inf
  Source:                 top_i/smartconnect_0/inst/clk_map/psr_aclk/U0/ACTIVE_LOW_BSR_OUT_DFF[0].FDRE_BSR_N/C
                            (rising edge-triggered cell FDRE clocked by clk_fpga_0  {rise@0.000ns fall@5.000ns period=10.000ns})
  Destination:            top_i/smartconnect_0/inst/s01_entry_pipeline/s01_si_converter/inst/xpm_cdc_async_rst_inst/arststages_ff_reg[0]/CLR
                            (removal check against rising-edge clock clk_fpga_0  {rise@0.000ns fall@5.000ns period=10.000ns})
  Path Group:             (none)
  Path Type:              Removal (Min at Fast Process Corner)
  Data Path Delay:        0.773ns  (logic 0.208ns (26.903%)  route 0.565ns (73.097%))
  Logic Levels:           1  (LUT1=1)
  Clock Path Skew:        0.296ns (DCD - SCD - CPR)
    Destination Clock Delay (DCD):    1.210ns
    Source Clock Delay      (SCD):    0.914ns
    Clock Pessimism Removal (CPR):    -0.000ns
  Clock Uncertainty:      0.154ns  ((TSJ^2 + TIJ^2)^1/2 + DJ) / 2 + PE
    Total System Jitter     (TSJ):    0.071ns
    Total Input Jitter      (TIJ):    0.300ns
    Discrete Jitter          (DJ):    0.000ns
    Phase Error              (PE):    0.000ns
  Timing Exception:       False Path

    Location             Delay type                Incr(ns)  Path(ns)    Netlist Resource(s)
  -------------------------------------------------------------------    -------------------
                         (clock clk_fpga_0 rise edge)
                                                      0.000     0.000 r  
    PS7_X0Y0             PS7                          0.000     0.000 r  top_i/zynq_ps/inst/PS7_i/FCLKCLK[0]
                         net (fo=1, routed)           0.310     0.310    top_i/zynq_ps/inst/FCLK_CLK_unbuffered[0]
    BUFGCTRL_X0Y16       BUFG (Prop_bufg_I_O)         0.026     0.336 r  top_i/zynq_ps/inst/buffer_fclk_clk_0.FCLK_CLK_0_BUFG/O
                         net (fo=52935, routed)       0.578     0.914    top_i/smartconnect_0/inst/clk_map/psr_aclk/U0/aclk
    SLICE_X66Y92         FDRE                                         r  top_i/smartconnect_0/inst/clk_map/psr_aclk/U0/ACTIVE_LOW_BSR_OUT_DFF[0].FDRE_BSR_N/C
  -------------------------------------------------------------------    -------------------
    SLICE_X66Y92         FDRE (Prop_fdre_C_Q)         0.164     1.078 r  top_i/smartconnect_0/inst/clk_map/psr_aclk/U0/ACTIVE_LOW_BSR_OUT_DFF[0].FDRE_BSR_N/Q
                         net (fo=22, routed)          0.388     1.466    top_i/smartconnect_0/inst/s01_entry_pipeline/s01_si_converter/inst/xpm_cdc_async_rst_inst/src_arst
    SLICE_X62Y87         LUT1 (Prop_lut1_I0_O)        0.044     1.510 f  top_i/smartconnect_0/inst/s01_entry_pipeline/s01_si_converter/inst/xpm_cdc_async_rst_inst/arststages_ff[2]_i_1/O
                         net (fo=3, routed)           0.177     1.687    top_i/smartconnect_0/inst/s01_entry_pipeline/s01_si_converter/inst/xpm_cdc_async_rst_inst/reset_pol
    SLICE_X62Y87         FDCE                                         f  top_i/smartconnect_0/inst/s01_entry_pipeline/s01_si_converter/inst/xpm_cdc_async_rst_inst/arststages_ff_reg[0]/CLR
  -------------------------------------------------------------------    -------------------

                         (clock clk_fpga_0 rise edge)
                                                      0.000     0.000 r  
    PS7_X0Y0             PS7                          0.000     0.000 r  top_i/zynq_ps/inst/PS7_i/FCLKCLK[0]
                         net (fo=1, routed)           0.337     0.337    top_i/zynq_ps/inst/FCLK_CLK_unbuffered[0]
    BUFGCTRL_X0Y16       BUFG (Prop_bufg_I_O)         0.029     0.366 r  top_i/zynq_ps/inst/buffer_fclk_clk_0.FCLK_CLK_0_BUFG/O
                         net (fo=52935, routed)       0.844     1.210    top_i/smartconnect_0/inst/s01_entry_pipeline/s01_si_converter/inst/xpm_cdc_async_rst_inst/dest_clk
    SLICE_X62Y87         FDCE                                         r  top_i/smartconnect_0/inst/s01_entry_pipeline/s01_si_converter/inst/xpm_cdc_async_rst_inst/arststages_ff_reg[0]/C

Slack:                    inf
  Source:                 top_i/smartconnect_0/inst/clk_map/psr_aclk/U0/ACTIVE_LOW_BSR_OUT_DFF[0].FDRE_BSR_N/C
                            (rising edge-triggered cell FDRE clocked by clk_fpga_0  {rise@0.000ns fall@5.000ns period=10.000ns})
  Destination:            top_i/smartconnect_0/inst/s01_entry_pipeline/s01_si_converter/inst/xpm_cdc_async_rst_inst/arststages_ff_reg[1]/CLR
                            (removal check against rising-edge clock clk_fpga_0  {rise@0.000ns fall@5.000ns period=10.000ns})
  Path Group:             (none)
  Path Type:              Removal (Min at Fast Process Corner)
  Data Path Delay:        0.773ns  (logic 0.208ns (26.903%)  route 0.565ns (73.097%))
  Logic Levels:           1  (LUT1=1)
  Clock Path Skew:        0.296ns (DCD - SCD - CPR)
    Destination Clock Delay (DCD):    1.210ns
    Source Clock Delay      (SCD):    0.914ns
    Clock Pessimism Removal (CPR):    -0.000ns
  Clock Uncertainty:      0.154ns  ((TSJ^2 + TIJ^2)^1/2 + DJ) / 2 + PE
    Total System Jitter     (TSJ):    0.071ns
    Total Input Jitter      (TIJ):    0.300ns
    Discrete Jitter          (DJ):    0.000ns
    Phase Error              (PE):    0.000ns
  Timing Exception:       False Path

    Location             Delay type                Incr(ns)  Path(ns)    Netlist Resource(s)
  -------------------------------------------------------------------    -------------------
                         (clock clk_fpga_0 rise edge)
                                                      0.000     0.000 r  
    PS7_X0Y0             PS7                          0.000     0.000 r  top_i/zynq_ps/inst/PS7_i/FCLKCLK[0]
                         net (fo=1, routed)           0.310     0.310    top_i/zynq_ps/inst/FCLK_CLK_unbuffered[0]
    BUFGCTRL_X0Y16       BUFG (Prop_bufg_I_O)         0.026     0.336 r  top_i/zynq_ps/inst/buffer_fclk_clk_0.FCLK_CLK_0_BUFG/O
                         net (fo=52935, routed)       0.578     0.914    top_i/smartconnect_0/inst/clk_map/psr_aclk/U0/aclk
    SLICE_X66Y92         FDRE                                         r  top_i/smartconnect_0/inst/clk_map/psr_aclk/U0/ACTIVE_LOW_BSR_OUT_DFF[0].FDRE_BSR_N/C
  -------------------------------------------------------------------    -------------------
    SLICE_X66Y92         FDRE (Prop_fdre_C_Q)         0.164     1.078 r  top_i/smartconnect_0/inst/clk_map/psr_aclk/U0/ACTIVE_LOW_BSR_OUT_DFF[0].FDRE_BSR_N/Q
                         net (fo=22, routed)          0.388     1.466    top_i/smartconnect_0/inst/s01_entry_pipeline/s01_si_converter/inst/xpm_cdc_async_rst_inst/src_arst
    SLICE_X62Y87         LUT1 (Prop_lut1_I0_O)        0.044     1.510 f  top_i/smartconnect_0/inst/s01_entry_pipeline/s01_si_converter/inst/xpm_cdc_async_rst_inst/arststages_ff[2]_i_1/O
                         net (fo=3, routed)           0.177     1.687    top_i/smartconnect_0/inst/s01_entry_pipeline/s01_si_converter/inst/xpm_cdc_async_rst_inst/reset_pol
    SLICE_X62Y87         FDCE                                         f  top_i/smartconnect_0/inst/s01_entry_pipeline/s01_si_converter/inst/xpm_cdc_async_rst_inst/arststages_ff_reg[1]/CLR
  -------------------------------------------------------------------    -------------------

                         (clock clk_fpga_0 rise edge)
                                                      0.000     0.000 r  
    PS7_X0Y0             PS7                          0.000     0.000 r  top_i/zynq_ps/inst/PS7_i/FCLKCLK[0]
                         net (fo=1, routed)           0.337     0.337    top_i/zynq_ps/inst/FCLK_CLK_unbuffered[0]
    BUFGCTRL_X0Y16       BUFG (Prop_bufg_I_O)         0.029     0.366 r  top_i/zynq_ps/inst/buffer_fclk_clk_0.FCLK_CLK_0_BUFG/O
                         net (fo=52935, routed)       0.844     1.210    top_i/smartconnect_0/inst/s01_entry_pipeline/s01_si_converter/inst/xpm_cdc_async_rst_inst/dest_clk
    SLICE_X62Y87         FDCE                                         r  top_i/smartconnect_0/inst/s01_entry_pipeline/s01_si_converter/inst/xpm_cdc_async_rst_inst/arststages_ff_reg[1]/C

Slack:                    inf
  Source:                 top_i/smartconnect_0/inst/clk_map/psr_aclk/U0/ACTIVE_LOW_BSR_OUT_DFF[0].FDRE_BSR_N/C
                            (rising edge-triggered cell FDRE clocked by clk_fpga_0  {rise@0.000ns fall@5.000ns period=10.000ns})
  Destination:            top_i/smartconnect_0/inst/s01_entry_pipeline/s01_si_converter/inst/xpm_cdc_async_rst_inst/arststages_ff_reg[2]/CLR
                            (removal check against rising-edge clock clk_fpga_0  {rise@0.000ns fall@5.000ns period=10.000ns})
  Path Group:             (none)
  Path Type:              Removal (Min at Fast Process Corner)
  Data Path Delay:        0.773ns  (logic 0.208ns (26.903%)  route 0.565ns (73.097%))
  Logic Levels:           1  (LUT1=1)
  Clock Path Skew:        0.296ns (DCD - SCD - CPR)
    Destination Clock Delay (DCD):    1.210ns
    Source Clock Delay      (SCD):    0.914ns
    Clock Pessimism Removal (CPR):    -0.000ns
  Clock Uncertainty:      0.154ns  ((TSJ^2 + TIJ^2)^1/2 + DJ) / 2 + PE
    Total System Jitter     (TSJ):    0.071ns
    Total Input Jitter      (TIJ):    0.300ns
    Discrete Jitter          (DJ):    0.000ns
    Phase Error              (PE):    0.000ns
  Timing Exception:       False Path

    Location             Delay type                Incr(ns)  Path(ns)    Netlist Resource(s)
  -------------------------------------------------------------------    -------------------
                         (clock clk_fpga_0 rise edge)
                                                      0.000     0.000 r  
    PS7_X0Y0             PS7                          0.000     0.000 r  top_i/zynq_ps/inst/PS7_i/FCLKCLK[0]
                         net (fo=1, routed)           0.310     0.310    top_i/zynq_ps/inst/FCLK_CLK_unbuffered[0]
    BUFGCTRL_X0Y16       BUFG (Prop_bufg_I_O)         0.026     0.336 r  top_i/zynq_ps/inst/buffer_fclk_clk_0.FCLK_CLK_0_BUFG/O
                         net (fo=52935, routed)       0.578     0.914    top_i/smartconnect_0/inst/clk_map/psr_aclk/U0/aclk
    SLICE_X66Y92         FDRE                                         r  top_i/smartconnect_0/inst/clk_map/psr_aclk/U0/ACTIVE_LOW_BSR_OUT_DFF[0].FDRE_BSR_N/C
  -------------------------------------------------------------------    -------------------
    SLICE_X66Y92         FDRE (Prop_fdre_C_Q)         0.164     1.078 r  top_i/smartconnect_0/inst/clk_map/psr_aclk/U0/ACTIVE_LOW_BSR_OUT_DFF[0].FDRE_BSR_N/Q
                         net (fo=22, routed)          0.388     1.466    top_i/smartconnect_0/inst/s01_entry_pipeline/s01_si_converter/inst/xpm_cdc_async_rst_inst/src_arst
    SLICE_X62Y87         LUT1 (Prop_lut1_I0_O)        0.044     1.510 f  top_i/smartconnect_0/inst/s01_entry_pipeline/s01_si_converter/inst/xpm_cdc_async_rst_inst/arststages_ff[2]_i_1/O
                         net (fo=3, routed)           0.177     1.687    top_i/smartconnect_0/inst/s01_entry_pipeline/s01_si_converter/inst/xpm_cdc_async_rst_inst/reset_pol
    SLICE_X62Y87         FDCE                                         f  top_i/smartconnect_0/inst/s01_entry_pipeline/s01_si_converter/inst/xpm_cdc_async_rst_inst/arststages_ff_reg[2]/CLR
  -------------------------------------------------------------------    -------------------

                         (clock clk_fpga_0 rise edge)
                                                      0.000     0.000 r  
    PS7_X0Y0             PS7                          0.000     0.000 r  top_i/zynq_ps/inst/PS7_i/FCLKCLK[0]
                         net (fo=1, routed)           0.337     0.337    top_i/zynq_ps/inst/FCLK_CLK_unbuffered[0]
    BUFGCTRL_X0Y16       BUFG (Prop_bufg_I_O)         0.029     0.366 r  top_i/zynq_ps/inst/buffer_fclk_clk_0.FCLK_CLK_0_BUFG/O
                         net (fo=52935, routed)       0.844     1.210    top_i/smartconnect_0/inst/s01_entry_pipeline/s01_si_converter/inst/xpm_cdc_async_rst_inst/dest_clk
    SLICE_X62Y87         FDCE                                         r  top_i/smartconnect_0/inst/s01_entry_pipeline/s01_si_converter/inst/xpm_cdc_async_rst_inst/arststages_ff_reg[2]/C

Slack:                    inf
  Source:                 top_i/smartconnect_0/inst/clk_map/psr_aclk/U0/ACTIVE_LOW_BSR_OUT_DFF[0].FDRE_BSR_N/C
                            (rising edge-triggered cell FDRE clocked by clk_fpga_0  {rise@0.000ns fall@5.000ns period=10.000ns})
  Destination:            top_i/smartconnect_0/inst/s00_nodes/s00_b_node/inst/s_sc_xpm_cdc_async_rst_inst/arststages_ff_reg[0]/CLR
                            (removal check against rising-edge clock clk_fpga_0  {rise@0.000ns fall@5.000ns period=10.000ns})
  Path Group:             (none)
  Path Type:              Removal (Min at Fast Process Corner)
  Data Path Delay:        0.774ns  (logic 0.209ns (27.012%)  route 0.565ns (72.988%))
  Logic Levels:           1  (LUT1=1)
  Clock Path Skew:        0.298ns (DCD - SCD - CPR)
    Destination Clock Delay (DCD):    1.212ns
    Source Clock Delay      (SCD):    0.914ns
    Clock Pessimism Removal (CPR):    -0.000ns
  Clock Uncertainty:      0.154ns  ((TSJ^2 + TIJ^2)^1/2 + DJ) / 2 + PE
    Total System Jitter     (TSJ):    0.071ns
    Total Input Jitter      (TIJ):    0.300ns
    Discrete Jitter          (DJ):    0.000ns
    Phase Error              (PE):    0.000ns
  Timing Exception:       False Path

    Location             Delay type                Incr(ns)  Path(ns)    Netlist Resource(s)
  -------------------------------------------------------------------    -------------------
                         (clock clk_fpga_0 rise edge)
                                                      0.000     0.000 r  
    PS7_X0Y0             PS7                          0.000     0.000 r  top_i/zynq_ps/inst/PS7_i/FCLKCLK[0]
                         net (fo=1, routed)           0.310     0.310    top_i/zynq_ps/inst/FCLK_CLK_unbuffered[0]
    BUFGCTRL_X0Y16       BUFG (Prop_bufg_I_O)         0.026     0.336 r  top_i/zynq_ps/inst/buffer_fclk_clk_0.FCLK_CLK_0_BUFG/O
                         net (fo=52935, routed)       0.578     0.914    top_i/smartconnect_0/inst/clk_map/psr_aclk/U0/aclk
    SLICE_X66Y92         FDRE                                         r  top_i/smartconnect_0/inst/clk_map/psr_aclk/U0/ACTIVE_LOW_BSR_OUT_DFF[0].FDRE_BSR_N/C
  -------------------------------------------------------------------    -------------------
    SLICE_X66Y92         FDRE (Prop_fdre_C_Q)         0.164     1.078 r  top_i/smartconnect_0/inst/clk_map/psr_aclk/U0/ACTIVE_LOW_BSR_OUT_DFF[0].FDRE_BSR_N/Q
                         net (fo=22, routed)          0.388     1.466    top_i/smartconnect_0/inst/s00_nodes/s00_b_node/inst/s_sc_xpm_cdc_async_rst_inst/src_arst
    SLICE_X62Y87         LUT1 (Prop_lut1_I0_O)        0.045     1.511 f  top_i/smartconnect_0/inst/s00_nodes/s00_b_node/inst/s_sc_xpm_cdc_async_rst_inst/arststages_ff[2]_i_1/O
                         net (fo=3, routed)           0.176     1.687    top_i/smartconnect_0/inst/s00_nodes/s00_b_node/inst/s_sc_xpm_cdc_async_rst_inst/reset_pol
    SLICE_X63Y88         FDCE                                         f  top_i/smartconnect_0/inst/s00_nodes/s00_b_node/inst/s_sc_xpm_cdc_async_rst_inst/arststages_ff_reg[0]/CLR
  -------------------------------------------------------------------    -------------------

                         (clock clk_fpga_0 rise edge)
                                                      0.000     0.000 r  
    PS7_X0Y0             PS7                          0.000     0.000 r  top_i/zynq_ps/inst/PS7_i/FCLKCLK[0]
                         net (fo=1, routed)           0.337     0.337    top_i/zynq_ps/inst/FCLK_CLK_unbuffered[0]
    BUFGCTRL_X0Y16       BUFG (Prop_bufg_I_O)         0.029     0.366 r  top_i/zynq_ps/inst/buffer_fclk_clk_0.FCLK_CLK_0_BUFG/O
                         net (fo=52935, routed)       0.846     1.212    top_i/smartconnect_0/inst/s00_nodes/s00_b_node/inst/s_sc_xpm_cdc_async_rst_inst/dest_clk
    SLICE_X63Y88         FDCE                                         r  top_i/smartconnect_0/inst/s00_nodes/s00_b_node/inst/s_sc_xpm_cdc_async_rst_inst/arststages_ff_reg[0]/C

Slack:                    inf
  Source:                 top_i/smartconnect_0/inst/clk_map/psr_aclk/U0/ACTIVE_LOW_BSR_OUT_DFF[0].FDRE_BSR_N/C
                            (rising edge-triggered cell FDRE clocked by clk_fpga_0  {rise@0.000ns fall@5.000ns period=10.000ns})
  Destination:            top_i/smartconnect_0/inst/s00_nodes/s00_b_node/inst/s_sc_xpm_cdc_async_rst_inst/arststages_ff_reg[1]/CLR
                            (removal check against rising-edge clock clk_fpga_0  {rise@0.000ns fall@5.000ns period=10.000ns})
  Path Group:             (none)
  Path Type:              Removal (Min at Fast Process Corner)
  Data Path Delay:        0.774ns  (logic 0.209ns (27.012%)  route 0.565ns (72.988%))
  Logic Levels:           1  (LUT1=1)
  Clock Path Skew:        0.298ns (DCD - SCD - CPR)
    Destination Clock Delay (DCD):    1.212ns
    Source Clock Delay      (SCD):    0.914ns
    Clock Pessimism Removal (CPR):    -0.000ns
  Clock Uncertainty:      0.154ns  ((TSJ^2 + TIJ^2)^1/2 + DJ) / 2 + PE
    Total System Jitter     (TSJ):    0.071ns
    Total Input Jitter      (TIJ):    0.300ns
    Discrete Jitter          (DJ):    0.000ns
    Phase Error              (PE):    0.000ns
  Timing Exception:       False Path

    Location             Delay type                Incr(ns)  Path(ns)    Netlist Resource(s)
  -------------------------------------------------------------------    -------------------
                         (clock clk_fpga_0 rise edge)
                                                      0.000     0.000 r  
    PS7_X0Y0             PS7                          0.000     0.000 r  top_i/zynq_ps/inst/PS7_i/FCLKCLK[0]
                         net (fo=1, routed)           0.310     0.310    top_i/zynq_ps/inst/FCLK_CLK_unbuffered[0]
    BUFGCTRL_X0Y16       BUFG (Prop_bufg_I_O)         0.026     0.336 r  top_i/zynq_ps/inst/buffer_fclk_clk_0.FCLK_CLK_0_BUFG/O
                         net (fo=52935, routed)       0.578     0.914    top_i/smartconnect_0/inst/clk_map/psr_aclk/U0/aclk
    SLICE_X66Y92         FDRE                                         r  top_i/smartconnect_0/inst/clk_map/psr_aclk/U0/ACTIVE_LOW_BSR_OUT_DFF[0].FDRE_BSR_N/C
  -------------------------------------------------------------------    -------------------
    SLICE_X66Y92         FDRE (Prop_fdre_C_Q)         0.164     1.078 r  top_i/smartconnect_0/inst/clk_map/psr_aclk/U0/ACTIVE_LOW_BSR_OUT_DFF[0].FDRE_BSR_N/Q
                         net (fo=22, routed)          0.388     1.466    top_i/smartconnect_0/inst/s00_nodes/s00_b_node/inst/s_sc_xpm_cdc_async_rst_inst/src_arst
    SLICE_X62Y87         LUT1 (Prop_lut1_I0_O)        0.045     1.511 f  top_i/smartconnect_0/inst/s00_nodes/s00_b_node/inst/s_sc_xpm_cdc_async_rst_inst/arststages_ff[2]_i_1/O
                         net (fo=3, routed)           0.176     1.687    top_i/smartconnect_0/inst/s00_nodes/s00_b_node/inst/s_sc_xpm_cdc_async_rst_inst/reset_pol
    SLICE_X63Y88         FDCE                                         f  top_i/smartconnect_0/inst/s00_nodes/s00_b_node/inst/s_sc_xpm_cdc_async_rst_inst/arststages_ff_reg[1]/CLR
  -------------------------------------------------------------------    -------------------

                         (clock clk_fpga_0 rise edge)
                                                      0.000     0.000 r  
    PS7_X0Y0             PS7                          0.000     0.000 r  top_i/zynq_ps/inst/PS7_i/FCLKCLK[0]
                         net (fo=1, routed)           0.337     0.337    top_i/zynq_ps/inst/FCLK_CLK_unbuffered[0]
    BUFGCTRL_X0Y16       BUFG (Prop_bufg_I_O)         0.029     0.366 r  top_i/zynq_ps/inst/buffer_fclk_clk_0.FCLK_CLK_0_BUFG/O
                         net (fo=52935, routed)       0.846     1.212    top_i/smartconnect_0/inst/s00_nodes/s00_b_node/inst/s_sc_xpm_cdc_async_rst_inst/dest_clk
    SLICE_X63Y88         FDCE                                         r  top_i/smartconnect_0/inst/s00_nodes/s00_b_node/inst/s_sc_xpm_cdc_async_rst_inst/arststages_ff_reg[1]/C

Slack:                    inf
  Source:                 top_i/smartconnect_0/inst/clk_map/psr_aclk/U0/ACTIVE_LOW_BSR_OUT_DFF[0].FDRE_BSR_N/C
                            (rising edge-triggered cell FDRE clocked by clk_fpga_0  {rise@0.000ns fall@5.000ns period=10.000ns})
  Destination:            top_i/smartconnect_0/inst/s00_nodes/s00_b_node/inst/s_sc_xpm_cdc_async_rst_inst/arststages_ff_reg[2]/CLR
                            (removal check against rising-edge clock clk_fpga_0  {rise@0.000ns fall@5.000ns period=10.000ns})
  Path Group:             (none)
  Path Type:              Removal (Min at Fast Process Corner)
  Data Path Delay:        0.774ns  (logic 0.209ns (27.012%)  route 0.565ns (72.988%))
  Logic Levels:           1  (LUT1=1)
  Clock Path Skew:        0.298ns (DCD - SCD - CPR)
    Destination Clock Delay (DCD):    1.212ns
    Source Clock Delay      (SCD):    0.914ns
    Clock Pessimism Removal (CPR):    -0.000ns
  Clock Uncertainty:      0.154ns  ((TSJ^2 + TIJ^2)^1/2 + DJ) / 2 + PE
    Total System Jitter     (TSJ):    0.071ns
    Total Input Jitter      (TIJ):    0.300ns
    Discrete Jitter          (DJ):    0.000ns
    Phase Error              (PE):    0.000ns
  Timing Exception:       False Path

    Location             Delay type                Incr(ns)  Path(ns)    Netlist Resource(s)
  -------------------------------------------------------------------    -------------------
                         (clock clk_fpga_0 rise edge)
                                                      0.000     0.000 r  
    PS7_X0Y0             PS7                          0.000     0.000 r  top_i/zynq_ps/inst/PS7_i/FCLKCLK[0]
                         net (fo=1, routed)           0.310     0.310    top_i/zynq_ps/inst/FCLK_CLK_unbuffered[0]
    BUFGCTRL_X0Y16       BUFG (Prop_bufg_I_O)         0.026     0.336 r  top_i/zynq_ps/inst/buffer_fclk_clk_0.FCLK_CLK_0_BUFG/O
                         net (fo=52935, routed)       0.578     0.914    top_i/smartconnect_0/inst/clk_map/psr_aclk/U0/aclk
    SLICE_X66Y92         FDRE                                         r  top_i/smartconnect_0/inst/clk_map/psr_aclk/U0/ACTIVE_LOW_BSR_OUT_DFF[0].FDRE_BSR_N/C
  -------------------------------------------------------------------    -------------------
    SLICE_X66Y92         FDRE (Prop_fdre_C_Q)         0.164     1.078 r  top_i/smartconnect_0/inst/clk_map/psr_aclk/U0/ACTIVE_LOW_BSR_OUT_DFF[0].FDRE_BSR_N/Q
                         net (fo=22, routed)          0.388     1.466    top_i/smartconnect_0/inst/s00_nodes/s00_b_node/inst/s_sc_xpm_cdc_async_rst_inst/src_arst
    SLICE_X62Y87         LUT1 (Prop_lut1_I0_O)        0.045     1.511 f  top_i/smartconnect_0/inst/s00_nodes/s00_b_node/inst/s_sc_xpm_cdc_async_rst_inst/arststages_ff[2]_i_1/O
                         net (fo=3, routed)           0.176     1.687    top_i/smartconnect_0/inst/s00_nodes/s00_b_node/inst/s_sc_xpm_cdc_async_rst_inst/reset_pol
    SLICE_X63Y88         FDCE                                         f  top_i/smartconnect_0/inst/s00_nodes/s00_b_node/inst/s_sc_xpm_cdc_async_rst_inst/arststages_ff_reg[2]/CLR
  -------------------------------------------------------------------    -------------------

                         (clock clk_fpga_0 rise edge)
                                                      0.000     0.000 r  
    PS7_X0Y0             PS7                          0.000     0.000 r  top_i/zynq_ps/inst/PS7_i/FCLKCLK[0]
                         net (fo=1, routed)           0.337     0.337    top_i/zynq_ps/inst/FCLK_CLK_unbuffered[0]
    BUFGCTRL_X0Y16       BUFG (Prop_bufg_I_O)         0.029     0.366 r  top_i/zynq_ps/inst/buffer_fclk_clk_0.FCLK_CLK_0_BUFG/O
                         net (fo=52935, routed)       0.846     1.212    top_i/smartconnect_0/inst/s00_nodes/s00_b_node/inst/s_sc_xpm_cdc_async_rst_inst/dest_clk
    SLICE_X63Y88         FDCE                                         r  top_i/smartconnect_0/inst/s00_nodes/s00_b_node/inst/s_sc_xpm_cdc_async_rst_inst/arststages_ff_reg[2]/C

Slack:                    inf
  Source:                 top_i/smartconnect_0/inst/clk_map/psr_aclk/U0/ACTIVE_LOW_BSR_OUT_DFF[0].FDRE_BSR_N/C
                            (rising edge-triggered cell FDRE clocked by clk_fpga_0  {rise@0.000ns fall@5.000ns period=10.000ns})
  Destination:            top_i/smartconnect_0/inst/s01_entry_pipeline/s01_transaction_regulator/inst/xpm_cdc_async_rst_inst/arststages_ff_reg[0]/CLR
                            (removal check against rising-edge clock clk_fpga_0  {rise@0.000ns fall@5.000ns period=10.000ns})
  Path Group:             (none)
  Path Type:              Removal (Min at Fast Process Corner)
  Data Path Delay:        0.800ns  (logic 0.209ns (26.133%)  route 0.591ns (73.867%))
  Logic Levels:           1  (LUT1=1)
  Clock Path Skew:        0.298ns (DCD - SCD - CPR)
    Destination Clock Delay (DCD):    1.212ns
    Source Clock Delay      (SCD):    0.914ns
    Clock Pessimism Removal (CPR):    -0.000ns
  Clock Uncertainty:      0.154ns  ((TSJ^2 + TIJ^2)^1/2 + DJ) / 2 + PE
    Total System Jitter     (TSJ):    0.071ns
    Total Input Jitter      (TIJ):    0.300ns
    Discrete Jitter          (DJ):    0.000ns
    Phase Error              (PE):    0.000ns
  Timing Exception:       False Path

    Location             Delay type                Incr(ns)  Path(ns)    Netlist Resource(s)
  -------------------------------------------------------------------    -------------------
                         (clock clk_fpga_0 rise edge)
                                                      0.000     0.000 r  
    PS7_X0Y0             PS7                          0.000     0.000 r  top_i/zynq_ps/inst/PS7_i/FCLKCLK[0]
                         net (fo=1, routed)           0.310     0.310    top_i/zynq_ps/inst/FCLK_CLK_unbuffered[0]
    BUFGCTRL_X0Y16       BUFG (Prop_bufg_I_O)         0.026     0.336 r  top_i/zynq_ps/inst/buffer_fclk_clk_0.FCLK_CLK_0_BUFG/O
                         net (fo=52935, routed)       0.578     0.914    top_i/smartconnect_0/inst/clk_map/psr_aclk/U0/aclk
    SLICE_X66Y92         FDRE                                         r  top_i/smartconnect_0/inst/clk_map/psr_aclk/U0/ACTIVE_LOW_BSR_OUT_DFF[0].FDRE_BSR_N/C
  -------------------------------------------------------------------    -------------------
    SLICE_X66Y92         FDRE (Prop_fdre_C_Q)         0.164     1.078 r  top_i/smartconnect_0/inst/clk_map/psr_aclk/U0/ACTIVE_LOW_BSR_OUT_DFF[0].FDRE_BSR_N/Q
                         net (fo=22, routed)          0.299     1.377    top_i/smartconnect_0/inst/s01_entry_pipeline/s01_transaction_regulator/inst/xpm_cdc_async_rst_inst/src_arst
    SLICE_X63Y89         LUT1 (Prop_lut1_I0_O)        0.045     1.422 f  top_i/smartconnect_0/inst/s01_entry_pipeline/s01_transaction_regulator/inst/xpm_cdc_async_rst_inst/arststages_ff[2]_i_1/O
                         net (fo=3, routed)           0.292     1.713    top_i/smartconnect_0/inst/s01_entry_pipeline/s01_transaction_regulator/inst/xpm_cdc_async_rst_inst/reset_pol
    SLICE_X63Y89         FDCE                                         f  top_i/smartconnect_0/inst/s01_entry_pipeline/s01_transaction_regulator/inst/xpm_cdc_async_rst_inst/arststages_ff_reg[0]/CLR
  -------------------------------------------------------------------    -------------------

                         (clock clk_fpga_0 rise edge)
                                                      0.000     0.000 r  
    PS7_X0Y0             PS7                          0.000     0.000 r  top_i/zynq_ps/inst/PS7_i/FCLKCLK[0]
                         net (fo=1, routed)           0.337     0.337    top_i/zynq_ps/inst/FCLK_CLK_unbuffered[0]
    BUFGCTRL_X0Y16       BUFG (Prop_bufg_I_O)         0.029     0.366 r  top_i/zynq_ps/inst/buffer_fclk_clk_0.FCLK_CLK_0_BUFG/O
                         net (fo=52935, routed)       0.846     1.212    top_i/smartconnect_0/inst/s01_entry_pipeline/s01_transaction_regulator/inst/xpm_cdc_async_rst_inst/dest_clk
    SLICE_X63Y89         FDCE                                         r  top_i/smartconnect_0/inst/s01_entry_pipeline/s01_transaction_regulator/inst/xpm_cdc_async_rst_inst/arststages_ff_reg[0]/C





