#-----------------------------------------------------------
# Vivado v2023.2 (64-bit)
# SW Build 4029153 on Fri Oct 13 20:13:54 MDT 2023
# IP Build 4028589 on Sat Oct 14 00:45:43 MDT 2023
# SharedData Build 4025554 on Tue Oct 10 17:18:54 MDT 2023
# Start of session at: Fri Jul 31 10:30:02 2026
# Process ID: 1042846
# Current directory: /home/neuralnetwork01/Schreibtisch/s7s/nn/task4/FINN_TMP/vivado_stitch_proj_ymcwak5l
# Command line: vivado -mode batch -source make_project.tcl
# Log file: /home/neuralnetwork01/Schreibtisch/s7s/nn/task4/FINN_TMP/vivado_stitch_proj_ymcwak5l/vivado.log
# Journal file: /home/neuralnetwork01/Schreibtisch/s7s/nn/task4/FINN_TMP/vivado_stitch_proj_ymcwak5l/vivado.jou
# Running On: i83labpc01, OS: Linux, CPU Frequency: 4426.653 MHz, CPU Physical cores: 6, Host memory: 16533 MB
#-----------------------------------------------------------
INFO: [Common 17-1239] XILINX_LOCAL_USER_DATA is set to 'no'.
source make_project.tcl
# create_project finn_vivado_stitch_proj /home/neuralnetwork01/Schreibtisch/s7s/nn/task4/FINN_TMP/vivado_stitch_proj_ymcwak5l -part xc7z020clg400-1
create_project: Time (s): cpu = 00:00:05 ; elapsed = 00:00:07 . Memory (MB): peak = 1339.094 ; gain = 31.840 ; free physical = 6616 ; free virtual = 15180
# set_msg_config -id {[BD 41-1753]} -suppress
# set_property ip_repo_paths [list $::env(FINN_RTLLIB)/memstream /home/neuralnetwork01/Schreibtisch/s7s/nn/task4/FINN_TMP/code_gen_ipgen_StreamingFIFO_rtl_0_uen4asfk /home/neuralnetwork01/Schreibtisch/s7s/nn/task4/FINN_TMP/code_gen_ipgen_Thresholding_rtl_0_avsjanfu /home/neuralnetwork01/Schreibtisch/s7s/nn/task4/FINN_TMP/code_gen_ipgen_StreamingFIFO_rtl_1_0laaxf48 /home/neuralnetwork01/Schreibtisch/s7s/nn/task4/FINN_TMP/code_gen_ipgen_FMPadding_rtl_0_2s4g3vyj /home/neuralnetwork01/Schreibtisch/s7s/nn/task4/FINN_TMP/code_gen_ipgen_StreamingFIFO_rtl_2_d8bi16a6 /home/neuralnetwork01/Schreibtisch/s7s/nn/task4/FINN_TMP/code_gen_ipgen_ConvolutionInputGenerator_rtl_0_ufm02qyq /home/neuralnetwork01/Schreibtisch/s7s/nn/task4/FINN_TMP/code_gen_ipgen_StreamingFIFO_rtl_3_hey9v0n4 /home/neuralnetwork01/Schreibtisch/s7s/nn/task4/FINN_TMP/code_gen_ipgen_MVAU_hls_0_xzngz8bl/project_MVAU_hls_0/sol1/impl/ip /home/neuralnetwork01/Schreibtisch/s7s/nn/task4/FINN_TMP/code_gen_ipgen_StreamingFIFO_rtl_4_pdeejws4 /home/neuralnetwork01/Schreibtisch/s7s/nn/task4/FINN_TMP/code_gen_ipgen_ConvolutionInputGenerator_rtl_1_d79hozio /home/neuralnetwork01/Schreibtisch/s7s/nn/task4/FINN_TMP/code_gen_ipgen_StreamingFIFO_rtl_5_ccr6b_15 /home/neuralnetwork01/Schreibtisch/s7s/nn/task4/FINN_TMP/code_gen_ipgen_Pool_hls_0_4pqrp239/project_Pool_hls_0/sol1/impl/ip /home/neuralnetwork01/Schreibtisch/s7s/nn/task4/FINN_TMP/code_gen_ipgen_StreamingFIFO_rtl_6_ps7oo1st /home/neuralnetwork01/Schreibtisch/s7s/nn/task4/FINN_TMP/code_gen_ipgen_FMPadding_rtl_1_vsprdlwa /home/neuralnetwork01/Schreibtisch/s7s/nn/task4/FINN_TMP/code_gen_ipgen_StreamingFIFO_rtl_7_fgpn_bhp /home/neuralnetwork01/Schreibtisch/s7s/nn/task4/FINN_TMP/code_gen_ipgen_ConvolutionInputGenerator_rtl_2_xeh5e4hg /home/neuralnetwork01/Schreibtisch/s7s/nn/task4/FINN_TMP/code_gen_ipgen_StreamingFIFO_rtl_8_v00r85i7 /home/neuralnetwork01/Schreibtisch/s7s/nn/task4/FINN_TMP/code_gen_ipgen_StreamingDataWidthConverter_rtl_0_w8fo7xcf /home/neuralnetwork01/Schreibtisch/s7s/nn/task4/FINN_TMP/code_gen_ipgen_StreamingFIFO_rtl_9_37b_80b8 /home/neuralnetwork01/Schreibtisch/s7s/nn/task4/FINN_TMP/code_gen_ipgen_MVAU_hls_1_dfsd34e_/project_MVAU_hls_1/sol1/impl/ip /home/neuralnetwork01/Schreibtisch/s7s/nn/task4/FINN_TMP/code_gen_ipgen_StreamingFIFO_rtl_10_adbf5x85 /home/neuralnetwork01/Schreibtisch/s7s/nn/task4/FINN_TMP/code_gen_ipgen_StreamingDataWidthConverter_rtl_1_nu6ch4g_ /home/neuralnetwork01/Schreibtisch/s7s/nn/task4/FINN_TMP/code_gen_ipgen_StreamingFIFO_rtl_11_wbo3jcpa /home/neuralnetwork01/Schreibtisch/s7s/nn/task4/FINN_TMP/code_gen_ipgen_ConvolutionInputGenerator_rtl_3_xu9la4av /home/neuralnetwork01/Schreibtisch/s7s/nn/task4/FINN_TMP/code_gen_ipgen_StreamingFIFO_rtl_12_8y84gey0 /home/neuralnetwork01/Schreibtisch/s7s/nn/task4/FINN_TMP/code_gen_ipgen_Pool_hls_1_4r92l18w/project_Pool_hls_1/sol1/impl/ip /home/neuralnetwork01/Schreibtisch/s7s/nn/task4/FINN_TMP/code_gen_ipgen_StreamingFIFO_rtl_13_hlne3g2g /home/neuralnetwork01/Schreibtisch/s7s/nn/task4/FINN_TMP/code_gen_ipgen_FMPadding_rtl_2_mng6_dzo /home/neuralnetwork01/Schreibtisch/s7s/nn/task4/FINN_TMP/code_gen_ipgen_StreamingFIFO_rtl_14_q8cjzqre /home/neuralnetwork01/Schreibtisch/s7s/nn/task4/FINN_TMP/code_gen_ipgen_StreamingDataWidthConverter_rtl_2_ttq9leg5 /home/neuralnetwork01/Schreibtisch/s7s/nn/task4/FINN_TMP/code_gen_ipgen_StreamingFIFO_rtl_15__wpyt5te /home/neuralnetwork01/Schreibtisch/s7s/nn/task4/FINN_TMP/code_gen_ipgen_ConvolutionInputGenerator_rtl_4_qcvzwqax /home/neuralnetwork01/Schreibtisch/s7s/nn/task4/FINN_TMP/code_gen_ipgen_StreamingFIFO_rtl_16_2_84ko7i /home/neuralnetwork01/Schreibtisch/s7s/nn/task4/FINN_TMP/code_gen_ipgen_StreamingDataWidthConverter_hls_0_bnkz47sx/project_StreamingDataWidthConverter_hls_0/sol1/impl/ip /home/neuralnetwork01/Schreibtisch/s7s/nn/task4/FINN_TMP/code_gen_ipgen_StreamingFIFO_rtl_17_mkwo1d5c /home/neuralnetwork01/Schreibtisch/s7s/nn/task4/FINN_TMP/code_gen_ipgen_MVAU_hls_2_ob_gy9wj/project_MVAU_hls_2/sol1/impl/ip /home/neuralnetwork01/Schreibtisch/s7s/nn/task4/FINN_TMP/code_gen_ipgen_StreamingFIFO_rtl_18_dwzsfgsz /home/neuralnetwork01/Schreibtisch/s7s/nn/task4/FINN_TMP/code_gen_ipgen_MVAU_hls_3_ak9swqgw/project_MVAU_hls_3/sol1/impl/ip /home/neuralnetwork01/Schreibtisch/s7s/nn/task4/FINN_TMP/code_gen_ipgen_StreamingFIFO_rtl_19_u162qniq /home/neuralnetwork01/Schreibtisch/s7s/nn/task4/FINN_TMP/code_gen_ipgen_StreamingDataWidthConverter_rtl_3_yiu65p5b /home/neuralnetwork01/Schreibtisch/s7s/nn/task4/FINN_TMP/code_gen_ipgen_StreamingFIFO_rtl_20_o2zi6wcd /home/neuralnetwork01/Schreibtisch/s7s/nn/task4/FINN_TMP/code_gen_ipgen_MVAU_hls_4_8z4ge1f8/project_MVAU_hls_4/sol1/impl/ip /home/neuralnetwork01/Schreibtisch/s7s/nn/task4/FINN_TMP/code_gen_ipgen_StreamingFIFO_rtl_21_c3hdeu9l /home/neuralnetwork01/Schreibtisch/s7s/nn/task4/FINN_TMP/code_gen_ipgen_LabelSelect_hls_0_1b2s199p/project_LabelSelect_hls_0/sol1/impl/ip /home/neuralnetwork01/Schreibtisch/s7s/nn/task4/FINN_TMP/code_gen_ipgen_StreamingFIFO_rtl_22_j2l_0vok] [current_project]
# update_ip_catalog
INFO: [IP_Flow 19-234] Refreshing IP repositories
INFO: [IP_Flow 19-1700] Loaded user IP repository '/home/neuralnetwork01/miniconda3/envs/nnlab/lib/python3.11/site-packages/finn/finn-rtllib/memstream'.
INFO: [IP_Flow 19-1700] Loaded user IP repository '/home/neuralnetwork01/Schreibtisch/s7s/nn/task4/FINN_TMP/code_gen_ipgen_StreamingFIFO_rtl_0_uen4asfk'.
INFO: [IP_Flow 19-1700] Loaded user IP repository '/home/neuralnetwork01/Schreibtisch/s7s/nn/task4/FINN_TMP/code_gen_ipgen_Thresholding_rtl_0_avsjanfu'.
INFO: [IP_Flow 19-1700] Loaded user IP repository '/home/neuralnetwork01/Schreibtisch/s7s/nn/task4/FINN_TMP/code_gen_ipgen_StreamingFIFO_rtl_1_0laaxf48'.
INFO: [IP_Flow 19-1700] Loaded user IP repository '/home/neuralnetwork01/Schreibtisch/s7s/nn/task4/FINN_TMP/code_gen_ipgen_FMPadding_rtl_0_2s4g3vyj'.
INFO: [IP_Flow 19-1700] Loaded user IP repository '/home/neuralnetwork01/Schreibtisch/s7s/nn/task4/FINN_TMP/code_gen_ipgen_StreamingFIFO_rtl_2_d8bi16a6'.
INFO: [IP_Flow 19-1700] Loaded user IP repository '/home/neuralnetwork01/Schreibtisch/s7s/nn/task4/FINN_TMP/code_gen_ipgen_ConvolutionInputGenerator_rtl_0_ufm02qyq'.
INFO: [IP_Flow 19-1700] Loaded user IP repository '/home/neuralnetwork01/Schreibtisch/s7s/nn/task4/FINN_TMP/code_gen_ipgen_StreamingFIFO_rtl_3_hey9v0n4'.
INFO: [IP_Flow 19-1700] Loaded user IP repository '/home/neuralnetwork01/Schreibtisch/s7s/nn/task4/FINN_TMP/code_gen_ipgen_MVAU_hls_0_xzngz8bl/project_MVAU_hls_0/sol1/impl/ip'.
INFO: [IP_Flow 19-1700] Loaded user IP repository '/home/neuralnetwork01/Schreibtisch/s7s/nn/task4/FINN_TMP/code_gen_ipgen_StreamingFIFO_rtl_4_pdeejws4'.
INFO: [IP_Flow 19-1700] Loaded user IP repository '/home/neuralnetwork01/Schreibtisch/s7s/nn/task4/FINN_TMP/code_gen_ipgen_ConvolutionInputGenerator_rtl_1_d79hozio'.
INFO: [IP_Flow 19-1700] Loaded user IP repository '/home/neuralnetwork01/Schreibtisch/s7s/nn/task4/FINN_TMP/code_gen_ipgen_StreamingFIFO_rtl_5_ccr6b_15'.
INFO: [IP_Flow 19-1700] Loaded user IP repository '/home/neuralnetwork01/Schreibtisch/s7s/nn/task4/FINN_TMP/code_gen_ipgen_Pool_hls_0_4pqrp239/project_Pool_hls_0/sol1/impl/ip'.
INFO: [IP_Flow 19-1700] Loaded user IP repository '/home/neuralnetwork01/Schreibtisch/s7s/nn/task4/FINN_TMP/code_gen_ipgen_StreamingFIFO_rtl_6_ps7oo1st'.
INFO: [IP_Flow 19-1700] Loaded user IP repository '/home/neuralnetwork01/Schreibtisch/s7s/nn/task4/FINN_TMP/code_gen_ipgen_FMPadding_rtl_1_vsprdlwa'.
INFO: [IP_Flow 19-1700] Loaded user IP repository '/home/neuralnetwork01/Schreibtisch/s7s/nn/task4/FINN_TMP/code_gen_ipgen_StreamingFIFO_rtl_7_fgpn_bhp'.
INFO: [IP_Flow 19-1700] Loaded user IP repository '/home/neuralnetwork01/Schreibtisch/s7s/nn/task4/FINN_TMP/code_gen_ipgen_ConvolutionInputGenerator_rtl_2_xeh5e4hg'.
INFO: [IP_Flow 19-1700] Loaded user IP repository '/home/neuralnetwork01/Schreibtisch/s7s/nn/task4/FINN_TMP/code_gen_ipgen_StreamingFIFO_rtl_8_v00r85i7'.
INFO: [IP_Flow 19-1700] Loaded user IP repository '/home/neuralnetwork01/Schreibtisch/s7s/nn/task4/FINN_TMP/code_gen_ipgen_StreamingDataWidthConverter_rtl_0_w8fo7xcf'.
INFO: [IP_Flow 19-1700] Loaded user IP repository '/home/neuralnetwork01/Schreibtisch/s7s/nn/task4/FINN_TMP/code_gen_ipgen_StreamingFIFO_rtl_9_37b_80b8'.
INFO: [IP_Flow 19-1700] Loaded user IP repository '/home/neuralnetwork01/Schreibtisch/s7s/nn/task4/FINN_TMP/code_gen_ipgen_MVAU_hls_1_dfsd34e_/project_MVAU_hls_1/sol1/impl/ip'.
INFO: [IP_Flow 19-1700] Loaded user IP repository '/home/neuralnetwork01/Schreibtisch/s7s/nn/task4/FINN_TMP/code_gen_ipgen_StreamingFIFO_rtl_10_adbf5x85'.
INFO: [IP_Flow 19-1700] Loaded user IP repository '/home/neuralnetwork01/Schreibtisch/s7s/nn/task4/FINN_TMP/code_gen_ipgen_StreamingDataWidthConverter_rtl_1_nu6ch4g_'.
INFO: [IP_Flow 19-1700] Loaded user IP repository '/home/neuralnetwork01/Schreibtisch/s7s/nn/task4/FINN_TMP/code_gen_ipgen_StreamingFIFO_rtl_11_wbo3jcpa'.
INFO: [IP_Flow 19-1700] Loaded user IP repository '/home/neuralnetwork01/Schreibtisch/s7s/nn/task4/FINN_TMP/code_gen_ipgen_ConvolutionInputGenerator_rtl_3_xu9la4av'.
INFO: [IP_Flow 19-1700] Loaded user IP repository '/home/neuralnetwork01/Schreibtisch/s7s/nn/task4/FINN_TMP/code_gen_ipgen_StreamingFIFO_rtl_12_8y84gey0'.
INFO: [IP_Flow 19-1700] Loaded user IP repository '/home/neuralnetwork01/Schreibtisch/s7s/nn/task4/FINN_TMP/code_gen_ipgen_Pool_hls_1_4r92l18w/project_Pool_hls_1/sol1/impl/ip'.
INFO: [IP_Flow 19-1700] Loaded user IP repository '/home/neuralnetwork01/Schreibtisch/s7s/nn/task4/FINN_TMP/code_gen_ipgen_StreamingFIFO_rtl_13_hlne3g2g'.
INFO: [IP_Flow 19-1700] Loaded user IP repository '/home/neuralnetwork01/Schreibtisch/s7s/nn/task4/FINN_TMP/code_gen_ipgen_FMPadding_rtl_2_mng6_dzo'.
INFO: [IP_Flow 19-1700] Loaded user IP repository '/home/neuralnetwork01/Schreibtisch/s7s/nn/task4/FINN_TMP/code_gen_ipgen_StreamingFIFO_rtl_14_q8cjzqre'.
INFO: [IP_Flow 19-1700] Loaded user IP repository '/home/neuralnetwork01/Schreibtisch/s7s/nn/task4/FINN_TMP/code_gen_ipgen_StreamingDataWidthConverter_rtl_2_ttq9leg5'.
INFO: [IP_Flow 19-1700] Loaded user IP repository '/home/neuralnetwork01/Schreibtisch/s7s/nn/task4/FINN_TMP/code_gen_ipgen_StreamingFIFO_rtl_15__wpyt5te'.
INFO: [IP_Flow 19-1700] Loaded user IP repository '/home/neuralnetwork01/Schreibtisch/s7s/nn/task4/FINN_TMP/code_gen_ipgen_ConvolutionInputGenerator_rtl_4_qcvzwqax'.
INFO: [IP_Flow 19-1700] Loaded user IP repository '/home/neuralnetwork01/Schreibtisch/s7s/nn/task4/FINN_TMP/code_gen_ipgen_StreamingFIFO_rtl_16_2_84ko7i'.
INFO: [IP_Flow 19-1700] Loaded user IP repository '/home/neuralnetwork01/Schreibtisch/s7s/nn/task4/FINN_TMP/code_gen_ipgen_StreamingDataWidthConverter_hls_0_bnkz47sx/project_StreamingDataWidthConverter_hls_0/sol1/impl/ip'.
INFO: [IP_Flow 19-1700] Loaded user IP repository '/home/neuralnetwork01/Schreibtisch/s7s/nn/task4/FINN_TMP/code_gen_ipgen_StreamingFIFO_rtl_17_mkwo1d5c'.
INFO: [IP_Flow 19-1700] Loaded user IP repository '/home/neuralnetwork01/Schreibtisch/s7s/nn/task4/FINN_TMP/code_gen_ipgen_MVAU_hls_2_ob_gy9wj/project_MVAU_hls_2/sol1/impl/ip'.
INFO: [IP_Flow 19-1700] Loaded user IP repository '/home/neuralnetwork01/Schreibtisch/s7s/nn/task4/FINN_TMP/code_gen_ipgen_StreamingFIFO_rtl_18_dwzsfgsz'.
INFO: [IP_Flow 19-1700] Loaded user IP repository '/home/neuralnetwork01/Schreibtisch/s7s/nn/task4/FINN_TMP/code_gen_ipgen_MVAU_hls_3_ak9swqgw/project_MVAU_hls_3/sol1/impl/ip'.
INFO: [IP_Flow 19-1700] Loaded user IP repository '/home/neuralnetwork01/Schreibtisch/s7s/nn/task4/FINN_TMP/code_gen_ipgen_StreamingFIFO_rtl_19_u162qniq'.
INFO: [IP_Flow 19-1700] Loaded user IP repository '/home/neuralnetwork01/Schreibtisch/s7s/nn/task4/FINN_TMP/code_gen_ipgen_StreamingDataWidthConverter_rtl_3_yiu65p5b'.
INFO: [IP_Flow 19-1700] Loaded user IP repository '/home/neuralnetwork01/Schreibtisch/s7s/nn/task4/FINN_TMP/code_gen_ipgen_StreamingFIFO_rtl_20_o2zi6wcd'.
INFO: [IP_Flow 19-1700] Loaded user IP repository '/home/neuralnetwork01/Schreibtisch/s7s/nn/task4/FINN_TMP/code_gen_ipgen_MVAU_hls_4_8z4ge1f8/project_MVAU_hls_4/sol1/impl/ip'.
INFO: [IP_Flow 19-1700] Loaded user IP repository '/home/neuralnetwork01/Schreibtisch/s7s/nn/task4/FINN_TMP/code_gen_ipgen_StreamingFIFO_rtl_21_c3hdeu9l'.
INFO: [IP_Flow 19-1700] Loaded user IP repository '/home/neuralnetwork01/Schreibtisch/s7s/nn/task4/FINN_TMP/code_gen_ipgen_LabelSelect_hls_0_1b2s199p/project_LabelSelect_hls_0/sol1/impl/ip'.
INFO: [IP_Flow 19-1700] Loaded user IP repository '/home/neuralnetwork01/Schreibtisch/s7s/nn/task4/FINN_TMP/code_gen_ipgen_StreamingFIFO_rtl_22_j2l_0vok'.
INFO: [IP_Flow 19-2313] Loaded Vivado IP repository '/Software/xilinx/Vivado/2023.2/data/ip'.
# create_bd_design "finn_design"
Wrote  : </home/neuralnetwork01/Schreibtisch/s7s/nn/task4/FINN_TMP/vivado_stitch_proj_ymcwak5l/finn_vivado_stitch_proj.srcs/sources_1/bd/finn_design/finn_design.bd> 
# add_files -norecurse /home/neuralnetwork01/Schreibtisch/s7s/nn/task4/FINN_TMP/code_gen_ipgen_StreamingFIFO_rtl_0_uen4asfk/fifo_gauge.sv
# add_files -norecurse /home/neuralnetwork01/Schreibtisch/s7s/nn/task4/FINN_TMP/code_gen_ipgen_StreamingFIFO_rtl_0_uen4asfk/Q_srl.v
# add_files -norecurse /home/neuralnetwork01/Schreibtisch/s7s/nn/task4/FINN_TMP/code_gen_ipgen_StreamingFIFO_rtl_0_uen4asfk/StreamingFIFO_rtl_0.v
# create_bd_cell -type module -reference StreamingFIFO_rtl_0 StreamingFIFO_rtl_0
INFO: [IP_Flow 19-5107] Inferred bus interface 'ap_clk' of definition 'xilinx.com:signal:clock:1.0' (from X_INTERFACE_INFO parameter from HDL file).
INFO: [IP_Flow 19-5107] Inferred bus interface 'ap_clk' of definition 'xilinx.com:signal:clock:1.0' (from 'X_INTERFACE_INFO' attribute).
INFO: [IP_Flow 19-5107] Inferred bus interface 'in0_V' of definition 'xilinx.com:interface:axis:1.0' (from Xilinx Repository).
INFO: [IP_Flow 19-5107] Inferred bus interface 'out0_V' of definition 'xilinx.com:interface:axis:1.0' (from Xilinx Repository).
INFO: [IP_Flow 19-5107] Inferred bus interface 'ap_rst_n' of definition 'xilinx.com:signal:reset:1.0' (from Xilinx Repository).
INFO: [IP_Flow 19-4728] Bus Interface 'ap_rst_n': Added interface parameter 'POLARITY' with value 'ACTIVE_LOW'.
INFO: [IP_Flow 19-4728] Bus Interface 'ap_clk': Added interface parameter 'ASSOCIATED_RESET' with value 'ap_rst_n'.
INFO: [IP_Flow 19-4728] Bus Interface 'ap_clk': Added interface parameter 'ASSOCIATED_BUSIF' with value 'in0_V'.
WARNING: [IP_Flow 19-11770] Clock interface 'ap_clk' has no FREQ_HZ parameter.
# file mkdir ./ip/verilog/rtl_ops/Thresholding_rtl_0
# add_files -copy_to ./ip/verilog/rtl_ops/Thresholding_rtl_0 -norecurse /home/neuralnetwork01/Schreibtisch/s7s/nn/task4/FINN_TMP/code_gen_ipgen_Thresholding_rtl_0_avsjanfu/axilite.sv
# add_files -copy_to ./ip/verilog/rtl_ops/Thresholding_rtl_0 -norecurse /home/neuralnetwork01/Schreibtisch/s7s/nn/task4/FINN_TMP/code_gen_ipgen_Thresholding_rtl_0_avsjanfu/thresholding.sv
# add_files -copy_to ./ip/verilog/rtl_ops/Thresholding_rtl_0 -norecurse /home/neuralnetwork01/Schreibtisch/s7s/nn/task4/FINN_TMP/code_gen_ipgen_Thresholding_rtl_0_avsjanfu/thresholding_axi.sv
# add_files -copy_to ./ip/verilog/rtl_ops/Thresholding_rtl_0 -norecurse /home/neuralnetwork01/Schreibtisch/s7s/nn/task4/FINN_TMP/code_gen_ipgen_Thresholding_rtl_0_avsjanfu/Thresholding_rtl_0.v
# create_bd_cell -type module -reference Thresholding_rtl_0 Thresholding_rtl_0
INFO: [IP_Flow 19-5107] Inferred bus interface 'ap_clk' of definition 'xilinx.com:signal:clock:1.0' (from X_INTERFACE_INFO parameter from HDL file).
INFO: [IP_Flow 19-5107] Inferred bus interface 'ap_clk' of definition 'xilinx.com:signal:clock:1.0' (from 'X_INTERFACE_INFO' attribute).
INFO: [IP_Flow 19-5107] Inferred bus interface 'in0_V' of definition 'xilinx.com:interface:axis:1.0' (from Xilinx Repository).
INFO: [IP_Flow 19-5107] Inferred bus interface 'in1_V' of definition 'xilinx.com:interface:axis:1.0' (from Xilinx Repository).
INFO: [IP_Flow 19-5107] Inferred bus interface 'out0_V' of definition 'xilinx.com:interface:axis:1.0' (from Xilinx Repository).
INFO: [IP_Flow 19-5107] Inferred bus interface 's_axilite' of definition 'xilinx.com:interface:aximm:1.0' (from Xilinx Repository).
INFO: [IP_Flow 19-5107] Inferred bus interface 'ap_rst_n' of definition 'xilinx.com:signal:reset:1.0' (from Xilinx Repository).
INFO: [IP_Flow 19-4728] Bus Interface 'ap_rst_n': Added interface parameter 'POLARITY' with value 'ACTIVE_LOW'.
INFO: [IP_Flow 19-4728] Bus Interface 'ap_clk': Added interface parameter 'ASSOCIATED_RESET' with value 'ap_rst_n'.
INFO: [IP_Flow 19-4728] Bus Interface 'ap_clk': Added interface parameter 'ASSOCIATED_BUSIF' with value 's_axilite'.
WARNING: [IP_Flow 19-11770] Clock interface 'ap_clk' has no FREQ_HZ parameter.
WARNING: [IP_Flow 19-3158] Bus Interface 'in1_V': FREQ_HZ bus parameter missing from AXI interface when interface is not associated to a clock.
# add_files -norecurse /home/neuralnetwork01/Schreibtisch/s7s/nn/task4/FINN_TMP/code_gen_ipgen_StreamingFIFO_rtl_1_0laaxf48/fifo_gauge.sv
# add_files -norecurse /home/neuralnetwork01/Schreibtisch/s7s/nn/task4/FINN_TMP/code_gen_ipgen_StreamingFIFO_rtl_1_0laaxf48/Q_srl.v
# add_files -norecurse /home/neuralnetwork01/Schreibtisch/s7s/nn/task4/FINN_TMP/code_gen_ipgen_StreamingFIFO_rtl_1_0laaxf48/StreamingFIFO_rtl_1.v
# create_bd_cell -type module -reference StreamingFIFO_rtl_1 StreamingFIFO_rtl_1
INFO: [IP_Flow 19-5107] Inferred bus interface 'ap_clk' of definition 'xilinx.com:signal:clock:1.0' (from X_INTERFACE_INFO parameter from HDL file).
INFO: [IP_Flow 19-5107] Inferred bus interface 'ap_clk' of definition 'xilinx.com:signal:clock:1.0' (from 'X_INTERFACE_INFO' attribute).
INFO: [IP_Flow 19-5107] Inferred bus interface 'in0_V' of definition 'xilinx.com:interface:axis:1.0' (from Xilinx Repository).
INFO: [IP_Flow 19-5107] Inferred bus interface 'out0_V' of definition 'xilinx.com:interface:axis:1.0' (from Xilinx Repository).
INFO: [IP_Flow 19-5107] Inferred bus interface 'ap_rst_n' of definition 'xilinx.com:signal:reset:1.0' (from Xilinx Repository).
INFO: [IP_Flow 19-4728] Bus Interface 'ap_rst_n': Added interface parameter 'POLARITY' with value 'ACTIVE_LOW'.
INFO: [IP_Flow 19-4728] Bus Interface 'ap_clk': Added interface parameter 'ASSOCIATED_RESET' with value 'ap_rst_n'.
INFO: [IP_Flow 19-4728] Bus Interface 'ap_clk': Added interface parameter 'ASSOCIATED_BUSIF' with value 'in0_V'.
WARNING: [IP_Flow 19-11770] Clock interface 'ap_clk' has no FREQ_HZ parameter.
# add_files -norecurse /home/neuralnetwork01/Schreibtisch/s7s/nn/task4/FINN_TMP/code_gen_ipgen_FMPadding_rtl_0_2s4g3vyj/fmpadding_axi.sv
# add_files -norecurse /home/neuralnetwork01/Schreibtisch/s7s/nn/task4/FINN_TMP/code_gen_ipgen_FMPadding_rtl_0_2s4g3vyj/fmpadding.sv
# add_files -norecurse /home/neuralnetwork01/Schreibtisch/s7s/nn/task4/FINN_TMP/code_gen_ipgen_FMPadding_rtl_0_2s4g3vyj/axi2we.sv
# add_files -norecurse /home/neuralnetwork01/Schreibtisch/s7s/nn/task4/FINN_TMP/code_gen_ipgen_FMPadding_rtl_0_2s4g3vyj/FMPadding_rtl_0.v
# create_bd_cell -type module -reference FMPadding_rtl_0 FMPadding_rtl_0
INFO: [IP_Flow 19-5107] Inferred bus interface 'ap_clk' of definition 'xilinx.com:signal:clock:1.0' (from X_INTERFACE_INFO parameter from HDL file).
INFO: [IP_Flow 19-5107] Inferred bus interface 'ap_clk' of definition 'xilinx.com:signal:clock:1.0' (from 'X_INTERFACE_INFO' attribute).
INFO: [IP_Flow 19-5107] Inferred bus interface 'in0_V' of definition 'xilinx.com:interface:axis:1.0' (from Xilinx Repository).
INFO: [IP_Flow 19-5107] Inferred bus interface 'out0_V' of definition 'xilinx.com:interface:axis:1.0' (from Xilinx Repository).
INFO: [IP_Flow 19-5107] Inferred bus interface 's_axilite' of definition 'xilinx.com:interface:aximm:1.0' (from Xilinx Repository).
INFO: [IP_Flow 19-5107] Inferred bus interface 'ap_rst_n' of definition 'xilinx.com:signal:reset:1.0' (from Xilinx Repository).
INFO: [IP_Flow 19-4728] Bus Interface 'ap_rst_n': Added interface parameter 'POLARITY' with value 'ACTIVE_LOW'.
INFO: [IP_Flow 19-4728] Bus Interface 'ap_clk': Added interface parameter 'ASSOCIATED_RESET' with value 'ap_rst_n'.
INFO: [IP_Flow 19-4728] Bus Interface 'ap_clk': Added interface parameter 'ASSOCIATED_BUSIF' with value 'in0_V'.
WARNING: [IP_Flow 19-11770] Clock interface 'ap_clk' has no FREQ_HZ parameter.
# add_files -norecurse /home/neuralnetwork01/Schreibtisch/s7s/nn/task4/FINN_TMP/code_gen_ipgen_StreamingFIFO_rtl_2_d8bi16a6/fifo_gauge.sv
# add_files -norecurse /home/neuralnetwork01/Schreibtisch/s7s/nn/task4/FINN_TMP/code_gen_ipgen_StreamingFIFO_rtl_2_d8bi16a6/Q_srl.v
# add_files -norecurse /home/neuralnetwork01/Schreibtisch/s7s/nn/task4/FINN_TMP/code_gen_ipgen_StreamingFIFO_rtl_2_d8bi16a6/StreamingFIFO_rtl_2.v
# create_bd_cell -type module -reference StreamingFIFO_rtl_2 StreamingFIFO_rtl_2
INFO: [IP_Flow 19-5107] Inferred bus interface 'ap_clk' of definition 'xilinx.com:signal:clock:1.0' (from X_INTERFACE_INFO parameter from HDL file).
INFO: [IP_Flow 19-5107] Inferred bus interface 'ap_clk' of definition 'xilinx.com:signal:clock:1.0' (from 'X_INTERFACE_INFO' attribute).
INFO: [IP_Flow 19-5107] Inferred bus interface 'in0_V' of definition 'xilinx.com:interface:axis:1.0' (from Xilinx Repository).
INFO: [IP_Flow 19-5107] Inferred bus interface 'out0_V' of definition 'xilinx.com:interface:axis:1.0' (from Xilinx Repository).
INFO: [IP_Flow 19-5107] Inferred bus interface 'ap_rst_n' of definition 'xilinx.com:signal:reset:1.0' (from Xilinx Repository).
INFO: [IP_Flow 19-4728] Bus Interface 'ap_rst_n': Added interface parameter 'POLARITY' with value 'ACTIVE_LOW'.
INFO: [IP_Flow 19-4728] Bus Interface 'ap_clk': Added interface parameter 'ASSOCIATED_RESET' with value 'ap_rst_n'.
INFO: [IP_Flow 19-4728] Bus Interface 'ap_clk': Added interface parameter 'ASSOCIATED_BUSIF' with value 'in0_V'.
WARNING: [IP_Flow 19-11770] Clock interface 'ap_clk' has no FREQ_HZ parameter.
# add_files -norecurse /home/neuralnetwork01/Schreibtisch/s7s/nn/task4/FINN_TMP/code_gen_ipgen_ConvolutionInputGenerator_rtl_0_ufm02qyq/swg_pkg.sv
# add_files -norecurse /home/neuralnetwork01/Schreibtisch/s7s/nn/task4/FINN_TMP/code_gen_ipgen_ConvolutionInputGenerator_rtl_0_ufm02qyq/ConvolutionInputGenerator_rtl_0_wrapper.v
# add_files -norecurse /home/neuralnetwork01/Schreibtisch/s7s/nn/task4/FINN_TMP/code_gen_ipgen_ConvolutionInputGenerator_rtl_0_ufm02qyq/ConvolutionInputGenerator_rtl_0_impl.sv
# add_files -norecurse /home/neuralnetwork01/Schreibtisch/s7s/nn/task4/FINN_TMP/code_gen_ipgen_ConvolutionInputGenerator_rtl_0_ufm02qyq/swg_common.sv
# create_bd_cell -type module -reference ConvolutionInputGenerator_rtl_0 ConvolutionInputGenerator_rtl_0
INFO: [IP_Flow 19-5107] Inferred bus interface 'ap_clk' of definition 'xilinx.com:signal:clock:1.0' (from X_INTERFACE_INFO parameter from HDL file).
INFO: [IP_Flow 19-5107] Inferred bus interface 'ap_clk' of definition 'xilinx.com:signal:clock:1.0' (from 'X_INTERFACE_INFO' attribute).
INFO: [IP_Flow 19-5107] Inferred bus interface 'in0_V' of definition 'xilinx.com:interface:axis:1.0' (from Xilinx Repository).
INFO: [IP_Flow 19-5107] Inferred bus interface 'out0_V' of definition 'xilinx.com:interface:axis:1.0' (from Xilinx Repository).
INFO: [IP_Flow 19-5107] Inferred bus interface 'ap_rst_n' of definition 'xilinx.com:signal:reset:1.0' (from Xilinx Repository).
INFO: [IP_Flow 19-4728] Bus Interface 'ap_rst_n': Added interface parameter 'POLARITY' with value 'ACTIVE_LOW'.
INFO: [IP_Flow 19-4728] Bus Interface 'ap_clk': Added interface parameter 'ASSOCIATED_RESET' with value 'ap_rst_n'.
INFO: [IP_Flow 19-4728] Bus Interface 'ap_clk': Added interface parameter 'ASSOCIATED_BUSIF' with value 'in0_V'.
INFO: [IP_Flow 19-818] Not transferring value dependency attribute "((spirit:decode(id('MODELPARAM_VALUE.BIT_WIDTH')) * spirit:decode(id('MODELPARAM_VALUE.SIMD'))) * spirit:decode(id('MODELPARAM_VALUE.MMV_IN')))" into user parameter "BUF_IN_WIDTH".
INFO: [IP_Flow 19-818] Not transferring value dependency attribute "((spirit:decode(id('MODELPARAM_VALUE.BIT_WIDTH')) * spirit:decode(id('MODELPARAM_VALUE.SIMD'))) * spirit:decode(id('MODELPARAM_VALUE.MMV_OUT')))" into user parameter "BUF_OUT_WIDTH".
WARNING: [IP_Flow 19-11770] Clock interface 'ap_clk' has no FREQ_HZ parameter.
# add_files -norecurse /home/neuralnetwork01/Schreibtisch/s7s/nn/task4/FINN_TMP/code_gen_ipgen_StreamingFIFO_rtl_3_hey9v0n4/fifo_gauge.sv
# add_files -norecurse /home/neuralnetwork01/Schreibtisch/s7s/nn/task4/FINN_TMP/code_gen_ipgen_StreamingFIFO_rtl_3_hey9v0n4/Q_srl.v
# add_files -norecurse /home/neuralnetwork01/Schreibtisch/s7s/nn/task4/FINN_TMP/code_gen_ipgen_StreamingFIFO_rtl_3_hey9v0n4/StreamingFIFO_rtl_3.v
# create_bd_cell -type module -reference StreamingFIFO_rtl_3 StreamingFIFO_rtl_3
INFO: [IP_Flow 19-5107] Inferred bus interface 'ap_clk' of definition 'xilinx.com:signal:clock:1.0' (from X_INTERFACE_INFO parameter from HDL file).
INFO: [IP_Flow 19-5107] Inferred bus interface 'ap_clk' of definition 'xilinx.com:signal:clock:1.0' (from 'X_INTERFACE_INFO' attribute).
INFO: [IP_Flow 19-5107] Inferred bus interface 'in0_V' of definition 'xilinx.com:interface:axis:1.0' (from Xilinx Repository).
INFO: [IP_Flow 19-5107] Inferred bus interface 'out0_V' of definition 'xilinx.com:interface:axis:1.0' (from Xilinx Repository).
INFO: [IP_Flow 19-5107] Inferred bus interface 'ap_rst_n' of definition 'xilinx.com:signal:reset:1.0' (from Xilinx Repository).
INFO: [IP_Flow 19-4728] Bus Interface 'ap_rst_n': Added interface parameter 'POLARITY' with value 'ACTIVE_LOW'.
INFO: [IP_Flow 19-4728] Bus Interface 'ap_clk': Added interface parameter 'ASSOCIATED_RESET' with value 'ap_rst_n'.
INFO: [IP_Flow 19-4728] Bus Interface 'ap_clk': Added interface parameter 'ASSOCIATED_BUSIF' with value 'in0_V'.
WARNING: [IP_Flow 19-11770] Clock interface 'ap_clk' has no FREQ_HZ parameter.
# file mkdir ./ip/verilog/rtl_ops/MVAU_hls_0
# create_bd_cell -type hier MVAU_hls_0
# create_bd_pin -dir I -type clk /MVAU_hls_0/ap_clk
# create_bd_pin -dir I -type rst /MVAU_hls_0/ap_rst_n
# create_bd_intf_pin -mode Master -vlnv xilinx.com:interface:axis_rtl:1.0 /MVAU_hls_0/out0_V
# create_bd_intf_pin -mode Slave -vlnv xilinx.com:interface:axis_rtl:1.0 /MVAU_hls_0/in0_V
# create_bd_cell -type ip -vlnv xilinx.com:hls:MVAU_hls_0:1.0 /MVAU_hls_0/MVAU_hls_0
# connect_bd_net [get_bd_pins MVAU_hls_0/ap_rst_n] [get_bd_pins MVAU_hls_0/MVAU_hls_0/ap_rst_n]
# connect_bd_net [get_bd_pins MVAU_hls_0/ap_clk] [get_bd_pins MVAU_hls_0/MVAU_hls_0/ap_clk]
# connect_bd_intf_net [get_bd_intf_pins MVAU_hls_0/in0_V] [get_bd_intf_pins MVAU_hls_0/MVAU_hls_0/in0_V]
# connect_bd_intf_net [get_bd_intf_pins MVAU_hls_0/out0_V] [get_bd_intf_pins MVAU_hls_0/MVAU_hls_0/out0_V]
# add_files -copy_to ./ip/verilog/rtl_ops/MVAU_hls_0 -norecurse /home/neuralnetwork01/Schreibtisch/s7s/nn/task4/FINN_TMP/code_gen_ipgen_MVAU_hls_0_xzngz8bl/MVAU_hls_0_memstream_wrapper.v
# add_files -copy_to ./ip/verilog/rtl_ops/MVAU_hls_0 -norecurse /home/neuralnetwork01/miniconda3/envs/nnlab/lib/python3.11/site-packages/finn/finn-rtllib/axi/hdl/axilite.sv
# add_files -copy_to ./ip/verilog/rtl_ops/MVAU_hls_0 -norecurse /home/neuralnetwork01/miniconda3/envs/nnlab/lib/python3.11/site-packages/finn/finn-rtllib/memstream/hdl/memstream_axi.sv
# add_files -copy_to ./ip/verilog/rtl_ops/MVAU_hls_0 -norecurse /home/neuralnetwork01/miniconda3/envs/nnlab/lib/python3.11/site-packages/finn/finn-rtllib/memstream/hdl/memstream.sv
# create_bd_cell -type hier -reference MVAU_hls_0_memstream_wrapper /MVAU_hls_0/MVAU_hls_0_wstrm
INFO: [BD 41-1695] Exec TCL: Specified '-reference' and/or '-hier' option will be ignored while creating 'hier' cell 'MVAU_hls_0_wstrm'.
INFO: [IP_Flow 19-5107] Inferred bus interface 'ap_clk' of definition 'xilinx.com:signal:clock:1.0' (from X_INTERFACE_INFO parameter from HDL file).
INFO: [IP_Flow 19-5107] Inferred bus interface 'ap_clk' of definition 'xilinx.com:signal:clock:1.0' (from 'X_INTERFACE_INFO' attribute).
INFO: [IP_Flow 19-5107] Inferred bus interface 'ap_clk2x' of definition 'xilinx.com:signal:clock:1.0' (from X_INTERFACE_INFO parameter from HDL file).
INFO: [IP_Flow 19-5107] Inferred bus interface 'ap_clk2x' of definition 'xilinx.com:signal:clock:1.0' (from 'X_INTERFACE_INFO' attribute).
INFO: [IP_Flow 19-5107] Inferred bus interface 'm_axis_0' of definition 'xilinx.com:interface:axis:1.0' (from Xilinx Repository).
INFO: [IP_Flow 19-5107] Inferred bus interface 's_axis_0' of definition 'xilinx.com:interface:axis:1.0' (from Xilinx Repository).
INFO: [IP_Flow 19-5107] Inferred bus interface 's_axilite' of definition 'xilinx.com:interface:aximm:1.0' (from Xilinx Repository).
INFO: [IP_Flow 19-5107] Inferred bus interface 'ap_rst_n' of definition 'xilinx.com:signal:reset:1.0' (from Xilinx Repository).
INFO: [IP_Flow 19-4728] Bus Interface 'ap_rst_n': Added interface parameter 'POLARITY' with value 'ACTIVE_LOW'.
INFO: [IP_Flow 19-4728] Bus Interface 'ap_clk': Added interface parameter 'ASSOCIATED_BUSIF' with value 's_axilite'.
INFO: [IP_Flow 19-4728] Bus Interface 'ap_clk': Added interface parameter 'ASSOCIATED_RESET' with value 'ap_rst_n'.
INFO: [IP_Flow 19-818] Not transferring value dependency attribute "(spirit:ceil(spirit:log(2,((spirit:decode(id('MODELPARAM_VALUE.SETS')) * spirit:decode(id('MODELPARAM_VALUE.DEPTH'))) * (2 ** spirit:ceil(spirit:log(2,((spirit:decode(id('MODELPARAM_VALUE.WIDTH')) + 31) / 32))))))) + 2)" into user parameter "AXILITE_ADDR_WIDTH".
INFO: [IP_Flow 19-818] Not transferring value dependency attribute "((spirit:decode(id('MODELPARAM_VALUE.SETS')) > 2) ? spirit:ceil(spirit:log(2,spirit:decode(id('MODELPARAM_VALUE.SETS')))) : 1)" into user parameter "SET_BITS".
WARNING: [IP_Flow 19-11770] Clock interface 'ap_clk' has no FREQ_HZ parameter.
WARNING: [IP_Flow 19-5661] Bus Interface 'ap_clk2x' does not have any bus interfaces associated with it.
WARNING: [IP_Flow 19-11770] Clock interface 'ap_clk2x' has no FREQ_HZ parameter.
# connect_bd_net [get_bd_pins MVAU_hls_0/ap_clk] [get_bd_pins MVAU_hls_0/MVAU_hls_0_wstrm/ap_clk]
# connect_bd_net [get_bd_pins MVAU_hls_0/ap_rst_n] [get_bd_pins MVAU_hls_0/MVAU_hls_0_wstrm/ap_rst_n]
# connect_bd_net [get_bd_pins MVAU_hls_0/ap_clk] [get_bd_pins MVAU_hls_0/MVAU_hls_0_wstrm/ap_clk2x]
# connect_bd_intf_net [get_bd_intf_pins MVAU_hls_0/MVAU_hls_0_wstrm/m_axis_0] [get_bd_intf_pins MVAU_hls_0/MVAU_hls_0/in1_V]
# save_bd_design
Wrote  : </home/neuralnetwork01/Schreibtisch/s7s/nn/task4/FINN_TMP/vivado_stitch_proj_ymcwak5l/finn_vivado_stitch_proj.srcs/sources_1/bd/finn_design/finn_design.bd> 
# add_files -norecurse /home/neuralnetwork01/Schreibtisch/s7s/nn/task4/FINN_TMP/code_gen_ipgen_StreamingFIFO_rtl_4_pdeejws4/fifo_gauge.sv
# add_files -norecurse /home/neuralnetwork01/Schreibtisch/s7s/nn/task4/FINN_TMP/code_gen_ipgen_StreamingFIFO_rtl_4_pdeejws4/Q_srl.v
# add_files -norecurse /home/neuralnetwork01/Schreibtisch/s7s/nn/task4/FINN_TMP/code_gen_ipgen_StreamingFIFO_rtl_4_pdeejws4/StreamingFIFO_rtl_4.v
# create_bd_cell -type module -reference StreamingFIFO_rtl_4 StreamingFIFO_rtl_4
INFO: [IP_Flow 19-5107] Inferred bus interface 'ap_clk' of definition 'xilinx.com:signal:clock:1.0' (from X_INTERFACE_INFO parameter from HDL file).
INFO: [IP_Flow 19-5107] Inferred bus interface 'ap_clk' of definition 'xilinx.com:signal:clock:1.0' (from 'X_INTERFACE_INFO' attribute).
INFO: [IP_Flow 19-5107] Inferred bus interface 'in0_V' of definition 'xilinx.com:interface:axis:1.0' (from Xilinx Repository).
INFO: [IP_Flow 19-5107] Inferred bus interface 'out0_V' of definition 'xilinx.com:interface:axis:1.0' (from Xilinx Repository).
INFO: [IP_Flow 19-5107] Inferred bus interface 'ap_rst_n' of definition 'xilinx.com:signal:reset:1.0' (from Xilinx Repository).
INFO: [IP_Flow 19-4728] Bus Interface 'ap_rst_n': Added interface parameter 'POLARITY' with value 'ACTIVE_LOW'.
INFO: [IP_Flow 19-4728] Bus Interface 'ap_clk': Added interface parameter 'ASSOCIATED_RESET' with value 'ap_rst_n'.
INFO: [IP_Flow 19-4728] Bus Interface 'ap_clk': Added interface parameter 'ASSOCIATED_BUSIF' with value 'in0_V'.
WARNING: [IP_Flow 19-11770] Clock interface 'ap_clk' has no FREQ_HZ parameter.
# add_files -norecurse /home/neuralnetwork01/Schreibtisch/s7s/nn/task4/FINN_TMP/code_gen_ipgen_ConvolutionInputGenerator_rtl_1_d79hozio/swg_pkg.sv
# add_files -norecurse /home/neuralnetwork01/Schreibtisch/s7s/nn/task4/FINN_TMP/code_gen_ipgen_ConvolutionInputGenerator_rtl_1_d79hozio/ConvolutionInputGenerator_rtl_1_wrapper.v
# add_files -norecurse /home/neuralnetwork01/Schreibtisch/s7s/nn/task4/FINN_TMP/code_gen_ipgen_ConvolutionInputGenerator_rtl_1_d79hozio/ConvolutionInputGenerator_rtl_1_impl.sv
# add_files -norecurse /home/neuralnetwork01/Schreibtisch/s7s/nn/task4/FINN_TMP/code_gen_ipgen_ConvolutionInputGenerator_rtl_1_d79hozio/swg_common.sv
# create_bd_cell -type module -reference ConvolutionInputGenerator_rtl_1 ConvolutionInputGenerator_rtl_1
INFO: [IP_Flow 19-5107] Inferred bus interface 'ap_clk' of definition 'xilinx.com:signal:clock:1.0' (from X_INTERFACE_INFO parameter from HDL file).
INFO: [IP_Flow 19-5107] Inferred bus interface 'ap_clk' of definition 'xilinx.com:signal:clock:1.0' (from 'X_INTERFACE_INFO' attribute).
INFO: [IP_Flow 19-5107] Inferred bus interface 'in0_V' of definition 'xilinx.com:interface:axis:1.0' (from Xilinx Repository).
INFO: [IP_Flow 19-5107] Inferred bus interface 'out0_V' of definition 'xilinx.com:interface:axis:1.0' (from Xilinx Repository).
INFO: [IP_Flow 19-5107] Inferred bus interface 'ap_rst_n' of definition 'xilinx.com:signal:reset:1.0' (from Xilinx Repository).
INFO: [IP_Flow 19-4728] Bus Interface 'ap_rst_n': Added interface parameter 'POLARITY' with value 'ACTIVE_LOW'.
INFO: [IP_Flow 19-4728] Bus Interface 'ap_clk': Added interface parameter 'ASSOCIATED_RESET' with value 'ap_rst_n'.
INFO: [IP_Flow 19-4728] Bus Interface 'ap_clk': Added interface parameter 'ASSOCIATED_BUSIF' with value 'in0_V'.
INFO: [IP_Flow 19-818] Not transferring value dependency attribute "((spirit:decode(id('MODELPARAM_VALUE.BIT_WIDTH')) * spirit:decode(id('MODELPARAM_VALUE.SIMD'))) * spirit:decode(id('MODELPARAM_VALUE.MMV_IN')))" into user parameter "BUF_IN_WIDTH".
INFO: [IP_Flow 19-818] Not transferring value dependency attribute "((spirit:decode(id('MODELPARAM_VALUE.BIT_WIDTH')) * spirit:decode(id('MODELPARAM_VALUE.SIMD'))) * spirit:decode(id('MODELPARAM_VALUE.MMV_OUT')))" into user parameter "BUF_OUT_WIDTH".
WARNING: [IP_Flow 19-11770] Clock interface 'ap_clk' has no FREQ_HZ parameter.
# add_files -norecurse /home/neuralnetwork01/Schreibtisch/s7s/nn/task4/FINN_TMP/code_gen_ipgen_StreamingFIFO_rtl_5_ccr6b_15/fifo_gauge.sv
# add_files -norecurse /home/neuralnetwork01/Schreibtisch/s7s/nn/task4/FINN_TMP/code_gen_ipgen_StreamingFIFO_rtl_5_ccr6b_15/Q_srl.v
# add_files -norecurse /home/neuralnetwork01/Schreibtisch/s7s/nn/task4/FINN_TMP/code_gen_ipgen_StreamingFIFO_rtl_5_ccr6b_15/StreamingFIFO_rtl_5.v
# create_bd_cell -type module -reference StreamingFIFO_rtl_5 StreamingFIFO_rtl_5
INFO: [IP_Flow 19-5107] Inferred bus interface 'ap_clk' of definition 'xilinx.com:signal:clock:1.0' (from X_INTERFACE_INFO parameter from HDL file).
INFO: [IP_Flow 19-5107] Inferred bus interface 'ap_clk' of definition 'xilinx.com:signal:clock:1.0' (from 'X_INTERFACE_INFO' attribute).
INFO: [IP_Flow 19-5107] Inferred bus interface 'in0_V' of definition 'xilinx.com:interface:axis:1.0' (from Xilinx Repository).
INFO: [IP_Flow 19-5107] Inferred bus interface 'out0_V' of definition 'xilinx.com:interface:axis:1.0' (from Xilinx Repository).
INFO: [IP_Flow 19-5107] Inferred bus interface 'ap_rst_n' of definition 'xilinx.com:signal:reset:1.0' (from Xilinx Repository).
INFO: [IP_Flow 19-4728] Bus Interface 'ap_rst_n': Added interface parameter 'POLARITY' with value 'ACTIVE_LOW'.
INFO: [IP_Flow 19-4728] Bus Interface 'ap_clk': Added interface parameter 'ASSOCIATED_RESET' with value 'ap_rst_n'.
INFO: [IP_Flow 19-4728] Bus Interface 'ap_clk': Added interface parameter 'ASSOCIATED_BUSIF' with value 'in0_V'.
WARNING: [IP_Flow 19-11770] Clock interface 'ap_clk' has no FREQ_HZ parameter.
# create_bd_cell -type ip -vlnv xilinx.com:hls:Pool_hls_0:1.0 Pool_hls_0
# add_files -norecurse /home/neuralnetwork01/Schreibtisch/s7s/nn/task4/FINN_TMP/code_gen_ipgen_StreamingFIFO_rtl_6_ps7oo1st/fifo_gauge.sv
# add_files -norecurse /home/neuralnetwork01/Schreibtisch/s7s/nn/task4/FINN_TMP/code_gen_ipgen_StreamingFIFO_rtl_6_ps7oo1st/Q_srl.v
# add_files -norecurse /home/neuralnetwork01/Schreibtisch/s7s/nn/task4/FINN_TMP/code_gen_ipgen_StreamingFIFO_rtl_6_ps7oo1st/StreamingFIFO_rtl_6.v
# create_bd_cell -type module -reference StreamingFIFO_rtl_6 StreamingFIFO_rtl_6
INFO: [IP_Flow 19-5107] Inferred bus interface 'ap_clk' of definition 'xilinx.com:signal:clock:1.0' (from X_INTERFACE_INFO parameter from HDL file).
INFO: [IP_Flow 19-5107] Inferred bus interface 'ap_clk' of definition 'xilinx.com:signal:clock:1.0' (from 'X_INTERFACE_INFO' attribute).
INFO: [IP_Flow 19-5107] Inferred bus interface 'in0_V' of definition 'xilinx.com:interface:axis:1.0' (from Xilinx Repository).
INFO: [IP_Flow 19-5107] Inferred bus interface 'out0_V' of definition 'xilinx.com:interface:axis:1.0' (from Xilinx Repository).
INFO: [IP_Flow 19-5107] Inferred bus interface 'ap_rst_n' of definition 'xilinx.com:signal:reset:1.0' (from Xilinx Repository).
INFO: [IP_Flow 19-4728] Bus Interface 'ap_rst_n': Added interface parameter 'POLARITY' with value 'ACTIVE_LOW'.
INFO: [IP_Flow 19-4728] Bus Interface 'ap_clk': Added interface parameter 'ASSOCIATED_RESET' with value 'ap_rst_n'.
INFO: [IP_Flow 19-4728] Bus Interface 'ap_clk': Added interface parameter 'ASSOCIATED_BUSIF' with value 'in0_V'.
WARNING: [IP_Flow 19-11770] Clock interface 'ap_clk' has no FREQ_HZ parameter.
# add_files -norecurse /home/neuralnetwork01/Schreibtisch/s7s/nn/task4/FINN_TMP/code_gen_ipgen_FMPadding_rtl_1_vsprdlwa/fmpadding_axi.sv
# add_files -norecurse /home/neuralnetwork01/Schreibtisch/s7s/nn/task4/FINN_TMP/code_gen_ipgen_FMPadding_rtl_1_vsprdlwa/fmpadding.sv
# add_files -norecurse /home/neuralnetwork01/Schreibtisch/s7s/nn/task4/FINN_TMP/code_gen_ipgen_FMPadding_rtl_1_vsprdlwa/axi2we.sv
# add_files -norecurse /home/neuralnetwork01/Schreibtisch/s7s/nn/task4/FINN_TMP/code_gen_ipgen_FMPadding_rtl_1_vsprdlwa/FMPadding_rtl_1.v
# create_bd_cell -type module -reference FMPadding_rtl_1 FMPadding_rtl_1
INFO: [IP_Flow 19-5107] Inferred bus interface 'ap_clk' of definition 'xilinx.com:signal:clock:1.0' (from X_INTERFACE_INFO parameter from HDL file).
INFO: [IP_Flow 19-5107] Inferred bus interface 'ap_clk' of definition 'xilinx.com:signal:clock:1.0' (from 'X_INTERFACE_INFO' attribute).
INFO: [IP_Flow 19-5107] Inferred bus interface 'in0_V' of definition 'xilinx.com:interface:axis:1.0' (from Xilinx Repository).
INFO: [IP_Flow 19-5107] Inferred bus interface 'out0_V' of definition 'xilinx.com:interface:axis:1.0' (from Xilinx Repository).
INFO: [IP_Flow 19-5107] Inferred bus interface 's_axilite' of definition 'xilinx.com:interface:aximm:1.0' (from Xilinx Repository).
INFO: [IP_Flow 19-5107] Inferred bus interface 'ap_rst_n' of definition 'xilinx.com:signal:reset:1.0' (from Xilinx Repository).
INFO: [IP_Flow 19-4728] Bus Interface 'ap_rst_n': Added interface parameter 'POLARITY' with value 'ACTIVE_LOW'.
INFO: [IP_Flow 19-4728] Bus Interface 'ap_clk': Added interface parameter 'ASSOCIATED_RESET' with value 'ap_rst_n'.
INFO: [IP_Flow 19-4728] Bus Interface 'ap_clk': Added interface parameter 'ASSOCIATED_BUSIF' with value 'in0_V'.
WARNING: [IP_Flow 19-11770] Clock interface 'ap_clk' has no FREQ_HZ parameter.
# add_files -norecurse /home/neuralnetwork01/Schreibtisch/s7s/nn/task4/FINN_TMP/code_gen_ipgen_StreamingFIFO_rtl_7_fgpn_bhp/fifo_gauge.sv
# add_files -norecurse /home/neuralnetwork01/Schreibtisch/s7s/nn/task4/FINN_TMP/code_gen_ipgen_StreamingFIFO_rtl_7_fgpn_bhp/Q_srl.v
# add_files -norecurse /home/neuralnetwork01/Schreibtisch/s7s/nn/task4/FINN_TMP/code_gen_ipgen_StreamingFIFO_rtl_7_fgpn_bhp/StreamingFIFO_rtl_7.v
# create_bd_cell -type module -reference StreamingFIFO_rtl_7 StreamingFIFO_rtl_7
INFO: [IP_Flow 19-5107] Inferred bus interface 'ap_clk' of definition 'xilinx.com:signal:clock:1.0' (from X_INTERFACE_INFO parameter from HDL file).
INFO: [IP_Flow 19-5107] Inferred bus interface 'ap_clk' of definition 'xilinx.com:signal:clock:1.0' (from 'X_INTERFACE_INFO' attribute).
INFO: [IP_Flow 19-5107] Inferred bus interface 'in0_V' of definition 'xilinx.com:interface:axis:1.0' (from Xilinx Repository).
INFO: [IP_Flow 19-5107] Inferred bus interface 'out0_V' of definition 'xilinx.com:interface:axis:1.0' (from Xilinx Repository).
INFO: [IP_Flow 19-5107] Inferred bus interface 'ap_rst_n' of definition 'xilinx.com:signal:reset:1.0' (from Xilinx Repository).
INFO: [IP_Flow 19-4728] Bus Interface 'ap_rst_n': Added interface parameter 'POLARITY' with value 'ACTIVE_LOW'.
INFO: [IP_Flow 19-4728] Bus Interface 'ap_clk': Added interface parameter 'ASSOCIATED_RESET' with value 'ap_rst_n'.
INFO: [IP_Flow 19-4728] Bus Interface 'ap_clk': Added interface parameter 'ASSOCIATED_BUSIF' with value 'in0_V'.
WARNING: [IP_Flow 19-11770] Clock interface 'ap_clk' has no FREQ_HZ parameter.
# add_files -norecurse /home/neuralnetwork01/Schreibtisch/s7s/nn/task4/FINN_TMP/code_gen_ipgen_ConvolutionInputGenerator_rtl_2_xeh5e4hg/swg_pkg.sv
# add_files -norecurse /home/neuralnetwork01/Schreibtisch/s7s/nn/task4/FINN_TMP/code_gen_ipgen_ConvolutionInputGenerator_rtl_2_xeh5e4hg/ConvolutionInputGenerator_rtl_2_wrapper.v
CRITICAL WARNING: [Vivado 12-3645] Please note that adding or importing multiple files, one at a time, can be performance intensive.  Both add_files and import_files commands accept multiple files as input, and passing a collection of multiple files to a single add_files or import_files commands can offer significant performance improvement.
# add_files -norecurse /home/neuralnetwork01/Schreibtisch/s7s/nn/task4/FINN_TMP/code_gen_ipgen_ConvolutionInputGenerator_rtl_2_xeh5e4hg/ConvolutionInputGenerator_rtl_2_impl.sv
# add_files -norecurse /home/neuralnetwork01/Schreibtisch/s7s/nn/task4/FINN_TMP/code_gen_ipgen_ConvolutionInputGenerator_rtl_2_xeh5e4hg/swg_common.sv
# create_bd_cell -type module -reference ConvolutionInputGenerator_rtl_2 ConvolutionInputGenerator_rtl_2
INFO: [IP_Flow 19-5107] Inferred bus interface 'ap_clk' of definition 'xilinx.com:signal:clock:1.0' (from X_INTERFACE_INFO parameter from HDL file).
INFO: [IP_Flow 19-5107] Inferred bus interface 'ap_clk' of definition 'xilinx.com:signal:clock:1.0' (from 'X_INTERFACE_INFO' attribute).
INFO: [IP_Flow 19-5107] Inferred bus interface 'in0_V' of definition 'xilinx.com:interface:axis:1.0' (from Xilinx Repository).
INFO: [IP_Flow 19-5107] Inferred bus interface 'out0_V' of definition 'xilinx.com:interface:axis:1.0' (from Xilinx Repository).
INFO: [IP_Flow 19-5107] Inferred bus interface 'ap_rst_n' of definition 'xilinx.com:signal:reset:1.0' (from Xilinx Repository).
INFO: [IP_Flow 19-4728] Bus Interface 'ap_rst_n': Added interface parameter 'POLARITY' with value 'ACTIVE_LOW'.
INFO: [IP_Flow 19-4728] Bus Interface 'ap_clk': Added interface parameter 'ASSOCIATED_RESET' with value 'ap_rst_n'.
INFO: [IP_Flow 19-4728] Bus Interface 'ap_clk': Added interface parameter 'ASSOCIATED_BUSIF' with value 'in0_V'.
INFO: [IP_Flow 19-818] Not transferring value dependency attribute "((spirit:decode(id('MODELPARAM_VALUE.BIT_WIDTH')) * spirit:decode(id('MODELPARAM_VALUE.SIMD'))) * spirit:decode(id('MODELPARAM_VALUE.MMV_IN')))" into user parameter "BUF_IN_WIDTH".
INFO: [IP_Flow 19-818] Not transferring value dependency attribute "((spirit:decode(id('MODELPARAM_VALUE.BIT_WIDTH')) * spirit:decode(id('MODELPARAM_VALUE.SIMD'))) * spirit:decode(id('MODELPARAM_VALUE.MMV_OUT')))" into user parameter "BUF_OUT_WIDTH".
WARNING: [IP_Flow 19-11770] Clock interface 'ap_clk' has no FREQ_HZ parameter.
# add_files -norecurse /home/neuralnetwork01/Schreibtisch/s7s/nn/task4/FINN_TMP/code_gen_ipgen_StreamingFIFO_rtl_8_v00r85i7/fifo_gauge.sv
# add_files -norecurse /home/neuralnetwork01/Schreibtisch/s7s/nn/task4/FINN_TMP/code_gen_ipgen_StreamingFIFO_rtl_8_v00r85i7/Q_srl.v
# add_files -norecurse /home/neuralnetwork01/Schreibtisch/s7s/nn/task4/FINN_TMP/code_gen_ipgen_StreamingFIFO_rtl_8_v00r85i7/StreamingFIFO_rtl_8.v
# create_bd_cell -type module -reference StreamingFIFO_rtl_8 StreamingFIFO_rtl_8
INFO: [IP_Flow 19-5107] Inferred bus interface 'ap_clk' of definition 'xilinx.com:signal:clock:1.0' (from X_INTERFACE_INFO parameter from HDL file).
INFO: [IP_Flow 19-5107] Inferred bus interface 'ap_clk' of definition 'xilinx.com:signal:clock:1.0' (from 'X_INTERFACE_INFO' attribute).
INFO: [IP_Flow 19-5107] Inferred bus interface 'in0_V' of definition 'xilinx.com:interface:axis:1.0' (from Xilinx Repository).
INFO: [IP_Flow 19-5107] Inferred bus interface 'out0_V' of definition 'xilinx.com:interface:axis:1.0' (from Xilinx Repository).
INFO: [IP_Flow 19-5107] Inferred bus interface 'ap_rst_n' of definition 'xilinx.com:signal:reset:1.0' (from Xilinx Repository).
INFO: [IP_Flow 19-4728] Bus Interface 'ap_rst_n': Added interface parameter 'POLARITY' with value 'ACTIVE_LOW'.
INFO: [IP_Flow 19-4728] Bus Interface 'ap_clk': Added interface parameter 'ASSOCIATED_RESET' with value 'ap_rst_n'.
INFO: [IP_Flow 19-4728] Bus Interface 'ap_clk': Added interface parameter 'ASSOCIATED_BUSIF' with value 'in0_V'.
WARNING: [IP_Flow 19-11770] Clock interface 'ap_clk' has no FREQ_HZ parameter.
# add_files -norecurse /home/neuralnetwork01/Schreibtisch/s7s/nn/task4/FINN_TMP/code_gen_ipgen_StreamingDataWidthConverter_rtl_0_w8fo7xcf/dwc_axi.sv
# add_files -norecurse /home/neuralnetwork01/Schreibtisch/s7s/nn/task4/FINN_TMP/code_gen_ipgen_StreamingDataWidthConverter_rtl_0_w8fo7xcf/dwc.sv
# add_files -norecurse /home/neuralnetwork01/Schreibtisch/s7s/nn/task4/FINN_TMP/code_gen_ipgen_StreamingDataWidthConverter_rtl_0_w8fo7xcf/StreamingDataWidthConverter_rtl_0.v
# create_bd_cell -type module -reference StreamingDataWidthConverter_rtl_0 StreamingDataWidthConverter_rtl_0
INFO: [IP_Flow 19-5107] Inferred bus interface 'ap_clk' of definition 'xilinx.com:signal:clock:1.0' (from X_INTERFACE_INFO parameter from HDL file).
INFO: [IP_Flow 19-5107] Inferred bus interface 'ap_clk' of definition 'xilinx.com:signal:clock:1.0' (from 'X_INTERFACE_INFO' attribute).
INFO: [IP_Flow 19-5107] Inferred bus interface 'in0_V' of definition 'xilinx.com:interface:axis:1.0' (from Xilinx Repository).
INFO: [IP_Flow 19-5107] Inferred bus interface 'out0_V' of definition 'xilinx.com:interface:axis:1.0' (from Xilinx Repository).
INFO: [IP_Flow 19-5107] Inferred bus interface 'ap_rst_n' of definition 'xilinx.com:signal:reset:1.0' (from Xilinx Repository).
INFO: [IP_Flow 19-4728] Bus Interface 'ap_rst_n': Added interface parameter 'POLARITY' with value 'ACTIVE_LOW'.
INFO: [IP_Flow 19-4728] Bus Interface 'ap_clk': Added interface parameter 'ASSOCIATED_RESET' with value 'ap_rst_n'.
INFO: [IP_Flow 19-4728] Bus Interface 'ap_clk': Added interface parameter 'ASSOCIATED_BUSIF' with value 'in0_V'.
INFO: [IP_Flow 19-818] Not transferring value dependency attribute "(((spirit:decode(id('MODELPARAM_VALUE.IBITS')) + 7) / 8) * 8)" into user parameter "AXI_IBITS".
INFO: [IP_Flow 19-818] Not transferring value dependency attribute "(((spirit:decode(id('MODELPARAM_VALUE.OBITS')) + 7) / 8) * 8)" into user parameter "AXI_OBITS".
WARNING: [IP_Flow 19-11770] Clock interface 'ap_clk' has no FREQ_HZ parameter.
# add_files -norecurse /home/neuralnetwork01/Schreibtisch/s7s/nn/task4/FINN_TMP/code_gen_ipgen_StreamingFIFO_rtl_9_37b_80b8/fifo_gauge.sv
# add_files -norecurse /home/neuralnetwork01/Schreibtisch/s7s/nn/task4/FINN_TMP/code_gen_ipgen_StreamingFIFO_rtl_9_37b_80b8/Q_srl.v
# add_files -norecurse /home/neuralnetwork01/Schreibtisch/s7s/nn/task4/FINN_TMP/code_gen_ipgen_StreamingFIFO_rtl_9_37b_80b8/StreamingFIFO_rtl_9.v
# create_bd_cell -type module -reference StreamingFIFO_rtl_9 StreamingFIFO_rtl_9
INFO: [IP_Flow 19-5107] Inferred bus interface 'ap_clk' of definition 'xilinx.com:signal:clock:1.0' (from X_INTERFACE_INFO parameter from HDL file).
INFO: [IP_Flow 19-5107] Inferred bus interface 'ap_clk' of definition 'xilinx.com:signal:clock:1.0' (from 'X_INTERFACE_INFO' attribute).
INFO: [IP_Flow 19-5107] Inferred bus interface 'in0_V' of definition 'xilinx.com:interface:axis:1.0' (from Xilinx Repository).
INFO: [IP_Flow 19-5107] Inferred bus interface 'out0_V' of definition 'xilinx.com:interface:axis:1.0' (from Xilinx Repository).
INFO: [IP_Flow 19-5107] Inferred bus interface 'ap_rst_n' of definition 'xilinx.com:signal:reset:1.0' (from Xilinx Repository).
INFO: [IP_Flow 19-4728] Bus Interface 'ap_rst_n': Added interface parameter 'POLARITY' with value 'ACTIVE_LOW'.
INFO: [IP_Flow 19-4728] Bus Interface 'ap_clk': Added interface parameter 'ASSOCIATED_RESET' with value 'ap_rst_n'.
INFO: [IP_Flow 19-4728] Bus Interface 'ap_clk': Added interface parameter 'ASSOCIATED_BUSIF' with value 'in0_V'.
WARNING: [IP_Flow 19-11770] Clock interface 'ap_clk' has no FREQ_HZ parameter.
# file mkdir ./ip/verilog/rtl_ops/MVAU_hls_1
# create_bd_cell -type hier MVAU_hls_1
# create_bd_pin -dir I -type clk /MVAU_hls_1/ap_clk
# create_bd_pin -dir I -type rst /MVAU_hls_1/ap_rst_n
# create_bd_intf_pin -mode Master -vlnv xilinx.com:interface:axis_rtl:1.0 /MVAU_hls_1/out0_V
# create_bd_intf_pin -mode Slave -vlnv xilinx.com:interface:axis_rtl:1.0 /MVAU_hls_1/in0_V
# create_bd_cell -type ip -vlnv xilinx.com:hls:MVAU_hls_1:1.0 /MVAU_hls_1/MVAU_hls_1
# connect_bd_net [get_bd_pins MVAU_hls_1/ap_rst_n] [get_bd_pins MVAU_hls_1/MVAU_hls_1/ap_rst_n]
# connect_bd_net [get_bd_pins MVAU_hls_1/ap_clk] [get_bd_pins MVAU_hls_1/MVAU_hls_1/ap_clk]
# connect_bd_intf_net [get_bd_intf_pins MVAU_hls_1/in0_V] [get_bd_intf_pins MVAU_hls_1/MVAU_hls_1/in0_V]
# connect_bd_intf_net [get_bd_intf_pins MVAU_hls_1/out0_V] [get_bd_intf_pins MVAU_hls_1/MVAU_hls_1/out0_V]
# add_files -copy_to ./ip/verilog/rtl_ops/MVAU_hls_1 -norecurse /home/neuralnetwork01/Schreibtisch/s7s/nn/task4/FINN_TMP/code_gen_ipgen_MVAU_hls_1_dfsd34e_/MVAU_hls_1_memstream_wrapper.v
# add_files -copy_to ./ip/verilog/rtl_ops/MVAU_hls_1 -norecurse /home/neuralnetwork01/miniconda3/envs/nnlab/lib/python3.11/site-packages/finn/finn-rtllib/axi/hdl/axilite.sv
# add_files -copy_to ./ip/verilog/rtl_ops/MVAU_hls_1 -norecurse /home/neuralnetwork01/miniconda3/envs/nnlab/lib/python3.11/site-packages/finn/finn-rtllib/memstream/hdl/memstream_axi.sv
# add_files -copy_to ./ip/verilog/rtl_ops/MVAU_hls_1 -norecurse /home/neuralnetwork01/miniconda3/envs/nnlab/lib/python3.11/site-packages/finn/finn-rtllib/memstream/hdl/memstream.sv
# create_bd_cell -type hier -reference MVAU_hls_1_memstream_wrapper /MVAU_hls_1/MVAU_hls_1_wstrm
INFO: [BD 41-1695] Exec TCL: Specified '-reference' and/or '-hier' option will be ignored while creating 'hier' cell 'MVAU_hls_1_wstrm'.
INFO: [IP_Flow 19-5107] Inferred bus interface 'ap_clk' of definition 'xilinx.com:signal:clock:1.0' (from X_INTERFACE_INFO parameter from HDL file).
INFO: [IP_Flow 19-5107] Inferred bus interface 'ap_clk' of definition 'xilinx.com:signal:clock:1.0' (from 'X_INTERFACE_INFO' attribute).
INFO: [IP_Flow 19-5107] Inferred bus interface 'ap_clk2x' of definition 'xilinx.com:signal:clock:1.0' (from X_INTERFACE_INFO parameter from HDL file).
INFO: [IP_Flow 19-5107] Inferred bus interface 'ap_clk2x' of definition 'xilinx.com:signal:clock:1.0' (from 'X_INTERFACE_INFO' attribute).
INFO: [IP_Flow 19-5107] Inferred bus interface 'm_axis_0' of definition 'xilinx.com:interface:axis:1.0' (from Xilinx Repository).
INFO: [IP_Flow 19-5107] Inferred bus interface 's_axis_0' of definition 'xilinx.com:interface:axis:1.0' (from Xilinx Repository).
INFO: [IP_Flow 19-5107] Inferred bus interface 's_axilite' of definition 'xilinx.com:interface:aximm:1.0' (from Xilinx Repository).
INFO: [IP_Flow 19-5107] Inferred bus interface 'ap_rst_n' of definition 'xilinx.com:signal:reset:1.0' (from Xilinx Repository).
INFO: [IP_Flow 19-4728] Bus Interface 'ap_rst_n': Added interface parameter 'POLARITY' with value 'ACTIVE_LOW'.
INFO: [IP_Flow 19-4728] Bus Interface 'ap_clk': Added interface parameter 'ASSOCIATED_BUSIF' with value 's_axilite'.
INFO: [IP_Flow 19-4728] Bus Interface 'ap_clk': Added interface parameter 'ASSOCIATED_RESET' with value 'ap_rst_n'.
INFO: [IP_Flow 19-818] Not transferring value dependency attribute "(spirit:ceil(spirit:log(2,((spirit:decode(id('MODELPARAM_VALUE.SETS')) * spirit:decode(id('MODELPARAM_VALUE.DEPTH'))) * (2 ** spirit:ceil(spirit:log(2,((spirit:decode(id('MODELPARAM_VALUE.WIDTH')) + 31) / 32))))))) + 2)" into user parameter "AXILITE_ADDR_WIDTH".
INFO: [IP_Flow 19-818] Not transferring value dependency attribute "((spirit:decode(id('MODELPARAM_VALUE.SETS')) > 2) ? spirit:ceil(spirit:log(2,spirit:decode(id('MODELPARAM_VALUE.SETS')))) : 1)" into user parameter "SET_BITS".
WARNING: [IP_Flow 19-11770] Clock interface 'ap_clk' has no FREQ_HZ parameter.
WARNING: [IP_Flow 19-5661] Bus Interface 'ap_clk2x' does not have any bus interfaces associated with it.
WARNING: [IP_Flow 19-11770] Clock interface 'ap_clk2x' has no FREQ_HZ parameter.
# connect_bd_net [get_bd_pins MVAU_hls_1/ap_clk] [get_bd_pins MVAU_hls_1/MVAU_hls_1_wstrm/ap_clk]
# connect_bd_net [get_bd_pins MVAU_hls_1/ap_rst_n] [get_bd_pins MVAU_hls_1/MVAU_hls_1_wstrm/ap_rst_n]
# connect_bd_net [get_bd_pins MVAU_hls_1/ap_clk] [get_bd_pins MVAU_hls_1/MVAU_hls_1_wstrm/ap_clk2x]
# connect_bd_intf_net [get_bd_intf_pins MVAU_hls_1/MVAU_hls_1_wstrm/m_axis_0] [get_bd_intf_pins MVAU_hls_1/MVAU_hls_1/in1_V]
# save_bd_design
Wrote  : </home/neuralnetwork01/Schreibtisch/s7s/nn/task4/FINN_TMP/vivado_stitch_proj_ymcwak5l/finn_vivado_stitch_proj.srcs/sources_1/bd/finn_design/finn_design.bd> 
# add_files -norecurse /home/neuralnetwork01/Schreibtisch/s7s/nn/task4/FINN_TMP/code_gen_ipgen_StreamingFIFO_rtl_10_adbf5x85/fifo_gauge.sv
# add_files -norecurse /home/neuralnetwork01/Schreibtisch/s7s/nn/task4/FINN_TMP/code_gen_ipgen_StreamingFIFO_rtl_10_adbf5x85/Q_srl.v
# add_files -norecurse /home/neuralnetwork01/Schreibtisch/s7s/nn/task4/FINN_TMP/code_gen_ipgen_StreamingFIFO_rtl_10_adbf5x85/StreamingFIFO_rtl_10.v
# create_bd_cell -type module -reference StreamingFIFO_rtl_10 StreamingFIFO_rtl_10
INFO: [IP_Flow 19-5107] Inferred bus interface 'ap_clk' of definition 'xilinx.com:signal:clock:1.0' (from X_INTERFACE_INFO parameter from HDL file).
INFO: [IP_Flow 19-5107] Inferred bus interface 'ap_clk' of definition 'xilinx.com:signal:clock:1.0' (from 'X_INTERFACE_INFO' attribute).
INFO: [IP_Flow 19-5107] Inferred bus interface 'in0_V' of definition 'xilinx.com:interface:axis:1.0' (from Xilinx Repository).
INFO: [IP_Flow 19-5107] Inferred bus interface 'out0_V' of definition 'xilinx.com:interface:axis:1.0' (from Xilinx Repository).
INFO: [IP_Flow 19-5107] Inferred bus interface 'ap_rst_n' of definition 'xilinx.com:signal:reset:1.0' (from Xilinx Repository).
INFO: [IP_Flow 19-4728] Bus Interface 'ap_rst_n': Added interface parameter 'POLARITY' with value 'ACTIVE_LOW'.
INFO: [IP_Flow 19-4728] Bus Interface 'ap_clk': Added interface parameter 'ASSOCIATED_RESET' with value 'ap_rst_n'.
INFO: [IP_Flow 19-4728] Bus Interface 'ap_clk': Added interface parameter 'ASSOCIATED_BUSIF' with value 'in0_V'.
WARNING: [IP_Flow 19-11770] Clock interface 'ap_clk' has no FREQ_HZ parameter.
create_bd_cell: Time (s): cpu = 00:00:13 ; elapsed = 00:00:06 . Memory (MB): peak = 1604.785 ; gain = 48.027 ; free physical = 6443 ; free virtual = 15010
# add_files -norecurse /home/neuralnetwork01/Schreibtisch/s7s/nn/task4/FINN_TMP/code_gen_ipgen_StreamingDataWidthConverter_rtl_1_nu6ch4g_/dwc_axi.sv
# add_files -norecurse /home/neuralnetwork01/Schreibtisch/s7s/nn/task4/FINN_TMP/code_gen_ipgen_StreamingDataWidthConverter_rtl_1_nu6ch4g_/dwc.sv
# add_files -norecurse /home/neuralnetwork01/Schreibtisch/s7s/nn/task4/FINN_TMP/code_gen_ipgen_StreamingDataWidthConverter_rtl_1_nu6ch4g_/StreamingDataWidthConverter_rtl_1.v
# create_bd_cell -type module -reference StreamingDataWidthConverter_rtl_1 StreamingDataWidthConverter_rtl_1
INFO: [IP_Flow 19-5107] Inferred bus interface 'ap_clk' of definition 'xilinx.com:signal:clock:1.0' (from X_INTERFACE_INFO parameter from HDL file).
INFO: [IP_Flow 19-5107] Inferred bus interface 'ap_clk' of definition 'xilinx.com:signal:clock:1.0' (from 'X_INTERFACE_INFO' attribute).
INFO: [IP_Flow 19-5107] Inferred bus interface 'in0_V' of definition 'xilinx.com:interface:axis:1.0' (from Xilinx Repository).
INFO: [IP_Flow 19-5107] Inferred bus interface 'out0_V' of definition 'xilinx.com:interface:axis:1.0' (from Xilinx Repository).
INFO: [IP_Flow 19-5107] Inferred bus interface 'ap_rst_n' of definition 'xilinx.com:signal:reset:1.0' (from Xilinx Repository).
INFO: [IP_Flow 19-4728] Bus Interface 'ap_rst_n': Added interface parameter 'POLARITY' with value 'ACTIVE_LOW'.
INFO: [IP_Flow 19-4728] Bus Interface 'ap_clk': Added interface parameter 'ASSOCIATED_RESET' with value 'ap_rst_n'.
INFO: [IP_Flow 19-4728] Bus Interface 'ap_clk': Added interface parameter 'ASSOCIATED_BUSIF' with value 'in0_V'.
INFO: [IP_Flow 19-818] Not transferring value dependency attribute "(((spirit:decode(id('MODELPARAM_VALUE.IBITS')) + 7) / 8) * 8)" into user parameter "AXI_IBITS".
INFO: [IP_Flow 19-818] Not transferring value dependency attribute "(((spirit:decode(id('MODELPARAM_VALUE.OBITS')) + 7) / 8) * 8)" into user parameter "AXI_OBITS".
WARNING: [IP_Flow 19-11770] Clock interface 'ap_clk' has no FREQ_HZ parameter.
# add_files -norecurse /home/neuralnetwork01/Schreibtisch/s7s/nn/task4/FINN_TMP/code_gen_ipgen_StreamingFIFO_rtl_11_wbo3jcpa/fifo_gauge.sv
# add_files -norecurse /home/neuralnetwork01/Schreibtisch/s7s/nn/task4/FINN_TMP/code_gen_ipgen_StreamingFIFO_rtl_11_wbo3jcpa/Q_srl.v
# add_files -norecurse /home/neuralnetwork01/Schreibtisch/s7s/nn/task4/FINN_TMP/code_gen_ipgen_StreamingFIFO_rtl_11_wbo3jcpa/StreamingFIFO_rtl_11.v
# create_bd_cell -type module -reference StreamingFIFO_rtl_11 StreamingFIFO_rtl_11
INFO: [IP_Flow 19-5107] Inferred bus interface 'ap_clk' of definition 'xilinx.com:signal:clock:1.0' (from X_INTERFACE_INFO parameter from HDL file).
INFO: [IP_Flow 19-5107] Inferred bus interface 'ap_clk' of definition 'xilinx.com:signal:clock:1.0' (from 'X_INTERFACE_INFO' attribute).
INFO: [IP_Flow 19-5107] Inferred bus interface 'in0_V' of definition 'xilinx.com:interface:axis:1.0' (from Xilinx Repository).
INFO: [IP_Flow 19-5107] Inferred bus interface 'out0_V' of definition 'xilinx.com:interface:axis:1.0' (from Xilinx Repository).
INFO: [IP_Flow 19-5107] Inferred bus interface 'ap_rst_n' of definition 'xilinx.com:signal:reset:1.0' (from Xilinx Repository).
INFO: [IP_Flow 19-4728] Bus Interface 'ap_rst_n': Added interface parameter 'POLARITY' with value 'ACTIVE_LOW'.
INFO: [IP_Flow 19-4728] Bus Interface 'ap_clk': Added interface parameter 'ASSOCIATED_RESET' with value 'ap_rst_n'.
INFO: [IP_Flow 19-4728] Bus Interface 'ap_clk': Added interface parameter 'ASSOCIATED_BUSIF' with value 'in0_V'.
WARNING: [IP_Flow 19-11770] Clock interface 'ap_clk' has no FREQ_HZ parameter.
# add_files -norecurse /home/neuralnetwork01/Schreibtisch/s7s/nn/task4/FINN_TMP/code_gen_ipgen_ConvolutionInputGenerator_rtl_3_xu9la4av/swg_pkg.sv
# add_files -norecurse /home/neuralnetwork01/Schreibtisch/s7s/nn/task4/FINN_TMP/code_gen_ipgen_ConvolutionInputGenerator_rtl_3_xu9la4av/ConvolutionInputGenerator_rtl_3_wrapper.v
# add_files -norecurse /home/neuralnetwork01/Schreibtisch/s7s/nn/task4/FINN_TMP/code_gen_ipgen_ConvolutionInputGenerator_rtl_3_xu9la4av/ConvolutionInputGenerator_rtl_3_impl.sv
# add_files -norecurse /home/neuralnetwork01/Schreibtisch/s7s/nn/task4/FINN_TMP/code_gen_ipgen_ConvolutionInputGenerator_rtl_3_xu9la4av/swg_common.sv
# create_bd_cell -type module -reference ConvolutionInputGenerator_rtl_3 ConvolutionInputGenerator_rtl_3
INFO: [IP_Flow 19-5107] Inferred bus interface 'ap_clk' of definition 'xilinx.com:signal:clock:1.0' (from X_INTERFACE_INFO parameter from HDL file).
INFO: [IP_Flow 19-5107] Inferred bus interface 'ap_clk' of definition 'xilinx.com:signal:clock:1.0' (from 'X_INTERFACE_INFO' attribute).
INFO: [IP_Flow 19-5107] Inferred bus interface 'in0_V' of definition 'xilinx.com:interface:axis:1.0' (from Xilinx Repository).
INFO: [IP_Flow 19-5107] Inferred bus interface 'out0_V' of definition 'xilinx.com:interface:axis:1.0' (from Xilinx Repository).
INFO: [IP_Flow 19-5107] Inferred bus interface 'ap_rst_n' of definition 'xilinx.com:signal:reset:1.0' (from Xilinx Repository).
INFO: [IP_Flow 19-4728] Bus Interface 'ap_rst_n': Added interface parameter 'POLARITY' with value 'ACTIVE_LOW'.
INFO: [IP_Flow 19-4728] Bus Interface 'ap_clk': Added interface parameter 'ASSOCIATED_RESET' with value 'ap_rst_n'.
INFO: [IP_Flow 19-4728] Bus Interface 'ap_clk': Added interface parameter 'ASSOCIATED_BUSIF' with value 'in0_V'.
INFO: [IP_Flow 19-818] Not transferring value dependency attribute "((spirit:decode(id('MODELPARAM_VALUE.BIT_WIDTH')) * spirit:decode(id('MODELPARAM_VALUE.SIMD'))) * spirit:decode(id('MODELPARAM_VALUE.MMV_IN')))" into user parameter "BUF_IN_WIDTH".
INFO: [IP_Flow 19-818] Not transferring value dependency attribute "((spirit:decode(id('MODELPARAM_VALUE.BIT_WIDTH')) * spirit:decode(id('MODELPARAM_VALUE.SIMD'))) * spirit:decode(id('MODELPARAM_VALUE.MMV_OUT')))" into user parameter "BUF_OUT_WIDTH".
WARNING: [IP_Flow 19-11770] Clock interface 'ap_clk' has no FREQ_HZ parameter.
# add_files -norecurse /home/neuralnetwork01/Schreibtisch/s7s/nn/task4/FINN_TMP/code_gen_ipgen_StreamingFIFO_rtl_12_8y84gey0/fifo_gauge.sv
# add_files -norecurse /home/neuralnetwork01/Schreibtisch/s7s/nn/task4/FINN_TMP/code_gen_ipgen_StreamingFIFO_rtl_12_8y84gey0/Q_srl.v
# add_files -norecurse /home/neuralnetwork01/Schreibtisch/s7s/nn/task4/FINN_TMP/code_gen_ipgen_StreamingFIFO_rtl_12_8y84gey0/StreamingFIFO_rtl_12.v
# create_bd_cell -type module -reference StreamingFIFO_rtl_12 StreamingFIFO_rtl_12
INFO: [IP_Flow 19-5107] Inferred bus interface 'ap_clk' of definition 'xilinx.com:signal:clock:1.0' (from X_INTERFACE_INFO parameter from HDL file).
INFO: [IP_Flow 19-5107] Inferred bus interface 'ap_clk' of definition 'xilinx.com:signal:clock:1.0' (from 'X_INTERFACE_INFO' attribute).
INFO: [IP_Flow 19-5107] Inferred bus interface 'in0_V' of definition 'xilinx.com:interface:axis:1.0' (from Xilinx Repository).
INFO: [IP_Flow 19-5107] Inferred bus interface 'out0_V' of definition 'xilinx.com:interface:axis:1.0' (from Xilinx Repository).
INFO: [IP_Flow 19-5107] Inferred bus interface 'ap_rst_n' of definition 'xilinx.com:signal:reset:1.0' (from Xilinx Repository).
INFO: [IP_Flow 19-4728] Bus Interface 'ap_rst_n': Added interface parameter 'POLARITY' with value 'ACTIVE_LOW'.
INFO: [IP_Flow 19-4728] Bus Interface 'ap_clk': Added interface parameter 'ASSOCIATED_RESET' with value 'ap_rst_n'.
INFO: [IP_Flow 19-4728] Bus Interface 'ap_clk': Added interface parameter 'ASSOCIATED_BUSIF' with value 'in0_V'.
WARNING: [IP_Flow 19-11770] Clock interface 'ap_clk' has no FREQ_HZ parameter.
# create_bd_cell -type ip -vlnv xilinx.com:hls:Pool_hls_1:1.0 Pool_hls_1
# add_files -norecurse /home/neuralnetwork01/Schreibtisch/s7s/nn/task4/FINN_TMP/code_gen_ipgen_StreamingFIFO_rtl_13_hlne3g2g/fifo_gauge.sv
# add_files -norecurse /home/neuralnetwork01/Schreibtisch/s7s/nn/task4/FINN_TMP/code_gen_ipgen_StreamingFIFO_rtl_13_hlne3g2g/Q_srl.v
# add_files -norecurse /home/neuralnetwork01/Schreibtisch/s7s/nn/task4/FINN_TMP/code_gen_ipgen_StreamingFIFO_rtl_13_hlne3g2g/StreamingFIFO_rtl_13.v
# create_bd_cell -type module -reference StreamingFIFO_rtl_13 StreamingFIFO_rtl_13
INFO: [IP_Flow 19-5107] Inferred bus interface 'ap_clk' of definition 'xilinx.com:signal:clock:1.0' (from X_INTERFACE_INFO parameter from HDL file).
INFO: [IP_Flow 19-5107] Inferred bus interface 'ap_clk' of definition 'xilinx.com:signal:clock:1.0' (from 'X_INTERFACE_INFO' attribute).
INFO: [IP_Flow 19-5107] Inferred bus interface 'in0_V' of definition 'xilinx.com:interface:axis:1.0' (from Xilinx Repository).
INFO: [IP_Flow 19-5107] Inferred bus interface 'out0_V' of definition 'xilinx.com:interface:axis:1.0' (from Xilinx Repository).
INFO: [IP_Flow 19-5107] Inferred bus interface 'ap_rst_n' of definition 'xilinx.com:signal:reset:1.0' (from Xilinx Repository).
INFO: [IP_Flow 19-4728] Bus Interface 'ap_rst_n': Added interface parameter 'POLARITY' with value 'ACTIVE_LOW'.
INFO: [IP_Flow 19-4728] Bus Interface 'ap_clk': Added interface parameter 'ASSOCIATED_RESET' with value 'ap_rst_n'.
INFO: [IP_Flow 19-4728] Bus Interface 'ap_clk': Added interface parameter 'ASSOCIATED_BUSIF' with value 'in0_V'.
WARNING: [IP_Flow 19-11770] Clock interface 'ap_clk' has no FREQ_HZ parameter.
# add_files -norecurse /home/neuralnetwork01/Schreibtisch/s7s/nn/task4/FINN_TMP/code_gen_ipgen_FMPadding_rtl_2_mng6_dzo/fmpadding_axi.sv
# add_files -norecurse /home/neuralnetwork01/Schreibtisch/s7s/nn/task4/FINN_TMP/code_gen_ipgen_FMPadding_rtl_2_mng6_dzo/fmpadding.sv
# add_files -norecurse /home/neuralnetwork01/Schreibtisch/s7s/nn/task4/FINN_TMP/code_gen_ipgen_FMPadding_rtl_2_mng6_dzo/axi2we.sv
# add_files -norecurse /home/neuralnetwork01/Schreibtisch/s7s/nn/task4/FINN_TMP/code_gen_ipgen_FMPadding_rtl_2_mng6_dzo/FMPadding_rtl_2.v
# create_bd_cell -type module -reference FMPadding_rtl_2 FMPadding_rtl_2
INFO: [IP_Flow 19-5107] Inferred bus interface 'ap_clk' of definition 'xilinx.com:signal:clock:1.0' (from X_INTERFACE_INFO parameter from HDL file).
INFO: [IP_Flow 19-5107] Inferred bus interface 'ap_clk' of definition 'xilinx.com:signal:clock:1.0' (from 'X_INTERFACE_INFO' attribute).
INFO: [IP_Flow 19-5107] Inferred bus interface 'in0_V' of definition 'xilinx.com:interface:axis:1.0' (from Xilinx Repository).
INFO: [IP_Flow 19-5107] Inferred bus interface 'out0_V' of definition 'xilinx.com:interface:axis:1.0' (from Xilinx Repository).
INFO: [IP_Flow 19-5107] Inferred bus interface 's_axilite' of definition 'xilinx.com:interface:aximm:1.0' (from Xilinx Repository).
INFO: [IP_Flow 19-5107] Inferred bus interface 'ap_rst_n' of definition 'xilinx.com:signal:reset:1.0' (from Xilinx Repository).
INFO: [IP_Flow 19-4728] Bus Interface 'ap_rst_n': Added interface parameter 'POLARITY' with value 'ACTIVE_LOW'.
INFO: [IP_Flow 19-4728] Bus Interface 'ap_clk': Added interface parameter 'ASSOCIATED_RESET' with value 'ap_rst_n'.
INFO: [IP_Flow 19-4728] Bus Interface 'ap_clk': Added interface parameter 'ASSOCIATED_BUSIF' with value 'in0_V'.
WARNING: [IP_Flow 19-11770] Clock interface 'ap_clk' has no FREQ_HZ parameter.
# add_files -norecurse /home/neuralnetwork01/Schreibtisch/s7s/nn/task4/FINN_TMP/code_gen_ipgen_StreamingFIFO_rtl_14_q8cjzqre/fifo_gauge.sv
# add_files -norecurse /home/neuralnetwork01/Schreibtisch/s7s/nn/task4/FINN_TMP/code_gen_ipgen_StreamingFIFO_rtl_14_q8cjzqre/Q_srl.v
# add_files -norecurse /home/neuralnetwork01/Schreibtisch/s7s/nn/task4/FINN_TMP/code_gen_ipgen_StreamingFIFO_rtl_14_q8cjzqre/StreamingFIFO_rtl_14.v
# create_bd_cell -type module -reference StreamingFIFO_rtl_14 StreamingFIFO_rtl_14
INFO: [IP_Flow 19-5107] Inferred bus interface 'ap_clk' of definition 'xilinx.com:signal:clock:1.0' (from X_INTERFACE_INFO parameter from HDL file).
INFO: [IP_Flow 19-5107] Inferred bus interface 'ap_clk' of definition 'xilinx.com:signal:clock:1.0' (from 'X_INTERFACE_INFO' attribute).
INFO: [IP_Flow 19-5107] Inferred bus interface 'in0_V' of definition 'xilinx.com:interface:axis:1.0' (from Xilinx Repository).
INFO: [IP_Flow 19-5107] Inferred bus interface 'out0_V' of definition 'xilinx.com:interface:axis:1.0' (from Xilinx Repository).
INFO: [IP_Flow 19-5107] Inferred bus interface 'ap_rst_n' of definition 'xilinx.com:signal:reset:1.0' (from Xilinx Repository).
INFO: [IP_Flow 19-4728] Bus Interface 'ap_rst_n': Added interface parameter 'POLARITY' with value 'ACTIVE_LOW'.
INFO: [IP_Flow 19-4728] Bus Interface 'ap_clk': Added interface parameter 'ASSOCIATED_RESET' with value 'ap_rst_n'.
INFO: [IP_Flow 19-4728] Bus Interface 'ap_clk': Added interface parameter 'ASSOCIATED_BUSIF' with value 'in0_V'.
WARNING: [IP_Flow 19-11770] Clock interface 'ap_clk' has no FREQ_HZ parameter.
# add_files -norecurse /home/neuralnetwork01/Schreibtisch/s7s/nn/task4/FINN_TMP/code_gen_ipgen_StreamingDataWidthConverter_rtl_2_ttq9leg5/dwc_axi.sv
# add_files -norecurse /home/neuralnetwork01/Schreibtisch/s7s/nn/task4/FINN_TMP/code_gen_ipgen_StreamingDataWidthConverter_rtl_2_ttq9leg5/dwc.sv
# add_files -norecurse /home/neuralnetwork01/Schreibtisch/s7s/nn/task4/FINN_TMP/code_gen_ipgen_StreamingDataWidthConverter_rtl_2_ttq9leg5/StreamingDataWidthConverter_rtl_2.v
# create_bd_cell -type module -reference StreamingDataWidthConverter_rtl_2 StreamingDataWidthConverter_rtl_2
INFO: [IP_Flow 19-5107] Inferred bus interface 'ap_clk' of definition 'xilinx.com:signal:clock:1.0' (from X_INTERFACE_INFO parameter from HDL file).
INFO: [IP_Flow 19-5107] Inferred bus interface 'ap_clk' of definition 'xilinx.com:signal:clock:1.0' (from 'X_INTERFACE_INFO' attribute).
INFO: [IP_Flow 19-5107] Inferred bus interface 'in0_V' of definition 'xilinx.com:interface:axis:1.0' (from Xilinx Repository).
INFO: [IP_Flow 19-5107] Inferred bus interface 'out0_V' of definition 'xilinx.com:interface:axis:1.0' (from Xilinx Repository).
INFO: [IP_Flow 19-5107] Inferred bus interface 'ap_rst_n' of definition 'xilinx.com:signal:reset:1.0' (from Xilinx Repository).
INFO: [IP_Flow 19-4728] Bus Interface 'ap_rst_n': Added interface parameter 'POLARITY' with value 'ACTIVE_LOW'.
INFO: [IP_Flow 19-4728] Bus Interface 'ap_clk': Added interface parameter 'ASSOCIATED_RESET' with value 'ap_rst_n'.
INFO: [IP_Flow 19-4728] Bus Interface 'ap_clk': Added interface parameter 'ASSOCIATED_BUSIF' with value 'in0_V'.
INFO: [IP_Flow 19-818] Not transferring value dependency attribute "(((spirit:decode(id('MODELPARAM_VALUE.IBITS')) + 7) / 8) * 8)" into user parameter "AXI_IBITS".
INFO: [IP_Flow 19-818] Not transferring value dependency attribute "(((spirit:decode(id('MODELPARAM_VALUE.OBITS')) + 7) / 8) * 8)" into user parameter "AXI_OBITS".
WARNING: [IP_Flow 19-11770] Clock interface 'ap_clk' has no FREQ_HZ parameter.
# add_files -norecurse /home/neuralnetwork01/Schreibtisch/s7s/nn/task4/FINN_TMP/code_gen_ipgen_StreamingFIFO_rtl_15__wpyt5te/fifo_gauge.sv
# add_files -norecurse /home/neuralnetwork01/Schreibtisch/s7s/nn/task4/FINN_TMP/code_gen_ipgen_StreamingFIFO_rtl_15__wpyt5te/Q_srl.v
# add_files -norecurse /home/neuralnetwork01/Schreibtisch/s7s/nn/task4/FINN_TMP/code_gen_ipgen_StreamingFIFO_rtl_15__wpyt5te/StreamingFIFO_rtl_15.v
# create_bd_cell -type module -reference StreamingFIFO_rtl_15 StreamingFIFO_rtl_15
INFO: [IP_Flow 19-5107] Inferred bus interface 'ap_clk' of definition 'xilinx.com:signal:clock:1.0' (from X_INTERFACE_INFO parameter from HDL file).
INFO: [IP_Flow 19-5107] Inferred bus interface 'ap_clk' of definition 'xilinx.com:signal:clock:1.0' (from 'X_INTERFACE_INFO' attribute).
INFO: [IP_Flow 19-5107] Inferred bus interface 'in0_V' of definition 'xilinx.com:interface:axis:1.0' (from Xilinx Repository).
INFO: [IP_Flow 19-5107] Inferred bus interface 'out0_V' of definition 'xilinx.com:interface:axis:1.0' (from Xilinx Repository).
INFO: [IP_Flow 19-5107] Inferred bus interface 'ap_rst_n' of definition 'xilinx.com:signal:reset:1.0' (from Xilinx Repository).
INFO: [IP_Flow 19-4728] Bus Interface 'ap_rst_n': Added interface parameter 'POLARITY' with value 'ACTIVE_LOW'.
INFO: [IP_Flow 19-4728] Bus Interface 'ap_clk': Added interface parameter 'ASSOCIATED_RESET' with value 'ap_rst_n'.
INFO: [IP_Flow 19-4728] Bus Interface 'ap_clk': Added interface parameter 'ASSOCIATED_BUSIF' with value 'in0_V'.
WARNING: [IP_Flow 19-11770] Clock interface 'ap_clk' has no FREQ_HZ parameter.
# add_files -norecurse /home/neuralnetwork01/Schreibtisch/s7s/nn/task4/FINN_TMP/code_gen_ipgen_ConvolutionInputGenerator_rtl_4_qcvzwqax/swg_pkg.sv
# add_files -norecurse /home/neuralnetwork01/Schreibtisch/s7s/nn/task4/FINN_TMP/code_gen_ipgen_ConvolutionInputGenerator_rtl_4_qcvzwqax/ConvolutionInputGenerator_rtl_4_wrapper.v
# add_files -norecurse /home/neuralnetwork01/Schreibtisch/s7s/nn/task4/FINN_TMP/code_gen_ipgen_ConvolutionInputGenerator_rtl_4_qcvzwqax/ConvolutionInputGenerator_rtl_4_impl.sv
# add_files -norecurse /home/neuralnetwork01/Schreibtisch/s7s/nn/task4/FINN_TMP/code_gen_ipgen_ConvolutionInputGenerator_rtl_4_qcvzwqax/swg_common.sv
# create_bd_cell -type module -reference ConvolutionInputGenerator_rtl_4 ConvolutionInputGenerator_rtl_4
INFO: [IP_Flow 19-5107] Inferred bus interface 'ap_clk' of definition 'xilinx.com:signal:clock:1.0' (from X_INTERFACE_INFO parameter from HDL file).
INFO: [IP_Flow 19-5107] Inferred bus interface 'ap_clk' of definition 'xilinx.com:signal:clock:1.0' (from 'X_INTERFACE_INFO' attribute).
INFO: [IP_Flow 19-5107] Inferred bus interface 'in0_V' of definition 'xilinx.com:interface:axis:1.0' (from Xilinx Repository).
INFO: [IP_Flow 19-5107] Inferred bus interface 'out0_V' of definition 'xilinx.com:interface:axis:1.0' (from Xilinx Repository).
INFO: [IP_Flow 19-5107] Inferred bus interface 'ap_rst_n' of definition 'xilinx.com:signal:reset:1.0' (from Xilinx Repository).
INFO: [IP_Flow 19-4728] Bus Interface 'ap_rst_n': Added interface parameter 'POLARITY' with value 'ACTIVE_LOW'.
INFO: [IP_Flow 19-4728] Bus Interface 'ap_clk': Added interface parameter 'ASSOCIATED_RESET' with value 'ap_rst_n'.
INFO: [IP_Flow 19-4728] Bus Interface 'ap_clk': Added interface parameter 'ASSOCIATED_BUSIF' with value 'in0_V'.
INFO: [IP_Flow 19-818] Not transferring value dependency attribute "((spirit:decode(id('MODELPARAM_VALUE.BIT_WIDTH')) * spirit:decode(id('MODELPARAM_VALUE.SIMD'))) * spirit:decode(id('MODELPARAM_VALUE.MMV_IN')))" into user parameter "BUF_IN_WIDTH".
INFO: [IP_Flow 19-818] Not transferring value dependency attribute "((spirit:decode(id('MODELPARAM_VALUE.BIT_WIDTH')) * spirit:decode(id('MODELPARAM_VALUE.SIMD'))) * spirit:decode(id('MODELPARAM_VALUE.MMV_OUT')))" into user parameter "BUF_OUT_WIDTH".
WARNING: [IP_Flow 19-11770] Clock interface 'ap_clk' has no FREQ_HZ parameter.
# add_files -norecurse /home/neuralnetwork01/Schreibtisch/s7s/nn/task4/FINN_TMP/code_gen_ipgen_StreamingFIFO_rtl_16_2_84ko7i/fifo_gauge.sv
# add_files -norecurse /home/neuralnetwork01/Schreibtisch/s7s/nn/task4/FINN_TMP/code_gen_ipgen_StreamingFIFO_rtl_16_2_84ko7i/Q_srl.v
# add_files -norecurse /home/neuralnetwork01/Schreibtisch/s7s/nn/task4/FINN_TMP/code_gen_ipgen_StreamingFIFO_rtl_16_2_84ko7i/StreamingFIFO_rtl_16.v
# create_bd_cell -type module -reference StreamingFIFO_rtl_16 StreamingFIFO_rtl_16
INFO: [IP_Flow 19-5107] Inferred bus interface 'ap_clk' of definition 'xilinx.com:signal:clock:1.0' (from X_INTERFACE_INFO parameter from HDL file).
INFO: [IP_Flow 19-5107] Inferred bus interface 'ap_clk' of definition 'xilinx.com:signal:clock:1.0' (from 'X_INTERFACE_INFO' attribute).
INFO: [IP_Flow 19-5107] Inferred bus interface 'in0_V' of definition 'xilinx.com:interface:axis:1.0' (from Xilinx Repository).
INFO: [IP_Flow 19-5107] Inferred bus interface 'out0_V' of definition 'xilinx.com:interface:axis:1.0' (from Xilinx Repository).
INFO: [IP_Flow 19-5107] Inferred bus interface 'ap_rst_n' of definition 'xilinx.com:signal:reset:1.0' (from Xilinx Repository).
INFO: [IP_Flow 19-4728] Bus Interface 'ap_rst_n': Added interface parameter 'POLARITY' with value 'ACTIVE_LOW'.
INFO: [IP_Flow 19-4728] Bus Interface 'ap_clk': Added interface parameter 'ASSOCIATED_RESET' with value 'ap_rst_n'.
INFO: [IP_Flow 19-4728] Bus Interface 'ap_clk': Added interface parameter 'ASSOCIATED_BUSIF' with value 'in0_V'.
WARNING: [IP_Flow 19-11770] Clock interface 'ap_clk' has no FREQ_HZ parameter.
# create_bd_cell -type ip -vlnv xilinx.com:hls:StreamingDataWidthConverter_hls_0:1.0 StreamingDataWidthConverter_hls_0
# add_files -norecurse /home/neuralnetwork01/Schreibtisch/s7s/nn/task4/FINN_TMP/code_gen_ipgen_StreamingFIFO_rtl_17_mkwo1d5c/fifo_gauge.sv
# add_files -norecurse /home/neuralnetwork01/Schreibtisch/s7s/nn/task4/FINN_TMP/code_gen_ipgen_StreamingFIFO_rtl_17_mkwo1d5c/Q_srl.v
# add_files -norecurse /home/neuralnetwork01/Schreibtisch/s7s/nn/task4/FINN_TMP/code_gen_ipgen_StreamingFIFO_rtl_17_mkwo1d5c/StreamingFIFO_rtl_17.v
# create_bd_cell -type module -reference StreamingFIFO_rtl_17 StreamingFIFO_rtl_17
INFO: [IP_Flow 19-5107] Inferred bus interface 'ap_clk' of definition 'xilinx.com:signal:clock:1.0' (from X_INTERFACE_INFO parameter from HDL file).
INFO: [IP_Flow 19-5107] Inferred bus interface 'ap_clk' of definition 'xilinx.com:signal:clock:1.0' (from 'X_INTERFACE_INFO' attribute).
INFO: [IP_Flow 19-5107] Inferred bus interface 'in0_V' of definition 'xilinx.com:interface:axis:1.0' (from Xilinx Repository).
INFO: [IP_Flow 19-5107] Inferred bus interface 'out0_V' of definition 'xilinx.com:interface:axis:1.0' (from Xilinx Repository).
INFO: [IP_Flow 19-5107] Inferred bus interface 'ap_rst_n' of definition 'xilinx.com:signal:reset:1.0' (from Xilinx Repository).
INFO: [IP_Flow 19-4728] Bus Interface 'ap_rst_n': Added interface parameter 'POLARITY' with value 'ACTIVE_LOW'.
INFO: [IP_Flow 19-4728] Bus Interface 'ap_clk': Added interface parameter 'ASSOCIATED_RESET' with value 'ap_rst_n'.
INFO: [IP_Flow 19-4728] Bus Interface 'ap_clk': Added interface parameter 'ASSOCIATED_BUSIF' with value 'in0_V'.
WARNING: [IP_Flow 19-11770] Clock interface 'ap_clk' has no FREQ_HZ parameter.
# file mkdir ./ip/verilog/rtl_ops/MVAU_hls_2
# create_bd_cell -type hier MVAU_hls_2
# create_bd_pin -dir I -type clk /MVAU_hls_2/ap_clk
# create_bd_pin -dir I -type rst /MVAU_hls_2/ap_rst_n
# create_bd_intf_pin -mode Master -vlnv xilinx.com:interface:axis_rtl:1.0 /MVAU_hls_2/out0_V
# create_bd_intf_pin -mode Slave -vlnv xilinx.com:interface:axis_rtl:1.0 /MVAU_hls_2/in0_V
# create_bd_cell -type ip -vlnv xilinx.com:hls:MVAU_hls_2:1.0 /MVAU_hls_2/MVAU_hls_2
# connect_bd_net [get_bd_pins MVAU_hls_2/ap_rst_n] [get_bd_pins MVAU_hls_2/MVAU_hls_2/ap_rst_n]
# connect_bd_net [get_bd_pins MVAU_hls_2/ap_clk] [get_bd_pins MVAU_hls_2/MVAU_hls_2/ap_clk]
# connect_bd_intf_net [get_bd_intf_pins MVAU_hls_2/in0_V] [get_bd_intf_pins MVAU_hls_2/MVAU_hls_2/in0_V]
# connect_bd_intf_net [get_bd_intf_pins MVAU_hls_2/out0_V] [get_bd_intf_pins MVAU_hls_2/MVAU_hls_2/out0_V]
# add_files -copy_to ./ip/verilog/rtl_ops/MVAU_hls_2 -norecurse /home/neuralnetwork01/Schreibtisch/s7s/nn/task4/FINN_TMP/code_gen_ipgen_MVAU_hls_2_ob_gy9wj/MVAU_hls_2_memstream_wrapper.v
# add_files -copy_to ./ip/verilog/rtl_ops/MVAU_hls_2 -norecurse /home/neuralnetwork01/miniconda3/envs/nnlab/lib/python3.11/site-packages/finn/finn-rtllib/axi/hdl/axilite.sv
# add_files -copy_to ./ip/verilog/rtl_ops/MVAU_hls_2 -norecurse /home/neuralnetwork01/miniconda3/envs/nnlab/lib/python3.11/site-packages/finn/finn-rtllib/memstream/hdl/memstream_axi.sv
# add_files -copy_to ./ip/verilog/rtl_ops/MVAU_hls_2 -norecurse /home/neuralnetwork01/miniconda3/envs/nnlab/lib/python3.11/site-packages/finn/finn-rtllib/memstream/hdl/memstream.sv
# create_bd_cell -type hier -reference MVAU_hls_2_memstream_wrapper /MVAU_hls_2/MVAU_hls_2_wstrm
INFO: [BD 41-1695] Exec TCL: Specified '-reference' and/or '-hier' option will be ignored while creating 'hier' cell 'MVAU_hls_2_wstrm'.
INFO: [IP_Flow 19-5107] Inferred bus interface 'ap_clk' of definition 'xilinx.com:signal:clock:1.0' (from X_INTERFACE_INFO parameter from HDL file).
INFO: [IP_Flow 19-5107] Inferred bus interface 'ap_clk' of definition 'xilinx.com:signal:clock:1.0' (from 'X_INTERFACE_INFO' attribute).
INFO: [IP_Flow 19-5107] Inferred bus interface 'ap_clk2x' of definition 'xilinx.com:signal:clock:1.0' (from X_INTERFACE_INFO parameter from HDL file).
INFO: [IP_Flow 19-5107] Inferred bus interface 'ap_clk2x' of definition 'xilinx.com:signal:clock:1.0' (from 'X_INTERFACE_INFO' attribute).
INFO: [IP_Flow 19-5107] Inferred bus interface 'm_axis_0' of definition 'xilinx.com:interface:axis:1.0' (from Xilinx Repository).
INFO: [IP_Flow 19-5107] Inferred bus interface 's_axis_0' of definition 'xilinx.com:interface:axis:1.0' (from Xilinx Repository).
INFO: [IP_Flow 19-5107] Inferred bus interface 's_axilite' of definition 'xilinx.com:interface:aximm:1.0' (from Xilinx Repository).
INFO: [IP_Flow 19-5107] Inferred bus interface 'ap_rst_n' of definition 'xilinx.com:signal:reset:1.0' (from Xilinx Repository).
INFO: [IP_Flow 19-4728] Bus Interface 'ap_rst_n': Added interface parameter 'POLARITY' with value 'ACTIVE_LOW'.
INFO: [IP_Flow 19-4728] Bus Interface 'ap_clk': Added interface parameter 'ASSOCIATED_BUSIF' with value 's_axilite'.
INFO: [IP_Flow 19-4728] Bus Interface 'ap_clk': Added interface parameter 'ASSOCIATED_RESET' with value 'ap_rst_n'.
INFO: [IP_Flow 19-818] Not transferring value dependency attribute "(spirit:ceil(spirit:log(2,((spirit:decode(id('MODELPARAM_VALUE.SETS')) * spirit:decode(id('MODELPARAM_VALUE.DEPTH'))) * (2 ** spirit:ceil(spirit:log(2,((spirit:decode(id('MODELPARAM_VALUE.WIDTH')) + 31) / 32))))))) + 2)" into user parameter "AXILITE_ADDR_WIDTH".
INFO: [IP_Flow 19-818] Not transferring value dependency attribute "((spirit:decode(id('MODELPARAM_VALUE.SETS')) > 2) ? spirit:ceil(spirit:log(2,spirit:decode(id('MODELPARAM_VALUE.SETS')))) : 1)" into user parameter "SET_BITS".
WARNING: [IP_Flow 19-11770] Clock interface 'ap_clk' has no FREQ_HZ parameter.
WARNING: [IP_Flow 19-5661] Bus Interface 'ap_clk2x' does not have any bus interfaces associated with it.
WARNING: [IP_Flow 19-11770] Clock interface 'ap_clk2x' has no FREQ_HZ parameter.
# connect_bd_net [get_bd_pins MVAU_hls_2/ap_clk] [get_bd_pins MVAU_hls_2/MVAU_hls_2_wstrm/ap_clk]
# connect_bd_net [get_bd_pins MVAU_hls_2/ap_rst_n] [get_bd_pins MVAU_hls_2/MVAU_hls_2_wstrm/ap_rst_n]
# connect_bd_net [get_bd_pins MVAU_hls_2/ap_clk] [get_bd_pins MVAU_hls_2/MVAU_hls_2_wstrm/ap_clk2x]
# connect_bd_intf_net [get_bd_intf_pins MVAU_hls_2/MVAU_hls_2_wstrm/m_axis_0] [get_bd_intf_pins MVAU_hls_2/MVAU_hls_2/in1_V]
# save_bd_design
Wrote  : </home/neuralnetwork01/Schreibtisch/s7s/nn/task4/FINN_TMP/vivado_stitch_proj_ymcwak5l/finn_vivado_stitch_proj.srcs/sources_1/bd/finn_design/finn_design.bd> 
# add_files -norecurse /home/neuralnetwork01/Schreibtisch/s7s/nn/task4/FINN_TMP/code_gen_ipgen_StreamingFIFO_rtl_18_dwzsfgsz/fifo_gauge.sv
# add_files -norecurse /home/neuralnetwork01/Schreibtisch/s7s/nn/task4/FINN_TMP/code_gen_ipgen_StreamingFIFO_rtl_18_dwzsfgsz/Q_srl.v
# add_files -norecurse /home/neuralnetwork01/Schreibtisch/s7s/nn/task4/FINN_TMP/code_gen_ipgen_StreamingFIFO_rtl_18_dwzsfgsz/StreamingFIFO_rtl_18.v
# create_bd_cell -type module -reference StreamingFIFO_rtl_18 StreamingFIFO_rtl_18
INFO: [IP_Flow 19-5107] Inferred bus interface 'ap_clk' of definition 'xilinx.com:signal:clock:1.0' (from X_INTERFACE_INFO parameter from HDL file).
INFO: [IP_Flow 19-5107] Inferred bus interface 'ap_clk' of definition 'xilinx.com:signal:clock:1.0' (from 'X_INTERFACE_INFO' attribute).
INFO: [IP_Flow 19-5107] Inferred bus interface 'in0_V' of definition 'xilinx.com:interface:axis:1.0' (from Xilinx Repository).
INFO: [IP_Flow 19-5107] Inferred bus interface 'out0_V' of definition 'xilinx.com:interface:axis:1.0' (from Xilinx Repository).
INFO: [IP_Flow 19-5107] Inferred bus interface 'ap_rst_n' of definition 'xilinx.com:signal:reset:1.0' (from Xilinx Repository).
INFO: [IP_Flow 19-4728] Bus Interface 'ap_rst_n': Added interface parameter 'POLARITY' with value 'ACTIVE_LOW'.
INFO: [IP_Flow 19-4728] Bus Interface 'ap_clk': Added interface parameter 'ASSOCIATED_RESET' with value 'ap_rst_n'.
INFO: [IP_Flow 19-4728] Bus Interface 'ap_clk': Added interface parameter 'ASSOCIATED_BUSIF' with value 'in0_V'.
WARNING: [IP_Flow 19-11770] Clock interface 'ap_clk' has no FREQ_HZ parameter.
create_bd_cell: Time (s): cpu = 00:00:16 ; elapsed = 00:00:05 . Memory (MB): peak = 1679.527 ; gain = 18.980 ; free physical = 6420 ; free virtual = 14987
# file mkdir ./ip/verilog/rtl_ops/MVAU_hls_3
# create_bd_cell -type hier MVAU_hls_3
# create_bd_pin -dir I -type clk /MVAU_hls_3/ap_clk
# create_bd_pin -dir I -type rst /MVAU_hls_3/ap_rst_n
# create_bd_intf_pin -mode Master -vlnv xilinx.com:interface:axis_rtl:1.0 /MVAU_hls_3/out0_V
# create_bd_intf_pin -mode Slave -vlnv xilinx.com:interface:axis_rtl:1.0 /MVAU_hls_3/in0_V
# create_bd_cell -type ip -vlnv xilinx.com:hls:MVAU_hls_3:1.0 /MVAU_hls_3/MVAU_hls_3
# connect_bd_net [get_bd_pins MVAU_hls_3/ap_rst_n] [get_bd_pins MVAU_hls_3/MVAU_hls_3/ap_rst_n]
# connect_bd_net [get_bd_pins MVAU_hls_3/ap_clk] [get_bd_pins MVAU_hls_3/MVAU_hls_3/ap_clk]
# connect_bd_intf_net [get_bd_intf_pins MVAU_hls_3/in0_V] [get_bd_intf_pins MVAU_hls_3/MVAU_hls_3/in0_V]
# connect_bd_intf_net [get_bd_intf_pins MVAU_hls_3/out0_V] [get_bd_intf_pins MVAU_hls_3/MVAU_hls_3/out0_V]
# add_files -copy_to ./ip/verilog/rtl_ops/MVAU_hls_3 -norecurse /home/neuralnetwork01/Schreibtisch/s7s/nn/task4/FINN_TMP/code_gen_ipgen_MVAU_hls_3_ak9swqgw/MVAU_hls_3_memstream_wrapper.v
# add_files -copy_to ./ip/verilog/rtl_ops/MVAU_hls_3 -norecurse /home/neuralnetwork01/miniconda3/envs/nnlab/lib/python3.11/site-packages/finn/finn-rtllib/axi/hdl/axilite.sv
# add_files -copy_to ./ip/verilog/rtl_ops/MVAU_hls_3 -norecurse /home/neuralnetwork01/miniconda3/envs/nnlab/lib/python3.11/site-packages/finn/finn-rtllib/memstream/hdl/memstream_axi.sv
# add_files -copy_to ./ip/verilog/rtl_ops/MVAU_hls_3 -norecurse /home/neuralnetwork01/miniconda3/envs/nnlab/lib/python3.11/site-packages/finn/finn-rtllib/memstream/hdl/memstream.sv
# create_bd_cell -type hier -reference MVAU_hls_3_memstream_wrapper /MVAU_hls_3/MVAU_hls_3_wstrm
INFO: [BD 41-1695] Exec TCL: Specified '-reference' and/or '-hier' option will be ignored while creating 'hier' cell 'MVAU_hls_3_wstrm'.
INFO: [IP_Flow 19-5107] Inferred bus interface 'ap_clk' of definition 'xilinx.com:signal:clock:1.0' (from X_INTERFACE_INFO parameter from HDL file).
INFO: [IP_Flow 19-5107] Inferred bus interface 'ap_clk' of definition 'xilinx.com:signal:clock:1.0' (from 'X_INTERFACE_INFO' attribute).
INFO: [IP_Flow 19-5107] Inferred bus interface 'ap_clk2x' of definition 'xilinx.com:signal:clock:1.0' (from X_INTERFACE_INFO parameter from HDL file).
INFO: [IP_Flow 19-5107] Inferred bus interface 'ap_clk2x' of definition 'xilinx.com:signal:clock:1.0' (from 'X_INTERFACE_INFO' attribute).
INFO: [IP_Flow 19-5107] Inferred bus interface 'm_axis_0' of definition 'xilinx.com:interface:axis:1.0' (from Xilinx Repository).
INFO: [IP_Flow 19-5107] Inferred bus interface 's_axis_0' of definition 'xilinx.com:interface:axis:1.0' (from Xilinx Repository).
INFO: [IP_Flow 19-5107] Inferred bus interface 's_axilite' of definition 'xilinx.com:interface:aximm:1.0' (from Xilinx Repository).
INFO: [IP_Flow 19-5107] Inferred bus interface 'ap_rst_n' of definition 'xilinx.com:signal:reset:1.0' (from Xilinx Repository).
INFO: [IP_Flow 19-4728] Bus Interface 'ap_rst_n': Added interface parameter 'POLARITY' with value 'ACTIVE_LOW'.
INFO: [IP_Flow 19-4728] Bus Interface 'ap_clk': Added interface parameter 'ASSOCIATED_BUSIF' with value 's_axilite'.
INFO: [IP_Flow 19-4728] Bus Interface 'ap_clk': Added interface parameter 'ASSOCIATED_RESET' with value 'ap_rst_n'.
INFO: [IP_Flow 19-818] Not transferring value dependency attribute "(spirit:ceil(spirit:log(2,((spirit:decode(id('MODELPARAM_VALUE.SETS')) * spirit:decode(id('MODELPARAM_VALUE.DEPTH'))) * (2 ** spirit:ceil(spirit:log(2,((spirit:decode(id('MODELPARAM_VALUE.WIDTH')) + 31) / 32))))))) + 2)" into user parameter "AXILITE_ADDR_WIDTH".
INFO: [IP_Flow 19-818] Not transferring value dependency attribute "((spirit:decode(id('MODELPARAM_VALUE.SETS')) > 2) ? spirit:ceil(spirit:log(2,spirit:decode(id('MODELPARAM_VALUE.SETS')))) : 1)" into user parameter "SET_BITS".
WARNING: [IP_Flow 19-11770] Clock interface 'ap_clk' has no FREQ_HZ parameter.
WARNING: [IP_Flow 19-5661] Bus Interface 'ap_clk2x' does not have any bus interfaces associated with it.
WARNING: [IP_Flow 19-11770] Clock interface 'ap_clk2x' has no FREQ_HZ parameter.
# connect_bd_net [get_bd_pins MVAU_hls_3/ap_clk] [get_bd_pins MVAU_hls_3/MVAU_hls_3_wstrm/ap_clk]
# connect_bd_net [get_bd_pins MVAU_hls_3/ap_rst_n] [get_bd_pins MVAU_hls_3/MVAU_hls_3_wstrm/ap_rst_n]
# connect_bd_net [get_bd_pins MVAU_hls_3/ap_clk] [get_bd_pins MVAU_hls_3/MVAU_hls_3_wstrm/ap_clk2x]
# connect_bd_intf_net [get_bd_intf_pins MVAU_hls_3/MVAU_hls_3_wstrm/m_axis_0] [get_bd_intf_pins MVAU_hls_3/MVAU_hls_3/in1_V]
# save_bd_design
Wrote  : </home/neuralnetwork01/Schreibtisch/s7s/nn/task4/FINN_TMP/vivado_stitch_proj_ymcwak5l/finn_vivado_stitch_proj.srcs/sources_1/bd/finn_design/finn_design.bd> 
# add_files -norecurse /home/neuralnetwork01/Schreibtisch/s7s/nn/task4/FINN_TMP/code_gen_ipgen_StreamingFIFO_rtl_19_u162qniq/fifo_gauge.sv
# add_files -norecurse /home/neuralnetwork01/Schreibtisch/s7s/nn/task4/FINN_TMP/code_gen_ipgen_StreamingFIFO_rtl_19_u162qniq/Q_srl.v
# add_files -norecurse /home/neuralnetwork01/Schreibtisch/s7s/nn/task4/FINN_TMP/code_gen_ipgen_StreamingFIFO_rtl_19_u162qniq/StreamingFIFO_rtl_19.v
# create_bd_cell -type module -reference StreamingFIFO_rtl_19 StreamingFIFO_rtl_19
INFO: [IP_Flow 19-5107] Inferred bus interface 'ap_clk' of definition 'xilinx.com:signal:clock:1.0' (from X_INTERFACE_INFO parameter from HDL file).
INFO: [IP_Flow 19-5107] Inferred bus interface 'ap_clk' of definition 'xilinx.com:signal:clock:1.0' (from 'X_INTERFACE_INFO' attribute).
INFO: [IP_Flow 19-5107] Inferred bus interface 'in0_V' of definition 'xilinx.com:interface:axis:1.0' (from Xilinx Repository).
INFO: [IP_Flow 19-5107] Inferred bus interface 'out0_V' of definition 'xilinx.com:interface:axis:1.0' (from Xilinx Repository).
INFO: [IP_Flow 19-5107] Inferred bus interface 'ap_rst_n' of definition 'xilinx.com:signal:reset:1.0' (from Xilinx Repository).
INFO: [IP_Flow 19-4728] Bus Interface 'ap_rst_n': Added interface parameter 'POLARITY' with value 'ACTIVE_LOW'.
INFO: [IP_Flow 19-4728] Bus Interface 'ap_clk': Added interface parameter 'ASSOCIATED_RESET' with value 'ap_rst_n'.
INFO: [IP_Flow 19-4728] Bus Interface 'ap_clk': Added interface parameter 'ASSOCIATED_BUSIF' with value 'in0_V'.
WARNING: [IP_Flow 19-11770] Clock interface 'ap_clk' has no FREQ_HZ parameter.
# add_files -norecurse /home/neuralnetwork01/Schreibtisch/s7s/nn/task4/FINN_TMP/code_gen_ipgen_StreamingDataWidthConverter_rtl_3_yiu65p5b/dwc_axi.sv
# add_files -norecurse /home/neuralnetwork01/Schreibtisch/s7s/nn/task4/FINN_TMP/code_gen_ipgen_StreamingDataWidthConverter_rtl_3_yiu65p5b/dwc.sv
# add_files -norecurse /home/neuralnetwork01/Schreibtisch/s7s/nn/task4/FINN_TMP/code_gen_ipgen_StreamingDataWidthConverter_rtl_3_yiu65p5b/StreamingDataWidthConverter_rtl_3.v
# create_bd_cell -type module -reference StreamingDataWidthConverter_rtl_3 StreamingDataWidthConverter_rtl_3
INFO: [IP_Flow 19-5107] Inferred bus interface 'ap_clk' of definition 'xilinx.com:signal:clock:1.0' (from X_INTERFACE_INFO parameter from HDL file).
INFO: [IP_Flow 19-5107] Inferred bus interface 'ap_clk' of definition 'xilinx.com:signal:clock:1.0' (from 'X_INTERFACE_INFO' attribute).
INFO: [IP_Flow 19-5107] Inferred bus interface 'in0_V' of definition 'xilinx.com:interface:axis:1.0' (from Xilinx Repository).
INFO: [IP_Flow 19-5107] Inferred bus interface 'out0_V' of definition 'xilinx.com:interface:axis:1.0' (from Xilinx Repository).
INFO: [IP_Flow 19-5107] Inferred bus interface 'ap_rst_n' of definition 'xilinx.com:signal:reset:1.0' (from Xilinx Repository).
INFO: [IP_Flow 19-4728] Bus Interface 'ap_rst_n': Added interface parameter 'POLARITY' with value 'ACTIVE_LOW'.
INFO: [IP_Flow 19-4728] Bus Interface 'ap_clk': Added interface parameter 'ASSOCIATED_RESET' with value 'ap_rst_n'.
INFO: [IP_Flow 19-4728] Bus Interface 'ap_clk': Added interface parameter 'ASSOCIATED_BUSIF' with value 'in0_V'.
INFO: [IP_Flow 19-818] Not transferring value dependency attribute "(((spirit:decode(id('MODELPARAM_VALUE.IBITS')) + 7) / 8) * 8)" into user parameter "AXI_IBITS".
INFO: [IP_Flow 19-818] Not transferring value dependency attribute "(((spirit:decode(id('MODELPARAM_VALUE.OBITS')) + 7) / 8) * 8)" into user parameter "AXI_OBITS".
WARNING: [IP_Flow 19-11770] Clock interface 'ap_clk' has no FREQ_HZ parameter.
# add_files -norecurse /home/neuralnetwork01/Schreibtisch/s7s/nn/task4/FINN_TMP/code_gen_ipgen_StreamingFIFO_rtl_20_o2zi6wcd/fifo_gauge.sv
# add_files -norecurse /home/neuralnetwork01/Schreibtisch/s7s/nn/task4/FINN_TMP/code_gen_ipgen_StreamingFIFO_rtl_20_o2zi6wcd/Q_srl.v
# add_files -norecurse /home/neuralnetwork01/Schreibtisch/s7s/nn/task4/FINN_TMP/code_gen_ipgen_StreamingFIFO_rtl_20_o2zi6wcd/StreamingFIFO_rtl_20.v
# create_bd_cell -type module -reference StreamingFIFO_rtl_20 StreamingFIFO_rtl_20
INFO: [IP_Flow 19-5107] Inferred bus interface 'ap_clk' of definition 'xilinx.com:signal:clock:1.0' (from X_INTERFACE_INFO parameter from HDL file).
INFO: [IP_Flow 19-5107] Inferred bus interface 'ap_clk' of definition 'xilinx.com:signal:clock:1.0' (from 'X_INTERFACE_INFO' attribute).
INFO: [IP_Flow 19-5107] Inferred bus interface 'in0_V' of definition 'xilinx.com:interface:axis:1.0' (from Xilinx Repository).
INFO: [IP_Flow 19-5107] Inferred bus interface 'out0_V' of definition 'xilinx.com:interface:axis:1.0' (from Xilinx Repository).
INFO: [IP_Flow 19-5107] Inferred bus interface 'ap_rst_n' of definition 'xilinx.com:signal:reset:1.0' (from Xilinx Repository).
INFO: [IP_Flow 19-4728] Bus Interface 'ap_rst_n': Added interface parameter 'POLARITY' with value 'ACTIVE_LOW'.
INFO: [IP_Flow 19-4728] Bus Interface 'ap_clk': Added interface parameter 'ASSOCIATED_RESET' with value 'ap_rst_n'.
INFO: [IP_Flow 19-4728] Bus Interface 'ap_clk': Added interface parameter 'ASSOCIATED_BUSIF' with value 'in0_V'.
WARNING: [IP_Flow 19-11770] Clock interface 'ap_clk' has no FREQ_HZ parameter.
# file mkdir ./ip/verilog/rtl_ops/MVAU_hls_4
# create_bd_cell -type hier MVAU_hls_4
# create_bd_pin -dir I -type clk /MVAU_hls_4/ap_clk
# create_bd_pin -dir I -type rst /MVAU_hls_4/ap_rst_n
# create_bd_intf_pin -mode Master -vlnv xilinx.com:interface:axis_rtl:1.0 /MVAU_hls_4/out0_V
# create_bd_intf_pin -mode Slave -vlnv xilinx.com:interface:axis_rtl:1.0 /MVAU_hls_4/in0_V
# create_bd_cell -type ip -vlnv xilinx.com:hls:MVAU_hls_4:1.0 /MVAU_hls_4/MVAU_hls_4
# connect_bd_net [get_bd_pins MVAU_hls_4/ap_rst_n] [get_bd_pins MVAU_hls_4/MVAU_hls_4/ap_rst_n]
# connect_bd_net [get_bd_pins MVAU_hls_4/ap_clk] [get_bd_pins MVAU_hls_4/MVAU_hls_4/ap_clk]
# connect_bd_intf_net [get_bd_intf_pins MVAU_hls_4/in0_V] [get_bd_intf_pins MVAU_hls_4/MVAU_hls_4/in0_V]
# connect_bd_intf_net [get_bd_intf_pins MVAU_hls_4/out0_V] [get_bd_intf_pins MVAU_hls_4/MVAU_hls_4/out0_V]
# add_files -copy_to ./ip/verilog/rtl_ops/MVAU_hls_4 -norecurse /home/neuralnetwork01/Schreibtisch/s7s/nn/task4/FINN_TMP/code_gen_ipgen_MVAU_hls_4_8z4ge1f8/MVAU_hls_4_memstream_wrapper.v
# add_files -copy_to ./ip/verilog/rtl_ops/MVAU_hls_4 -norecurse /home/neuralnetwork01/miniconda3/envs/nnlab/lib/python3.11/site-packages/finn/finn-rtllib/axi/hdl/axilite.sv
# add_files -copy_to ./ip/verilog/rtl_ops/MVAU_hls_4 -norecurse /home/neuralnetwork01/miniconda3/envs/nnlab/lib/python3.11/site-packages/finn/finn-rtllib/memstream/hdl/memstream_axi.sv
# add_files -copy_to ./ip/verilog/rtl_ops/MVAU_hls_4 -norecurse /home/neuralnetwork01/miniconda3/envs/nnlab/lib/python3.11/site-packages/finn/finn-rtllib/memstream/hdl/memstream.sv
# create_bd_cell -type hier -reference MVAU_hls_4_memstream_wrapper /MVAU_hls_4/MVAU_hls_4_wstrm
INFO: [BD 41-1695] Exec TCL: Specified '-reference' and/or '-hier' option will be ignored while creating 'hier' cell 'MVAU_hls_4_wstrm'.
INFO: [IP_Flow 19-5107] Inferred bus interface 'ap_clk' of definition 'xilinx.com:signal:clock:1.0' (from X_INTERFACE_INFO parameter from HDL file).
INFO: [IP_Flow 19-5107] Inferred bus interface 'ap_clk' of definition 'xilinx.com:signal:clock:1.0' (from 'X_INTERFACE_INFO' attribute).
INFO: [IP_Flow 19-5107] Inferred bus interface 'ap_clk2x' of definition 'xilinx.com:signal:clock:1.0' (from X_INTERFACE_INFO parameter from HDL file).
INFO: [IP_Flow 19-5107] Inferred bus interface 'ap_clk2x' of definition 'xilinx.com:signal:clock:1.0' (from 'X_INTERFACE_INFO' attribute).
INFO: [IP_Flow 19-5107] Inferred bus interface 'm_axis_0' of definition 'xilinx.com:interface:axis:1.0' (from Xilinx Repository).
INFO: [IP_Flow 19-5107] Inferred bus interface 's_axis_0' of definition 'xilinx.com:interface:axis:1.0' (from Xilinx Repository).
INFO: [IP_Flow 19-5107] Inferred bus interface 's_axilite' of definition 'xilinx.com:interface:aximm:1.0' (from Xilinx Repository).
INFO: [IP_Flow 19-5107] Inferred bus interface 'ap_rst_n' of definition 'xilinx.com:signal:reset:1.0' (from Xilinx Repository).
INFO: [IP_Flow 19-4728] Bus Interface 'ap_rst_n': Added interface parameter 'POLARITY' with value 'ACTIVE_LOW'.
INFO: [IP_Flow 19-4728] Bus Interface 'ap_clk': Added interface parameter 'ASSOCIATED_BUSIF' with value 's_axilite'.
INFO: [IP_Flow 19-4728] Bus Interface 'ap_clk': Added interface parameter 'ASSOCIATED_RESET' with value 'ap_rst_n'.
INFO: [IP_Flow 19-818] Not transferring value dependency attribute "(spirit:ceil(spirit:log(2,((spirit:decode(id('MODELPARAM_VALUE.SETS')) * spirit:decode(id('MODELPARAM_VALUE.DEPTH'))) * (2 ** spirit:ceil(spirit:log(2,((spirit:decode(id('MODELPARAM_VALUE.WIDTH')) + 31) / 32))))))) + 2)" into user parameter "AXILITE_ADDR_WIDTH".
INFO: [IP_Flow 19-818] Not transferring value dependency attribute "((spirit:decode(id('MODELPARAM_VALUE.SETS')) > 2) ? spirit:ceil(spirit:log(2,spirit:decode(id('MODELPARAM_VALUE.SETS')))) : 1)" into user parameter "SET_BITS".
WARNING: [IP_Flow 19-11770] Clock interface 'ap_clk' has no FREQ_HZ parameter.
WARNING: [IP_Flow 19-5661] Bus Interface 'ap_clk2x' does not have any bus interfaces associated with it.
WARNING: [IP_Flow 19-11770] Clock interface 'ap_clk2x' has no FREQ_HZ parameter.
# connect_bd_net [get_bd_pins MVAU_hls_4/ap_clk] [get_bd_pins MVAU_hls_4/MVAU_hls_4_wstrm/ap_clk]
# connect_bd_net [get_bd_pins MVAU_hls_4/ap_rst_n] [get_bd_pins MVAU_hls_4/MVAU_hls_4_wstrm/ap_rst_n]
# connect_bd_net [get_bd_pins MVAU_hls_4/ap_clk] [get_bd_pins MVAU_hls_4/MVAU_hls_4_wstrm/ap_clk2x]
# connect_bd_intf_net [get_bd_intf_pins MVAU_hls_4/MVAU_hls_4_wstrm/m_axis_0] [get_bd_intf_pins MVAU_hls_4/MVAU_hls_4/in1_V]
# save_bd_design
Wrote  : </home/neuralnetwork01/Schreibtisch/s7s/nn/task4/FINN_TMP/vivado_stitch_proj_ymcwak5l/finn_vivado_stitch_proj.srcs/sources_1/bd/finn_design/finn_design.bd> 
# add_files -norecurse /home/neuralnetwork01/Schreibtisch/s7s/nn/task4/FINN_TMP/code_gen_ipgen_StreamingFIFO_rtl_21_c3hdeu9l/fifo_gauge.sv
# add_files -norecurse /home/neuralnetwork01/Schreibtisch/s7s/nn/task4/FINN_TMP/code_gen_ipgen_StreamingFIFO_rtl_21_c3hdeu9l/Q_srl.v
# add_files -norecurse /home/neuralnetwork01/Schreibtisch/s7s/nn/task4/FINN_TMP/code_gen_ipgen_StreamingFIFO_rtl_21_c3hdeu9l/StreamingFIFO_rtl_21.v
# create_bd_cell -type module -reference StreamingFIFO_rtl_21 StreamingFIFO_rtl_21
INFO: [IP_Flow 19-5107] Inferred bus interface 'ap_clk' of definition 'xilinx.com:signal:clock:1.0' (from X_INTERFACE_INFO parameter from HDL file).
INFO: [IP_Flow 19-5107] Inferred bus interface 'ap_clk' of definition 'xilinx.com:signal:clock:1.0' (from 'X_INTERFACE_INFO' attribute).
INFO: [IP_Flow 19-5107] Inferred bus interface 'in0_V' of definition 'xilinx.com:interface:axis:1.0' (from Xilinx Repository).
INFO: [IP_Flow 19-5107] Inferred bus interface 'out0_V' of definition 'xilinx.com:interface:axis:1.0' (from Xilinx Repository).
INFO: [IP_Flow 19-5107] Inferred bus interface 'ap_rst_n' of definition 'xilinx.com:signal:reset:1.0' (from Xilinx Repository).
INFO: [IP_Flow 19-4728] Bus Interface 'ap_rst_n': Added interface parameter 'POLARITY' with value 'ACTIVE_LOW'.
INFO: [IP_Flow 19-4728] Bus Interface 'ap_clk': Added interface parameter 'ASSOCIATED_RESET' with value 'ap_rst_n'.
INFO: [IP_Flow 19-4728] Bus Interface 'ap_clk': Added interface parameter 'ASSOCIATED_BUSIF' with value 'in0_V'.
WARNING: [IP_Flow 19-11770] Clock interface 'ap_clk' has no FREQ_HZ parameter.
# create_bd_cell -type ip -vlnv xilinx.com:hls:LabelSelect_hls_0:1.0 LabelSelect_hls_0
# add_files -norecurse /home/neuralnetwork01/Schreibtisch/s7s/nn/task4/FINN_TMP/code_gen_ipgen_StreamingFIFO_rtl_22_j2l_0vok/fifo_gauge.sv
# add_files -norecurse /home/neuralnetwork01/Schreibtisch/s7s/nn/task4/FINN_TMP/code_gen_ipgen_StreamingFIFO_rtl_22_j2l_0vok/Q_srl.v
# add_files -norecurse /home/neuralnetwork01/Schreibtisch/s7s/nn/task4/FINN_TMP/code_gen_ipgen_StreamingFIFO_rtl_22_j2l_0vok/StreamingFIFO_rtl_22.v
# create_bd_cell -type module -reference StreamingFIFO_rtl_22 StreamingFIFO_rtl_22
INFO: [IP_Flow 19-5107] Inferred bus interface 'ap_clk' of definition 'xilinx.com:signal:clock:1.0' (from X_INTERFACE_INFO parameter from HDL file).
INFO: [IP_Flow 19-5107] Inferred bus interface 'ap_clk' of definition 'xilinx.com:signal:clock:1.0' (from 'X_INTERFACE_INFO' attribute).
INFO: [IP_Flow 19-5107] Inferred bus interface 'in0_V' of definition 'xilinx.com:interface:axis:1.0' (from Xilinx Repository).
INFO: [IP_Flow 19-5107] Inferred bus interface 'out0_V' of definition 'xilinx.com:interface:axis:1.0' (from Xilinx Repository).
INFO: [IP_Flow 19-5107] Inferred bus interface 'ap_rst_n' of definition 'xilinx.com:signal:reset:1.0' (from Xilinx Repository).
INFO: [IP_Flow 19-4728] Bus Interface 'ap_rst_n': Added interface parameter 'POLARITY' with value 'ACTIVE_LOW'.
INFO: [IP_Flow 19-4728] Bus Interface 'ap_clk': Added interface parameter 'ASSOCIATED_RESET' with value 'ap_rst_n'.
INFO: [IP_Flow 19-4728] Bus Interface 'ap_clk': Added interface parameter 'ASSOCIATED_BUSIF' with value 'in0_V'.
WARNING: [IP_Flow 19-11770] Clock interface 'ap_clk' has no FREQ_HZ parameter.
# make_bd_pins_external [get_bd_pins StreamingFIFO_rtl_0/ap_clk]
# set_property name ap_clk [get_bd_ports ap_clk_0]
# make_bd_pins_external [get_bd_pins StreamingFIFO_rtl_0/ap_rst_n]
# set_property name ap_rst_n [get_bd_ports ap_rst_n_0]
# connect_bd_net [get_bd_ports ap_rst_n] [get_bd_pins Thresholding_rtl_0/ap_rst_n]
# connect_bd_net [get_bd_ports ap_clk] [get_bd_pins Thresholding_rtl_0/ap_clk]
# connect_bd_intf_net [get_bd_intf_pins StreamingFIFO_rtl_0/out0_V] [get_bd_intf_pins Thresholding_rtl_0/in0_V]
# connect_bd_net [get_bd_ports ap_rst_n] [get_bd_pins StreamingFIFO_rtl_1/ap_rst_n]
# connect_bd_net [get_bd_ports ap_clk] [get_bd_pins StreamingFIFO_rtl_1/ap_clk]
# connect_bd_intf_net [get_bd_intf_pins Thresholding_rtl_0/out0_V] [get_bd_intf_pins StreamingFIFO_rtl_1/in0_V]
# connect_bd_net [get_bd_ports ap_rst_n] [get_bd_pins FMPadding_rtl_0/ap_rst_n]
# connect_bd_net [get_bd_ports ap_clk] [get_bd_pins FMPadding_rtl_0/ap_clk]
# connect_bd_intf_net [get_bd_intf_pins StreamingFIFO_rtl_1/out0_V] [get_bd_intf_pins FMPadding_rtl_0/in0_V]
# connect_bd_net [get_bd_ports ap_rst_n] [get_bd_pins StreamingFIFO_rtl_2/ap_rst_n]
# connect_bd_net [get_bd_ports ap_clk] [get_bd_pins StreamingFIFO_rtl_2/ap_clk]
# connect_bd_intf_net [get_bd_intf_pins FMPadding_rtl_0/out0_V] [get_bd_intf_pins StreamingFIFO_rtl_2/in0_V]
# connect_bd_net [get_bd_ports ap_rst_n] [get_bd_pins ConvolutionInputGenerator_rtl_0/ap_rst_n]
# connect_bd_net [get_bd_ports ap_clk] [get_bd_pins ConvolutionInputGenerator_rtl_0/ap_clk]
# connect_bd_intf_net [get_bd_intf_pins StreamingFIFO_rtl_2/out0_V] [get_bd_intf_pins ConvolutionInputGenerator_rtl_0/in0_V]
# connect_bd_net [get_bd_ports ap_rst_n] [get_bd_pins StreamingFIFO_rtl_3/ap_rst_n]
# connect_bd_net [get_bd_ports ap_clk] [get_bd_pins StreamingFIFO_rtl_3/ap_clk]
# connect_bd_intf_net [get_bd_intf_pins ConvolutionInputGenerator_rtl_0/out0_V] [get_bd_intf_pins StreamingFIFO_rtl_3/in0_V]
# connect_bd_net [get_bd_ports ap_rst_n] [get_bd_pins MVAU_hls_0/ap_rst_n]
# connect_bd_net [get_bd_ports ap_clk] [get_bd_pins MVAU_hls_0/ap_clk]
# connect_bd_intf_net [get_bd_intf_pins StreamingFIFO_rtl_3/out0_V] [get_bd_intf_pins MVAU_hls_0/in0_V]
# connect_bd_net [get_bd_ports ap_rst_n] [get_bd_pins StreamingFIFO_rtl_4/ap_rst_n]
# connect_bd_net [get_bd_ports ap_clk] [get_bd_pins StreamingFIFO_rtl_4/ap_clk]
# connect_bd_intf_net [get_bd_intf_pins MVAU_hls_0/out0_V] [get_bd_intf_pins StreamingFIFO_rtl_4/in0_V]
# connect_bd_net [get_bd_ports ap_rst_n] [get_bd_pins ConvolutionInputGenerator_rtl_1/ap_rst_n]
# connect_bd_net [get_bd_ports ap_clk] [get_bd_pins ConvolutionInputGenerator_rtl_1/ap_clk]
# connect_bd_intf_net [get_bd_intf_pins StreamingFIFO_rtl_4/out0_V] [get_bd_intf_pins ConvolutionInputGenerator_rtl_1/in0_V]
# connect_bd_net [get_bd_ports ap_rst_n] [get_bd_pins StreamingFIFO_rtl_5/ap_rst_n]
# connect_bd_net [get_bd_ports ap_clk] [get_bd_pins StreamingFIFO_rtl_5/ap_clk]
# connect_bd_intf_net [get_bd_intf_pins ConvolutionInputGenerator_rtl_1/out0_V] [get_bd_intf_pins StreamingFIFO_rtl_5/in0_V]
# connect_bd_net [get_bd_ports ap_rst_n] [get_bd_pins Pool_hls_0/ap_rst_n]
# connect_bd_net [get_bd_ports ap_clk] [get_bd_pins Pool_hls_0/ap_clk]
# connect_bd_intf_net [get_bd_intf_pins StreamingFIFO_rtl_5/out0_V] [get_bd_intf_pins Pool_hls_0/in0_V]
# connect_bd_net [get_bd_ports ap_rst_n] [get_bd_pins StreamingFIFO_rtl_6/ap_rst_n]
# connect_bd_net [get_bd_ports ap_clk] [get_bd_pins StreamingFIFO_rtl_6/ap_clk]
# connect_bd_intf_net [get_bd_intf_pins Pool_hls_0/out0_V] [get_bd_intf_pins StreamingFIFO_rtl_6/in0_V]
# connect_bd_net [get_bd_ports ap_rst_n] [get_bd_pins FMPadding_rtl_1/ap_rst_n]
# connect_bd_net [get_bd_ports ap_clk] [get_bd_pins FMPadding_rtl_1/ap_clk]
# connect_bd_intf_net [get_bd_intf_pins StreamingFIFO_rtl_6/out0_V] [get_bd_intf_pins FMPadding_rtl_1/in0_V]
# connect_bd_net [get_bd_ports ap_rst_n] [get_bd_pins StreamingFIFO_rtl_7/ap_rst_n]
# connect_bd_net [get_bd_ports ap_clk] [get_bd_pins StreamingFIFO_rtl_7/ap_clk]
# connect_bd_intf_net [get_bd_intf_pins FMPadding_rtl_1/out0_V] [get_bd_intf_pins StreamingFIFO_rtl_7/in0_V]
# connect_bd_net [get_bd_ports ap_rst_n] [get_bd_pins ConvolutionInputGenerator_rtl_2/ap_rst_n]
# connect_bd_net [get_bd_ports ap_clk] [get_bd_pins ConvolutionInputGenerator_rtl_2/ap_clk]
# connect_bd_intf_net [get_bd_intf_pins StreamingFIFO_rtl_7/out0_V] [get_bd_intf_pins ConvolutionInputGenerator_rtl_2/in0_V]
# connect_bd_net [get_bd_ports ap_rst_n] [get_bd_pins StreamingFIFO_rtl_8/ap_rst_n]
# connect_bd_net [get_bd_ports ap_clk] [get_bd_pins StreamingFIFO_rtl_8/ap_clk]
# connect_bd_intf_net [get_bd_intf_pins ConvolutionInputGenerator_rtl_2/out0_V] [get_bd_intf_pins StreamingFIFO_rtl_8/in0_V]
# connect_bd_net [get_bd_ports ap_rst_n] [get_bd_pins StreamingDataWidthConverter_rtl_0/ap_rst_n]
# connect_bd_net [get_bd_ports ap_clk] [get_bd_pins StreamingDataWidthConverter_rtl_0/ap_clk]
# connect_bd_intf_net [get_bd_intf_pins StreamingFIFO_rtl_8/out0_V] [get_bd_intf_pins StreamingDataWidthConverter_rtl_0/in0_V]
# connect_bd_net [get_bd_ports ap_rst_n] [get_bd_pins StreamingFIFO_rtl_9/ap_rst_n]
# connect_bd_net [get_bd_ports ap_clk] [get_bd_pins StreamingFIFO_rtl_9/ap_clk]
# connect_bd_intf_net [get_bd_intf_pins StreamingDataWidthConverter_rtl_0/out0_V] [get_bd_intf_pins StreamingFIFO_rtl_9/in0_V]
# connect_bd_net [get_bd_ports ap_rst_n] [get_bd_pins MVAU_hls_1/ap_rst_n]
# connect_bd_net [get_bd_ports ap_clk] [get_bd_pins MVAU_hls_1/ap_clk]
# connect_bd_intf_net [get_bd_intf_pins StreamingFIFO_rtl_9/out0_V] [get_bd_intf_pins MVAU_hls_1/in0_V]
# connect_bd_net [get_bd_ports ap_rst_n] [get_bd_pins StreamingFIFO_rtl_10/ap_rst_n]
# connect_bd_net [get_bd_ports ap_clk] [get_bd_pins StreamingFIFO_rtl_10/ap_clk]
# connect_bd_intf_net [get_bd_intf_pins MVAU_hls_1/out0_V] [get_bd_intf_pins StreamingFIFO_rtl_10/in0_V]
# connect_bd_net [get_bd_ports ap_rst_n] [get_bd_pins StreamingDataWidthConverter_rtl_1/ap_rst_n]
# connect_bd_net [get_bd_ports ap_clk] [get_bd_pins StreamingDataWidthConverter_rtl_1/ap_clk]
# connect_bd_intf_net [get_bd_intf_pins StreamingFIFO_rtl_10/out0_V] [get_bd_intf_pins StreamingDataWidthConverter_rtl_1/in0_V]
# connect_bd_net [get_bd_ports ap_rst_n] [get_bd_pins StreamingFIFO_rtl_11/ap_rst_n]
# connect_bd_net [get_bd_ports ap_clk] [get_bd_pins StreamingFIFO_rtl_11/ap_clk]
# connect_bd_intf_net [get_bd_intf_pins StreamingDataWidthConverter_rtl_1/out0_V] [get_bd_intf_pins StreamingFIFO_rtl_11/in0_V]
# connect_bd_net [get_bd_ports ap_rst_n] [get_bd_pins ConvolutionInputGenerator_rtl_3/ap_rst_n]
# connect_bd_net [get_bd_ports ap_clk] [get_bd_pins ConvolutionInputGenerator_rtl_3/ap_clk]
# connect_bd_intf_net [get_bd_intf_pins StreamingFIFO_rtl_11/out0_V] [get_bd_intf_pins ConvolutionInputGenerator_rtl_3/in0_V]
# connect_bd_net [get_bd_ports ap_rst_n] [get_bd_pins StreamingFIFO_rtl_12/ap_rst_n]
# connect_bd_net [get_bd_ports ap_clk] [get_bd_pins StreamingFIFO_rtl_12/ap_clk]
# connect_bd_intf_net [get_bd_intf_pins ConvolutionInputGenerator_rtl_3/out0_V] [get_bd_intf_pins StreamingFIFO_rtl_12/in0_V]
# connect_bd_net [get_bd_ports ap_rst_n] [get_bd_pins Pool_hls_1/ap_rst_n]
# connect_bd_net [get_bd_ports ap_clk] [get_bd_pins Pool_hls_1/ap_clk]
# connect_bd_intf_net [get_bd_intf_pins StreamingFIFO_rtl_12/out0_V] [get_bd_intf_pins Pool_hls_1/in0_V]
# connect_bd_net [get_bd_ports ap_rst_n] [get_bd_pins StreamingFIFO_rtl_13/ap_rst_n]
# connect_bd_net [get_bd_ports ap_clk] [get_bd_pins StreamingFIFO_rtl_13/ap_clk]
# connect_bd_intf_net [get_bd_intf_pins Pool_hls_1/out0_V] [get_bd_intf_pins StreamingFIFO_rtl_13/in0_V]
# connect_bd_net [get_bd_ports ap_rst_n] [get_bd_pins FMPadding_rtl_2/ap_rst_n]
# connect_bd_net [get_bd_ports ap_clk] [get_bd_pins FMPadding_rtl_2/ap_clk]
# connect_bd_intf_net [get_bd_intf_pins StreamingFIFO_rtl_13/out0_V] [get_bd_intf_pins FMPadding_rtl_2/in0_V]
# connect_bd_net [get_bd_ports ap_rst_n] [get_bd_pins StreamingFIFO_rtl_14/ap_rst_n]
# connect_bd_net [get_bd_ports ap_clk] [get_bd_pins StreamingFIFO_rtl_14/ap_clk]
# connect_bd_intf_net [get_bd_intf_pins FMPadding_rtl_2/out0_V] [get_bd_intf_pins StreamingFIFO_rtl_14/in0_V]
# connect_bd_net [get_bd_ports ap_rst_n] [get_bd_pins StreamingDataWidthConverter_rtl_2/ap_rst_n]
# connect_bd_net [get_bd_ports ap_clk] [get_bd_pins StreamingDataWidthConverter_rtl_2/ap_clk]
# connect_bd_intf_net [get_bd_intf_pins StreamingFIFO_rtl_14/out0_V] [get_bd_intf_pins StreamingDataWidthConverter_rtl_2/in0_V]
# connect_bd_net [get_bd_ports ap_rst_n] [get_bd_pins StreamingFIFO_rtl_15/ap_rst_n]
# connect_bd_net [get_bd_ports ap_clk] [get_bd_pins StreamingFIFO_rtl_15/ap_clk]
# connect_bd_intf_net [get_bd_intf_pins StreamingDataWidthConverter_rtl_2/out0_V] [get_bd_intf_pins StreamingFIFO_rtl_15/in0_V]
# connect_bd_net [get_bd_ports ap_rst_n] [get_bd_pins ConvolutionInputGenerator_rtl_4/ap_rst_n]
# connect_bd_net [get_bd_ports ap_clk] [get_bd_pins ConvolutionInputGenerator_rtl_4/ap_clk]
# connect_bd_intf_net [get_bd_intf_pins StreamingFIFO_rtl_15/out0_V] [get_bd_intf_pins ConvolutionInputGenerator_rtl_4/in0_V]
# connect_bd_net [get_bd_ports ap_rst_n] [get_bd_pins StreamingFIFO_rtl_16/ap_rst_n]
# connect_bd_net [get_bd_ports ap_clk] [get_bd_pins StreamingFIFO_rtl_16/ap_clk]
# connect_bd_intf_net [get_bd_intf_pins ConvolutionInputGenerator_rtl_4/out0_V] [get_bd_intf_pins StreamingFIFO_rtl_16/in0_V]
# connect_bd_net [get_bd_ports ap_rst_n] [get_bd_pins StreamingDataWidthConverter_hls_0/ap_rst_n]
# connect_bd_net [get_bd_ports ap_clk] [get_bd_pins StreamingDataWidthConverter_hls_0/ap_clk]
# connect_bd_intf_net [get_bd_intf_pins StreamingFIFO_rtl_16/out0_V] [get_bd_intf_pins StreamingDataWidthConverter_hls_0/in0_V]
# connect_bd_net [get_bd_ports ap_rst_n] [get_bd_pins StreamingFIFO_rtl_17/ap_rst_n]
# connect_bd_net [get_bd_ports ap_clk] [get_bd_pins StreamingFIFO_rtl_17/ap_clk]
# connect_bd_intf_net [get_bd_intf_pins StreamingDataWidthConverter_hls_0/out0_V] [get_bd_intf_pins StreamingFIFO_rtl_17/in0_V]
# connect_bd_net [get_bd_ports ap_rst_n] [get_bd_pins MVAU_hls_2/ap_rst_n]
# connect_bd_net [get_bd_ports ap_clk] [get_bd_pins MVAU_hls_2/ap_clk]
# connect_bd_intf_net [get_bd_intf_pins StreamingFIFO_rtl_17/out0_V] [get_bd_intf_pins MVAU_hls_2/in0_V]
# connect_bd_net [get_bd_ports ap_rst_n] [get_bd_pins StreamingFIFO_rtl_18/ap_rst_n]
# connect_bd_net [get_bd_ports ap_clk] [get_bd_pins StreamingFIFO_rtl_18/ap_clk]
# connect_bd_intf_net [get_bd_intf_pins MVAU_hls_2/out0_V] [get_bd_intf_pins StreamingFIFO_rtl_18/in0_V]
# connect_bd_net [get_bd_ports ap_rst_n] [get_bd_pins MVAU_hls_3/ap_rst_n]
# connect_bd_net [get_bd_ports ap_clk] [get_bd_pins MVAU_hls_3/ap_clk]
# connect_bd_intf_net [get_bd_intf_pins StreamingFIFO_rtl_18/out0_V] [get_bd_intf_pins MVAU_hls_3/in0_V]
# connect_bd_net [get_bd_ports ap_rst_n] [get_bd_pins StreamingFIFO_rtl_19/ap_rst_n]
# connect_bd_net [get_bd_ports ap_clk] [get_bd_pins StreamingFIFO_rtl_19/ap_clk]
# connect_bd_intf_net [get_bd_intf_pins MVAU_hls_3/out0_V] [get_bd_intf_pins StreamingFIFO_rtl_19/in0_V]
# connect_bd_net [get_bd_ports ap_rst_n] [get_bd_pins StreamingDataWidthConverter_rtl_3/ap_rst_n]
# connect_bd_net [get_bd_ports ap_clk] [get_bd_pins StreamingDataWidthConverter_rtl_3/ap_clk]
# connect_bd_intf_net [get_bd_intf_pins StreamingFIFO_rtl_19/out0_V] [get_bd_intf_pins StreamingDataWidthConverter_rtl_3/in0_V]
# connect_bd_net [get_bd_ports ap_rst_n] [get_bd_pins StreamingFIFO_rtl_20/ap_rst_n]
# connect_bd_net [get_bd_ports ap_clk] [get_bd_pins StreamingFIFO_rtl_20/ap_clk]
# connect_bd_intf_net [get_bd_intf_pins StreamingDataWidthConverter_rtl_3/out0_V] [get_bd_intf_pins StreamingFIFO_rtl_20/in0_V]
# connect_bd_net [get_bd_ports ap_rst_n] [get_bd_pins MVAU_hls_4/ap_rst_n]
# connect_bd_net [get_bd_ports ap_clk] [get_bd_pins MVAU_hls_4/ap_clk]
# connect_bd_intf_net [get_bd_intf_pins StreamingFIFO_rtl_20/out0_V] [get_bd_intf_pins MVAU_hls_4/in0_V]
# connect_bd_net [get_bd_ports ap_rst_n] [get_bd_pins StreamingFIFO_rtl_21/ap_rst_n]
# connect_bd_net [get_bd_ports ap_clk] [get_bd_pins StreamingFIFO_rtl_21/ap_clk]
# connect_bd_intf_net [get_bd_intf_pins MVAU_hls_4/out0_V] [get_bd_intf_pins StreamingFIFO_rtl_21/in0_V]
# connect_bd_net [get_bd_ports ap_rst_n] [get_bd_pins LabelSelect_hls_0/ap_rst_n]
# connect_bd_net [get_bd_ports ap_clk] [get_bd_pins LabelSelect_hls_0/ap_clk]
# connect_bd_intf_net [get_bd_intf_pins StreamingFIFO_rtl_21/out0_V] [get_bd_intf_pins LabelSelect_hls_0/in0_V]
# connect_bd_net [get_bd_ports ap_rst_n] [get_bd_pins StreamingFIFO_rtl_22/ap_rst_n]
# connect_bd_net [get_bd_ports ap_clk] [get_bd_pins StreamingFIFO_rtl_22/ap_clk]
# connect_bd_intf_net [get_bd_intf_pins LabelSelect_hls_0/out0_V] [get_bd_intf_pins StreamingFIFO_rtl_22/in0_V]
# make_bd_intf_pins_external [get_bd_intf_pins StreamingFIFO_rtl_0/in0_V]
# set_property name s_axis_0 [get_bd_intf_ports in0_V_0]
# make_bd_intf_pins_external [get_bd_intf_pins StreamingFIFO_rtl_22/out0_V]
# set_property name m_axis_0 [get_bd_intf_ports out0_V_0]
# set_property CONFIG.FREQ_HZ 100000000 [get_bd_ports /ap_clk]
# validate_bd_design
CRITICAL WARNING: [BD 41-967] AXI interface pin /Thresholding_rtl_0/in1_V is not associated to any clock pin. It may not work correctly.
CRITICAL WARNING: [BD 41-759] The input pins (listed below) are either not connected or do not have a source port, and they don't have a tie-off specified. These pins are tied-off to all 0's to avoid error in Implementation flow.
Please check your design and connect them as needed: 
/Thresholding_rtl_0/in1_V_TVALID
/MVAU_hls_0/MVAU_hls_0_wstrm/s_axis_0_tvalid
/MVAU_hls_1/MVAU_hls_1_wstrm/s_axis_0_tvalid
/MVAU_hls_2/MVAU_hls_2_wstrm/s_axis_0_tvalid
/MVAU_hls_3/MVAU_hls_3_wstrm/s_axis_0_tvalid
/MVAU_hls_4/MVAU_hls_4_wstrm/s_axis_0_tvalid

# save_bd_design
Wrote  : </home/neuralnetwork01/Schreibtisch/s7s/nn/task4/FINN_TMP/vivado_stitch_proj_ymcwak5l/finn_vivado_stitch_proj.srcs/sources_1/bd/finn_design/finn_design.bd> 
# make_wrapper -files [get_files /home/neuralnetwork01/Schreibtisch/s7s/nn/task4/FINN_TMP/vivado_stitch_proj_ymcwak5l/finn_vivado_stitch_proj.srcs/sources_1/bd/finn_design/finn_design.bd] -top
INFO: [BD 41-1662] The design 'finn_design.bd' is already validated. Therefore parameter propagation will not be re-run.
CRITICAL WARNING: [BD 41-759] The input pins (listed below) are either not connected or do not have a source port, and they don't have a tie-off specified. These pins are tied-off to all 0's to avoid error in Implementation flow.
Please check your design and connect them as needed: 
/Thresholding_rtl_0/in1_V_TVALID
/MVAU_hls_0/MVAU_hls_0_wstrm/s_axis_0_tvalid
/MVAU_hls_1/MVAU_hls_1_wstrm/s_axis_0_tvalid
/MVAU_hls_2/MVAU_hls_2_wstrm/s_axis_0_tvalid
/MVAU_hls_3/MVAU_hls_3_wstrm/s_axis_0_tvalid
/MVAU_hls_4/MVAU_hls_4_wstrm/s_axis_0_tvalid

Verilog Output written to : /home/neuralnetwork01/Schreibtisch/s7s/nn/task4/FINN_TMP/vivado_stitch_proj_ymcwak5l/finn_vivado_stitch_proj.gen/sources_1/bd/finn_design/synth/finn_design.v
Verilog Output written to : /home/neuralnetwork01/Schreibtisch/s7s/nn/task4/FINN_TMP/vivado_stitch_proj_ymcwak5l/finn_vivado_stitch_proj.gen/sources_1/bd/finn_design/sim/finn_design.v
Verilog Output written to : /home/neuralnetwork01/Schreibtisch/s7s/nn/task4/FINN_TMP/vivado_stitch_proj_ymcwak5l/finn_vivado_stitch_proj.gen/sources_1/bd/finn_design/hdl/finn_design_wrapper.v
# add_files -norecurse /home/neuralnetwork01/Schreibtisch/s7s/nn/task4/FINN_TMP/vivado_stitch_proj_ymcwak5l/finn_vivado_stitch_proj.srcs/sources_1/bd/finn_design/hdl/finn_design_wrapper.v
INFO: [Project 1-1716] Could not find the wrapper file /home/neuralnetwork01/Schreibtisch/s7s/nn/task4/FINN_TMP/vivado_stitch_proj_ymcwak5l/finn_vivado_stitch_proj.srcs/sources_1/bd/finn_design/hdl/finn_design_wrapper.v, checking in project .gen location instead.
INFO: [Vivado 12-12390] Found file /home/neuralnetwork01/Schreibtisch/s7s/nn/task4/FINN_TMP/vivado_stitch_proj_ymcwak5l/finn_vivado_stitch_proj.gen/sources_1/bd/finn_design/hdl/finn_design_wrapper.v, adding it to Project
# set_property top finn_design_wrapper [current_fileset]
# ipx::package_project -root_dir /home/neuralnetwork01/Schreibtisch/s7s/nn/task4/FINN_TMP/vivado_stitch_proj_ymcwak5l/ip -vendor xilinx_finn -library finn -taxonomy /UserIP -module finn_design -import_files
INFO: [BD 41-1662] The design 'finn_design.bd' is already validated. Therefore parameter propagation will not be re-run.
CRITICAL WARNING: [BD 41-759] The input pins (listed below) are either not connected or do not have a source port, and they don't have a tie-off specified. These pins are tied-off to all 0's to avoid error in Implementation flow.
Please check your design and connect them as needed: 
/Thresholding_rtl_0/in1_V_TVALID
/MVAU_hls_0/MVAU_hls_0_wstrm/s_axis_0_tvalid
/MVAU_hls_1/MVAU_hls_1_wstrm/s_axis_0_tvalid
/MVAU_hls_2/MVAU_hls_2_wstrm/s_axis_0_tvalid
/MVAU_hls_3/MVAU_hls_3_wstrm/s_axis_0_tvalid
/MVAU_hls_4/MVAU_hls_4_wstrm/s_axis_0_tvalid

Verilog Output written to : /home/neuralnetwork01/Schreibtisch/s7s/nn/task4/FINN_TMP/vivado_stitch_proj_ymcwak5l/finn_vivado_stitch_proj.gen/sources_1/bd/finn_design/synth/finn_design.v
Verilog Output written to : /home/neuralnetwork01/Schreibtisch/s7s/nn/task4/FINN_TMP/vivado_stitch_proj_ymcwak5l/finn_vivado_stitch_proj.gen/sources_1/bd/finn_design/sim/finn_design.v
Verilog Output written to : /home/neuralnetwork01/Schreibtisch/s7s/nn/task4/FINN_TMP/vivado_stitch_proj_ymcwak5l/finn_vivado_stitch_proj.gen/sources_1/bd/finn_design/hdl/finn_design_wrapper.v
INFO: [BD 41-1029] Generation completed for the IP Integrator block StreamingFIFO_rtl_0 .
INFO: [BD 41-1029] Generation completed for the IP Integrator block Thresholding_rtl_0 .
INFO: [BD 41-1029] Generation completed for the IP Integrator block StreamingFIFO_rtl_1 .
INFO: [BD 41-1029] Generation completed for the IP Integrator block FMPadding_rtl_0 .
INFO: [BD 41-1029] Generation completed for the IP Integrator block StreamingFIFO_rtl_2 .
INFO: [BD 41-1029] Generation completed for the IP Integrator block ConvolutionInputGenerator_rtl_0 .
INFO: [BD 41-1029] Generation completed for the IP Integrator block StreamingFIFO_rtl_3 .
INFO: [BD 41-1029] Generation completed for the IP Integrator block MVAU_hls_0/MVAU_hls_0 .
INFO: [BD 41-1029] Generation completed for the IP Integrator block MVAU_hls_0/MVAU_hls_0_wstrm .
INFO: [BD 41-1029] Generation completed for the IP Integrator block StreamingFIFO_rtl_4 .
INFO: [BD 41-1029] Generation completed for the IP Integrator block ConvolutionInputGenerator_rtl_1 .
INFO: [BD 41-1029] Generation completed for the IP Integrator block StreamingFIFO_rtl_5 .
INFO: [BD 41-1029] Generation completed for the IP Integrator block Pool_hls_0 .
INFO: [BD 41-1029] Generation completed for the IP Integrator block StreamingFIFO_rtl_6 .
INFO: [BD 41-1029] Generation completed for the IP Integrator block FMPadding_rtl_1 .
INFO: [BD 41-1029] Generation completed for the IP Integrator block StreamingFIFO_rtl_7 .
INFO: [BD 41-1029] Generation completed for the IP Integrator block ConvolutionInputGenerator_rtl_2 .
INFO: [BD 41-1029] Generation completed for the IP Integrator block StreamingFIFO_rtl_8 .
INFO: [BD 41-1029] Generation completed for the IP Integrator block StreamingDataWidthConverter_rtl_0 .
INFO: [BD 41-1029] Generation completed for the IP Integrator block StreamingFIFO_rtl_9 .
INFO: [BD 41-1029] Generation completed for the IP Integrator block MVAU_hls_1/MVAU_hls_1 .
INFO: [BD 41-1029] Generation completed for the IP Integrator block MVAU_hls_1/MVAU_hls_1_wstrm .
INFO: [BD 41-1029] Generation completed for the IP Integrator block StreamingFIFO_rtl_10 .
INFO: [BD 41-1029] Generation completed for the IP Integrator block StreamingDataWidthConverter_rtl_1 .
INFO: [BD 41-1029] Generation completed for the IP Integrator block StreamingFIFO_rtl_11 .
INFO: [BD 41-1029] Generation completed for the IP Integrator block ConvolutionInputGenerator_rtl_3 .
INFO: [BD 41-1029] Generation completed for the IP Integrator block StreamingFIFO_rtl_12 .
INFO: [BD 41-1029] Generation completed for the IP Integrator block Pool_hls_1 .
INFO: [BD 41-1029] Generation completed for the IP Integrator block StreamingFIFO_rtl_13 .
INFO: [BD 41-1029] Generation completed for the IP Integrator block FMPadding_rtl_2 .
INFO: [BD 41-1029] Generation completed for the IP Integrator block StreamingFIFO_rtl_14 .
INFO: [BD 41-1029] Generation completed for the IP Integrator block StreamingDataWidthConverter_rtl_2 .
INFO: [BD 41-1029] Generation completed for the IP Integrator block StreamingFIFO_rtl_15 .
INFO: [BD 41-1029] Generation completed for the IP Integrator block ConvolutionInputGenerator_rtl_4 .
INFO: [BD 41-1029] Generation completed for the IP Integrator block StreamingFIFO_rtl_16 .
INFO: [BD 41-1029] Generation completed for the IP Integrator block StreamingDataWidthConverter_hls_0 .
INFO: [BD 41-1029] Generation completed for the IP Integrator block StreamingFIFO_rtl_17 .
INFO: [BD 41-1029] Generation completed for the IP Integrator block MVAU_hls_2/MVAU_hls_2 .
INFO: [BD 41-1029] Generation completed for the IP Integrator block MVAU_hls_2/MVAU_hls_2_wstrm .
INFO: [BD 41-1029] Generation completed for the IP Integrator block StreamingFIFO_rtl_18 .
INFO: [BD 41-1029] Generation completed for the IP Integrator block MVAU_hls_3/MVAU_hls_3 .
INFO: [BD 41-1029] Generation completed for the IP Integrator block MVAU_hls_3/MVAU_hls_3_wstrm .
INFO: [BD 41-1029] Generation completed for the IP Integrator block StreamingFIFO_rtl_19 .
INFO: [BD 41-1029] Generation completed for the IP Integrator block StreamingDataWidthConverter_rtl_3 .
INFO: [BD 41-1029] Generation completed for the IP Integrator block StreamingFIFO_rtl_20 .
INFO: [BD 41-1029] Generation completed for the IP Integrator block MVAU_hls_4/MVAU_hls_4 .
INFO: [BD 41-1029] Generation completed for the IP Integrator block MVAU_hls_4/MVAU_hls_4_wstrm .
INFO: [BD 41-1029] Generation completed for the IP Integrator block StreamingFIFO_rtl_21 .
INFO: [BD 41-1029] Generation completed for the IP Integrator block LabelSelect_hls_0 .
INFO: [BD 41-1029] Generation completed for the IP Integrator block StreamingFIFO_rtl_22 .
Exporting to file /home/neuralnetwork01/Schreibtisch/s7s/nn/task4/FINN_TMP/vivado_stitch_proj_ymcwak5l/finn_vivado_stitch_proj.gen/sources_1/bd/finn_design/hw_handoff/finn_design.hwh
Generated Hardware Definition File /home/neuralnetwork01/Schreibtisch/s7s/nn/task4/FINN_TMP/vivado_stitch_proj_ymcwak5l/finn_vivado_stitch_proj.gen/sources_1/bd/finn_design/synth/finn_design.hwdef
INFO: [IP_Flow 19-5654] Module 'finn_design' uses SystemVerilog sources with a Verilog top file. These SystemVerilog files will not be analysed by the packager.
CRITICAL WARNING: [IP_Flow 19-5234] Found an invalid attribute: 'Misformed interface info attr: xilinx.com:interface:axis:1.0 m_axis_0'
CRITICAL WARNING: [IP_Flow 19-5234] Found an invalid attribute: 'Misformed interface info attr: xilinx.com:interface:axis:1.0 m_axis_0'
CRITICAL WARNING: [IP_Flow 19-5234] Found an invalid attribute: 'Misformed interface info attr: xilinx.com:interface:axis:1.0 m_axis_0'
CRITICAL WARNING: [IP_Flow 19-5234] Found an invalid attribute: 'Misformed interface info attr: xilinx.com:interface:axis:1.0 s_axis_0'
CRITICAL WARNING: [IP_Flow 19-5234] Found an invalid attribute: 'Misformed interface info attr: xilinx.com:interface:axis:1.0 s_axis_0'
CRITICAL WARNING: [IP_Flow 19-5234] Found an invalid attribute: 'Misformed interface info attr: xilinx.com:interface:axis:1.0 s_axis_0'
INFO: [IP_Flow 19-7067] Note that bus interface 's_axis_0' has a fixed FREQ_HZ of '100000000'. This value will be respected whenever this IP is instantiated in IP Integrator.
INFO: [IP_Flow 19-7067] Note that bus interface 'm_axis_0' has a fixed FREQ_HZ of '100000000'. This value will be respected whenever this IP is instantiated in IP Integrator.
INFO: [IP_Flow 19-7067] Note that bus interface 'CLK.AP_CLK' has a fixed FREQ_HZ of '100000000'. This value will be respected whenever this IP is instantiated in IP Integrator.
INFO: [IP_Flow 19-2181] Payment Required is not set for this core.
INFO: [IP_Flow 19-2187] The Product Guide file is missing.
# set_property ipi_drc {ignore_freq_hz true} [ipx::current_core]
# ipx::remove_segment -quiet m_axi_gmem0:APERTURE_0 [ipx::get_address_spaces m_axi_gmem0 -of_objects [ipx::current_core]]
# set_property core_revision 2 [ipx::find_open_core xilinx_finn:finn:finn_design:1.0]
# ipx::create_xgui_files [ipx::find_open_core xilinx_finn:finn:finn_design:1.0]
# set_property value_resolve_type user [ipx::get_bus_parameters -of [ipx::get_bus_interfaces -of [ipx::current_core ]]]
# set core [ipx::current_core]
# file copy -force data ip/
# set file_group [ipx::add_file_group -type software_driver {} $core]
# set_property type mdd       [ipx::add_file data/finn_design.mdd $file_group]
# set_property type tclSource [ipx::add_file data/finn_design.tcl $file_group]
# set impl_files [ipx::get_file_groups xilinx_implementation -of $core]
# foreach xci [ipx::get_files -of $impl_files {*.xci}] {
#     ipx::remove_file [get_property NAME $xci] $impl_files
# }
WARNING: [BD 5-233] No interface ports matched 'get_bd_intf_ports -filter CONFIG.PROTOCOL==AXI4LITE'
# foreach port [get_bd_intf_ports -filter {CONFIG.PROTOCOL==AXI4LITE}] {
#     set pin $port
#     set awidth ""
#     while { $awidth == "" } {
#         set pins [get_bd_intf_pins -of [get_bd_intf_nets -boundary_type lower -of $pin]]
#         set kill [lsearch $pins $pin]
#         if { $kill >= 0 } { set pins [lreplace $pins $kill $kill] }
#         if { [llength $pins] != 1 } { break }
#         set pin [lindex $pins 0]
#         set awidth [get_property CONFIG.ADDR_WIDTH $pin]
#     }
#     if { $awidth == "" } {
#        puts "CRITICAL WARNING: Unable to construct address map for $port."
#     } {
#        set range [expr 2**$awidth]
#        set range [expr $range < 4096 ? 4096 : $range]
#        puts "INFO: Building address map for $port: 0+:$range"
#        set name [get_property NAME $port]
#        set addr_block [ipx::add_address_block Reg0 [ipx::add_memory_map $name $core]]
#        set_property range $range $addr_block
#        set_property slave_memory_map_ref $name [ipx::get_bus_interfaces $name -of $core]
#     }
# }
# ipx::update_checksums $core
# ipx::save_core $core
# file rename -force ip/component.xml ip/component.bak
# set ifile [open ip/component.bak r]
# set ofile [open ip/component.xml w]
# set buf [list]
# set kill 0
# while { [eof $ifile] != 1 } {
#     gets $ifile line
#     if { [string match {*<spirit:fileSet>*} $line] == 1 } {
#         foreach l $buf { puts $ofile $l }
#         set buf [list $line]
#     } elseif { [llength $buf] > 0 } {
#         lappend buf $line
# 
#         if { [string match {*</spirit:fileSet>*} $line] == 1 } {
#             if { $kill == 0 } { foreach l $buf { puts $ofile $l } }
#             set buf [list]
#             set kill 0
#         } elseif { [string match {*<xilinx:subCoreRef>*} $line] == 1 } {
#             set kill 1
#         }
#     } else {
#         puts $ofile $line
#     }
# }
# close $ifile
# close $ofile
# set all_v_files [get_files -filter {USED_IN_SYNTHESIS == 1 && (FILE_TYPE == Verilog || FILE_TYPE == SystemVerilog || FILE_TYPE =="Verilog Header")}]
# set fp [open /home/neuralnetwork01/Schreibtisch/s7s/nn/task4/FINN_TMP/vivado_stitch_proj_ymcwak5l/all_verilog_srcs.txt w]
# foreach vf $all_v_files {puts $fp $vf}
# close $fp
INFO: [Common 17-206] Exiting Vivado at Fri Jul 31 10:31:48 2026...
